网点名称,省份,城市,区,标准化详细地址,完整标准地址,完整地址,经度,纬度
南山后海,广东,深圳市,南山区,南山区粤海街道创业路观海台花园C1,广东深圳市南山区粤海街道创业路观海台花园C1,广东深圳市南山区粤海街道创业路观海台花园C1,113.937681,22.514616
南山后海,广东,深圳市,南山区,南山区粤海街道中心路深圳湾1号湾汇楼DEJEWELHOUSE,广东深圳市南山区粤海街道中心路深圳湾1号湾汇楼,广东深圳市南山区粤海街道中心路深圳湾1号湾汇楼,113.942713,22.506899
南山后海,广东,深圳市,南山区,创业路海岸明珠花园G栋,广东深圳市南山区创业路海岸明珠花园G栋,广东深圳市南山区创业路海岸明珠花园G栋,113.935075,22.516965
南山后海,广东,深圳市,南山区,茂业百货楼NBKIDS,广东深圳市南山区茂业百货楼NBKIDS,广东深圳市南山区茂业百货楼NBKIDS,113.930478,22.533191
南山后海,广东,深圳市,南山区,后海大道蔚蓝海岸四期东座,广东深圳市南山区后海大道蔚蓝海岸四期东座,广东深圳市南山区后海大道蔚蓝海岸四期东座,113.923154,22.506107
南山后海,广东,深圳市,南山区,阳光金融大厦302,广东深圳市南山区阳光金融大厦302,广东深圳市南山区阳光金融大厦302,113.943435,22.52004
南山后海,广东,深圳市,南山区,粤海街道粤海街道茂业百货南山店楼EF旁边YAGE女装,广东深圳市南山区粤海街道粤海街道茂业百货南山店楼EF旁边YAGE女装,广东深圳市南山区粤海街道粤海街道茂业百货南山店楼EF旁边YAGE女装,113.930332,22.51973
南山后海,广东,深圳市,南山区,粤海街道航天科技广场A座,广东深圳市南山区粤海街道航天科技广场A座,广东深圳市南山区粤海街道航天科技广场A座,113.941894,22.51978
南山后海,广东,深圳市,南山区,后海大道2248育德佳园8A,广东深圳市南山区后海大道2248育德佳园8A,广东深圳市南山区后海大道2248育德佳园8A,113.932813,22.510584
南山后海,广东,深圳市,南山区,南海大道保利大厦,广东深圳市南山区南海大道保利大厦,广东深圳市南山区南海大道保利大厦,113.927804,22.515439
南山后海,广东,深圳市,南山区,创业路海王大厦B座,广东深圳市南山区创业路海王大厦B座,广东深圳市南山区创业路海王大厦B座,113.926181,22.515944
南山后海,广东,深圳市,南山区,南山茂业百货楼,广东深圳市南山区南山茂业百货楼,广东深圳市南山区南山茂业百货楼,113.930478,22.533191
南山后海,广东,深圳市,南山区,南山茂业百货楼曼娅奴转柜,广东深圳市南山区南山茂业百货楼曼娅奴转柜,广东深圳市南山区南山茂业百货楼曼娅奴转柜,113.930478,22.533191
南山后海,广东,深圳市,南山区,海印长城一期六栋C,广东深圳市南山区海印长城一期六栋C,广东深圳市南山区海印长城一期六栋C,113.93157,22.518064
南山后海,广东,深圳市,南山区,粤海街道浪琴屿16栋,广东深圳市南山区粤海街道浪琴屿16栋,广东深圳市南山区粤海街道浪琴屿16栋,113.935494,22.513827
南山后海,广东,深圳市,南山区,海德一道223号佳嘉豪苑A座,广东深圳市南山区海德一道223号佳嘉豪苑A座,广东深圳市南山区海德一道223号佳嘉豪苑A座,113.930321,22.516067
南山后海,广东,深圳市,南山区,海德二道茂业百货楼,广东深圳市南山区海德二道茂业百货楼,广东深圳市南山区海德二道茂业百货楼,113.930719,22.518781
南山后海,广东,深圳市,南山区,粤海街道乐信中建八局项目部,广东深圳市南山区粤海街道乐信中建八局项目部,广东深圳市南山区粤海街道乐信中建八局项目部,113.944859,22.528137
南山后海,广东,深圳市,南山区,粤海街道兰月三街阿里中心t,广东深圳市南山区粤海街道兰月三街阿里中心t,广东深圳市南山区粤海街道兰月三街阿里中心t,113.942744,22.509406
南山后海,广东,深圳市,南山区,南山区海岸明珠B座,广东深圳市南山区海岸明珠B座,广东深圳市南山区海岸明珠B座,113.931811,22.515397
南山后海,广东,深圳市,南山区,粤海街道，金钟大厦街铺，欧抱,广东深圳市南山区粤海街道，金钟大厦街铺,广东深圳市南山区粤海街道，金钟大厦街铺,113.922584,22.517437
南山后海,广东,深圳市,南山区,粤海街道文心五路闽泰大厦B区楼,广东深圳市南山区粤海街道文心五路闽泰大厦B区楼,广东深圳市南山区粤海街道文心五路闽泰大厦B区楼,113.937156,22.520532
南山后海,广东,深圳市,南山区,粤海街道文心五路闽泰大厦楼,广东深圳市南山区粤海街道文心五路闽泰大厦楼,广东深圳市南山区粤海街道文心五路闽泰大厦楼,113.937156,22.520532
南山后海,广东,深圳市,南山区,粤街道南山区蔚蓝海岸二期栋,广东深圳市南山区粤街道南山区蔚蓝海岸二期栋,广东深圳市南山区粤街道南山区蔚蓝海岸二期栋,113.936772,22.508816
南山后海,广东,深圳市,南山区,茂业百货楼曼娅奴专柜,广东深圳市南山区茂业百货楼曼娅奴专柜,广东深圳市南山区茂业百货楼曼娅奴专柜,113.930478,22.533191
南山后海,广东,深圳市,南山区,南山区粤海街道登良路育德佳园5栋C座,广东深圳市南山区粤海街道登良路育德佳园5栋C座,广东深圳市南山区粤海街道登良路育德佳园5栋C座,113.934184,22.510473
南山后海,广东,深圳市,南山区,广东省深圳市南山区科苑南路2666号中国华润大厦,广东深圳市南山区广东省深圳市南山区科苑南路2666号中国华润大厦,广东深圳市南山区广东省深圳市南山区科苑南路2666号中国华润大厦,113.946487,22.514871
南山后海,广东,深圳市,南山区,漾日湾畔2,广东深圳市南山区漾日湾畔2,广东深圳市南山区漾日湾畔2,113.939559,22.519766
南山后海,广东,深圳市,南山区,海印长城一期2111-15号,广东深圳市南山区海印长城一期2111-15号,广东深圳市南山区海印长城一期2111-15号,113.931397,22.517484
南山后海,广东,深圳市,南山区,海德二道文心五路海岸城楼铺,广东深圳市南山区海德二道文心五路海岸城楼铺,广东深圳市南山区海德二道文心五路海岸城楼铺,113.937635,22.518308
南山后海,广东,深圳市,南山区,创业路蔚蓝海岸三期40栋,广东深圳市南山区创业路蔚蓝海岸三期40栋,广东深圳市南山区创业路蔚蓝海岸三期40栋,113.937721,22.513069
南山后海,广东,深圳市,南山区,粤海街道粤海街道茂业百货南山店楼EF旁边YAGE,广东深圳市南山区粤海街道粤海街道茂业百货南山店楼EF旁边YAGE,广东深圳市南山区粤海街道粤海街道茂业百货南山店楼EF旁边YAGE,113.930332,22.51973
南山后海,广东,深圳市,南山区,南海大道2702号保利大厦,广东深圳市南山区南海大道2702号保利大厦,广东深圳市南山区南海大道2702号保利大厦,113.927804,22.515439
南山后海,广东,深圳市,南山区,粤海街道东滨路与科苑路交界处深圳湾1号T8座12C,广东深圳市南山区粤海街道东滨路与科苑路交界处深圳湾1号T8座12C,广东深圳市南山区粤海街道东滨路与科苑路交界处深圳湾1号T8座12C,113.938942,22.500703
南山后海,广东,深圳市,南山区,海印长城二期13,广东深圳市南山区海印长城二期13,广东深圳市南山区海印长城二期13,113.93184,22.519274
南山后海,广东,深圳市,南山区,茂业百货南山店楼fancl专柜,广东深圳市南山区茂业百货南山店楼fancl专柜,广东深圳市南山区茂业百货南山店楼fancl专柜,113.930236,22.519419
南山后海,广东,深圳市,南山区,中心路兰香一街2号海王星辰大厦13A,广东深圳市南山区中心路兰香一街2号海王星辰大厦13A,广东深圳市南山区中心路兰香一街2号海王星辰大厦13A,113.939953,22.506692
南山后海,广东,深圳市,南山区,海德二道288号南山茂业,广东深圳市南山区海德二道288号南山茂业,广东深圳市南山区海德二道288号南山茂业,113.930312,22.519895
南山后海,广东,深圳市,南山区,创业路东蔚蓝海岸三期40栋D室,广东深圳市南山区创业路东蔚蓝海岸三期40栋D室,广东深圳市南山区创业路东蔚蓝海岸三期40栋D室,113.937721,22.513069
南山后海,广东,深圳市,南山区,粤海街道南山海德2道深圳市南山区第二外国语学校快递公司,广东深圳市南山区粤海街道南山海德2道深圳市南山区第二外国语学校快递公司,广东深圳市南山区粤海街道南山海德2道深圳市南山区第二外国语学校快递公司,113.943972,22.549477
南山后海,广东,深圳市,南山区,深圳湾华润悦府二期2幢,广东深圳市南山区深圳湾华润悦府二期2幢,广东深圳市南山区深圳湾华润悦府二期2幢,113.946225,22.519435
南山后海,广东,深圳市,南山区,后海大道名仕花园,广东深圳市南山区后海大道名仕花园,广东深圳市南山区后海大道名仕花园,113.932393,22.512566
南山后海,广东,深圳市,南山区,南山区粤海街道海德一道与后海滨路交叉口南120米恒裕深圳湾C栋,广东深圳市南山区粤海街道海德一道与后海滨路交叉口南120米恒裕深圳湾C栋,广东深圳市南山区粤海街道海德一道与后海滨路交叉口南120米恒裕深圳湾C栋,113.940503,22.513586
南山后海,广东,深圳市,南山区,南山街道,广东深圳市南山区南山街道,广东深圳市南山区南山街道,113.930478,22.533191
南山后海,广东,深圳市,南山区,南海大道海王大厦B座,广东深圳市南山区南海大道海王大厦B座,广东深圳市南山区南海大道海王大厦B座,113.926181,22.515944
南山后海,广东,深圳市,南山区,海印长城一期二栋,广东深圳市南山区海印长城一期二栋,广东深圳市南山区海印长城一期二栋,113.931397,22.517484
南山后海,广东,深圳市,南山区,保利大厦,广东深圳市南山区保利大厦,广东深圳市南山区保利大厦,113.927804,22.515439
南山后海,广东,深圳市,南山区,粤海街道东滨路深圳湾1号南区T5座,广东深圳市南山区粤海街道东滨路深圳湾1号南区T5座,广东深圳市南山区粤海街道东滨路深圳湾1号南区T5座,113.942204,22.507065
南山后海,广东,深圳市,南山区,海德一道88号中洲控股金融中心A座楼,广东深圳市南山区海德一道88号中洲控股金融中心A座楼,广东深圳市南山区海德一道88号中洲控股金融中心A座楼,113.924164,22.488255
南山后海,广东,深圳市,南山区,南山区粤海街道海德三道漾日湾畔3栋,广东深圳市南山区粤海街道海德三道漾日湾畔3栋,广东深圳市南山区粤海街道海德三道漾日湾畔3栋,113.938495,22.519813
南山后海,广东,深圳市,南山区,粤海街道海雅缤纷广场楼Zoespace,广东深圳市南山区粤海街道海雅缤纷广场楼Zoespace,广东深圳市南山区粤海街道海雅缤纷广场楼Zoespace,113.929171,22.518621
南山后海,广东,深圳市,南山区,粤海街道海德二道223号近文心二路佳嘉豪苑B座,广东深圳市南山区粤海街道海德二道223号近文心二路佳嘉豪苑B座,广东深圳市南山区粤海街道海德二道223号近文心二路佳嘉豪苑B座,113.930497,22.516155
南山后海,广东,深圳市,南山区,南山区粤海街道后海大道蔚蓝海岸2期10,广东深圳市南山区粤海街道后海大道蔚蓝海岸2期10,广东深圳市南山区粤海街道后海大道蔚蓝海岸2期10,113.93579,22.508438
南山后海,广东,深圳市,南山区,粤海街道海德三道19号海岸大厦西座楼,广东深圳市南山区粤海街道海德三道19号海岸大厦西座楼,广东深圳市南山区粤海街道海德三道19号海岸大厦西座楼,113.936569,22.518242
南山后海,广东,深圳市,南山区,南山茂业楼PAPIDO,广东深圳市南山区南山茂业楼PAPIDO,广东深圳市南山区南山茂业楼PAPIDO,113.930478,22.533191
南山后海,广东,深圳市,南山区,粤海街道海珠社区兰芷二路66号阳光金融大厦楼,广东深圳市南山区粤海街道海珠社区兰芷二路66号阳光金融大厦楼,广东深圳市南山区粤海街道海珠社区兰芷二路66号阳光金融大厦楼,113.943435,22.52004
南山后海,广东,深圳市,南山区,后海滨路3368号鹏润达广场西座1108高校校友平台,广东深圳市南山区后海滨路3368号鹏润达广场西座1108高校校友平台,广东深圳市南山区后海滨路3368号鹏润达广场西座1108高校校友平台,113.941458,22.518222
南山后海,广东,深圳市,南山区,粤海街道中洲控股大厦A座,广东深圳市南山区粤海街道中洲控股大厦A座,广东深圳市南山区粤海街道中洲控股大厦A座,113.923189,22.520368
南山后海,广东,深圳市,南山区,登良路育德佳园1A一,广东深圳市南山区登良路育德佳园1A一,广东深圳市南山区登良路育德佳园1A一,113.933573,22.511985
南山后海,广东,深圳市,南山区,南山茂业百货商场楼,广东深圳市南山区南山茂业百货商场楼,广东深圳市南山区南山茂业百货商场楼,113.930478,22.533191
南山后海,广东,深圳市,南山区,蔚蓝海岸3期33栋A送,广东深圳市南山区蔚蓝海岸3期33栋,广东深圳市南山区蔚蓝海岸3期33栋,113.93681,22.513415
南山后海,广东,深圳市,南山区,粤海街道名仕花园6栋,广东深圳市南山区粤海街道名仕花园6栋,广东深圳市南山区粤海街道名仕花园6栋,113.944859,22.528137
南山后海,广东,深圳市,南山区,粤海街道电力花园5B栋,广东深圳市南山区粤海街道电力花园5B栋,广东深圳市南山区粤海街道电力花园5B栋,113.933847,22.51344
南山后海,广东,深圳市,南山区,后海大道名仕芭朗童装,广东深圳市南山区后海大道名仕芭朗童装,广东深圳市南山区后海大道名仕芭朗童装,113.932393,22.512566
南山后海,广东,深圳市,南山区,茂业百货,广东深圳市南山区茂业百货,广东深圳市南山区茂业百货,113.930478,22.533191
南山后海,广东,深圳市,南山区,佳嘉豪苑A栋,广东深圳市南山区佳嘉豪苑A栋,广东深圳市南山区佳嘉豪苑A栋,113.930696,22.51633
南山后海,广东,深圳市,南山区,粤海街道玩胜青少儿体能l,广东深圳市南山区粤海街道玩胜青少儿体能l,广东深圳市南山区粤海街道玩胜青少儿体能l,113.948825,22.518575
南山后海,广东,深圳市,南山区,海德二道南山茂业楼曼娅奴专柜,广东深圳市南山区海德二道南山茂业楼曼娅奴专柜,广东深圳市南山区海德二道南山茂业楼曼娅奴专柜,113.930719,22.518781
南山后海,广东,深圳市,南山区,粤海街道海德三道1255号深圳工商银行大厦人力部,广东深圳市南山区粤海街道海德三道1255号深圳工商银行大厦人力部,广东深圳市南山区粤海街道海德三道1255号深圳工商银行大厦人力部,113.942937,22.518991
南山后海,广东,深圳市,南山区,粤海街道海德三道漾日湾畔4栋,广东深圳市南山区粤海街道海德三道漾日湾畔4栋,广东深圳市南山区粤海街道海德三道漾日湾畔4栋,113.938794,22.519869
南山后海,广东,深圳市,南山区,深圳湾一号T2-9A,广东深圳市南山区深圳湾一号T2-9A,广东深圳市南山区深圳湾一号T2-9A,113.942747,22.506913
南山后海,广东,深圳市,南山区,南海大道青春家园c,广东深圳市南山区南海大道青春家园c,广东深圳市南山区南海大道青春家园c,113.92864,22.517113
南山后海,广东,深圳市,南山区,创业路浪琴屿花园14栋,广东深圳市南山区创业路浪琴屿花园14栋,广东深圳市南山区创业路浪琴屿花园14栋,113.935881,22.513023
南山后海,广东,深圳市,南山区,西海湾花园,广东深圳市南山区西海湾花园,广东深圳市南山区西海湾花园,113.930763,22.514302
南山后海,广东,深圳市,南山区,兰香一街海王星辰总部大厦楼,广东深圳市南山区兰香一街海王星辰总部大厦楼,广东深圳市南山区兰香一街海王星辰总部大厦楼,113.939528,22.506219
南山后海,广东,深圳市,南山区,海德三道滨海之窗5栋,广东深圳市南山区海德三道滨海之窗5栋,广东深圳市南山区海德三道滨海之窗5栋,113.935454,22.520872
南山后海,广东,深圳市,南山区,粤海街道蔚蓝海岸社区中心路3033号喜之郎大厦层销售部,广东深圳市南山区粤海街道蔚蓝海岸社区中心路3033号喜之郎大厦层销售部,广东深圳市南山区粤海街道蔚蓝海岸社区中心路3033号喜之郎大厦层销售部,113.940767,22.508241
南山后海,广东,深圳市,南山区,粤海街道中国华润大厦层,广东深圳市南山区粤海街道中国华润大厦层,广东深圳市南山区粤海街道中国华润大厦层,113.946487,22.514871
南山后海,广东,深圳市,南山区,粤海街道文心五路保利文化广场西3门Andrew手足专业护理,广东深圳市南山区粤海街道文心五路保利文化广场西3门Andrew手足专业护理,广东深圳市南山区粤海街道文心五路保利文化广场西3门Andrew手足专业护理,113.937957,22.516688
南山后海,广东,深圳市,南山区,粤海街道后海大道2320北门电力花园1栋一单元房,广东深圳市南山区粤海街道后海大道2320北门电力花园1栋一单元房,广东深圳市南山区粤海街道后海大道2320北门电力花园1栋一单元房,113.930519,22.514547
南山后海,广东,深圳市,南山区,南山区粤海街道后海路滨海之窗1栋C单元,广东深圳市南山区粤海街道后海路滨海之窗1栋C单元,广东深圳市南山区粤海街道后海路滨海之窗1栋C单元,113.936409,22.520053
南山后海,广东,深圳市,南山区,后海滨路3288号后海汇层联想后海中心,广东深圳市南山区后海滨路3288号后海汇层联想后海中心,广东深圳市南山区后海滨路3288号后海汇层联想后海中心,113.940708,22.516057
南山后海,广东,深圳市,南山区,天海花园7,广东深圳市南山区天海花园7,广东深圳市南山区天海花园7,113.934356,22.512593
南山后海,广东,深圳市,南山区,粤海街道保利城花园,广东深圳市南山区粤海街道保利城花园,广东深圳市南山区粤海街道保利城花园,113.928406,22.515901
南山后海,广东,深圳市,南山区,后海大道2248号育德佳园2栋B单元401,广东深圳市南山区后海大道2248号育德佳园2栋B单元401,广东深圳市南山区后海大道2248号育德佳园2栋B单元401,113.933012,22.511983
南山后海,广东,深圳市,南山区,海德一道200号海印长城1期4栋,广东深圳市南山区海德一道200号海印长城1期4栋,广东深圳市南山区海德一道200号海印长城1期4栋,113.930393,22.517333
南山后海,广东,深圳市,南山区,粤海街道深圳市南山区文心二路茂业时代楼D室,广东深圳市南山区粤海街道深圳市南山区文心二路茂业时代楼D室,广东深圳市南山区粤海街道深圳市南山区文心二路茂业时代楼D室,113.930224,22.517189
南山后海,广东,深圳市,南山区,后海卓越中心2107单元,广东深圳市南山区后海卓越中心2107单元,广东深圳市南山区后海卓越中心2107单元,113.93164,22.507712
南山后海,广东,深圳市,南山区,海德二道南山茂业楼,广东深圳市南山区海德二道南山茂业楼,广东深圳市南山区海德二道南山茂业楼,113.930719,22.518781
南山后海,广东,深圳市,南山区,中心路中铁南方总部大厦楼中,广东深圳市南山区中心路中铁南方总部大厦楼中,广东深圳市南山区中心路中铁南方总部大厦楼中,113.941909,22.507775
南山后海,广东,深圳市,南山区,粤海街道文心二路美墅蓝山家园E栋,广东深圳市南山区粤海街道文心二路美墅蓝山家园E栋,广东深圳市南山区粤海街道文心二路美墅蓝山家园E栋,113.931739,22.520776
南山后海,广东,深圳市,南山区,地铁9号线南山书城，海德二道,广东深圳市南山区地铁9号线南山书城，海德二道,广东深圳市南山区地铁9号线南山书城，海德二道,113.930719,22.518781
南山后海,广东,深圳市,南山区,粤海街道蔚蓝海岸二期20栋,广东深圳市南山区粤海街道蔚蓝海岸二期20栋,广东深圳市南山区粤海街道蔚蓝海岸二期20栋,113.936612,22.506786
南山后海,广东,深圳市,南山区,南山区粤海街道观海台8栋单元,广东深圳市南山区粤海街道观海台8栋单元,广东深圳市南山区粤海街道观海台8栋单元,113.938055,22.514501
南山后海,广东,深圳市,南山区,保利城花园,广东深圳市南山区保利城花园,广东深圳市南山区保利城花园,113.928406,22.515901
南山后海,广东,深圳市,南山区,海德二道288号南山茂业层,广东深圳市南山区海德二道288号南山茂业层,广东深圳市南山区海德二道288号南山茂业层,113.930312,22.519895
南山后海,广东,深圳市,南山区,海德二号号茂业百货楼RAPIDO,广东深圳市南山区海德二号号茂业百货楼RAPIDO,广东深圳市南山区海德二号号茂业百货楼RAPIDO,113.943972,22.549477
南山后海,广东,深圳市,南山区,茂业百货楼杰西专柜,广东深圳市南山区茂业百货楼杰西专柜,广东深圳市南山区茂业百货楼杰西专柜,113.930478,22.533191
南山后海,广东,深圳市,南山区,粤海街道蔚蓝海岸一期5栋ab单元快递柜,广东深圳市南山区粤海街道蔚蓝海岸一期5栋ab单元快递柜,广东深圳市南山区粤海街道蔚蓝海岸一期5栋ab单元快递柜,113.934324,22.507272
南山后海,广东,深圳市,南山区,南山区粤海街道文心二路天悦园B座,广东深圳市南山区粤海街道文心二路天悦园B座,广东深圳市南山区粤海街道文心二路天悦园B座,113.929819,22.517442
南山后海,广东,深圳市,南山区,海德一道保利城花园4B栋,广东深圳市南山区海德一道保利城花园4B栋,广东深圳市南山区海德一道保利城花园4B栋,113.928823,22.51623
南山后海,广东,深圳市,南山区,粤海街道恒裕深圳湾C座1409,广东深圳市南山区粤海街道恒裕深圳湾C座1409,广东深圳市南山区粤海街道恒裕深圳湾C座1409,113.940272,22.514078
南山后海,广东,深圳市,南山区,凯德公园一号广场A座,广东深圳市南山区凯德公园一号广场A座,广东深圳市南山区凯德公园一号广场A座,113.926052,22.513428
南山后海,广东,深圳市,南山区,海德一道青春家园B栋,广东深圳市南山区海德一道青春家园B栋,广东深圳市南山区海德一道青春家园B栋,113.930834,22.512697
南山后海,广东,深圳市,南山区,南山区粤海街道南山区后海大道文德福花园3栋单元,广东深圳市南山区粤海街道南山区后海大道文德福花园3栋单元,广东深圳市南山区粤海街道南山区后海大道文德福花园3栋单元,113.933284,22.505649
南山后海,广东,深圳市,南山区,深圳市南山区海岸城购物中心B,广东深圳市南山区深圳市南山区海岸城购物中心B,广东深圳市南山区深圳市南山区海岸城购物中心B,113.935767,22.51685
南山后海,广东,深圳市,南山区,百丽大厦楼,广东深圳市南山区百丽大厦楼,广东深圳市南山区百丽大厦楼,113.93896,22.506547
南山后海,广东,深圳市,南山区,创业路浪琴屿花园15单元,广东深圳市南山区创业路浪琴屿花园15单元,广东深圳市南山区创业路浪琴屿花园15单元,113.935881,22.513023
南山后海,广东,深圳市,南山区,明香茶叶市场,广东深圳市南山区明香茶叶市场,广东深圳市南山区明香茶叶市场,113.929362,22.517099
南山后海,广东,深圳市,南山区,海德一道海印长城一期7栋G,广东深圳市南山区海德一道海印长城一期7栋G,广东深圳市南山区海德一道海印长城一期7栋G,113.931397,22.517484
南山后海,广东,深圳市,南山区,南山区粤海街道海德三道滨海之窗1栋C单元,广东深圳市南山区粤海街道海德三道滨海之窗1栋C单元,广东深圳市南山区粤海街道海德三道滨海之窗1栋C单元,113.936409,22.520053
南山后海,广东,深圳市,南山区,粤海街道南山区海德三道漾日湾畔4栋,广东深圳市南山区粤海街道南山区海德三道漾日湾畔4栋,广东深圳市南山区粤海街道南山区海德三道漾日湾畔4栋,113.938794,22.519869
南山后海,广东,深圳市,南山区,后海大道名仕花园13栋,广东深圳市南山区后海大道名仕花园13栋,广东深圳市南山区后海大道名仕花园13栋,113.932393,22.512566
南山后海,广东,深圳市,南山区,茂业海德二道288号南山茂业百货楼瑞贝卡时尚假发专柜,广东深圳市南山区茂业海德二道288号南山茂业百货楼瑞贝卡时尚假发专柜,广东深圳市南山区茂业海德二道288号南山茂业百货楼瑞贝卡时尚假发专柜,113.930312,22.519895
南山后海,广东,深圳市,南山区,南山区粤海街道海珠城海虹阁14DKuppmen鼓棒,广东深圳市南山区粤海街道海珠城海虹阁14DKuppmen鼓棒,广东深圳市南山区粤海街道海珠城海虹阁14DKuppmen鼓棒,113.930642,22.51536
南山后海,广东,深圳市,南山区,南光路正龙村,广东深圳市南山区南光路正龙村,广东深圳市南山区南光路正龙村,113.92475,22.517939
南山后海,广东,深圳市,南山区,步行一街,广东深圳市南山区步行一街,广东深圳市南山区步行一街,113.927543,22.516185
南山后海,广东,深圳市,南山区,粤海街道天海花园5栋,广东深圳市南山区粤海街道天海花园5栋,广东深圳市南山区粤海街道天海花园5栋,113.934657,22.512882
南山后海,广东,深圳市,南山区,粤海街道海岸城保利文化广场B区楼号铺,广东深圳市南山区粤海街道海岸城保利文化广场B区楼号铺,广东深圳市南山区粤海街道海岸城保利文化广场B区楼号铺,113.937641,22.517146
南山后海,广东,深圳市,南山区,宝利大厦23/F,广东深圳市南山区宝利大厦23/F,广东深圳市南山区宝利大厦23/F,113.859517,22.611171
南山后海,广东,深圳市,南山区,粤海街道创业路海珠城海晖阁,广东深圳市南山区粤海街道创业路海珠城海晖阁,广东深圳市南山区粤海街道创业路海珠城海晖阁,113.931205,22.515342
南山后海,广东,深圳市,南山区,南海大道2706号保利大厦(南山区南海大道,广东深圳市南山区南海大道2706号保利大厦(南山区南海大道,广东深圳市南山区南海大道2706号保利大厦(南山区南海大道,113.927804,22.515439
南山后海,广东,深圳市,南山区,保利城花园夕,广东深圳市南山区保利城花园,广东深圳市南山区保利城花园,113.928406,22.515901
南山后海,广东,深圳市,南山区,后海大道2002号文德福花园5栋单元,广东深圳市南山区后海大道2002号文德福花园5栋单元,广东深圳市南山区后海大道2002号文德福花园5栋单元,113.932782,22.506349
南山后海,广东,深圳市,南山区,后海大道海德一道海岸明珠f,广东深圳市南山区后海大道海德一道海岸明珠f,广东深圳市南山区后海大道海德一道海岸明珠f,113.931814,22.515872
南山后海,广东,深圳市,南山区,海德三道美墅蓝山家园创美美容,广东深圳市南山区海德三道美墅蓝山家园创美美容,广东深圳市南山区海德三道美墅蓝山家园创美美容,113.931739,22.520776
南山后海,广东,深圳市,南山区,海印长城7栋,广东深圳市南山区海印长城7栋,广东深圳市南山区海印长城7栋,113.931564,22.518255
南山后海,广东,深圳市,南山区,创业路观海台花园管理处,广东深圳市南山区创业路观海台花园管理处,广东深圳市南山区创业路观海台花园管理处,113.937681,22.514616
南山后海,广东,深圳市,南山区,登良路蔚蓝海岸二期12栋,广东深圳市南山区登良路蔚蓝海岸二期12栋,广东深圳市南山区登良路蔚蓝海岸二期12栋,113.936772,22.508816
南山后海,广东,深圳市,南山区,粤海街道海德四道1号漾日湾畔3栋,广东深圳市南山区粤海街道海德四道1号漾日湾畔3栋,广东深圳市南山区粤海街道海德四道1号漾日湾畔3栋,113.938495,22.519813
南山后海,广东,深圳市,南山区,深圳市南山区明香茶叶市场外铺1003,广东深圳市南山区深圳市南山区明香茶叶市场外铺1003,广东深圳市南山区深圳市南山区明香茶叶市场外铺1003,113.929362,22.517099
南山后海,广东,深圳市,南山区,南山街道鹏润达广场东座楼泽渼堂,广东深圳市南山区南山街道鹏润达广场东座楼泽渼堂,广东深圳市南山区南山街道鹏润达广场东座楼泽渼堂,113.941539,22.517937
南山后海,广东,深圳市,南山区,天利中央广场A座,广东深圳市南山区天利中央广场A座,广东深圳市南山区天利中央广场A座,113.934029,22.518528
南山后海,广东,深圳市,南山区,粤海街道阿里中心T2栋,广东深圳市南山区粤海街道阿里中心T2栋,广东深圳市南山区粤海街道阿里中心T2栋,113.942249,22.509823
南山后海,广东,深圳市,南山区,粤海街道有线信息传输大厦,广东深圳市南山区粤海街道有线信息传输大厦,广东深圳市南山区粤海街道有线信息传输大厦,113.944859,22.528137
南山后海,广东,深圳市,南山区,观海台八栋二单元,广东深圳市南山区观海台八栋二单元,广东深圳市南山区观海台八栋二单元,113.937681,22.514616
南山后海,广东,深圳市,南山区,悦府一期1栋,广东深圳市南山区悦府一期1栋,广东深圳市南山区悦府一期1栋,113.946225,22.519435
南山后海,广东,深圳市,南山区,漾日湾畔3栋,广东深圳市南山区漾日湾畔3栋,广东深圳市南山区漾日湾畔3栋,113.938495,22.519813
南山后海,广东,深圳市,南山区,粤海街道深圳南山后海蔚蓝海岸二期8栋,广东深圳市南山区粤海街道深圳南山后海蔚蓝海岸二期8栋,广东深圳市南山区粤海街道深圳南山后海蔚蓝海岸二期8栋,113.93579,22.508438
南山后海,广东,深圳市,南山区,粤海街道深圳湾悦府柏宁花园2栋单元,广东深圳市南山区粤海街道深圳湾悦府柏宁花园2栋单元,广东深圳市南山区粤海街道深圳湾悦府柏宁花园2栋单元,113.946225,22.519435
南山后海,广东,深圳市,南山区,后海大道文德福花园一栋五单元楼天,广东深圳市南山区后海大道文德福花园一栋五单元楼天,广东深圳市南山区后海大道文德福花园一栋五单元楼天,113.932993,22.505349
南山后海,广东,深圳市,南山区,粤海街道海德三道漾日湾畔5栋,广东深圳市南山区粤海街道海德三道漾日湾畔5栋,广东深圳市南山区粤海街道海德三道漾日湾畔5栋,113.939037,22.519856
南山后海,广东,深圳市,南山区,南山区粤海街道蔚蓝海岸三期栋,广东深圳市南山区粤海街道蔚蓝海岸三期栋,广东深圳市南山区粤海街道蔚蓝海岸三期栋,113.93681,22.513415
南山后海,广东,深圳市,南山区,蔚蓝海岸三期30栋,广东深圳市南山区蔚蓝海岸三期30栋,广东深圳市南山区蔚蓝海岸三期30栋,113.936641,22.5104
南山后海,广东,深圳市,南山区,粤海街道深圳市南山区后海大道名仕花园13栋鹿客5+,广东深圳市南山区粤海街道深圳市南山区后海大道名仕花园13栋鹿客5+,广东深圳市南山区粤海街道深圳市南山区后海大道名仕花园13栋鹿客5+,113.932393,22.512566
南山后海,广东,深圳市,南山区,粤海街道海珠社区科苑南路2888号深圳湾万象城B,广东深圳市南山区粤海街道海珠社区科苑南路2888号深圳湾万象城B,广东深圳市南山区粤海街道海珠社区科苑南路2888号深圳湾万象城B,113.945396,22.515922
南山后海,广东,深圳市,南山区,南山区蛇口街道湾厦社区湾厦旧村8巷1号B栋,广东深圳市南山区蛇口街道湾厦社区湾厦旧村8巷1号B栋,广东深圳市南山区蛇口街道湾厦社区湾厦旧村8巷1号B栋,113.931052,22.492458
南山后海,广东,深圳市,南山区,后海滨路3168号中海油大厦B座,广东深圳市南山区后海滨路3168号中海油大厦B座,广东深圳市南山区后海滨路3168号中海油大厦B座,113.939068,22.511826
南山后海,广东,深圳市,南山区,海岸大厦东座楼号携程旅游,广东深圳市南山区海岸大厦东座,广东深圳市南山区海岸大厦东座,113.923154,22.506107
南山后海,广东,深圳市,南山区,粤海街道海岸明珠D,广东深圳市南山区粤海街道海岸明珠D,广东深圳市南山区粤海街道海岸明珠D,113.931814,22.515872
南山后海,广东,深圳市,南山区,后海大道2002号文德福花园3栋单元,广东深圳市南山区后海大道2002号文德福花园3栋单元,广东深圳市南山区后海大道2002号文德福花园3栋单元,113.933284,22.505649
南山后海,广东,深圳市,南山区,粤海街道社区观海台花园4栋-302粤海街道社区观海台花园4栋,广东深圳市南山区粤海街道社区观海台花园4栋-302粤海街道社区观海台花园4栋,广东深圳市南山区粤海街道社区观海台花园4栋-302粤海街道社区观海台花园4栋,113.937681,22.514616
南山后海,广东,深圳市,南山区,登良路阿里中心对面工友村,广东深圳市南山区登良路阿里中心对面工友村,广东深圳市南山区登良路阿里中心对面工友村,113.942744,22.509406
南山后海,广东,深圳市,南山区,后海登良路蔚蓝海岸,广东深圳市南山区后海登良路蔚蓝海岸,广东深圳市南山区后海登良路蔚蓝海岸,113.935719,22.509263
南山后海,广东,深圳市,南山区,粤海街道瑞铧苑1栋,广东深圳市南山区粤海街道瑞铧苑1栋,广东深圳市南山区粤海街道瑞铧苑1栋,113.932843,22.512344
南山后海,广东,深圳市,南山区,深圳湾体育中心鸿蒙智行用户中心,广东深圳市南山区深圳湾体育中心鸿蒙智行用户中心,广东深圳市南山区深圳湾体育中心鸿蒙智行用户中心,113.949114,22.521768
南山后海,广东,深圳市,南山区,茂业时代广场楼雳霹道,广东深圳市南山区茂业时代广场楼雳霹道,广东深圳市南山区茂业时代广场楼雳霹道,113.93042,22.519853
南山后海,广东,深圳市,南山区,粤海街道文心二路天悦园B座,广东深圳市南山区粤海街道文心二路天悦园B座,广东深圳市南山区粤海街道文心二路天悦园B座,113.929819,22.517442
南山后海,广东,深圳市,南山区,海德三道15号海岸大厦东座813eziwish眼镜,广东深圳市南山区海德三道15号海岸大厦东座813eziwish眼镜,广东深圳市南山区海德三道15号海岸大厦东座813eziwish眼镜,113.937754,22.518111
南山后海,广东,深圳市,南山区,海岸城购物中心楼店铺,广东深圳市南山区海岸城购物中心楼店铺,广东深圳市南山区海岸城购物中心楼店铺,113.935767,22.51685
南山后海,广东,深圳市,南山区,粤海街道恒裕深圳湾C栋,广东深圳市南山区粤海街道恒裕深圳湾C栋,广东深圳市南山区粤海街道恒裕深圳湾C栋,113.940503,22.513586
南山后海,广东,深圳市,南山区,海德三道漾日湾畔一栋,广东深圳市南山区海德三道漾日湾畔一栋,广东深圳市南山区海德三道漾日湾畔一栋,113.939562,22.519758
南山后海,广东,深圳市,南山区,粤海街道文心一路华彩新天地74号楼Dr.Jane美容院,广东深圳市南山区粤海街道文心一路华彩新天地74号楼Dr.Jane美容院,广东深圳市南山区粤海街道文心一路华彩新天地74号楼Dr.Jane美容院,113.930261,22.518006
南山后海,广东,深圳市,南山区,创业路东电力花园幸福,广东深圳市南山区创业路东电力花园幸福,广东深圳市南山区创业路东电力花园幸福,113.933847,22.51344
南山后海,广东,深圳市,南山区,茂业楼沙,广东深圳市南山区茂业楼沙,广东深圳市南山区茂业楼沙,113.930478,22.533191
南山后海,广东,深圳市,南山区,后海蔚蓝海岸2期17栋,广东深圳市南山区后海蔚蓝海岸2期17栋,广东深圳市南山区后海蔚蓝海岸2期17栋,113.93579,22.508438
南山后海,广东,深圳市,南山区,海德一道海印长城1栋,广东深圳市南山区海德一道海印长城1栋,广东深圳市南山区海德一道海印长城1栋,113.931722,22.518083
南山后海,广东,深圳市,南山区,粤海街道海德二路茂业百货楼BNX,广东深圳市南山区粤海街道海德二路茂业百货楼BNX,广东深圳市南山区粤海街道海德二路茂业百货楼BNX,113.930719,22.518781
南山后海,广东,深圳市,南山区,蔚蓝海岸2期21栋,广东深圳市南山区蔚蓝海岸2期21栋,广东深圳市南山区蔚蓝海岸2期21栋,113.936772,22.508816
南山后海,广东,深圳市,南山区,深圳市南山区蔚蓝海岸三期32栋N，陈贤云,广东深圳市南山区深圳市南山区蔚蓝海岸三期32栋N，陈贤云,广东深圳市南山区深圳市南山区蔚蓝海岸三期32栋N，陈贤云,113.935681,22.511291
南山后海,广东,深圳市,南山区,粤海街道创业路海岸明珠E栋,广东深圳市南山区粤海街道创业路海岸明珠E栋,广东深圳市南山区粤海街道创业路海岸明珠E栋,113.931814,22.515872
南山后海,广东,深圳市,南山区,后海大道育德佳园1e,广东深圳市南山区后海大道育德佳园1e,广东深圳市南山区后海大道育德佳园1e,113.933661,22.511991
南山后海,广东,深圳市,南山区,创业路文心二路佳嘉豪苑社区楼茶社,广东深圳市南山区创业路文心二路佳嘉豪苑社区楼茶社,广东深圳市南山区创业路文心二路佳嘉豪苑社区楼茶社,113.930696,22.51633
南山后海,广东,深圳市,南山区,粤海街道科苑大道华润悦府二期2栋C,广东深圳市南山区粤海街道科苑大道华润悦府二期2栋C,广东深圳市南山区粤海街道科苑大道华润悦府二期2栋C,113.946225,22.519435
南山后海,广东,深圳市,南山区,文心二路茂业百货楼,广东深圳市南山区文心二路茂业百货楼,广东深圳市南山区文心二路茂业百货楼,113.930224,22.517189
南山后海,广东,深圳市,南山区,海德三道201号海印长城2期15栋,广东深圳市南山区海德三道201号海印长城2期15栋,广东深圳市南山区海德三道201号海印长城2期15栋,113.931758,22.518772
南山后海,广东,深圳市,南山区,粤海街道天利中央广场一期楼西门口大堂内193-1号铺熙,广东深圳市南山区粤海街道天利中央广场一期楼西门口大堂内193-1号铺熙,广东深圳市南山区粤海街道天利中央广场一期楼西门口大堂内193-1号铺熙,113.933565,22.518512
南山后海,广东,深圳市,南山区,融家广场建材市场楼,广东深圳市南山区融家广场建材市场楼,广东深圳市南山区融家广场建材市场楼,113.933539,22.515557
南山后海,广东,深圳市,南山区,茂业时代广场楼F01051XFELLALA,广东深圳市南山区茂业时代广场楼,广东深圳市南山区茂业时代广场楼,113.93042,22.519853
南山后海,广东,深圳市,南山区,南山茂业百货楼雅YAGE,广东深圳市南山区南山茂业百货楼雅YAGE,广东深圳市南山区南山茂业百货楼雅YAGE,113.930478,22.533191
南山后海,广东,深圳市,南山区,深圳湾万象城二期北门,广东深圳市南山区深圳湾万象城二期北门,广东深圳市南山区深圳湾万象城二期北门,113.945396,22.515922
南山后海,广东,深圳市,南山区,粤海街道创业路2052号海珠城大厦海霞阁,广东深圳市南山区粤海街道创业路2052号海珠城大厦海霞阁,广东深圳市南山区粤海街道创业路2052号海珠城大厦海霞阁,113.931209,22.515406
南山后海,广东,深圳市,南山区,粤海街道兰香一街8号百丽大厦1606,广东深圳市南山区粤海街道兰香一街8号百丽大厦1606,广东深圳市南山区粤海街道兰香一街8号百丽大厦1606,113.93896,22.506547
南山后海,广东,深圳市,南山区,创业路恒裕深圳湾C座,广东深圳市南山区创业路恒裕深圳湾C座,广东深圳市南山区创业路恒裕深圳湾C座,113.940272,22.514078
南山后海,广东,深圳市,南山区,粤海街道海德三道天利中央商务广场A座楼,广东深圳市南山区粤海街道海德三道天利中央商务广场A座楼,广东深圳市南山区粤海街道海德三道天利中央商务广场A座楼,113.934029,22.518528
南山后海,广东,深圳市,南山区,创业路蔚蓝海岸三期36,广东深圳市南山区创业路蔚蓝海岸三期36,广东深圳市南山区创业路蔚蓝海岸三期36,113.93681,22.513415
南山后海,广东,深圳市,南山区,兰芝二路66号阳光金融大厦楼丰巢快递柜,广东深圳市南山区兰芝二路66号阳光金融大厦楼丰巢快递柜,广东深圳市南山区兰芝二路66号阳光金融大厦楼丰巢快递柜,113.943435,22.52004
南山后海,广东,深圳市,南山区,文心五路滨海之窗写字楼B座,广东深圳市南山区文心五路滨海之窗写字楼B座,广东深圳市南山区文心五路滨海之窗写字楼B座,113.935603,22.520412
南山后海,广东,深圳市,南山区,观海台A,广东深圳市南山区观海台A,广东深圳市南山区观海台A,113.937681,22.514616
南山后海,广东,深圳市,南山区,南海大道2714-4号南油保利城花园西北,广东深圳市南山区南海大道2714-4号南油保利城花园西北,广东深圳市南山区南海大道2714-4号南油保利城花园西北,113.927798,22.515802
南山后海,广东,深圳市,南山区,粤海街道深圳湾一号商业南区103,广东深圳市南山区粤海街道深圳湾一号商业南区103,广东深圳市南山区粤海街道深圳湾一号商业南区103,113.942747,22.506913
南山后海,广东,深圳市,南山区,海德三路深圳湾体育中心8号门变电站,广东深圳市南山区海德三路深圳湾体育中心8号门变电站,广东深圳市南山区海德三路深圳湾体育中心8号门变电站,113.950196,22.516695
南山后海,广东,深圳市,南山区,海德三道19号海岸大厦西座楼,广东深圳市南山区海德三道19号海岸大厦西座楼,广东深圳市南山区海德三道19号海岸大厦西座楼,113.936569,22.518242
南山后海,广东,深圳市,南山区,粤海街道海岸城西座,广东深圳市南山区粤海街道海岸城西座,广东深圳市南山区粤海街道海岸城西座,113.922317,22.506422
南山后海,广东,深圳市,南山区,金钟大厦楼,广东深圳市南山区金钟大厦楼,广东深圳市南山区金钟大厦楼,113.928886,22.517873
南山后海,广东,深圳市,南山区,南山正龙村,广东深圳市南山区南山正龙村,广东深圳市南山区南山正龙村,113.92475,22.517939
南山后海,广东,深圳市,南山区,文心五路海岸城购物中心楼-1,广东深圳市南山区文心五路海岸城购物中心楼-1,广东深圳市南山区文心五路海岸城购物中心楼-1,113.935767,22.51685
南山后海,广东,深圳市,南山区,文心一路明香茶叶市场2041云南普,广东深圳市南山区文心一路明香茶叶市场2041云南普,广东深圳市南山区文心一路明香茶叶市场2041云南普,113.929362,22.517099
南山后海,广东,深圳市,南山区,粤海街道名海社区育德佳园8A,广东深圳市南山区粤海街道名海社区育德佳园8A,广东深圳市南山区粤海街道名海社区育德佳园8A,113.933266,22.510154
南山后海,广东,深圳市,南山区,粤海街道深圳南山区海德三道2036号滨海之窗3栋,广东深圳市南山区粤海街道深圳南山区海德三道2036号滨海之窗3栋,广东深圳市南山区粤海街道深圳南山区海德三道2036号滨海之窗3栋,113.934628,22.520425
南山后海,广东,深圳市,南山区,南山区粤海街道蔚蓝海岸二期20栋B房,广东深圳市南山区粤海街道蔚蓝海岸二期20栋B房,广东深圳市南山区粤海街道蔚蓝海岸二期20栋B房,113.936612,22.506786
南山后海,广东,深圳市,南山区,粤海街道蔚蓝海岸-栋中间管理处,广东深圳市南山区粤海街道蔚蓝海岸-栋中间管理处,广东深圳市南山区粤海街道蔚蓝海岸-栋中间管理处,113.933954,22.507988
南山后海,广东,深圳市,南山区,文心二路海印长城11栋,广东深圳市南山区文心二路海印长城11栋,广东深圳市南山区文心二路海印长城11栋,113.931564,22.518255
南山后海,广东,深圳市,南山区,粤海街道海珠城海晖阁,广东深圳市南山区粤海街道海珠城海晖阁,广东深圳市南山区粤海街道海珠城海晖阁,113.931205,22.515342
南山后海,广东,深圳市,南山区,深圳市南山区深圳湾悦府一期1栋C,广东深圳市南山区深圳市南山区深圳湾悦府一期1栋C,广东深圳市南山区深圳市南山区深圳湾悦府一期1栋C,113.946225,22.519435
南山后海,广东,深圳市,南山区,南山区粤海街道创业路2052号海珠城大厦海霞阁,广东深圳市南山区粤海街道创业路2052号海珠城大厦海霞阁,广东深圳市南山区粤海街道创业路2052号海珠城大厦海霞阁,113.931209,22.515406
南山后海,广东,深圳市,南山区,后海大道蔚蓝海岸4期商城号视线外贸鞋店,广东深圳市南山区后海大道蔚蓝海岸4期商城号视线外贸鞋店,广东深圳市南山区后海大道蔚蓝海岸4期商城号视线外贸鞋店,113.932904,22.507568
南山后海,广东,深圳市,南山区,后海大道育德佳园1栋F,广东深圳市南山区后海大道育德佳园1栋F,广东深圳市南山区后海大道育德佳园1栋F,113.933661,22.511991
南山后海,广东,深圳市,南山区,后海滨路3168号栋中海油大厦A座,广东深圳市南山区后海滨路3168号栋中海油大厦A座,广东深圳市南山区后海滨路3168号栋中海油大厦A座,113.939333,22.512654
南山后海,广东,深圳市,南山区,南山区粤海街道海德三道36号滨海之窗管理处,广东深圳市南山区粤海街道海德三道36号滨海之窗管理处,广东深圳市南山区粤海街道海德三道36号滨海之窗管理处,113.936684,22.520768
南山后海,广东,深圳市,南山区,海德二道288号深圳南山茂业3F拔佳专柜,广东深圳市南山区海德二道288号深圳南山茂业3F拔佳专柜,广东深圳市南山区海德二道288号深圳南山茂业3F拔佳专柜,113.930312,22.519895
南山后海,广东,深圳市,南山区,粤海街道后海滨路3168号中海油大厦B,广东深圳市南山区粤海街道后海滨路3168号中海油大厦B,广东深圳市南山区粤海街道后海滨路3168号中海油大厦B,113.93892,22.512092
南山后海,广东,深圳市,南山区,海德一道海岸明珠g,广东深圳市南山区海德一道海岸明珠g,广东深圳市南山区海德一道海岸明珠g,113.931814,22.515872
南山后海,广东,深圳市,南山区,海印长城二期11栋,广东深圳市南山区海印长城二期11栋,广东深圳市南山区海印长城二期11栋,113.93184,22.519274
南山后海,广东,深圳市,南山区,粤海街道卓越后海中心,广东深圳市南山区粤海街道卓越后海中心,广东深圳市南山区粤海街道卓越后海中心,113.942969,22.518897
南山后海,广东,深圳市,南山区,滨海大道林丹谢杏芳羽毛球交流中心楼旗舰店发衣服一批YY,广东深圳市南山区滨海大道林丹谢杏芳羽毛球交流中心楼旗舰店发衣服一批YY,广东深圳市南山区滨海大道林丹谢杏芳羽毛球交流中心楼旗舰店发衣服一批YY,113.900287,22.524706
南山后海,广东,深圳市,南山区,登良路蔚蓝海岸二期25栋,广东深圳市南山区登良路蔚蓝海岸二期25栋,广东深圳市南山区登良路蔚蓝海岸二期25栋,113.936758,22.50924
南山后海,广东,深圳市,南山区,粤海街道海珠社区后海滨路3368号鹏润达商业广场西座楼力线运,广东深圳市南山区粤海街道海珠社区后海滨路3368号鹏润达商业广场西座楼力线运,广东深圳市南山区粤海街道海珠社区后海滨路3368号鹏润达商业广场西座楼力线运,113.941266,22.51797
南山后海,广东,深圳市,南山区,天利中央广场A座楼深圳潮创会,广东深圳市南山区天利中央广场A座楼深圳潮创会,广东深圳市南山区天利中央广场A座楼深圳潮创会,113.933905,22.518902
南山后海,广东,深圳市,南山区,南山区粤海街道文心五路33号海岸城广场楼江南厨子,广东深圳市南山区粤海街道文心五路33号海岸城广场楼江南厨子,广东深圳市南山区粤海街道文心五路33号海岸城广场楼江南厨子,113.935767,22.51685
南山后海,广东,深圳市,南山区,粤海街道粤海街道兰香一街8号百丽国际大厦快递柜,广东深圳市南山区粤海街道粤海街道兰香一街8号百丽国际大厦快递柜,广东深圳市南山区粤海街道粤海街道兰香一街8号百丽国际大厦快递柜,113.93896,22.506547
南山后海,广东,深圳市,南山区,粤海街道文心二路13号华彩天成华彩阁,广东深圳市南山区粤海街道文心二路13号华彩天成华彩阁,广东深圳市南山区粤海街道文心二路13号华彩天成华彩阁,113.930001,22.518301
南山后海,广东,深圳市,南山区,后海路蔚蓝海岸一期11栋,广东深圳市南山区后海路蔚蓝海岸一期11栋,广东深圳市南山区后海路蔚蓝海岸一期11栋,113.935015,22.506334
南山后海,广东,深圳市,南山区,蔚蓝海岸一期三栋F,广东深圳市南山区蔚蓝海岸一期三栋F,广东深圳市南山区蔚蓝海岸一期三栋F,113.934421,22.506984
南山后海,广东,深圳市,南山区,蔚蓝海岸四期东座,广东深圳市南山区蔚蓝海岸四期东座,广东深圳市南山区蔚蓝海岸四期东座,113.923154,22.506107
南山后海,广东,深圳市,南山区,粤海街道海德一道佳嘉豪苑B,广东深圳市南山区粤海街道海德一道佳嘉豪苑B,广东深圳市南山区粤海街道海德一道佳嘉豪苑B,113.931104,22.516357
南山后海,广东,深圳市,南山区,蔚蓝海岸三期栋m,广东深圳市南山区蔚蓝海岸三期栋m,广东深圳市南山区蔚蓝海岸三期栋m,113.93681,22.513415
南山后海,广东,深圳市,南山区,粤海街道登良路8号育德佳园7栋,广东深圳市南山区粤海街道登良路8号育德佳园7栋,广东深圳市南山区粤海街道登良路8号育德佳园7栋,113.934042,22.51098
南山后海,广东,深圳市,南山区,深圳湾林丹谢杏芳国际羽毛球交流中心,广东深圳市南山区深圳湾林丹谢杏芳国际羽毛球交流中心,广东深圳市南山区深圳湾林丹谢杏芳国际羽毛球交流中心,113.950183,22.519126
南山后海,广东,深圳市,南山区,海德二道288号茂业百货南山店丸美楼,广东深圳市南山区海德二道288号茂业百货南山店丸美楼,广东深圳市南山区海德二道288号茂业百货南山店丸美楼,113.930332,22.51973
南山后海,广东,深圳市,南山区,文心五路85号滨海之窗6栋,广东深圳市南山区文心五路85号滨海之窗6栋,广东深圳市南山区文心五路85号滨海之窗6栋,113.935988,22.520884
南山后海,广东,深圳市,南山区,山区粤海街道海印长城一期商铺楼芳子呵护中心,广东深圳市南山区山区粤海街道海印长城一期商铺楼芳子呵护中心,广东深圳市南山区山区粤海街道海印长城一期商铺楼芳子呵护中心,113.931725,22.518175
南山后海,广东,深圳市,南山区,登良路蔚蓝海岸二期10栋丰巢快递柜,广东深圳市南山区登良路蔚蓝海岸二期10栋丰巢快递柜,广东深圳市南山区登良路蔚蓝海岸二期10栋丰巢快递柜,113.934973,22.508566
南山后海,广东,深圳市,南山区,粤海街道文心五路海岸大厦东座商业街楼商铺,广东深圳市南山区粤海街道文心五路海岸大厦东座商业街楼商铺,广东深圳市南山区粤海街道文心五路海岸大厦东座商业街楼商铺,113.937754,22.518111
南山后海,广东,深圳市,南山区,粤海街道青春家园C,广东深圳市南山区粤海街道青春家园C,广东深圳市南山区粤海街道青春家园C,113.92864,22.517113
南山后海,广东,深圳市,南山区,南山区粤海街道粤琴一路28号瑞铧苑1栋单元,广东深圳市南山区粤海街道粤琴一路28号瑞铧苑1栋单元,广东深圳市南山区粤海街道粤琴一路28号瑞铧苑1栋单元,113.932843,22.512344
南山后海,广东,深圳市,南山区,电力花园3栋,广东深圳市南山区电力花园3栋,广东深圳市南山区电力花园3栋,113.933847,22.51344
南山后海,广东,深圳市,南山区,粤海街道海珠社区文心三路9号中洲控股大厦B座楼H单元,广东深圳市南山区粤海街道海珠社区文心三路9号中洲控股大厦B座楼H单元,广东深圳市南山区粤海街道海珠社区文心三路9号中洲控股大厦B座楼H单元,113.92301,22.520049
南山后海,广东,深圳市,南山区,航天科技广场楼陈升号,广东深圳市南山区航天科技广场楼,广东深圳市南山区航天科技广场楼,113.941843,22.519442
南山后海,广东,深圳市,南山区,海印长城1期2栋,广东深圳市南山区海印长城1期2栋,广东深圳市南山区海印长城1期2栋,113.930393,22.517333
南山后海,广东,深圳市,南山区,蔚蓝海岸社区中心路3331号中建科工大厦层,广东深圳市南山区蔚蓝海岸社区中心路3331号中建科工大厦层,广东深圳市南山区蔚蓝海岸社区中心路3331号中建科工大厦层,113.94079,22.509026
南山后海,广东,深圳市,南山区,创业路海珠城海晖阁,广东深圳市南山区创业路海珠城海晖阁,广东深圳市南山区创业路海珠城海晖阁,113.931205,22.515342
南山后海,广东,深圳市,南山区,海珠城海晖阁,广东深圳市南山区海珠城海晖阁,广东深圳市南山区海珠城海晖阁,113.931205,22.515342
南山后海,广东,深圳市,南山区,粤海街道后海大道2322号海洋之心b栋,广东深圳市南山区粤海街道后海大道2322号海洋之心b栋,广东深圳市南山区粤海街道后海大道2322号海洋之心b栋,113.932889,22.513677
南山后海,广东,深圳市,南山区,粤海街道登良路8号蔚蓝海岸3期30栋,广东深圳市南山区粤海街道登良路8号蔚蓝海岸3期30栋,广东深圳市南山区粤海街道登良路8号蔚蓝海岸3期30栋,113.936759,22.510263
南山后海,广东,深圳市,南山区,南山区粤海街道科苑南路,广东深圳市南山区粤海街道科苑南路,广东深圳市南山区粤海街道科苑南路,113.945732,22.524016
南山后海,广东,深圳市,南山区,北京师范大学附,广东深圳市南山区北京师范大学,广东深圳市南山区北京师范大学,113.930478,22.533191
南山后海,广东,深圳市,南山区,海德二道南山茂业百货楼曼娅奴专柜,广东深圳市南山区海德二道南山茂业百货楼曼娅奴专柜,广东深圳市南山区海德二道南山茂业百货楼曼娅奴专柜,113.930719,22.518781
南山后海,广东,深圳市,南山区,粤海街道南山区后海滨路3168号中海油大厦A座,广东深圳市南山区粤海街道南山区后海滨路3168号中海油大厦A座,广东深圳市南山区粤海街道南山区后海滨路3168号中海油大厦A座,113.939333,22.512654
南山后海,广东,深圳市,南山区,粤海街道登良路蔚蓝海岸3-35,广东深圳市南山区粤海街道登良路蔚蓝海岸3-35,广东深圳市南山区粤海街道登良路蔚蓝海岸3-35,113.937196,22.511308
南山后海,广东,深圳市,南山区,粤海街道城市印象1号楼C单位门口右侧丰巢柜,广东深圳市南山区粤海街道城市印象1号楼C单位门口右侧丰巢柜,广东深圳市南山区粤海街道城市印象1号楼C单位门口右侧丰巢柜,113.932531,22.520936
南山后海,广东,深圳市,南山区,保利城2B栋,广东深圳市南山区保利城2B栋,广东深圳市南山区保利城2B栋,113.930478,22.533191
南山后海,广东,深圳市,南山区,浪琴屿小区,广东深圳市南山区浪琴屿小区,广东深圳市南山区浪琴屿小区,113.935494,22.513827
南山后海,广东,深圳市,南山区,鹏润达广场西座,广东深圳市南山区鹏润达广场西座,广东深圳市南山区鹏润达广场西座,113.941458,22.518222
南山后海,广东,深圳市,南山区,蔚蓝海岸二期20栋,广东深圳市南山区蔚蓝海岸二期20栋,广东深圳市南山区蔚蓝海岸二期20栋,113.936612,22.506786
南山后海,广东,深圳市,南山区,兰香一街百丽大厦楼客梯白,广东深圳市南山区兰香一街百丽大厦楼客梯白,广东深圳市南山区兰香一街百丽大厦楼客梯白,113.938992,22.506502
南山后海,广东,深圳市,南山区,海德一道海岸明珠花园商铺俊,广东深圳市南山区海德一道海岸明珠花园商铺俊,广东深圳市南山区海德一道海岸明珠花园商铺俊,113.935075,22.516965
南山后海,广东,深圳市,南山区,南山区粤海街道深圳湾安达仕酒店,广东深圳市南山区粤海街道深圳湾安达仕酒店,广东深圳市南山区粤海街道深圳湾安达仕酒店,113.947367,22.515019
南山后海,广东,深圳市,南山区,天海花园7号车库或者,广东深圳市南山区天海花园7号车库,广东深圳市南山区天海花园7号车库,113.934356,22.512593
南山后海,广东,深圳市,南山区,华润深圳湾瑞府,广东深圳市南山区华润深圳湾瑞府,广东深圳市南山区华润深圳湾瑞府,113.945791,22.516544
南山后海,广东,深圳市,南山区,名仕花园6栋姓名,广东深圳市南山区名仕花园6栋,广东深圳市南山区名仕花园6栋,113.91288,22.556973
南山后海,广东,深圳市,南山区,海德二道288号茂业百货楼天美意专柜,广东深圳市南山区海德二道288号茂业百货楼天美意专柜,广东深圳市南山区海德二道288号茂业百货楼天美意专柜,113.930312,22.519895
南山后海,广东,深圳市,南山区,创业路佳嘉豪苑C702,广东深圳市南山区创业路佳嘉豪苑C702,广东深圳市南山区创业路佳嘉豪苑C702,113.930672,22.515962
南山后海,广东,深圳市,南山区,粤海街道海德二道258号茂业时代广场层海底捞火锅FO8010X商铺海底,广东深圳市南山区粤海街道海德二道258号茂业时代广场层海底捞火锅FO8010X商铺海底,广东深圳市南山区粤海街道海德二道258号茂业时代广场层海底捞火锅FO8010X商铺海底,113.93033,22.519731
南山后海,广东,深圳市,南山区,粤海街道名仕花园6栋单元,广东深圳市南山区粤海街道名仕花园6栋单元,广东深圳市南山区粤海街道名仕花园6栋单元,113.944859,22.528137
南山后海,广东,深圳市,南山区,浪琴屿花园15栋,广东深圳市南山区浪琴屿花园15栋,广东深圳市南山区浪琴屿花园15栋,113.935881,22.513023
南山后海,广东,深圳市,南山区,粤海街道观海台花园C2栋,广东深圳市南山区粤海街道观海台花园C2栋,广东深圳市南山区粤海街道观海台花园C2栋,113.937681,22.514616
南山后海,广东,深圳市,南山区,南山街道后海大道南粤明珠A栋,广东深圳市南山区南山街道后海大道南粤明珠A栋,广东深圳市南山区南山街道后海大道南粤明珠A栋,113.9332,22.514129
南山后海,广东,深圳市,南山区,佳嘉豪苑C栋一,广东深圳市南山区佳嘉豪苑C栋一,广东深圳市南山区佳嘉豪苑C栋一,113.930696,22.51633
南山后海,广东,深圳市,南山区,粤海街道电力花园二期6号楼,广东深圳市南山区粤海街道电力花园二期6号楼,广东深圳市南山区粤海街道电力花园二期6号楼,113.933847,22.51344
南山后海,广东,深圳市,南山区,粤海街道后海滨路后海汇L4-2627顽魔健身房,广东深圳市南山区粤海街道后海滨路后海汇L4-2627顽魔健身房,广东深圳市南山区粤海街道后海滨路后海汇L4-2627顽魔健身房,113.940331,22.515118
南山后海,广东,深圳市,南山区,后海滨路3288号后海汇B栋负层13-16号米乐乖乖宠物生活馆,广东深圳市南山区后海滨路3288号后海汇B栋负层13-16号米乐乖乖宠物生活馆,广东深圳市南山区后海滨路3288号后海汇B栋负层13-16号米乐乖乖宠物生活馆,113.941302,22.515741
南山后海,广东,深圳市,南山区,深圳湾1号T5大堂前台,广东深圳市南山区深圳湾1号T5大堂前台,广东深圳市南山区深圳湾1号T5大堂前台,113.942747,22.506913
南山后海,广东,深圳市,南山区,粤海街道海德一道青春家园B栋,广东深圳市南山区粤海街道海德一道青春家园B栋,广东深圳市南山区粤海街道海德一道青春家园B栋,113.930834,22.512697
南山后海,广东,深圳市,南山区,粤海街道科苑路3331号阿里中心写字楼T2座室,广东深圳市南山区粤海街道科苑路3331号阿里中心写字楼T2座室,广东深圳市南山区粤海街道科苑路3331号阿里中心写字楼T2座室,113.942744,22.509406
南山后海,广东,深圳市,南山区,喜之郎大厦负楼琥珀烧肉俱乐部,广东深圳市南山区喜之郎大厦负楼琥珀烧肉俱乐部,广东深圳市南山区喜之郎大厦负楼琥珀烧肉俱乐部,113.940767,22.508241
南山后海,广东,深圳市,南山区,南山区粤海街道文心三路中洲控股大厦B座,广东深圳市南山区粤海街道文心三路中洲控股大厦B座,广东深圳市南山区粤海街道文心三路中洲控股大厦B座,113.92301,22.520049
南山后海,广东,深圳市,南山区,后海大道蔚蓝海岸一期6栋D,广东深圳市南山区后海大道蔚蓝海岸一期6栋D,广东深圳市南山区后海大道蔚蓝海岸一期6栋D,113.934304,22.506605
南山后海,广东,深圳市,南山区,南山区 保利文化广场,广东深圳市南山区 保利文化广场,广东深圳市南山区 保利文化广场,113.937907,22.517118
南山后海,广东,深圳市,南山区,南海大道保利城花园2A,广东深圳市南山区南海大道保利城花园2A,广东深圳市南山区南海大道保利城花园2A,113.928406,22.515901
南山后海,广东,深圳市,南山区,后海大道文德福花园6栋,广东深圳市南山区后海大道文德福花园6栋,广东深圳市南山区后海大道文德福花园6栋,113.933182,22.506688
南山后海,广东,深圳市,南山区,南山区广东省深圳市南山区海德一道223号佳嘉豪苑未发,广东深圳市南山区广东省深圳市南山区海德一道223号佳嘉豪苑未发,广东深圳市南山区广东省深圳市南山区海德一道223号佳嘉豪苑未发,113.931258,22.51634
南山后海,广东,深圳市,南山区,海德三道滨海之窗2栋K但单元,广东深圳市南山区海德三道滨海之窗2栋K但单元,广东深圳市南山区海德三道滨海之窗2栋K但单元,113.935609,22.519899
南山后海,广东,深圳市,南山区,粤海街道蔚蓝社区中心路3331号中建科工大厦层,广东深圳市南山区粤海街道蔚蓝社区中心路3331号中建科工大厦层,广东深圳市南山区粤海街道蔚蓝社区中心路3331号中建科工大厦层,113.94079,22.509026
南山后海,广东,深圳市,南山区,粤海街道南山区海德一道223号佳嘉豪苑D栋,广东深圳市南山区粤海街道南山区海德一道223号佳嘉豪苑D栋,广东深圳市南山区粤海街道南山区海德一道223号佳嘉豪苑D栋,113.931258,22.51634
南山后海,广东,深圳市,南山区,粤海街道蔚蓝海岸二期20栋D-SZ,广东深圳市南山区粤海街道蔚蓝海岸二期20栋D-SZ,广东深圳市南山区粤海街道蔚蓝海岸二期20栋D-SZ,113.936612,22.506786
南山后海,广东,深圳市,南山区,粤海街道深圳保利剧院3号门,广东深圳市南山区粤海街道深圳保利剧院3号门,广东深圳市南山区粤海街道深圳保利剧院3号门,113.93888,22.516018
南山后海,广东,深圳市,南山区,创业路1777号铺bistroohlala,广东深圳市南山区创业路1777号铺bistroohlala,广东深圳市南山区创业路1777号铺bistroohlala,113.940292,22.512388
南山后海,广东,深圳市,南山区,海印长城2期10号楼,广东深圳市南山区海印长城2期10号楼,广东深圳市南山区海印长城2期10号楼,113.931758,22.518772
南山后海,广东,深圳市,南山区,后海大道蔚蓝海岸三期35栋,广东深圳市南山区后海大道蔚蓝海岸三期35栋,广东深圳市南山区后海大道蔚蓝海岸三期35栋,113.935732,22.511887
南山后海,广东,深圳市,南山区,南山区粤海街道东滨路深圳湾1号T3栋,广东深圳市南山区粤海街道东滨路深圳湾1号T3栋,广东深圳市南山区粤海街道东滨路深圳湾1号T3栋,113.942747,22.506913
南山后海,广东,深圳市,南山区,滨海之窗小区3m栋,广东深圳市南山区滨海之窗小区3m栋,广东深圳市南山区滨海之窗小区3m栋,113.935603,22.520412
南山后海,广东,深圳市,南山区,粤海街道蔚蓝海岸二期16栋,广东深圳市南山区粤海街道蔚蓝海岸二期16栋,广东深圳市南山区粤海街道蔚蓝海岸二期16栋,113.934904,22.509713
南山后海,广东,深圳市,南山区,粤海街道科苑南路2888号深圳湾万象城物业服务中心,广东深圳市南山区粤海街道科苑南路2888号深圳湾万象城物业服务中心,广东深圳市南山区粤海街道科苑南路2888号深圳湾万象城物业服务中心,113.945396,22.515922
南山后海,广东,深圳市,南山区,南山区粤海街道南山区海德三道漾日湾畔4栋,广东深圳市南山区粤海街道南山区海德三道漾日湾畔4栋,广东深圳市南山区粤海街道南山区海德三道漾日湾畔4栋,113.938794,22.519869
南山后海,广东,深圳市,南山区,南山区粤海街道滨海之窗花园5栋,广东深圳市南山区粤海街道滨海之窗花园5栋,广东深圳市南山区粤海街道滨海之窗花园5栋,113.935603,22.520412
南山后海,广东,深圳市,南山区,蔚蓝海岸1期8栋,广东深圳市南山区蔚蓝海岸1期8栋,广东深圳市南山区蔚蓝海岸1期8栋,113.934421,22.506984
南山后海,广东,深圳市,南山区,粤海街道创业路4号观海台A栋,广东深圳市南山区粤海街道创业路4号观海台A栋,广东深圳市南山区粤海街道创业路4号观海台A栋,113.936844,22.515179
南山后海,广东,深圳市,南山区,粤海街道龙城路2-8天海花园3栋,广东深圳市南山区粤海街道龙城路2-8天海花园3栋,广东深圳市南山区粤海街道龙城路2-8天海花园3栋,113.934647,22.51233
南山后海,广东,深圳市,南山区,育德佳园7栋F,广东深圳市南山区育德佳园7栋F,广东深圳市南山区育德佳园7栋F,113.934042,22.51098
南山后海,广东,深圳市,南山区,广东省深圳市南山区文心五路33号海岸城购物中心F1,广东深圳市南山区广东省深圳市南山区文心五路33号海岸城购物中心F1,广东深圳市南山区广东省深圳市南山区文心五路33号海岸城购物中心F1,113.935282,22.517224
南山后海,广东,深圳市,南山区,粤海街道文心六路保利文化广场c2,广东深圳市南山区粤海街道文心六路保利文化广场c2,广东深圳市南山区粤海街道文心六路保利文化广场c2,113.938562,22.517227
南山后海,广东,深圳市,南山区,创业路蔚蓝海岸三期38,广东深圳市南山区创业路蔚蓝海岸三期38,广东深圳市南山区创业路蔚蓝海岸三期38,113.93681,22.513415
南山后海,广东,深圳市,南山区,海德三道16号漾日湾畔5栋,广东深圳市南山区海德三道16号漾日湾畔5栋,广东深圳市南山区海德三道16号漾日湾畔5栋,113.939037,22.519856
南山后海,广东,深圳市,南山区,东门二路,广东深圳市南山区东门二路,广东深圳市南山区东门二路,113.930478,22.533191
南山后海,广东,深圳市,南山区,深圳湾一号湾汇楼DEJEWELHOUSE,广东深圳市南山区深圳湾一号湾汇楼DEJEWELHOUSE,广东深圳市南山区深圳湾一号湾汇楼DEJEWELHOUSE,113.942747,22.506913
南山后海,广东,深圳市,南山区,创业路海印长城一期八栋八C,广东深圳市南山区创业路海印长城一期八栋八C,广东深圳市南山区创业路海印长城一期八栋八C,113.931397,22.517484
南山后海,广东,深圳市,南山区,粤海街道深圳湾体育馆北门,广东深圳市南山区粤海街道深圳湾体育馆北门,广东深圳市南山区粤海街道深圳湾体育馆北门,113.950183,22.519126
南山后海,广东,深圳市,南山区,南山茂业百货楼曼娅奴专柜,广东深圳市南山区南山茂业百货楼曼娅奴专柜,广东深圳市南山区南山茂业百货楼曼娅奴专柜,113.930478,22.533191
南山后海,广东,深圳市,南山区,粤海街道海珠社区海德三道195号天利中央商务广场A,广东深圳市南山区粤海街道海珠社区海德三道195号天利中央商务广场A,广东深圳市南山区粤海街道海珠社区海德三道195号天利中央商务广场A,113.933875,22.518599
南山后海,广东,深圳市,南山区,南山大道,广东深圳市南山区南山大道,广东深圳市南山区南山大道,113.924196,22.535715
南山后海,广东,深圳市,南山区,保利文化广场B区楼,广东深圳市南山区保利文化广场B区楼,广东深圳市南山区保利文化广场B区楼,113.937641,22.517146
南山后海,广东,深圳市,南山区,广东省深圳市南山区后海大道2248号育德佳园3A,广东深圳市南山区广东省深圳市南山区后海大道2248号育德佳园3A,广东深圳市南山区广东省深圳市南山区后海大道2248号育德佳园3A,113.932853,22.511353
南山后海,广东,深圳市,南山区,粤海街道海印长城二期15栋B,广东深圳市南山区粤海街道海印长城二期15栋B,广东深圳市南山区粤海街道海印长城二期15栋B,113.93184,22.519274
南山后海,广东,深圳市,南山区,后海大道电力花园二期5B栋,广东深圳市南山区后海大道电力花园二期5B栋,广东深圳市南山区后海大道电力花园二期5B栋,113.933847,22.51344
南山后海,广东,深圳市,南山区,茂业时代广场楼BNX,广东深圳市南山区茂业时代广场楼BNX,广东深圳市南山区茂业时代广场楼BNX,113.93042,22.519853
南山后海,广东,深圳市,南山区,后海滨路3288号后海汇湾湾士林古早伯台湾夜市,广东深圳市南山区后海滨路3288号后海汇湾湾士林古早伯台湾夜市,广东深圳市南山区后海滨路3288号后海汇湾湾士林古早伯台湾夜市,113.939585,22.516528
南山后海,广东,深圳市,南山区,浪琴屿花园18,广东深圳市南山区浪琴屿花园18,广东深圳市南山区浪琴屿花园18,113.935881,22.513023
南山后海,广东,深圳市,南山区,登良路蔚蓝海岸二期15栋,广东深圳市南山区登良路蔚蓝海岸二期15栋,广东深圳市南山区登良路蔚蓝海岸二期15栋,113.936772,22.508816
南山后海,广东,深圳市,南山区,粤海街道漾日湾畔小区1栋,广东深圳市南山区粤海街道漾日湾畔小区1栋,广东深圳市南山区粤海街道漾日湾畔小区1栋,113.938964,22.519324
南山后海,广东,深圳市,南山区,南山区粤海街道科苑南路华润深圳湾悦府2期2栋,广东深圳市南山区粤海街道科苑南路华润深圳湾悦府2期2栋,广东深圳市南山区粤海街道科苑南路华润深圳湾悦府2期2栋,113.945716,22.516296
南山后海,广东,深圳市,南山区,融家广场家私楼本,广东深圳市南山区融家广场家私楼本,广东深圳市南山区融家广场家私楼本,113.933539,22.515557
南山后海,广东,深圳市,南山区,粤海街道 保利城花园,广东深圳市南山区粤海街道 保利城花园,广东深圳市南山区粤海街道 保利城花园,113.928406,22.515901
南山后海,广东,深圳市,南山区,蔚蓝海岸二期二栋,广东深圳市南山区蔚蓝海岸二期二栋,广东深圳市南山区蔚蓝海岸二期二栋,113.936772,22.508816
南山后海,广东,深圳市,南山区,南山区粤海街道海珠社区文心五路33号海岸城广场422,广东深圳市南山区粤海街道海珠社区文心五路33号海岸城广场422,广东深圳市南山区粤海街道海珠社区文心五路33号海岸城广场422,113.935767,22.51685
南山后海,广东,深圳市,南山区,粤海街道登良路中铁大厦南门中国建筑第五工程局生活区,广东深圳市南山区粤海街道登良路中铁大厦南门中国建筑第五工程局生活区,广东深圳市南山区粤海街道登良路中铁大厦南门中国建筑第五工程局生活区,113.940789,22.511083
南山后海,广东,深圳市,南山区,喜之郎大厦,广东深圳市南山区喜之郎大厦,广东深圳市南山区喜之郎大厦,113.940767,22.508241
南山后海,广东,深圳市,南山区,粤海社区南粤明珠小区B栋楼F,广东深圳市南山区粤海社区南粤明珠小区B栋楼F,广东深圳市南山区粤海社区南粤明珠小区B栋楼F,113.927716,22.512745
南山后海,广东,深圳市,南山区,海岸城东座2303B,广东深圳市南山区海岸城东座2303B,广东深圳市南山区海岸城东座2303B,113.923154,22.506107
南山后海,广东,深圳市,南山区,海德一道恒裕深圳湾b栋,广东深圳市南山区海德一道恒裕深圳湾b栋,广东深圳市南山区海德一道恒裕深圳湾b栋,113.941077,22.514303
南山后海,广东,深圳市,南山区,粤海街道广东省深圳市南山区后海大道2008号,广东深圳市南山区粤海街道广东省深圳市南山区后海大道2008号,广东深圳市南山区粤海街道广东省深圳市南山区后海大道2008号,113.932623,22.506634
南山后海,广东,深圳市,南山区,粤海街道海岸明珠F,广东深圳市南山区粤海街道海岸明珠F,广东深圳市南山区粤海街道海岸明珠F,113.931814,22.515872
南山后海,广东,深圳市,南山区,后海登良路蔚蓝海岸2期23栋,广东深圳市南山区后海登良路蔚蓝海岸2期23栋,广东深圳市南山区后海登良路蔚蓝海岸2期23栋,113.936772,22.508816
南山后海,广东,深圳市,南山区,金钟大厦,广东深圳市南山区金钟大厦,广东深圳市南山区金钟大厦,113.928886,22.517873
南山后海,广东,深圳市,南山区,粤海街道蔚蓝海岸一期11栋,广东深圳市南山区粤海街道蔚蓝海岸一期11栋,广东深圳市南山区粤海街道蔚蓝海岸一期11栋,113.935015,22.506334
南山后海,广东,深圳市,南山区,蔚蓝海岸2期18栋,广东深圳市南山区蔚蓝海岸2期18栋,广东深圳市南山区蔚蓝海岸2期18栋,113.935606,22.509732
南山后海,广东,深圳市,南山区,粤海街道海德一道佳嘉豪苑D,广东深圳市南山区粤海街道海德一道佳嘉豪苑D,广东深圳市南山区粤海街道海德一道佳嘉豪苑D,113.930696,22.51633
南山后海,广东,深圳市,南山区,保利大厦楼采妮舞蹈艺术空间～,广东深圳市南山区保利大厦楼采妮舞蹈艺术空间,广东深圳市南山区保利大厦楼采妮舞蹈艺术空间,113.927804,22.515439
南山后海,广东,深圳市,南山区,粤海街道中心路兰香一街2号海王星辰大厦,广东深圳市南山区粤海街道中心路兰香一街2号海王星辰大厦,广东深圳市南山区粤海街道中心路兰香一街2号海王星辰大厦,113.939953,22.506692
南山后海,广东,深圳市,南山区,粤海街道蔚蓝海岸一期6栋,广东深圳市南山区粤海街道蔚蓝海岸一期6栋,广东深圳市南山区粤海街道蔚蓝海岸一期6栋,113.934304,22.506605
南山后海,广东,深圳市,南山区,粤海街道海德一道中建五局腾创未来项目主体工程北门对面,广东深圳市南山区粤海街道海德一道中建五局腾创未来项目主体工程北门对面,广东深圳市南山区粤海街道海德一道中建五局腾创未来项目主体工程北门对面,113.943263,22.513722
南山后海,广东,深圳市,南山区,粤海街道海德三道漾日湾畔3栋,广东深圳市南山区粤海街道海德三道漾日湾畔3栋,广东深圳市南山区粤海街道海德三道漾日湾畔3栋,113.938495,22.519813
南山后海,广东,深圳市,南山区,南山区粤海街道环北路华润深圳湾瑞府,广东深圳市南山区粤海街道环北路华润深圳湾瑞府,广东深圳市南山区粤海街道环北路华润深圳湾瑞府,113.945791,22.516544
南山后海,广东,深圳市,南山区,粤海街道海德三道36号滨海之窗4N,广东深圳市南山区粤海街道海德三道36号滨海之窗4N,广东深圳市南山区粤海街道海德三道36号滨海之窗4N,113.936274,22.519827
南山后海,广东,深圳市,南山区,粤海街道后海路名仕花园1-106请送放在院子里,广东深圳市南山区粤海街道后海路名仕花园1-106,广东深圳市南山区粤海街道后海路名仕花园1-106,113.930484,22.509752
南山后海,广东,深圳市,南山区,粤海街道文心三路海岸城购物中心楼-1铺TREVOR SORBIE 英国特,广东深圳市南山区粤海街道文心三路海岸城购物中心楼-1铺TREVOR SORBIE 英国特,广东深圳市南山区粤海街道文心三路海岸城购物中心楼-1铺TREVOR SORBIE 英国特,113.935767,22.51685
南山后海,广东,深圳市,南山区,海德三道天利名城B座,广东深圳市南山区海德三道天利名城B座,广东深圳市南山区海德三道天利名城B座,113.935073,22.518335
南山后海,广东,深圳市,南山区,粤海街道创业路海珠城海晖阁8E,广东深圳市南山区粤海街道创业路海珠城海晖阁8E,广东深圳市南山区粤海街道创业路海珠城海晖阁8E,113.931205,22.515342
南山后海,广东,深圳市,南山区,滨海大道3099号悦府一期一栋一单元,广东深圳市南山区滨海大道3099号悦府一期一栋一单元,广东深圳市南山区滨海大道3099号悦府一期一栋一单元,113.946225,22.519435
南山后海,广东,深圳市,南山区,蛇口街道湾厦社区湾厦旧村8巷1号B栋,广东深圳市南山区蛇口街道湾厦社区湾厦旧村8巷1号B栋,广东深圳市南山区蛇口街道湾厦社区湾厦旧村8巷1号B栋,113.931052,22.492458
南山后海,广东,深圳市,南山区,粤海街道广东省深圳市南山区蔚蓝海岸一期三栋,广东深圳市南山区粤海街道广东省深圳市南山区蔚蓝海岸一期三栋,广东深圳市南山区粤海街道广东省深圳市南山区蔚蓝海岸一期三栋,113.934421,22.506984
南山后海,广东,深圳市,南山区,登良路蔚蓝海岸3期30栋,广东深圳市南山区登良路蔚蓝海岸3期30栋,广东深圳市南山区登良路蔚蓝海岸3期30栋,113.936759,22.510263
南山后海,广东,深圳市,南山区,粤海街道登良路7号蔚蓝海岸2期7栋,广东深圳市南山区粤海街道登良路7号蔚蓝海岸2期7栋,广东深圳市南山区粤海街道登良路7号蔚蓝海岸2期7栋,113.934435,22.509625
南山后海,广东,深圳市,南山区,后海路与海德三路交汇处天利中央广场F3,广东深圳市南山区后海路与海德三路交汇处天利中央广场F3,广东深圳市南山区后海路与海德三路交汇处天利中央广场F3,113.934276,22.518772
南山后海,广东,深圳市,南山区,后海大道2320号电力花园一期一栋一单元,广东深圳市南山区后海大道2320号电力花园一期一栋一单元,广东深圳市南山区后海大道2320号电力花园一期一栋一单元,113.93502,22.513918
南山后海,广东,深圳市,南山区,海德二道258号茂业百货楼,广东深圳市南山区海德二道258号茂业百货楼,广东深圳市南山区海德二道258号茂业百货楼,113.930393,22.51958
南山后海,广东,深圳市,南山区,天利中央商务广场C座,广东深圳市南山区天利中央商务广场C座,广东深圳市南山区天利中央商务广场C座,113.935534,22.518444
南山后海,广东,深圳市,南山区,粤海街道登良路名仕花园13栋,广东深圳市南山区粤海街道登良路名仕花园13栋,广东深圳市南山区粤海街道登良路名仕花园13栋,113.936324,22.51003
南山后海,广东,深圳市,南山区,粤海街道科苑南路华润深圳湾悦府2期2栋,广东深圳市南山区粤海街道科苑南路华润深圳湾悦府2期2栋,广东深圳市南山区粤海街道科苑南路华润深圳湾悦府2期2栋,113.945716,22.516296
南山后海,广东,深圳市,南山区,粤海街道蔚蓝海岸三期30栋《,广东深圳市南山区粤海街道蔚蓝海岸三期30栋,广东深圳市南山区粤海街道蔚蓝海岸三期30栋,113.936641,22.5104
南山后海,广东,深圳市,南山区,滨海大道3099号柏宁花园一栋,广东深圳市南山区滨海大道3099号柏宁花园一栋,广东深圳市南山区滨海大道3099号柏宁花园一栋,113.947051,22.519984
南山后海,广东,深圳市,南山区,恒裕深圳湾C座,广东深圳市南山区恒裕深圳湾C座,广东深圳市南山区恒裕深圳湾C座,113.940272,22.514078
南山后海,广东,深圳市,南山区,登良路蔚蓝海岸二期13栋C,广东深圳市南山区登良路蔚蓝海岸二期13栋C,广东深圳市南山区登良路蔚蓝海岸二期13栋C,113.936772,22.508816
南山后海,广东,深圳市,南山区,后海滨路3168号中海油大厦A座F层中国银行中海油大厦支行楼号柜,广东深圳市南山区后海滨路3168号中海油大厦A座F层中国银行中海油大厦支行楼号柜,广东深圳市南山区后海滨路3168号中海油大厦A座F层中国银行中海油大厦支行楼号柜,113.939333,22.512654
南山后海,广东,深圳市,南山区,粤海街道文心五路85号闽泰大厦B区楼瑞联店,广东深圳市南山区粤海街道文心五路85号闽泰大厦B区楼瑞联店,广东深圳市南山区粤海街道文心五路85号闽泰大厦B区楼瑞联店,113.937156,22.520532
南山后海,广东,深圳市,南山区,恒裕深圳湾B栋,广东深圳市南山区恒裕深圳湾B栋,广东深圳市南山区恒裕深圳湾B栋,113.941077,22.514303
南山后海,广东,深圳市,南山区,深圳市南山区海德三道195号天利名城C座,广东深圳市南山区深圳市南山区海德三道195号天利名城C座,广东深圳市南山区深圳市南山区海德三道195号天利名城C座,113.93571,22.518401
南山后海,广东,深圳市,南山区,蔚蓝海岸三期36栋D,广东深圳市南山区蔚蓝海岸三期36栋D,广东深圳市南山区蔚蓝海岸三期36栋D,113.937114,22.51169
南山后海,广东,深圳市,南山区,粤海街道华润深圳湾悦府1期2栋,广东深圳市南山区粤海街道华润深圳湾悦府1期2栋,广东深圳市南山区粤海街道华润深圳湾悦府1期2栋,113.946527,22.519576
南山后海,广东,深圳市,南山区,广东省深圳市南山区粤海街道海德三道天利中央广场A座楼湫橡泰式按摩spa,广东深圳市南山区广东省深圳市南山区粤海街道海德三道天利中央广场A座楼湫橡泰式按摩spa,广东深圳市南山区广东省深圳市南山区粤海街道海德三道天利中央广场A座楼湫橡泰式按摩spa,113.93379,22.518371
南山后海,广东,深圳市,南山区,名仕花园3栋,广东深圳市南山区名仕花园3栋,广东深圳市南山区名仕花园3栋,113.912396,22.556996
南山后海,广东,深圳市,南山区,粤海街道海德三道195号天利中央商务广场二期B座,广东深圳市南山区粤海街道海德三道195号天利中央商务广场二期B座,广东深圳市南山区粤海街道海德三道195号天利中央商务广场二期B座,113.933875,22.518599
南山后海,广东,深圳市,南山区,粤海街道后海大道名仕花园1栋乔黄85g,广东深圳市南山区粤海街道后海大道名仕花园1栋乔黄85g,广东深圳市南山区粤海街道后海大道名仕花园1栋乔黄85g,113.932393,22.512566
南山后海,广东,深圳市,南山区,南海大道2714-6号南山区保利城花园乐杜鹃艺术酒店,广东深圳市南山区南海大道2714-6号南山区保利城花园乐杜鹃艺术酒店,广东深圳市南山区南海大道2714-6号南山区保利城花园乐杜鹃艺术酒店,113.928254,22.516219
南山后海,广东,深圳市,南山区,粤海街道五矿金融大厦楼,广东深圳市南山区粤海街道五矿金融大厦楼,广东深圳市南山区粤海街道五矿金融大厦楼,113.942321,22.520551
南山后海,广东,深圳市,南山区,粤海街道深圳湾公馆38A娜,广东深圳市南山区粤海街道深圳湾公馆38A娜,广东深圳市南山区粤海街道深圳湾公馆38A娜,113.932756,22.506802
南山后海,广东,深圳市,南山区,粤海街道滨海之窗花园7栋,广东深圳市南山区粤海街道滨海之窗花园7栋,广东深圳市南山区粤海街道滨海之窗花园7栋,113.935603,22.520412
南山后海,广东,深圳市,南山区,粤海街道海德一道223号海岸明珠E座,广东深圳市南山区粤海街道海德一道223号海岸明珠E座,广东深圳市南山区粤海街道海德一道223号海岸明珠E座,113.931877,22.516341
南山后海,广东,深圳市,南山区,后海天海花园1,广东深圳市南山区后海天海花园1,广东深圳市南山区后海天海花园1,113.934356,22.512593
南山后海,广东,深圳市,南山区,粤海街道海德三道漾日湾畔4栋A不,广东深圳市南山区粤海街道海德三道漾日湾畔4栋A不,广东深圳市南山区粤海街道海德三道漾日湾畔4栋A不,113.938794,22.519869
南山后海,广东,深圳市,南山区,南山区粤海街道后海大道华明路蔚蓝海岸一期8栋,广东深圳市南山区粤海街道后海大道华明路蔚蓝海岸一期8栋,广东深圳市南山区粤海街道后海大道华明路蔚蓝海岸一期8栋,113.934998,22.507567
南山后海,广东,深圳市,南山区,登良路8-4号蔚蓝海岸3期29栋,广东深圳市南山区登良路8-4号蔚蓝海岸3期29栋,广东深圳市南山区登良路8-4号蔚蓝海岸3期29栋,113.935834,22.51016
南山后海,广东,深圳市,南山区,后海滨路3216号恒裕深圳湾C栋,广东深圳市南山区后海滨路3216号恒裕深圳湾C栋,广东深圳市南山区后海滨路3216号恒裕深圳湾C栋,113.940503,22.513586
南山后海,广东,深圳市,南山区,海德三道天利中央广场c座外卖柜,广东深圳市南山区海德三道天利中央广场c座外卖柜,广东深圳市南山区海德三道天利中央广场c座外卖柜,113.935344,22.518351
南山后海,广东,深圳市,南山区,海岸大厦东座A区1706CIris,广东深圳市南山区海岸大厦东座A区1706CIris,广东深圳市南山区海岸大厦东座A区1706CIris,113.923154,22.506107
南山后海,广东,深圳市,南山区,海印长城一期2栋,广东深圳市南山区海印长城一期2栋,广东深圳市南山区海印长城一期2栋,113.931397,22.517484
南山后海,广东,深圳市,南山区,海德二道茂业百货楼添柏岚专柜,广东深圳市南山区海德二道茂业百货楼添柏岚专柜,广东深圳市南山区海德二道茂业百货楼添柏岚专柜,113.930719,22.518781
南山后海,广东,深圳市,南山区,南山区粤海街道南山区海德一道223号佳嘉豪苑D栋,广东深圳市南山区粤海街道南山区海德一道223号佳嘉豪苑D栋,广东深圳市南山区粤海街道南山区海德一道223号佳嘉豪苑D栋,113.931258,22.51634
南山后海,广东,深圳市,南山区,粤海街道后海大道文德福花园5栋,广东深圳市南山区粤海街道后海大道文德福花园5栋,广东深圳市南山区粤海街道后海大道文德福花园5栋,113.932782,22.506349
南山后海,广东,深圳市,南山区,南山粤海街道铂尔登酒店,广东深圳市南山区南山粤海街道铂尔登酒店,广东深圳市南山区南山粤海街道铂尔登酒店,113.930452,22.516276
南山后海,广东,深圳市,南山区,茂业百货楼,广东深圳市南山区茂业百货楼,广东深圳市南山区茂业百货楼,113.930478,22.533191
南山后海,广东,深圳市,南山区,南山茂业楼JNBY,广东深圳市南山区南山茂业楼JNBY,广东深圳市南山区南山茂业楼JNBY,113.930478,22.533191
南山后海,广东,深圳市,南山区,海岸城文心三路中洲控股b座,广东深圳市南山区海岸城文心三路中洲控股b座,广东深圳市南山区海岸城文心三路中洲控股b座,113.934492,22.517113
南山后海,广东,深圳市,南山区,蔚蓝海岸二期16,广东深圳市南山区蔚蓝海岸二期16,广东深圳市南山区蔚蓝海岸二期16,113.934904,22.509713
南山后海,广东,深圳市,南山区,粤海街道海德一道200号海印长城一期四栋,广东深圳市南山区粤海街道海德一道200号海印长城一期四栋,广东深圳市南山区粤海街道海德一道200号海印长城一期四栋,113.93154,22.51805
南山后海,广东,深圳市,南山区,粤海街华润深圳湾悦府2期2栋Bmiumiu,广东深圳市南山区粤海街华润深圳湾悦府2期2栋Bmiumiu,广东深圳市南山区粤海街华润深圳湾悦府2期2栋Bmiumiu,113.946225,22.519435
南山后海,广东,深圳市,南山区,粤海街道海德一道与科苑南路交叉口西60米万象,广东深圳市南山区粤海街道海德一道与科苑南路交叉口西60米万象,广东深圳市南山区粤海街道海德一道与科苑南路交叉口西60米万象,113.944686,22.513839
南山后海,广东,深圳市,南山区,粤海街道科苑南路2600号华润深圳湾瑞府,广东深圳市南山区粤海街道科苑南路2600号华润深圳湾瑞府,广东深圳市南山区粤海街道科苑南路2600号华润深圳湾瑞府,113.945791,22.516544
南山后海,广东,深圳市,南山区,海德三道76号法国,广东深圳市南山区海德三道76号法国,广东深圳市南山区海德三道76号法国,113.934526,22.519806
南山后海,广东,深圳市,南山区,海德三路海岸城西座,广东深圳市南山区海德三路海岸城西座,广东深圳市南山区海德三路海岸城西座,113.936428,22.518132
南山后海,广东,深圳市,南山区,蔚蓝海岸二期23栋,广东深圳市南山区蔚蓝海岸二期23栋,广东深圳市南山区蔚蓝海岸二期23栋,113.936732,22.508483
南山后海,广东,深圳市,南山区,创业路粤海街道海珠城海晖阁,广东深圳市南山区创业路粤海街道海珠城海晖阁,广东深圳市南山区创业路粤海街道海珠城海晖阁,113.931205,22.515342
南山后海,广东,深圳市,南山区,观海台c3,广东深圳市南山区观海台c3,广东深圳市南山区观海台c3,113.938066,22.515113
南山后海,广东,深圳市,南山区,茂业时代广场楼jnby,广东深圳市南山区茂业时代广场楼,广东深圳市南山区茂业时代广场楼,113.93042,22.519853
南山后海,广东,深圳市,南山区,海德四道漾日湾畔3栋,广东深圳市南山区海德四道漾日湾畔3栋,广东深圳市南山区海德四道漾日湾畔3栋,113.938495,22.519813
南山后海,广东,深圳市,南山区,粤海街道文心二路88号美墅蓝山家园C栋,广东深圳市南山区粤海街道文心二路88号美墅蓝山家园C栋,广东深圳市南山区粤海街道文心二路88号美墅蓝山家园C栋,113.93162,22.521044
南山后海,广东,深圳市,南山区,海德三道1255号深圳工商银行大厦,广东深圳市南山区海德三道1255号深圳工商银行大厦,广东深圳市南山区海德三道1255号深圳工商银行大厦,113.942937,22.518991
南山后海,广东,深圳市,南山区,粤海街道天利中央广场A座苏宁易购楼店长办公室,广东深圳市南山区粤海街道天利中央广场A座苏宁易购楼店长办公室,广东深圳市南山区粤海街道天利中央广场A座苏宁易购楼店长办公室,113.934029,22.518528
南山后海,广东,深圳市,南山区,粤海街道后海滨路3368号鹏润达商业广场西座写字楼,广东深圳市南山区粤海街道后海滨路3368号鹏润达商业广场西座写字楼,广东深圳市南山区粤海街道后海滨路3368号鹏润达商业广场西座写字楼,113.941913,22.517961
南山后海,广东,深圳市,南山区,海德三道航天科技广场B座楼,广东深圳市南山区海德三道航天科技广场B座楼,广东深圳市南山区海德三道航天科技广场B座楼,113.942081,22.519205
南山后海,广东,深圳市,南山区,粤海街道华明路1号蔚蓝海岸2期27号楼c门口就行),广东深圳市南山区粤海街道华明路1号蔚蓝海岸2期27号楼c,广东深圳市南山区粤海街道华明路1号蔚蓝海岸2期27号楼c,113.930299,22.507553
南山后海,广东,深圳市,南山区,海岸城浪琴屿小区19栋,广东深圳市南山区海岸城浪琴屿小区19栋,广东深圳市南山区海岸城浪琴屿小区19栋,113.935494,22.513827
南山后海,广东,深圳市,南山区,海德一道113号学,广东深圳市南山区海德一道113号学,广东深圳市南山区海德一道113号学,113.935052,22.515633
南山后海,广东,深圳市,南山区,后海大道2002号文德福花园1栋五单元楼,广东深圳市南山区后海大道2002号文德福花园1栋五单元楼,广东深圳市南山区后海大道2002号文德福花园1栋五单元楼,113.932932,22.505368
南山后海,广东,深圳市,南山区,粤海街道文心五路33号海岸城购物中心层Missshow,广东深圳市南山区粤海街道文心五路33号海岸城购物中心层Missshow,广东深圳市南山区粤海街道文心五路33号海岸城购物中心层Missshow,113.935008,22.517054
南山后海,广东,深圳市,南山区,南海大道2706号保利大厦,广东深圳市南山区南海大道2706号保利大厦,广东深圳市南山区南海大道2706号保利大厦,113.927804,22.515439
南山后海,广东,深圳市,南山区,凯宾斯基群海珠楼楼沉香馆,广东深圳市南山区凯宾斯基群海珠楼楼沉香馆,广东深圳市南山区凯宾斯基群海珠楼楼沉香馆,113.930478,22.533191
南山后海,广东,深圳市,南山区,南山区海德三道滨海之窗1A栋室广东省深圳市南山区海德三道滨海之窗1A栋,广东深圳市南山区海德三道滨海之窗1A栋室广东省深圳市南山区海德三道滨海之窗1A栋,广东深圳市南山区海德三道滨海之窗1A栋室广东省深圳市南山区海德三道滨海之窗1A栋,113.937216,22.520197
南山后海,广东,深圳市,南山区,恒裕深圳湾c栋,广东深圳市南山区恒裕深圳湾c栋,广东深圳市南山区恒裕深圳湾c栋,113.940503,22.513586
南山后海,广东,深圳市,南山区,蔚蓝海岸三期37—19E,广东深圳市南山区蔚蓝海岸三期37—19E,广东深圳市南山区蔚蓝海岸三期37—19E,113.936549,22.512321
南山后海,广东,深圳市,南山区,后海大道蔚蓝海岸一期6栋,广东深圳市南山区后海大道蔚蓝海岸一期6栋,广东深圳市南山区后海大道蔚蓝海岸一期6栋,113.934304,22.506605
南山后海,广东,深圳市,南山区,南山区粤海街道创业路浪琴屿一栋,广东深圳市南山区粤海街道创业路浪琴屿一栋,广东深圳市南山区粤海街道创业路浪琴屿一栋,113.935244,22.514061
南山后海,广东,深圳市,南山区,粤海街道华润金融大厦门口,广东深圳市南山区粤海街道华润金融大厦门口,广东深圳市南山区粤海街道华润金融大厦门口,113.945625,22.515336
南山后海,广东,深圳市,南山区,粤海街道文心五路33号海岸城广场楼江南厨子,广东深圳市南山区粤海街道文心五路33号海岸城广场楼江南厨子,广东深圳市南山区粤海街道文心五路33号海岸城广场楼江南厨子,113.935767,22.51685
南山后海,广东,深圳市,南山区,南山区粤海街道科苑路柏宁花园二栋一单元,广东深圳市南山区粤海街道科苑路柏宁花园二栋一单元,广东深圳市南山区粤海街道科苑路柏宁花园二栋一单元,113.947051,22.519984
南山后海,广东,深圳市,南山区,粤海街道创业路保利城花园2A,广东深圳市南山区粤海街道创业路保利城花园2A,广东深圳市南山区粤海街道创业路保利城花园2A,113.928406,22.515901
南山后海,广东,深圳市,南山区,粤海街道海岸大厦东座楼号兔兔修脚吧,广东深圳市南山区粤海街道海岸大厦东座楼号兔兔修脚吧,广东深圳市南山区粤海街道海岸大厦东座楼号兔兔修脚吧,113.926823,22.510454
南山后海,广东,深圳市,南山区,粤海街道海德三道滨海之窗2H栋,广东深圳市南山区粤海街道海德三道滨海之窗2H栋,广东深圳市南山区粤海街道海德三道滨海之窗2H栋,113.935609,22.519899
南山后海,广东,深圳市,南山区,粤海街道文心六路保利文化广场A区楼大渔,广东深圳市南山区粤海街道文心六路保利文化广场A区楼大渔,广东深圳市南山区粤海街道文心六路保利文化广场A区楼大渔,113.939023,22.517164
南山后海,广东,深圳市,南山区,登良路蔚蓝海岸一期6,广东深圳市南山区登良路蔚蓝海岸一期6,广东深圳市南山区登良路蔚蓝海岸一期6,113.935064,22.506734
南山后海,广东,深圳市,南山区,深圳湾公馆,广东深圳市南山区深圳湾公馆,广东深圳市南山区深圳湾公馆,113.932756,22.506802
南山后海,广东,深圳市,南山区,粤海街道华润柏瑞花园2栋前台,广东深圳市南山区粤海街道华润柏瑞花园2栋前台,广东深圳市南山区粤海街道华润柏瑞花园2栋前台,113.945984,22.516495
南山后海,广东,深圳市,南山区,恒裕深圳湾C栋,广东深圳市南山区恒裕深圳湾C栋,广东深圳市南山区恒裕深圳湾C栋,113.940503,22.513586
南山后海,广东,深圳市,南山区,文心二路天悦园A座2101,广东深圳市南山区文心二路天悦园A座2101,广东深圳市南山区文心二路天悦园A座2101,113.92955,22.516938
南山后海,广东,深圳市,南山区,粤海街道创业路观海台花园C栋,广东深圳市南山区粤海街道创业路观海台花园C栋,广东深圳市南山区粤海街道创业路观海台花园C栋,113.937681,22.514616
南山后海,广东,深圳市,南山区,粤海街道粤琴路28号瑞铧苑苑2栋,广东深圳市南山区粤海街道粤琴路28号瑞铧苑苑2栋,广东深圳市南山区粤海街道粤琴路28号瑞铧苑苑2栋,113.932723,22.512355
南山后海,广东,深圳市,南山区,登良路2008-3号蔚蓝鲜生精品超市,广东深圳市南山区登良路2008-3号蔚蓝鲜生精品超市,广东深圳市南山区登良路2008-3号蔚蓝鲜生精品超市,113.936992,22.510376
南山后海,广东,深圳市,南山区,海德三道城市印象3B,广东深圳市南山区海德三道城市印象3B,广东深圳市南山区海德三道城市印象3B,113.932531,22.520936
南山后海,广东,深圳市,南山区,粤海街道后海海印长城二期13栋负楼的货架上,广东深圳市南山区粤海街道后海海印长城二期13栋,广东深圳市南山区粤海街道后海海印长城二期13栋,113.93184,22.519274
南山后海,广东,深圳市,南山区,粤海街道兰桂三路腾创未来项目办公区,广东深圳市南山区粤海街道兰桂三路腾创未来项目办公区,广东深圳市南山区粤海街道兰桂三路腾创未来项目办公区,113.925877,22.512483
南山后海,广东,深圳市,南山区,南山区粤海街道后海大道海印长城小区一期5栋,广东深圳市南山区粤海街道后海大道海印长城小区一期5栋,广东深圳市南山区粤海街道后海大道海印长城小区一期5栋,113.938033,22.516579
南山后海,广东,深圳市,南山区,广东省深圳市南山区文心二路海印长城二期14栋,广东深圳市南山区广东省深圳市南山区文心二路海印长城二期14栋,广东深圳市南山区广东省深圳市南山区文心二路海印长城二期14栋,113.93184,22.519274
南山后海,广东,深圳市,南山区,粤海街道创业路东观海台花园1栋单元,广东深圳市南山区粤海街道创业路东观海台花园1栋单元,广东深圳市南山区粤海街道创业路东观海台花园1栋单元,113.937681,22.514616
南山后海,广东,深圳市,南山区,后海大道文德福花园1栋,广东深圳市南山区后海大道文德福花园1栋,广东深圳市南山区后海大道文德福花园1栋,113.932932,22.505368
南山后海,广东,深圳市,南山区,后海大道文德福花园4栋单元,广东深圳市南山区后海大道文德福花园4栋单元,广东深圳市南山区后海大道文德福花园4栋单元,113.933221,22.506152
南山后海,广东,深圳市,南山区,恒裕深圳D栋室尼古,广东深圳市南山区恒裕深圳D栋室尼古,广东深圳市南山区恒裕深圳D栋室尼古,113.930478,22.533191
南山后海,广东,深圳市,南山区,南山区粤海街道城市印象3B,广东深圳市南山区粤海街道城市印象3B,广东深圳市南山区粤海街道城市印象3B,113.932531,22.520936
南山后海,广东,深圳市,南山区,深圳市南山区保利文化广场保利剧院3号门,广东深圳市南山区深圳市南山区保利文化广场保利剧院3号门,广东深圳市南山区深圳市南山区保利文化广场保利剧院3号门,113.93888,22.516018
南山后海,广东,深圳市,南山区,后海路海印长城一期4栋,广东深圳市南山区后海路海印长城一期4栋,广东深圳市南山区后海路海印长城一期4栋,113.931397,22.517484
南山后海,广东,深圳市,南山区,粤海街道逸景一路与逸湖二街交叉口乐信中建八局项目部,广东深圳市南山区粤海街道逸景一路与逸湖二街交叉口乐信中建八局项目部,广东深圳市南山区粤海街道逸景一路与逸湖二街交叉口乐信中建八局项目部,113.945472,22.515513
南山后海,广东,深圳市,南山区,粤海街道后海大道深圳湾公馆,广东深圳市南山区粤海街道后海大道深圳湾公馆,广东深圳市南山区粤海街道后海大道深圳湾公馆,113.932756,22.506802
南山后海,广东,深圳市,南山区,粤海街道粤海街道文心二路美墅蓝山家园E,广东深圳市南山区粤海街道粤海街道文心二路美墅蓝山家园E,广东深圳市南山区粤海街道粤海街道文心二路美墅蓝山家园E,113.931739,22.520776
南山后海,广东,深圳市,南山区,育德佳园8栋A座,广东深圳市南山区育德佳园8栋A座,广东深圳市南山区育德佳园8栋A座,113.924164,22.488255
南山后海,广东,深圳市,南山区,粤海街道深圳人才公园群英荟深爱人才馆,广东深圳市南山区粤海街道深圳人才公园群英荟深爱人才馆,广东深圳市南山区粤海街道深圳人才公园群英荟深爱人才馆,113.945957,22.506577
南山后海,广东,深圳市,南山区,粤海街道漾日湾畔4栋,广东深圳市南山区粤海街道漾日湾畔4栋,广东深圳市南山区粤海街道漾日湾畔4栋,113.938794,22.519869
南山后海,广东,深圳市,南山区,登良路蔚蓝海岸二期20栋,广东深圳市南山区登良路蔚蓝海岸二期20栋,广东深圳市南山区登良路蔚蓝海岸二期20栋,113.936612,22.506786
南山后海,广东,深圳市,南山区,粤海街道龙城路天海花园6栋三单元,广东深圳市南山区粤海街道龙城路天海花园6栋三单元,广东深圳市南山区粤海街道龙城路天海花园6栋三单元,113.934665,22.513154
南山后海,广东,深圳市,南山区,南山区粤海街道南海大道保利城花园4B,广东深圳市南山区粤海街道南海大道保利城花园4B,广东深圳市南山区粤海街道南海大道保利城花园4B,113.928823,22.51623
南山后海,广东,深圳市,南山区,粤海街道南山京东MALL楼万和专柜,广东深圳市南山区粤海街道南山京东MALL楼万和专柜,广东深圳市南山区粤海街道南山京东MALL楼万和专柜,113.930543,22.549373
南山后海,广东,深圳市,南山区,粤海街道美墅蓝山家园B栋,广东深圳市南山区粤海街道美墅蓝山家园B栋,广东深圳市南山区粤海街道美墅蓝山家园B栋,113.931739,22.520776
南山后海,广东,深圳市,南山区,海岸城东座,广东深圳市南山区海岸城东座,广东深圳市南山区海岸城东座,113.923154,22.506107
南山后海,广东,深圳市,南山区,海德三道天利中央商务广场A座楼,广东深圳市南山区海德三道天利中央商务广场A座楼,广东深圳市南山区海德三道天利中央商务广场A座楼,113.934029,22.518528
南山后海,广东,深圳市,南山区,南山区粤海街道阳光金融大厦快递柜,广东深圳市南山区粤海街道阳光金融大厦快递柜,广东深圳市南山区粤海街道阳光金融大厦快递柜,113.943435,22.52004
南山后海,广东,深圳市,南山区,粤海街道后海滨路蔚蓝海岸3期32栋,广东深圳市南山区粤海街道后海滨路蔚蓝海岸3期32栋,广东深圳市南山区粤海街道后海滨路蔚蓝海岸3期32栋,113.927107,22.507493
南山后海,广东,深圳市,南山区,科苑南路2888号华润金融大厦楼华润保,广东深圳市南山区科苑南路2888号华润金融大厦楼华润保,广东深圳市南山区科苑南路2888号华润金融大厦楼华润保,113.945625,22.515336
南山后海,广东,深圳市,南山区,海德一道200号海印长城1期一栋,广东深圳市南山区海德一道200号海印长城1期一栋,广东深圳市南山区海德一道200号海印长城1期一栋,113.930393,22.517333
南山后海,广东,深圳市,南山区,粤海街道名仕花园七栋鲜榨桂,广东深圳市南山区粤海街道名仕花园七栋鲜榨桂,广东深圳市南山区粤海街道名仕花园七栋鲜榨桂,113.944859,22.528137
南山后海,广东,深圳市,南山区,海德二路南茂业百货楼百,广东深圳市南山区海德二路南茂业百货楼百,广东深圳市南山区海德二路南茂业百货楼百,113.930719,22.518781
南山后海,广东,深圳市,南山区,海德三道文心二路海印长城二期10栋B灿,广东深圳市南山区海德三道文心二路海印长城二期10栋B,广东深圳市南山区海德三道文心二路海印长城二期10栋B,113.93184,22.519274
南山后海,广东,深圳市,南山区,登良路中海油大厦斜对面乐信中建八局项目部,广东深圳市南山区登良路中海油大厦斜对面乐信中建八局项目部,广东深圳市南山区登良路中海油大厦斜对面乐信中建八局项目部,113.936324,22.51003
南山后海,广东,深圳市,南山区,粤海街道后海大道与海德一道交汇处中洲控股金融中心a座楼,广东深圳市南山区粤海街道后海大道与海德一道交汇处中洲控股金融中心a座楼,广东深圳市南山区粤海街道后海大道与海德一道交汇处中洲控股金融中心a座楼,113.924164,22.488255
南山后海,广东,深圳市,南山区,海印长城二期14,广东深圳市南山区海印长城二期14,广东深圳市南山区海印长城二期14,113.93184,22.519274
南山后海,广东,深圳市,南山区,粤海街道登良路8号蔚蓝海岸3期29栋,广东深圳市南山区粤海街道登良路8号蔚蓝海岸3期29栋,广东深圳市南山区粤海街道登良路8号蔚蓝海岸3期29栋,113.935834,22.51016
南山后海,广东,深圳市,南山区,粤海街道海印长城二期13,广东深圳市南山区粤海街道海印长城二期13,广东深圳市南山区粤海街道海印长城二期13,113.93184,22.519274
南山后海,广东,深圳市,南山区,粤海街道海珠城海虹阁,广东深圳市南山区粤海街道海珠城海虹阁,广东深圳市南山区粤海街道海珠城海虹阁,113.930642,22.51536
南山后海,广东,深圳市,南山区,文心五路观海台A栋,广东深圳市南山区文心五路观海台A栋,广东深圳市南山区文心五路观海台A栋,113.936844,22.515179
南山后海,广东,深圳市,南山区,粤海街道阿里中心T2小邮局,广东深圳市南山区粤海街道阿里中心T2小邮局,广东深圳市南山区粤海街道阿里中心T2小邮局,113.942249,22.509823
南山后海,广东,深圳市,南山区,蔚蓝海岸26栋,广东深圳市南山区蔚蓝海岸26栋,广东深圳市南山区蔚蓝海岸26栋,113.936744,22.509709
南山后海,广东,深圳市,南山区,粤海街道深圳市南山区后海滨路3168号中海油大厦A,广东深圳市南山区粤海街道深圳市南山区后海滨路3168号中海油大厦A,广东深圳市南山区粤海街道深圳市南山区后海滨路3168号中海油大厦A,113.93892,22.512092
南山后海,广东,深圳市,南山区,文心一路金钟大厦,广东深圳市南山区文心一路金钟大厦,广东深圳市南山区文心一路金钟大厦,113.928886,22.517873
南山后海,广东,深圳市,南山区,南山区粤海街道滨海大道3099号华润悦府一栋,广东深圳市南山区粤海街道滨海大道3099号华润悦府一栋,广东深圳市南山区粤海街道滨海大道3099号华润悦府一栋,113.946225,22.519435
南山后海,广东,深圳市,南山区,粤海街道海德三道1255号工商银行大厦楼,广东深圳市南山区粤海街道海德三道1255号工商银行大厦楼,广东深圳市南山区粤海街道海德三道1255号工商银行大厦楼,113.942937,22.518991
南山后海,广东,深圳市,南山区,滨海大道3001正北方向140米华润深圳湾·悦府1期2栋F,广东深圳市南山区滨海大道3001正北方向140米华润深圳湾·悦府1期2栋F,广东深圳市南山区滨海大道3001正北方向140米华润深圳湾·悦府1期2栋F,113.946527,22.519576
南山后海,广东,深圳市,南山区,南山区粤海街道南山海德三道漾日湾畔4栋,广东深圳市南山区粤海街道南山海德三道漾日湾畔4栋,广东深圳市南山区粤海街道南山海德三道漾日湾畔4栋,113.938794,22.519869
南山后海,广东,深圳市,南山区,粤海街道文心一路青春家园17-1号,广东深圳市南山区粤海街道文心一路青春家园17-1号,广东深圳市南山区粤海街道文心一路青春家园17-1号,113.92906,22.513533
南山后海,广东,深圳市,南山区,粤街道蔚蓝海岸期单元,广东深圳市南山区粤街道蔚蓝海岸期单元,广东深圳市南山区粤街道蔚蓝海岸期单元,113.935719,22.509263
南山后海,广东,深圳市,南山区,蔚蓝海岸21栋,广东深圳市南山区蔚蓝海岸21栋,广东深圳市南山区蔚蓝海岸21栋,113.935719,22.509263
南山后海,广东,深圳市,南山区,粤海街道深圳湾段深圳湾1号南区t7座公寓大堂签收拒收快递柜,广东深圳市南山区粤海街道深圳湾段深圳湾1号南区t7座公寓大堂,广东深圳市南山区粤海街道深圳湾段深圳湾1号南区t7座公寓大堂,113.94308,22.505483
南山后海,广东,深圳市,南山区,南山区粤海街道文心五路观海台花园1-3-房,广东深圳市南山区粤海街道文心五路观海台花园1-3,广东深圳市南山区粤海街道文心五路观海台花园1-3,113.937681,22.514616
南山后海,广东,深圳市,南山区,粤海街道中心路3331号中建科工大厦,广东深圳市南山区粤海街道中心路3331号中建科工大厦,广东深圳市南山区粤海街道中心路3331号中建科工大厦,113.94079,22.509026
南山后海,广东,深圳市,南山区,文心二路天悦园A座,广东深圳市南山区文心二路天悦园A座,广东深圳市南山区文心二路天悦园A座,113.92955,22.516938
南山后海,广东,深圳市,南山区,后海大道登良路名仕花园10栋单元,广东深圳市南山区后海大道登良路名仕花园10栋单元,广东深圳市南山区后海大道登良路名仕花园10栋单元,113.936324,22.51003
南山后海,广东,深圳市,南山区,广东省深圳市南山区创业路四号观海台花园B栋单元,广东深圳市南山区广东省深圳市南山区创业路四号观海台花园B栋单元,广东深圳市南山区广东省深圳市南山区创业路四号观海台花园B栋单元,113.937376,22.514069
南山后海,广东,深圳市,南山区,粤海街道恒裕深圳湾B座,广东深圳市南山区粤海街道恒裕深圳湾B座,广东深圳市南山区粤海街道恒裕深圳湾B座,113.940272,22.514078
南山后海,广东,深圳市,南山区,蔚蓝海岸二期23栋C,广东深圳市南山区蔚蓝海岸二期23栋C,广东深圳市南山区蔚蓝海岸二期23栋C,113.936732,22.508483
南山后海,广东,深圳市,南山区,粤海街道广东省深圳市南山区海德三道滨海之窗花园5栋,广东深圳市南山区粤海街道广东省深圳市南山区海德三道滨海之窗花园5栋,广东深圳市南山区粤海街道广东省深圳市南山区海德三道滨海之窗花园5栋,113.935603,22.520412
南山后海,广东,深圳市,南山区,天利名城B座楼,广东深圳市南山区天利名城B座楼,广东深圳市南山区天利名城B座楼,113.935073,22.518335
南山后海,广东,深圳市,南山区,粤海街道天海花园天海花园4栋-2,广东深圳市南山区粤海街道天海花园天海花园4栋-2,广东深圳市南山区粤海街道天海花园天海花园4栋-2,113.934668,22.512624
南山后海,广东,深圳市,南山区,创业路恒裕深圳湾C,广东深圳市南山区创业路恒裕深圳湾C,广东深圳市南山区创业路恒裕深圳湾C,113.940272,22.514078
南山后海,广东,深圳市,南山区,后海文德福花园4-301号,广东深圳市南山区后海文德福花园4-301号,广东深圳市南山区后海文德福花园4-301号,113.933024,22.505953
南山后海,广东,深圳市,南山区,粤海街道科苑路华润深圳湾悦府1期1栋D,广东深圳市南山区粤海街道科苑路华润深圳湾悦府1期1栋D,广东深圳市南山区粤海街道科苑路华润深圳湾悦府1期1栋D,113.946637,22.520464
南山后海,广东,深圳市,南山区,南山区粤海街道海珠城海霞阁,广东深圳市南山区粤海街道海珠城海霞阁,广东深圳市南山区粤海街道海珠城海霞阁,113.930151,22.515311
南山后海,广东,深圳市,南山区,后海大道龙城路天海花园A4栋,广东深圳市南山区后海大道龙城路天海花园A4栋,广东深圳市南山区后海大道龙城路天海花园A4栋,113.934356,22.512593
南山后海,广东,深圳市,南山区,粤海街道海德二道南山茂业楼巴,广东深圳市南山区粤海街道海德二道南山茂业楼巴,广东深圳市南山区粤海街道海德二道南山茂业楼巴,113.930719,22.518781
南山后海,广东,深圳市,南山区,登良路蔚蓝海岸三期38,广东深圳市南山区登良路蔚蓝海岸三期38,广东深圳市南山区登良路蔚蓝海岸三期38,113.936542,22.511628
南山后海,广东,深圳市,南山区,南山区海德一道海印长城1期7栋,广东深圳市南山区海德一道海印长城1期7栋,广东深圳市南山区海德一道海印长城1期7栋,113.93167,22.517667
南山后海,广东,深圳市,南山区,南山区粤海街道登良路8号蔚蓝海岸3期35栋,广东深圳市南山区粤海街道登良路8号蔚蓝海岸3期35栋,广东深圳市南山区粤海街道登良路8号蔚蓝海岸3期35栋,113.935165,22.511744
南山后海,广东,深圳市,南山区,蓬客精品酒店海岸城店,广东深圳市南山区蓬客精品酒店海岸城店,广东深圳市南山区蓬客精品酒店海岸城店,113.937635,22.518308
南山后海,广东,深圳市,南山区,粤海街道华润深圳湾悦府一期1栋二单元,广东深圳市南山区粤海街道华润深圳湾悦府一期1栋二单元,广东深圳市南山区粤海街道华润深圳湾悦府一期1栋二单元,113.946225,22.519435
南山后海,广东,深圳市,南山区,南海大道,广东深圳市南山区南海大道,广东深圳市南山区南海大道,113.929153,22.525524
南山后海,广东,深圳市,南山区,创业路南山茶叶城楼至,广东深圳市南山区创业路南山茶叶城楼至,广东深圳市南山区创业路南山茶叶城楼至,113.935122,22.514303
南山后海,广东,深圳市,南山区,南山街道文心五路滨海之窗写字楼B座,广东深圳市南山区南山街道文心五路滨海之窗写字楼B座,广东深圳市南山区南山街道文心五路滨海之窗写字楼B座,113.935603,22.520412
南山后海,广东,深圳市,南山区,粤海街道海岸城购物中心楼潮发餐厅隔壁芸曼傣雨,广东深圳市南山区粤海街道海岸城购物中心楼潮发餐厅隔壁芸曼傣雨,广东深圳市南山区粤海街道海岸城购物中心楼潮发餐厅隔壁芸曼傣雨,113.935767,22.51685
南山后海,广东,深圳市,南山区,名仕花园5栋,广东深圳市南山区名仕花园5栋,广东深圳市南山区名仕花园5栋,113.912976,22.556728
南山后海,广东,深圳市,南山区,后海大道文德福花园六栋二单元,广东深圳市南山区后海大道文德福花园六栋二单元,广东深圳市南山区后海大道文德福花园六栋二单元,113.933754,22.506932
南山后海,广东,深圳市,南山区,航天科技广场B座楼中,广东深圳市南山区航天科技广场B座楼,广东深圳市南山区航天科技广场B座楼,113.942081,22.519205
南山后海,广东,深圳市,南山区,粤海街道科苑南路舜远金融大厦楼,广东深圳市南山区粤海街道科苑南路舜远金融大厦楼,广东深圳市南山区粤海街道科苑南路舜远金融大厦楼,113.944569,22.520177
南山后海,广东,深圳市,南山区,海德三道漾日湾畔3栋,广东深圳市南山区海德三道漾日湾畔3栋,广东深圳市南山区海德三道漾日湾畔3栋,113.938495,22.519813
南山后海,广东,深圳市,南山区,粤海街道文心二路华彩天成华天阁,广东深圳市南山区粤海街道文心二路华彩天成华天阁,广东深圳市南山区粤海街道文心二路华彩天成华天阁,113.930001,22.518301
南山后海,广东,深圳市,南山区,粤海街道海德三道15号海岸大厦西座楼,广东深圳市南山区粤海街道海德三道15号海岸大厦西座楼,广东深圳市南山区粤海街道海德三道15号海岸大厦西座楼,113.936569,22.518242
南山后海,广东,深圳市,南山区,后海蔚蓝海岸二期18栋B,广东深圳市南山区后海蔚蓝海岸二期18栋B,广东深圳市南山区后海蔚蓝海岸二期18栋B,113.93579,22.508438
南山后海,广东,深圳市,南山区,海德三道海岸大厦西座楼,广东深圳市南山区海德三道海岸大厦西座楼,广东深圳市南山区海德三道海岸大厦西座楼,113.936569,22.518242
南山后海,广东,深圳市,南山区,粤海街道文心路海珠城海晖阁,广东深圳市南山区粤海街道文心路海珠城海晖阁,广东深圳市南山区粤海街道文心路海珠城海晖阁,113.931205,22.515342
南山后海,广东,深圳市,南山区,粤海街道后海滨路3216号恒裕深圳湾C座2单元,广东深圳市南山区粤海街道后海滨路3216号恒裕深圳湾C座2单元,广东深圳市南山区粤海街道后海滨路3216号恒裕深圳湾C座2单元,113.940272,22.514078
南山后海,广东,深圳市,南山区,海洋之心B栋,广东深圳市南山区海洋之心B栋,广东深圳市南山区海洋之心B栋,113.9332,22.514129
南山后海,广东,深圳市,南山区,粤海街道海德一道旁江苏建工生活区西门,广东深圳市南山区粤海街道海德一道旁江苏建工生活区西门,广东深圳市南山区粤海街道海德一道旁江苏建工生活区西门,113.918325,22.508325
南山后海,广东,深圳市,南山区,南山区粤海街道登良路蔚蓝海岸三期40栋,广东深圳市南山区粤海街道登良路蔚蓝海岸三期40栋,广东深圳市南山区粤海街道登良路蔚蓝海岸三期40栋,113.937721,22.513069
南山后海,广东,深圳市,南山区,海德三道天利中央商务广场A座层 凯依,广东深圳市南山区海德三道天利中央商务广场A座,广东深圳市南山区海德三道天利中央商务广场A座,113.934029,22.518528
南山后海,广东,深圳市,南山区,粤海街道海德三道16号漾日湾畔3栋,广东深圳市南山区粤海街道海德三道16号漾日湾畔3栋,广东深圳市南山区粤海街道海德三道16号漾日湾畔3栋,113.938495,22.519813
南山后海,广东,深圳市,南山区,粤海街道城市印象家园1A栋,广东深圳市南山区粤海街道城市印象家园1A栋,广东深圳市南山区粤海街道城市印象家园1A栋,113.932531,22.520936
南山后海,广东,深圳市,南山区,南山区后海大道文德福花园1栋,广东深圳市南山区后海大道文德福花园1栋,广东深圳市南山区后海大道文德福花园1栋,113.932932,22.505368
南山后海,广东,深圳市,南山区,粤海街道龙城路天海花园四栋四单元A,广东深圳市南山区粤海街道龙城路天海花园四栋四单元A,广东深圳市南山区粤海街道龙城路天海花园四栋四单元A,113.934356,22.512593
南山后海,广东,深圳市,南山区,海德一道200号海印长城1期2栋,广东深圳市南山区海德一道200号海印长城1期2栋,广东深圳市南山区海德一道200号海印长城1期2栋,113.930393,22.517333
南山后海,广东,深圳市,南山区,后海大道融家广场家具楼,广东深圳市南山区后海大道融家广场家具楼,广东深圳市南山区后海大道融家广场家具楼,113.933539,22.515557
南山后海,广东,深圳市,南山区,粤海街道海德三道201号海印长城2期11-4H,广东深圳市南山区粤海街道海德三道201号海印长城2期11-4H,广东深圳市南山区粤海街道海德三道201号海印长城2期11-4H,113.931758,22.518772
南山后海,广东,深圳市,南山区,粤海街道中心路3019号天虹商场总部大厦负楼大官米线,广东深圳市南山区粤海街道中心路3019号天虹商场总部大厦负楼大官米线,广东深圳市南山区粤海街道中心路3019号天虹商场总部大厦负楼大官米线,113.94084,22.506773
南山后海,广东,深圳市,南山区,粤海街道后海滨路恒裕深圳湾C,广东深圳市南山区粤海街道后海滨路恒裕深圳湾C,广东深圳市南山区粤海街道后海滨路恒裕深圳湾C,113.940272,22.514078
南山后海,广东,深圳市,南山区,海德二道3号深圳保利文化广场B区楼,广东深圳市南山区海德二道3号深圳保利文化广场B区楼,广东深圳市南山区海德二道3号深圳保利文化广场B区楼,113.937977,22.517068
南山后海,广东,深圳市,南山区,滨海之窗七栋,广东深圳市南山区滨海之窗七栋,广东深圳市南山区滨海之窗七栋,113.936911,22.519528
南山后海,广东,深圳市,南山区,文心六路保利文化广场Andrew手足甲专科,广东深圳市南山区文心六路保利文化广场Andrew手足甲专科,广东深圳市南山区文心六路保利文化广场Andrew手足甲专科,113.937907,22.517118
南山后海,广东,深圳市,南山区,粤海街道深圳市南山区滨海大道3099号深圳湾华润柏宁花园2栋,广东深圳市南山区粤海街道深圳市南山区滨海大道3099号深圳湾华润柏宁花园2栋,广东深圳市南山区粤海街道深圳市南山区滨海大道3099号深圳湾华润柏宁花园2栋,113.947051,22.519984
南山后海,广东,深圳市,南山区,南山区粤海街道海德一道青春家园B栋,广东深圳市南山区粤海街道海德一道青春家园B栋,广东深圳市南山区粤海街道海德一道青春家园B栋,113.930834,22.512697
南山后海,广东,深圳市,南山区,南山区海印长城二期12,广东深圳市南山区海印长城二期12,广东深圳市南山区海印长城二期12,113.93127,22.518905
南山后海,广东,深圳市,南山区,观海台AI栋栋,广东深圳市南山区观海台AI栋,广东深圳市南山区观海台AI栋,113.937681,22.514616
南山后海,广东,深圳市,南山区,南山区粤海街道深圳湾一号T3座,广东深圳市南山区粤海街道深圳湾一号T3座,广东深圳市南山区粤海街道深圳湾一号T3座,113.942747,22.506913
南山后海,广东,深圳市,南山区,中心路3008号深圳湾一号t3,广东深圳市南山区中心路3008号深圳湾一号t3,广东深圳市南山区中心路3008号深圳湾一号t3,113.942747,22.506913
南山后海,广东,深圳市,南山区,粤海街道滨海大道3001号深圳湾木棉花酒店收货平台货架,广东深圳市南山区粤海街道滨海大道3001号深圳湾木棉花酒店收货平台货架,广东深圳市南山区粤海街道滨海大道3001号深圳湾木棉花酒店收货平台货架,113.9471,22.519058
南山后海,广东,深圳市,南山区,粤海街道海德三道16号漾日湾畔2栋,广东深圳市南山区粤海街道海德三道16号漾日湾畔2栋,广东深圳市南山区粤海街道海德三道16号漾日湾畔2栋,113.938242,22.519704
南山后海,广东,深圳市,南山区,粤海街道中洲控股中心A座楼逸,广东深圳市南山区粤海街道中洲控股中心A座楼逸,广东深圳市南山区粤海街道中洲控股中心A座楼逸,113.924164,22.488255
南山后海,广东,深圳市,南山区,后海海德三道海岸城西座,广东深圳市南山区后海海德三道海岸城西座,广东深圳市南山区后海海德三道海岸城西座,113.936428,22.518132
南山后海,广东,深圳市,南山区,粤海街道中国海外大厦层,广东深圳市南山区粤海街道中国海外大厦层,广东深圳市南山区粤海街道中国海外大厦层,113.94145,22.51335
南山后海,广东,深圳市,南山区,后海海德三道漾日湾畔5栋,广东深圳市南山区后海海德三道漾日湾畔5栋,广东深圳市南山区后海海德三道漾日湾畔5栋,113.939037,22.519856
南山后海,广东,深圳市,南山区,海德三道漾日湾畔3栋B,广东深圳市南山区海德三道漾日湾畔3栋B,广东深圳市南山区海德三道漾日湾畔3栋B,113.938495,22.519813
南山后海,广东,深圳市,南山区,粤海街道文心二路88号美墅蓝山家园,广东深圳市南山区粤海街道文心二路88号美墅蓝山家园,广东深圳市南山区粤海街道文心二路88号美墅蓝山家园,113.93162,22.521044
南山后海,广东,深圳市,南山区,海印长城5-5B,广东深圳市南山区海印长城5-5B,广东深圳市南山区海印长城5-5B,113.931564,22.518255
南山后海,广东,深圳市,南山区,电力花园2栋单元,广东深圳市南山区电力花园2栋单元,广东深圳市南山区电力花园2栋单元,113.93488,22.513861
南山后海,广东,深圳市,南山区,茂业时代广场,广东深圳市南山区茂业时代广场,广东深圳市南山区茂业时代广场,113.93042,22.519853
南山后海,广东,深圳市,南山区,粤海街道后海蔚蓝海岸,广东深圳市南山区粤海街道后海蔚蓝海岸,广东深圳市南山区粤海街道后海蔚蓝海岸,113.936819,22.513394
南山后海,广东,深圳市,南山区,育德佳园八栋E单元,广东深圳市南山区育德佳园八栋E单元,广东深圳市南山区育德佳园八栋E单元,113.933317,22.510158
南山后海,广东,深圳市,南山区,粤海街道蔚蓝海岸一期三栋快递柜,广东深圳市南山区粤海街道蔚蓝海岸一期三栋快递柜,广东深圳市南山区粤海街道蔚蓝海岸一期三栋快递柜,113.935064,22.506734
南山后海,广东,深圳市,南山区,蛇口街道湾厦社区湾厦旧村 8巷1号B,广东深圳市南山区蛇口街道湾厦社区湾厦旧村 8巷1号B,广东深圳市南山区蛇口街道湾厦社区湾厦旧村 8巷1号B,113.932149,22.493418
南山后海,广东,深圳市,南山区,粤海街道蔚蓝海岸社区兰香一街2号海王星辰大厦,广东深圳市南山区粤海街道蔚蓝海岸社区兰香一街2号海王星辰大厦,广东深圳市南山区粤海街道蔚蓝海岸社区兰香一街2号海王星辰大厦,113.939953,22.506692
南山后海,广东,深圳市,南山区,海岸城购物中心楼,广东深圳市南山区海岸城购物中心楼,广东深圳市南山区海岸城购物中心楼,113.935767,22.51685
南山后海,广东,深圳市,南山区,南山区粤海街道华明路1号蔚蓝海岸一期7栋,广东深圳市南山区粤海街道华明路1号蔚蓝海岸一期7栋,广东深圳市南山区粤海街道华明路1号蔚蓝海岸一期7栋,113.931821,22.507681
南山后海,广东,深圳市,南山区,粤海街道海岸明珠G栋,广东深圳市南山区粤海街道海岸明珠G栋,广东深圳市南山区粤海街道海岸明珠G栋,113.931814,22.515872
南山后海,广东,深圳市,南山区,文心二路美墅蓝山家园E,广东深圳市南山区文心二路美墅蓝山家园E,广东深圳市南山区文心二路美墅蓝山家园E,113.931739,22.520776
南山后海,广东,深圳市,南山区,湾年公寓L,广东深圳市南山区湾年公寓L,广东深圳市南山区湾年公寓L,113.941284,22.518154
南山后海,广东,深圳市,南山区,南山区粤海街道恒裕深圳湾C栋,广东深圳市南山区粤海街道恒裕深圳湾C栋,广东深圳市南山区粤海街道恒裕深圳湾C栋,113.940503,22.513586
南山后海,广东,深圳市,南山区,海德三道海岸城西座楼海德三道海岸城西座楼,广东深圳市南山区海德三道海岸城西座楼海德三道海岸城西座楼,广东深圳市南山区海德三道海岸城西座楼海德三道海岸城西座楼,113.936428,22.518132
南山后海,广东,深圳市,南山区,春笋大厦层,广东深圳市南山区春笋大厦层,广东深圳市南山区春笋大厦层,113.930478,22.533191
南山后海,广东,深圳市,南山区,海德三道漾日湾畔5栋B,广东深圳市南山区海德三道漾日湾畔5栋B,广东深圳市南山区海德三道漾日湾畔5栋B,113.939037,22.519856
南山后海,广东,深圳市,南山区,粤海街道海德三道城市印象家园1,广东深圳市南山区粤海街道海德三道城市印象家园1,广东深圳市南山区粤海街道海德三道城市印象家园1,113.932531,22.520936
南山后海,广东,深圳市,南山区,文心二路花彩天成华彩阁,广东深圳市南山区文心二路花彩天成华彩阁,广东深圳市南山区文心二路花彩天成华彩阁,113.930224,22.517189
南山后海,广东,深圳市,南山区,创业路海信南方大厦丰巢,广东深圳市南山区创业路海信南方大厦丰巢,广东深圳市南山区创业路海信南方大厦丰巢,113.94027,22.512353
南山后海,广东,深圳市,南山区,创业路蔚蓝海岸社区三区40栋,广东深圳市南山区创业路蔚蓝海岸社区三区40栋,广东深圳市南山区创业路蔚蓝海岸社区三区40栋,113.946268,22.508629
南山后海,广东,深圳市,南山区,海德三道滨海之窗2栋L单元,广东深圳市南山区海德三道滨海之窗2栋L单元,广东深圳市南山区海德三道滨海之窗2栋L单元,113.935609,22.519899
南山后海,广东,深圳市,南山区,粤海街道海印长城一期1栋,广东深圳市南山区粤海街道海印长城一期1栋,广东深圳市南山区粤海街道海印长城一期1栋,113.931397,22.517484
南山后海,广东,深圳市,南山区,粤海街道深圳湾·钻石塔室,广东深圳市南山区粤海街道深圳湾·钻石塔室,广东深圳市南山区粤海街道深圳湾·钻石塔室,113.94099,22.508222
南山后海,广东,深圳市,南山区,海德一道海印长城一期3栋,广东深圳市南山区海德一道海印长城一期3栋,广东深圳市南山区海德一道海印长城一期3栋,113.931397,22.517484
南山后海,广东,深圳市,南山区,华明路一号蔚蓝海岸一期6栋,广东深圳市南山区华明路一号蔚蓝海岸一期6栋,广东深圳市南山区华明路一号蔚蓝海岸一期6栋,113.934304,22.506605
南山后海,广东,深圳市,南山区,滨海大道与后海滨路交汇处滨海大道3165号五矿金融大厦裙楼楼-A日料店,广东深圳市南山区滨海大道与后海滨路交汇处滨海大道3165号五矿金融大厦裙楼楼-A日料店,广东深圳市南山区滨海大道与后海滨路交汇处滨海大道3165号五矿金融大厦裙楼楼-A日料店,113.942484,22.520597
南山后海,广东,深圳市,南山区,南山区粤海街道后海大道华明路蔚蓝海岸一期5栋,广东深圳市南山区粤海街道后海大道华明路蔚蓝海岸一期5栋,广东深圳市南山区粤海街道后海大道华明路蔚蓝海岸一期5栋,113.934324,22.507272
南山后海,广东,深圳市,南山区,蔚蓝海岸三期39,广东深圳市南山区蔚蓝海岸三期39,广东深圳市南山区蔚蓝海岸三期39,113.936819,22.513293
南山后海,广东,深圳市,南山区,南山区粤海街道后海滨路3216号恒裕深圳湾C座,广东深圳市南山区粤海街道后海滨路3216号恒裕深圳湾C座,广东深圳市南山区粤海街道后海滨路3216号恒裕深圳湾C座,113.940272,22.514078
南山后海,广东,深圳市,南山区,粤海街道海德三道五矿金融大厦楼,广东深圳市南山区粤海街道海德三道五矿金融大厦楼,广东深圳市南山区粤海街道海德三道五矿金融大厦楼,113.942321,22.520551
南山后海,广东,深圳市,南山区,南山区粤海街道蔚蓝海岸三期31栋,广东深圳市南山区粤海街道蔚蓝海岸三期31栋,广东深圳市南山区粤海街道蔚蓝海岸三期31栋,113.935425,22.510627
南山后海,广东,深圳市,南山区,南山区粤海街道华润深圳瑞府楼,广东深圳市南山区粤海街道华润深圳瑞府楼,广东深圳市南山区粤海街道华润深圳瑞府楼,113.947363,22.515022
南山后海,广东,深圳市,南山区,后海大道创业路3号浪琴屿花园12栋楼,广东深圳市南山区后海大道创业路3号浪琴屿花园12栋楼,广东深圳市南山区后海大道创业路3号浪琴屿花园12栋楼,113.935117,22.513883
南山后海,广东,深圳市,南山区,海德三道海岸大厦东座1205谢,广东深圳市南山区海德三道海岸大厦东座,广东深圳市南山区海德三道海岸大厦东座,113.937754,22.518111
南山后海,广东,深圳市,南山区,文心三路中洲控股中心A座楼中洲物业单,广东深圳市南山区文心三路中洲控股中心A座楼中洲物业单,广东深圳市南山区文心三路中洲控股中心A座楼中洲物业单,113.924164,22.488255
南山后海,广东,深圳市,南山区,粤海街道南粤明珠A31—F,广东深圳市南山区粤海街道南粤明珠A31—F,广东深圳市南山区粤海街道南粤明珠A31—F,113.930023,22.519883
南山后海,广东,深圳市,南山区,海德三道漾日湾畔6栋,广东深圳市南山区海德三道漾日湾畔6栋,广东深圳市南山区海德三道漾日湾畔6栋,113.939645,22.519722
南山后海,广东,深圳市,南山区,滨海之窗2栋L单元,广东深圳市南山区滨海之窗2栋L单元,广东深圳市南山区滨海之窗2栋L单元,113.935609,22.519899
南山后海,广东,深圳市,南山区,海洋之心,广东深圳市南山区海洋之心,广东深圳市南山区海洋之心,113.9332,22.514129
南山后海,广东,深圳市,南山区,海印长城6-15G,广东深圳市南山区海印长城6-15G,广东深圳市南山区海印长城6-15G,113.931564,22.518255
南山后海,广东,深圳市,南山区,粤海街道海岸大厦东座,广东深圳市南山区粤海街道海岸大厦东座,广东深圳市南山区粤海街道海岸大厦东座,113.923154,22.506107
南山后海,广东,深圳市,南山区,茂业百货层雅漾专柜,广东深圳市南山区茂业百货层雅漾专柜,广东深圳市南山区茂业百货层雅漾专柜,114.277637,22.727837
南山后海,广东,深圳市,南山区,广东省深圳市南山区浪琴屿花园东北门旁百艺五金店,广东深圳市南山区广东省深圳市南山区浪琴屿花园东北门旁百艺五金店,广东深圳市南山区广东省深圳市南山区浪琴屿花园东北门旁百艺五金店,113.935881,22.513023
南山后海,广东,深圳市,南山区,粤海街道登良路蔚蓝海岸二期19栋,广东深圳市南山区粤海街道登良路蔚蓝海岸二期19栋,广东深圳市南山区粤海街道登良路蔚蓝海岸二期19栋,113.935982,22.50677
南山后海,广东,深圳市,南山区,粤海街道海德二道文心一路华彩新天地,广东深圳市南山区粤海街道海德二道文心一路华彩新天地,广东深圳市南山区粤海街道海德二道文心一路华彩新天地,113.930261,22.518006
南山后海,广东,深圳市,南山区,滨海之窗2栋j单元,广东深圳市南山区滨海之窗2栋j单元,广东深圳市南山区滨海之窗2栋j单元,113.935609,22.519899
南山后海,广东,深圳市,南山区,后海文心二路海印长城5栋D,广东深圳市南山区后海文心二路海印长城5栋D,广东深圳市南山区后海文心二路海印长城5栋D,113.931564,22.518255
南山后海,广东,深圳市,南山区,南山区粤海街道蔚蓝海岸3期北门40栋,广东深圳市南山区粤海街道蔚蓝海岸3期北门40栋,广东深圳市南山区粤海街道蔚蓝海岸3期北门40栋,113.93681,22.513415
南山后海,广东,深圳市,南山区,粤海街道海岸大厦西座楼,广东深圳市南山区粤海街道海岸大厦西座楼,广东深圳市南山区粤海街道海岸大厦西座楼,113.936569,22.518242
南山后海,广东,深圳市,南山区,华明路蔚蓝海岸四期东座,广东深圳市南山区华明路蔚蓝海岸四期东座,广东深圳市南山区华明路蔚蓝海岸四期东座,113.923154,22.506107
南山后海,广东,深圳市,南山区,海德二道258号茂业百货楼铺EP,广东深圳市南山区海德二道258号茂业百货楼铺EP,广东深圳市南山区海德二道258号茂业百货楼铺EP,113.930393,22.51958
南山后海,广东,深圳市,南山区,文心二路茂业百货楼兰卓丽专柜,广东深圳市南山区文心二路茂业百货楼兰卓丽专柜,广东深圳市南山区文心二路茂业百货楼兰卓丽专柜,113.930224,22.517189
南山后海,广东,深圳市,南山区,粤海街道办创业路海珠城海晖阁,广东深圳市南山区粤海街道办创业路海珠城海晖阁,广东深圳市南山区粤海街道办创业路海珠城海晖阁,113.931205,22.515342
南山后海,广东,深圳市,南山区,粤海街道育德佳园2期8栋C单元,广东深圳市南山区粤海街道育德佳园2期8栋C单元,广东深圳市南山区粤海街道育德佳园2期8栋C单元,113.933088,22.510187
南山后海,广东,深圳市,南山区,后海大道蔚蓝海岸A6,广东深圳市南山区后海大道蔚蓝海岸A6,广东深圳市南山区后海大道蔚蓝海岸A6,113.935719,22.509263
南山后海,广东,深圳市,南山区,中洲控股金融中心A座楼,广东深圳市南山区中洲控股金融中心A座楼,广东深圳市南山区中洲控股金融中心A座楼,113.924164,22.488255
南山后海,广东,深圳市,南山区,粤海街道漾日湾畔旁派出,广东深圳市南山区粤海街道漾日湾畔旁派出,广东深圳市南山区粤海街道漾日湾畔旁派出,113.938658,22.519678
南山后海,广东,深圳市,南山区,粤海街道海德三道滨海之窗1栋A单元,广东深圳市南山区粤海街道海德三道滨海之窗1栋A单元,广东深圳市南山区粤海街道海德三道滨海之窗1栋A单元,113.936409,22.520053
南山后海,广东,深圳市,南山区,登良路蔚蓝海岸三期35栋,广东深圳市南山区登良路蔚蓝海岸三期35栋,广东深圳市南山区登良路蔚蓝海岸三期35栋,113.935732,22.511887
南山后海,广东,深圳市,南山区,科苑南路2600号深圳湾安达仕酒店前台,广东深圳市南山区科苑南路2600号深圳湾安达仕酒店前台,广东深圳市南山区科苑南路2600号深圳湾安达仕酒店前台,113.947367,22.515019
南山后海,广东,深圳市,南山区,后海大道文德福花园4栋二单元,广东深圳市南山区后海大道文德福花园4栋二单元,广东深圳市南山区后海大道文德福花园4栋二单元,113.933221,22.506152
南山科技南,广东,深圳市,南山区,深圳市数字技术园栋楼B区,广东深圳市南山区深圳市数字技术园栋楼B区,广东深圳市南山区深圳市数字技术园栋楼B区,113.948423,22.533422
南山科技南,广东,深圳市,南山区,粤海街道广东省深圳市南山区粤海街道赋安科技大厦天猫听力熊退货,广东深圳市南山区粤海街道广东省深圳市南山区粤海街道赋安科技大厦天猫听力熊退货,广东深圳市南山区粤海街道广东省深圳市南山区粤海街道赋安科技大厦天猫听力熊退货,113.969225,22.577225
南山科技南,广东,深圳市,南山区,粤海街道南海大道3688号深圳大学紫薇斋,广东深圳市南山区粤海街道南海大道3688号深圳大学紫薇斋,广东深圳市南山区粤海街道南海大道3688号深圳大学紫薇斋,113.932603,22.527539
南山科技南,广东,深圳市,南山区,粤海街道腾讯光启未来中心A栋楼,广东深圳市南山区粤海街道腾讯光启未来中心A栋楼,广东深圳市南山区粤海街道腾讯光启未来中心A栋楼,113.950968,22.536949
南山科技南,广东,深圳市,南山区,金地威新软件科技园8号楼,广东深圳市南山区金地威新软件科技园8号楼,广东深圳市南山区金地威新软件科技园8号楼,113.948908,22.529243
南山科技南,广东,深圳市,南山区,粤海街道南山区南海大道3688号深圳大学沧海校区致原楼,广东深圳市南山区粤海街道南山区南海大道3688号深圳大学沧海校区致原楼,广东深圳市南山区粤海街道南山区南海大道3688号深圳大学沧海校区致原楼,113.939384,22.528107
南山科技南,广东,深圳市,南山区,高新南环路卓越浅水湾5栋,广东深圳市南山区高新南环路卓越浅水湾5栋,广东深圳市南山区高新南环路卓越浅水湾5栋,113.947737,22.522475
南山科技南,广东,深圳市,南山区,粤海街道卓越浅水湾3栋,广东深圳市南山区粤海街道卓越浅水湾3栋,广东深圳市南山区粤海街道卓越浅水湾3栋,113.947737,22.522475
南山科技南,广东,深圳市,南山区,粤海街道 软件产业基地7栋牛班音乐学院楼,广东深圳市南山区粤海街道 软件产业基地7栋牛班音乐学院楼,广东深圳市南山区粤海街道 软件产业基地7栋牛班音乐学院楼,113.941557,22.523573
南山科技南,广东,深圳市,南山区,巿南山区高新南环路55号恒立听海花园8栋,广东深圳市南山区巿南山区高新南环路55号恒立听海花园8栋,广东深圳市南山区巿南山区高新南环路55号恒立听海花园8栋,113.947798,22.523437
南山科技南,广东,深圳市,南山区,高新南环路恒立听海恒立听海2栋,广东深圳市南山区高新南环路恒立听海恒立听海2栋,广东深圳市南山区高新南环路恒立听海恒立听海2栋,113.946793,22.52302
南山科技南,广东,深圳市,南山区,粤海街道高新南区深圳湾科技生态园1栋C座,广东深圳市南山区粤海街道高新南区深圳湾科技生态园1栋C座,广东深圳市南山区粤海街道高新南区深圳湾科技生态园1栋C座,113.953697,22.527563
南山科技南,广东,深圳市,南山区,卓越浅水湾8栋,广东深圳市南山区卓越浅水湾8栋,广东深圳市南山区卓越浅水湾8栋,113.947248,22.522064
南山科技南,广东,深圳市,南山区,粤海街道深圳大学粤海校区冬筑,广东深圳市南山区粤海街道深圳大学粤海校区冬筑,广东深圳市南山区粤海街道深圳大学粤海校区冬筑,113.936577,22.532641
南山科技南,广东,深圳市,南山区,科技南十二路迈瑞大厦,广东深圳市南山区科技南十二路迈瑞大厦,广东深圳市南山区科技南十二路迈瑞大厦,113.955276,22.535063
南山科技南,广东,深圳市,南山区,科技园威新软件园8号楼楼,广东深圳市南山区科技园威新软件园8号楼楼,广东深圳市南山区科技园威新软件园8号楼楼,113.941859,22.546427
南山科技南,广东,深圳市,南山区,大学粤海校区紫薇斋,广东深圳市南山区大学粤海校区紫薇斋,广东深圳市南山区大学粤海校区紫薇斋,113.938038,22.530456
南山科技南,广东,深圳市,南山区,科技园南阳光带海滨城一期十栋,广东深圳市南山区科技园南阳光带海滨城一期十栋,广东深圳市南山区科技园南阳光带海滨城一期十栋,113.953407,22.525755
南山科技南,广东,深圳市,南山区,高新南四道中兴通讯海,广东深圳市南山区高新南四道中兴通讯海,广东深圳市南山区高新南四道中兴通讯海,113.948537,22.536266
南山科技南,广东,深圳市,南山区,粤海街道深圳湾科技生态园1栋A座,广东深圳市南山区粤海街道深圳湾科技生态园1栋A座,广东深圳市南山区粤海街道深圳湾科技生态园1栋A座,113.952918,22.52747
南山科技南,广东,深圳市,南山区,学府路厚德品园C栋,广东深圳市南山区学府路厚德品园C栋,广东深圳市南山区学府路厚德品园C栋,113.930617,22.526198
南山科技南,广东,深圳市,南山区,粤海街道软件产业基地503环迅支付,广东深圳市南山区粤海街道软件产业基地503环迅支付,广东深圳市南山区粤海街道软件产业基地503环迅支付,113.938824,22.523832
南山科技南,广东,深圳市,南山区,南山区粤海街道深圳湾科技生态园10栋,广东深圳市南山区粤海街道深圳湾科技生态园10栋,广东深圳市南山区粤海街道深圳湾科技生态园10栋,113.951897,22.530594
南山科技南,广东,深圳市,南山区,南山区粤海街道书山路23号创世纪滨海花园1,广东深圳市南山区粤海街道书山路23号创世纪滨海花园1,广东深圳市南山区粤海街道书山路23号创世纪滨海花园1,113.930206,22.523917
南山科技南,广东,深圳市,南山区,科技南八路51号安居高新花园北区1栋,广东深圳市南山区科技南八路51号安居高新花园北区1栋,广东深圳市南山区科技南八路51号安居高新花园北区1栋,113.951688,22.535318
南山科技南,广东,深圳市,南山区,南山街道广东深圳市南山区南山街道荣超高新区联合总部大厦楼前台,广东深圳市南山区南山街道广东深圳市南山区南山街道荣超高新区联合总部大厦楼前台,广东深圳市南山区南山街道广东深圳市南山区南山街道荣超高新区联合总部大厦楼前台,113.943134,22.525313
南山科技南,广东,深圳市,南山区,粤海街道博海民苑1栋,广东深圳市南山区粤海街道博海民苑1栋,广东深圳市南山区粤海街道博海民苑1栋,113.944859,22.528137
南山科技南,广东,深圳市,南山区,粤海街道深圳市南山区学府路6号厚德品园D栋,广东深圳市南山区粤海街道深圳市南山区学府路6号厚德品园D栋,广东深圳市南山区粤海街道深圳市南山区学府路6号厚德品园D栋,113.930668,22.526007
南山科技南,广东,深圳市,南山区,高新南环路35号阳光带·海滨城2期5栋,广东深圳市南山区高新南环路35号阳光带·海滨城2期5栋,广东深圳市南山区高新南环路35号阳光带·海滨城2期5栋,113.947547,22.52569
南山科技南,广东,深圳市,南山区,高新南一道9号中科大厦03栋,广东深圳市南山区高新南一道9号中科大厦03栋,广东深圳市南山区高新南一道9号中科大厦03栋,113.952462,22.537861
南山科技南,广东,深圳市,南山区,粤海街道南海大道3688号深圳大学南区机电与控制工程学院大楼S,广东深圳市南山区粤海街道南海大道3688号深圳大学南区机电与控制工程学院大楼S,广东深圳市南山区粤海街道南海大道3688号深圳大学南区机电与控制工程学院大楼S,113.937456,22.527369
南山科技南,广东,深圳市,南山区,悦享无限科技有限公司深圳市南山区粤海街道滨海社区海天二路25号深圳湾创业投资大厦楼,广东深圳市南山区悦享无限科技有限公司深圳市南山区粤海街道滨海社区海天二路25号深圳湾创业投资大厦楼,广东深圳市南山区悦享无限科技有限公司深圳市南山区粤海街道滨海社区海天二路25号深圳湾创业投资大厦楼,113.937843,22.522507
南山科技南,广东,深圳市,南山区,生态科技园9栋A座,广东深圳市南山区生态科技园9栋A座,广东深圳市南山区生态科技园9栋A座,113.924164,22.488255
南山科技南,广东,深圳市,南山区,粤海街道高新区社区粤兴三道9号华中科技大学深圳产学研基地大楼B座,广东深圳市南山区粤海街道高新区社区粤兴三道9号华中科技大学深圳产学研基地大楼B座,广东深圳市南山区粤海街道高新区社区粤兴三道9号华中科技大学深圳产学研基地大楼B座,113.943835,22.52874
南山科技南,广东,深圳市,南山区,海天二路腾讯滨海大厦,广东深圳市南山区海天二路腾讯滨海大厦,广东深圳市南山区海天二路腾讯滨海大厦,113.935257,22.522289
南山科技南,广东,深圳市,南山区,深圳湾创新科技中心T1栋楼,广东深圳市南山区深圳湾创新科技中心T1栋楼,广东深圳市南山区深圳湾创新科技中心T1栋楼,113.947796,22.528362
南山科技南,广东,深圳市,南山区,粤海街道岗园路航空航天大厦2号楼,广东深圳市南山区粤海街道岗园路航空航天大厦2号楼,广东深圳市南山区粤海街道岗园路航空航天大厦2号楼,113.941692,22.527168
南山科技南,广东,深圳市,南山区,沙河西路深圳湾科技生态园一区2栋A座楼,广东深圳市南山区沙河西路深圳湾科技生态园一区2栋A座楼,广东深圳市南山区沙河西路深圳湾科技生态园一区2栋A座楼,113.924164,22.488255
南山科技南,广东,深圳市,南山区,南山区A8音乐大厦楼,广东深圳市南山区A8音乐大厦楼,广东深圳市南山区A8音乐大厦楼,113.938304,22.52254
南山科技南,广东,深圳市,南山区,粤海街道高新花园南区一栋一单元,广东深圳市南山区粤海街道高新花园南区一栋一单元,广东深圳市南山区粤海街道高新花园南区一栋一单元,113.949955,22.534295
南山科技南,广东,深圳市,南山区,粤海街道阳光粤海2f,广东深圳市南山区粤海街道阳光粤海2f,广东深圳市南山区粤海街道阳光粤海2f,113.940534,22.532575
南山科技南,广东,深圳市,南山区,南山区深圳大学粤海校区乔相阁1605,广东深圳市南山区深圳大学粤海校区乔相阁1605,广东深圳市南山区深圳大学粤海校区乔相阁1605,113.936577,22.532641
南山科技南,广东,深圳市,南山区,南山区粤海街道南海大道3688号,广东深圳市南山区粤海街道南海大道3688号,广东深圳市南山区粤海街道南海大道3688号,113.932603,22.527539
南山科技南,广东,深圳市,南山区,南山区粤海街道科技园南区粤兴三道8号中国地质大学中地大,广东深圳市南山区粤海街道科技园南区粤兴三道8号中国地质大学中地大,广东深圳市南山区粤海街道科技园南区粤兴三道8号中国地质大学中地大,113.944974,22.528944
南山科技南,广东,深圳市,南山区,粤海街道学府路95号软件产业基地1C楼,广东深圳市南山区粤海街道学府路95号软件产业基地1C楼,广东深圳市南山区粤海街道学府路95号软件产业基地1C楼,113.94108,22.524554
南山科技南,广东,深圳市,南山区,白石路阳光粤海花园2G座,广东深圳市南山区白石路阳光粤海花园2G座,广东深圳市南山区白石路阳光粤海花园2G座,113.940854,22.533237
南山科技南,广东,深圳市,南山区,科技南路海怡东方花园2,广东深圳市南山区科技南路海怡东方花园2,广东深圳市南山区科技南路海怡东方花园2,113.95133,22.52622
南山科技南,广东,深圳市,南山区,粤海街道安居高新花园2栋,广东深圳市南山区粤海街道安居高新花园2栋,广东深圳市南山区粤海街道安居高新花园2栋,113.951278,22.53412
南山科技南,广东,深圳市,南山区,深圳大学沧海校区,广东深圳市南山区深圳大学沧海校区,广东深圳市南山区深圳大学沧海校区,113.939384,22.528107
南山科技南,广东,深圳市,南山区,粤海街道高新区社区高新南四道034号高新工业村W1-B座,广东深圳市南山区粤海街道高新区社区高新南四道034号高新工业村W1-B座,广东深圳市南山区粤海街道高新区社区高新南四道034号高新工业村W1-B座,113.943446,22.536653
南山科技南,广东,深圳市,南山区,粤海街道厚德品园D,广东深圳市南山区粤海街道厚德品园D,广东深圳市南山区粤海街道厚德品园D,113.930617,22.526198
南山科技南,广东,深圳市,南山区,科技南十二路6号中检大厦,广东深圳市南山区科技南十二路6号中检大厦,广东深圳市南山区科技南十二路6号中检大厦,113.956367,22.535951
南山科技南,广东,深圳市,南山区,粤海街道南海大道3688号深圳大学沧海校区机电与控制工程学院大楼S,广东深圳市南山区粤海街道南海大道3688号深圳大学沧海校区机电与控制工程学院大楼S,广东深圳市南山区粤海街道南海大道3688号深圳大学沧海校区机电与控制工程学院大楼S,113.937456,22.527369
南山科技南,广东,深圳市,南山区,深圳大学紫薇斋快递,广东深圳市南山区深圳大学紫薇斋快递,广东深圳市南山区深圳大学紫薇斋快递,113.931849,22.533885
南山科技南,广东,深圳市,南山区,阳光带海滨城一期6栋,广东深圳市南山区阳光带海滨城一期6栋,广东深圳市南山区阳光带海滨城一期6栋,113.953407,22.525755
南山科技南,广东,深圳市,南山区,粤海街道深港产学研基地-西座南翼W208北京大学深圳研究院,广东深圳市南山区粤海街道深港产学研基地-西座南翼W208北京大学深圳研究院,广东深圳市南山区粤海街道深港产学研基地-西座南翼W208北京大学深圳研究院,113.944367,22.533208
南山科技南,广东,深圳市,南山区,沙河街道沙河西路阳光带海滨城一期5栋,广东深圳市南山区沙河街道沙河西路阳光带海滨城一期5栋,广东深圳市南山区沙河街道沙河西路阳光带海滨城一期5栋,113.953707,22.526283
南山科技南,广东,深圳市,南山区,科苑南路3099号中国储能大厦,广东深圳市南山区科苑南路3099号中国储能大厦,广东深圳市南山区科苑南路3099号中国储能大厦,113.944852,22.537826
南山科技南,广东,深圳市,南山区,粤海街道高新南环路22号深圳湾科技生态园1区4栋,广东深圳市南山区粤海街道高新南环路22号深圳湾科技生态园1区4栋,广东深圳市南山区粤海街道高新南环路22号深圳湾科技生态园1区4栋,113.952435,22.529886
南山科技南,广东,深圳市,南山区,粤海街道高新园南区中国地质大学产学研大楼A区楼,广东深圳市南山区粤海街道高新园南区中国地质大学产学研大楼A区楼,广东深圳市南山区粤海街道高新园南区中国地质大学产学研大楼A区楼,113.944974,22.528944
南山科技南,广东,深圳市,南山区,粤兴一道8号香港城市大学产学研大楼,广东深圳市南山区粤兴一道8号香港城市大学产学研大楼,广东深圳市南山区粤兴一道8号香港城市大学产学研大楼,113.943787,22.531948
南山科技南,广东,深圳市,南山区,粤海街道科技生态园7栋B座东区楼平安保险38644部,广东深圳市南山区粤海街道科技生态园7栋B座东区楼平安保险,广东深圳市南山区粤海街道科技生态园7栋B座东区楼平安保险,113.953997,22.53077
南山科技南,广东,深圳市,南山区,高新南九道微软科通大厦楼欧,广东深圳市南山区高新南九道微软科通大厦楼欧,广东深圳市南山区高新南九道微软科通大厦楼欧,113.940327,22.526579
南山科技南,广东,深圳市,南山区,粤海街道南海大道3688号深圳大学粤海校区,广东深圳市南山区粤海街道南海大道3688号深圳大学粤海校区,广东深圳市南山区粤海街道南海大道3688号深圳大学粤海校区,113.936577,22.532641
南山科技南,广东,深圳市,南山区,粤海街道深圳大学沧海校区冬筑学生公寓,广东深圳市南山区粤海街道深圳大学沧海校区冬筑学生公寓,广东深圳市南山区粤海街道深圳大学沧海校区冬筑学生公寓,113.939384,22.528107
南山科技南,广东,深圳市,南山区,粤海街道西北工业大学三航科技大厦,广东深圳市南山区粤海街道西北工业大学三航科技大厦,广东深圳市南山区粤海街道西北工业大学三航科技大厦,113.941782,22.527822
南山科技南,广东,深圳市,南山区,学府路厚德品园D栋,广东深圳市南山区学府路厚德品园D栋,广东深圳市南山区学府路厚德品园D栋,113.930617,22.526198
南山科技南,广东,深圳市,南山区,学府路软件产业基地1栋A座楼,广东深圳市南山区学府路软件产业基地1栋A座楼,广东深圳市南山区学府路软件产业基地1栋A座楼,113.939363,22.524558
南山科技南,广东,深圳市,南山区,高新南环路22号深圳湾科技生态园1区4栋,广东深圳市南山区高新南环路22号深圳湾科技生态园1区4栋,广东深圳市南山区高新南环路22号深圳湾科技生态园1区4栋,113.952435,22.529886
南山科技南,广东,深圳市,南山区,粤海街道粤海街道科技南十二路9号迈瑞总部大厦,广东深圳市南山区粤海街道粤海街道科技南十二路9号迈瑞总部大厦,广东深圳市南山区粤海街道粤海街道科技南十二路9号迈瑞总部大厦,113.955715,22.537913
南山科技南,广东,深圳市,南山区,粤海街道金地威新中心C栋楼锦江酒,广东深圳市南山区粤海街道金地威新中心C栋楼锦江酒,广东深圳市南山区粤海街道金地威新中心C栋楼锦江酒,113.951307,22.528523
南山科技南,广东,深圳市,南山区,粤海街道高新南四道034号高新工业村W1栋楼,广东深圳市南山区粤海街道高新南四道034号高新工业村W1栋楼,广东深圳市南山区粤海街道高新南四道034号高新工业村W1栋楼,113.942921,22.53675
南山科技南,广东,深圳市,南山区,粤海街道高新南一道6号高新园地铁站C口TCL大厦B座楼大,广东深圳市南山区粤海街道高新南一道6号高新园地铁站C口TCL大厦B座楼大,广东深圳市南山区粤海街道高新南一道6号高新园地铁站C口TCL大厦B座楼大,113.952535,22.539056
南山科技南,广东,深圳市,南山区,香港城市大学产研大楼B,广东深圳市南山区香港城市大学产研大楼B,广东深圳市南山区香港城市大学产研大楼B,113.943988,22.532151
南山科技南,广东,深圳市,南山区,白石路3818号汉普斯酒店,广东深圳市南山区白石路3818号汉普斯酒店,广东深圳市南山区白石路3818号汉普斯酒店,113.941627,22.532633
南山科技南,广东,深圳市,南山区,深圳大学沧海校区L3,广东深圳市南山区深圳大学沧海校区L3,广东深圳市南山区深圳大学沧海校区L3,113.939384,22.528107
南山科技南,广东,深圳市,南山区,粤海街道高新区社区白石路3609号深圳湾科技生态园二区9栋B5座,广东深圳市南山区粤海街道高新区社区白石路3609号深圳湾科技生态园二区9栋B5座,广东深圳市南山区粤海街道高新区社区白石路3609号深圳湾科技生态园二区9栋B5座,113.953374,22.532137
南山科技南,广东,深圳市,南山区,粤海街道高新南十一道彩虹之岸5,广东深圳市南山区粤海街道高新南十一道彩虹之岸5,广东深圳市南山区粤海街道高新南十一道彩虹之岸5,113.947676,22.526148
南山科技南,广东,深圳市,南山区,深圳市南山区南海大道3688号深圳大学紫薇斋,广东深圳市南山区深圳市南山区南海大道3688号深圳大学紫薇斋,广东深圳市南山区深圳市南山区南海大道3688号深圳大学紫薇斋,113.932603,22.527539
南山科技南,广东,深圳市,南山区,粤海街道南海大道3688号深圳大学,广东深圳市南山区粤海街道南海大道3688号深圳大学,广东深圳市南山区粤海街道南海大道3688号深圳大学,113.932603,22.527539
南山科技南,广东,深圳市,南山区,粤海街道深圳湾科技生态园10A栋层,广东深圳市南山区粤海街道深圳湾科技生态园10A栋层,广东深圳市南山区粤海街道深圳湾科技生态园10A栋层,113.951837,22.529977
南山科技南,广东,深圳市,南山区,粤海街道超多维科技大厦楼前台,广东深圳市南山区粤海街道超多维科技大厦楼前台,广东深圳市南山区粤海街道超多维科技大厦楼前台,113.952187,22.535114
南山科技南,广东,深圳市,南山区,粤海街道深圳湾科技生态园二区9栋B3座楼,广东深圳市南山区粤海街道深圳湾科技生态园二区9栋B3座楼,广东深圳市南山区粤海街道深圳湾科技生态园二区9栋B3座楼,113.953666,22.532306
南山科技南,广东,深圳市,南山区,粤海街道安居高新花园北区1栋,广东深圳市南山区粤海街道安居高新花园北区1栋,广东深圳市南山区粤海街道安居高新花园北区1栋,113.951688,22.535318
南山科技南,广东,深圳市,南山区,南山区粤海街道赋安科技大厦B,广东深圳市南山区粤海街道赋安科技大厦B,广东深圳市南山区粤海街道赋安科技大厦B,113.919524,22.496283
南山科技南,广东,深圳市,南山区,深圳湾科技创新中心B座字节跳动小邮局,广东深圳市南山区深圳湾科技创新中心B座字节跳动小邮局,广东深圳市南山区深圳湾科技创新中心B座字节跳动小邮局,113.946927,22.529146
南山科技南,广东,深圳市,南山区,书山路创世纪滨海花园1栋,广东深圳市南山区书山路创世纪滨海花园1栋,广东深圳市南山区书山路创世纪滨海花园1栋,113.930055,22.523942
南山科技南,广东,深圳市,南山区,高新南一道2号飞亚达科技大厦,广东深圳市南山区高新南一道2号飞亚达科技大厦,广东深圳市南山区高新南一道2号飞亚达科技大厦,113.955733,22.539432
南山科技南,广东,深圳市,南山区,粤海街道科园路2002号卫星大厦楼号,广东深圳市南山区粤海街道科园路2002号卫星大厦楼号,广东深圳市南山区粤海街道科园路2002号卫星大厦楼号,113.939678,22.525407
南山科技南,广东,深圳市,南山区,粤海街道荟食广场负楼漓之味桂,广东深圳市南山区粤海街道荟食广场负楼漓之味桂,广东深圳市南山区粤海街道荟食广场负楼漓之味桂,113.952973,22.537029
南山科技南,广东,深圳市,南山区,粤海街道滨海大道3388号三诺智慧大厦楼美熙医疗前台,广东深圳市南山区粤海街道滨海大道3388号三诺智慧大厦楼美熙医疗前台,广东深圳市南山区粤海街道滨海大道3388号三诺智慧大厦楼美熙医疗前台,113.937191,22.522357
南山科技南,广东,深圳市,南山区,深圳虚拟大学园重点实验室平台大楼B栋b,广东深圳市南山区深圳虚拟大学园重点实验室平台大楼B栋b,广东深圳市南山区深圳虚拟大学园重点实验室平台大楼B栋b,113.943084,22.530047
南山科技南,广东,深圳市,南山区,粤海街道阳光粤海2H,广东深圳市南山区粤海街道阳光粤海2H,广东深圳市南山区粤海街道阳光粤海2H,113.94044,22.532757
南山科技南,广东,深圳市,南山区,粤海街道勤学路1008号锦隆花园锦华阁,广东深圳市南山区粤海街道勤学路1008号锦隆花园锦华阁,广东深圳市南山区粤海街道勤学路1008号锦隆花园锦华阁,113.934074,22.524904
南山科技南,广东,深圳市,南山区,粤海街道朗科大厦楼BUYA,广东深圳市南山区粤海街道朗科大厦楼BUYA,广东深圳市南山区粤海街道朗科大厦楼BUYA,113.953115,22.535839
南山科技南,广东,深圳市,南山区,粤海街道高新区社区粤兴三道6号南大产学研大厦A101商铺罗,广东深圳市南山区粤海街道高新区社区粤兴三道6号南大产学研大厦A101商铺罗,广东深圳市南山区粤海街道高新区社区粤兴三道6号南大产学研大厦A101商铺罗,113.945067,22.527908
南山科技南,广东,深圳市,南山区,南海大道3688号深圳大学粤海校区紫薇斋,广东深圳市南山区南海大道3688号深圳大学粤海校区紫薇斋,广东深圳市南山区南海大道3688号深圳大学粤海校区紫薇斋,113.93929,22.533978
南山科技南,广东,深圳市,南山区,粤海街道南海大道3688号深圳大学粤海校区紫薇斋楼下,广东深圳市南山区粤海街道南海大道3688号深圳大学粤海校区紫薇斋楼下,广东深圳市南山区粤海街道南海大道3688号深圳大学粤海校区紫薇斋楼下,113.93929,22.533978
南山科技南,广东,深圳市,南山区,粤海街道高新南环路8号博海名苑3栋,广东深圳市南山区粤海街道高新南环路8号博海名苑3栋,广东深圳市南山区粤海街道高新南环路8号博海名苑3栋,113.953369,22.523441
南山科技南,广东,深圳市,南山区,粤海街道海天二路腾讯众创空间,广东深圳市南山区粤海街道海天二路腾讯众创空间,广东深圳市南山区粤海街道海天二路腾讯众创空间,113.950541,22.531757
南山科技南,广东,深圳市,南山区,粤海街道深铁金融科技大厦,广东深圳市南山区粤海街道深铁金融科技大厦,广东深圳市南山区粤海街道深铁金融科技大厦,113.944645,22.538928
南山科技南,广东,深圳市,南山区,粤海街道深圳湾科技生态园1栋A座中信银行海,广东深圳市南山区粤海街道深圳湾科技生态园1栋A座中信银行海,广东深圳市南山区粤海街道深圳湾科技生态园1栋A座中信银行海,113.952918,22.52747
南山科技南,广东,深圳市,南山区,高新技术产业园区科技南12路迈瑞大厦,广东深圳市南山区高新技术产业园区科技南12路迈瑞大厦,广东深圳市南山区高新技术产业园区科技南12路迈瑞大厦,113.957021,22.539451
南山科技南,广东,深圳市,南山区,粤海街道学府路百度国际大厦西塔楼,广东深圳市南山区粤海街道学府路百度国际大厦西塔楼,广东深圳市南山区粤海街道学府路百度国际大厦西塔楼,113.942397,22.524445
南山科技南,广东,深圳市,南山区,科技园南区金蝶大厦,广东深圳市南山区科技园南区金蝶大厦,广东深圳市南山区科技园南区金蝶大厦,113.954102,22.53379
南山科技南,广东,深圳市,南山区,大学深圳大学招生办公室广东省深圳市南山区南海路3688号兆禧大厦室518060深圳+,广东深圳市南山区大学深圳大学招生办公室广东省深圳市南山区南海路3688号兆禧大厦室518060深圳+,广东深圳市南山区大学深圳大学招生办公室广东省深圳市南山区南海路3688号兆禧大厦室518060深圳+,113.932603,22.527539
南山科技南,广东,深圳市,南山区,生态科技园1期1A栋,广东深圳市南山区生态科技园1期1A栋,广东深圳市南山区生态科技园1期1A栋,113.946707,22.539772
南山科技南,广东,深圳市,南山区,粤海街道深圳湾创新科技中心T2栋字节跳动小邮局,广东深圳市南山区粤海街道深圳湾创新科技中心T2栋字节跳动小邮局,广东深圳市南山区粤海街道深圳湾创新科技中心T2栋字节跳动小邮局,113.946927,22.529146
南山科技南,广东,深圳市,南山区,粤海街道深圳大学沧海校区,广东深圳市南山区粤海街道深圳大学沧海校区,广东深圳市南山区粤海街道深圳大学沧海校区,113.939384,22.528107
南山科技南,广东,深圳市,南山区,粤兴三道中地大,广东深圳市南山区粤兴三道中地大,广东深圳市南山区粤兴三道中地大,113.944603,22.528108
南山科技南,广东,深圳市,南山区,粤海街道高新区社区科苑南路3176号彩讯科技大厦层,广东深圳市南山区粤海街道高新区社区科苑南路3176号彩讯科技大厦层,广东深圳市南山区粤海街道高新区社区科苑南路3176号彩讯科技大厦层,113.946266,22.531734
南山科技南,广东,深圳市,南山区,粤海街道滨福庭园3栋C座,广东深圳市南山区粤海街道滨福庭园3栋C座,广东深圳市南山区粤海街道滨福庭园3栋C座,113.948448,22.526588
南山科技南,广东,深圳市,南山区,深圳湾科技生态园7栋B座雄,广东深圳市南山区深圳湾科技生态园7栋B座雄,广东深圳市南山区深圳湾科技生态园7栋B座雄,113.953997,22.53077
南山科技南,广东,深圳市,南山区,白石路深圳湾科技生态园二期9A2栋,广东深圳市南山区白石路深圳湾科技生态园二期9A2栋,广东深圳市南山区白石路深圳湾科技生态园二期9A2栋,113.955103,22.530688
南山科技南,广东,深圳市,南山区,粤海街道深圳湾创新科技中心T1栋楼,广东深圳市南山区粤海街道深圳湾创新科技中心T1栋楼,广东深圳市南山区粤海街道深圳湾创新科技中心T1栋楼,113.947796,22.528362
南山科技南,广东,深圳市,南山区,软件产业基地2B栋,广东深圳市南山区软件产业基地2B栋,广东深圳市南山区软件产业基地2B栋,113.937692,22.524702
南山科技南,广东,深圳市,南山区,粤海街道科技园南区高新南六道航盛科技大厦楼,广东深圳市南山区粤海街道科技园南区高新南六道航盛科技大厦楼,广东深圳市南山区粤海街道科技园南区高新南六道航盛科技大厦楼,113.953693,22.535818
南山科技南,广东,深圳市,南山区,粤海街道深圳湾科技生态园1栋D座,广东深圳市南山区粤海街道深圳湾科技生态园1栋D座,广东深圳市南山区粤海街道深圳湾科技生态园1栋D座,113.954197,22.527771
南山科技南,广东,深圳市,南山区,粤海街道科技南路安居高新花园3号楼,广东深圳市南山区粤海街道科技南路安居高新花园3号楼,广东深圳市南山区粤海街道科技南路安居高新花园3号楼,113.951278,22.53412
南山科技南,广东,深圳市,南山区,粤海街道科苑南路中信海阔天空B栋,广东深圳市南山区粤海街道科苑南路中信海阔天空B栋,广东深圳市南山区粤海街道科苑南路中信海阔天空B栋,113.945252,22.526346
南山科技南,广东,深圳市,南山区,富诚大厦物业楼,广东深圳市南山区富诚大厦物业楼,广东深圳市南山区富诚大厦物业楼,113.954442,22.538562
南山科技南,广东,深圳市,南山区,粤海街道高新南环路80号浪琴半岛1A,广东深圳市南山区粤海街道高新南环路80号浪琴半岛1A,广东深圳市南山区粤海街道高新南环路80号浪琴半岛1A,113.94855,22.52269
南山科技南,广东,深圳市,南山区,粤海街道百度国际大厦东塔楼楼,广东深圳市南山区粤海街道百度国际大厦东塔楼楼,广东深圳市南山区粤海街道百度国际大厦东塔楼楼,113.942736,22.524563
南山科技南,广东,深圳市,南山区,粤海街道创世纪滨海花园三栋,广东深圳市南山区粤海街道创世纪滨海花园三栋,广东深圳市南山区粤海街道创世纪滨海花园三栋,113.930055,22.523942
南山科技南,广东,深圳市,南山区,粤海街道深圳大学结构工程,广东深圳市南山区粤海街道深圳大学结构工程,广东深圳市南山区粤海街道深圳大学结构工程,113.94054,22.539366
南山科技南,广东,深圳市,南山区,粤海街道深圳大学粤海校区紫薇斋架空,广东深圳市南山区粤海街道深圳大学粤海校区紫薇斋,广东深圳市南山区粤海街道深圳大学粤海校区紫薇斋,113.93929,22.533978
南山科技南,广东,深圳市,南山区,粤海街道粤海校区紫薇斋,广东深圳市南山区粤海街道粤海校区紫薇斋,广东深圳市南山区粤海街道粤海校区紫薇斋,113.938038,22.530456
南山科技南,广东,深圳市,南山区,中国储能大厦楼,广东深圳市南山区中国储能大厦楼,广东深圳市南山区中国储能大厦楼,113.944852,22.537826
南山科技南,广东,深圳市,南山区,粤海街道海天二路33号腾讯滨海大厦,广东深圳市南山区粤海街道海天二路33号腾讯滨海大厦,广东深圳市南山区粤海街道海天二路33号腾讯滨海大厦,113.935257,22.522289
南山科技南,广东,深圳市,南山区,深圳湾生态科技园7栋b座东楼经理办公室,广东深圳市南山区深圳湾生态科技园7栋b座东楼经理办公室,广东深圳市南山区深圳湾生态科技园7栋b座东楼经理办公室,113.950183,22.519126
南山科技南,广东,深圳市,南山区,粤海街道南海大道3688号深圳大学粤海校区西南,广东深圳市南山区粤海街道南海大道3688号深圳大学粤海校区西南,广东深圳市南山区粤海街道南海大道3688号深圳大学粤海校区西南,113.936577,22.532641
南山科技南,广东,深圳市,南山区,学府路厚德品园B,广东深圳市南山区学府路厚德品园B,广东深圳市南山区学府路厚德品园B,113.930617,22.526198
南山科技南,广东,深圳市,南山区,深圳湾科技生态园6号楼,广东深圳市南山区深圳湾科技生态园6号楼,广东深圳市南山区深圳湾科技生态园6号楼,113.952759,22.530092
南山科技南,广东,深圳市,南山区,南山区粤海街道高新南九道53号航空航天大厦2号楼,广东深圳市南山区粤海街道高新南九道53号航空航天大厦2号楼,广东深圳市南山区粤海街道高新南九道53号航空航天大厦2号楼,113.941692,22.527168
南山科技南,广东,深圳市,南山区,南山区粤海街道沙河西路1801号国实大厦,广东深圳市南山区粤海街道沙河西路1801号国实大厦,广东深圳市南山区粤海街道沙河西路1801号国实大厦,113.953683,22.524
南山科技南,广东,深圳市,南山区,安居博文苑STUNNING暴躁,广东深圳市南山区安居博文苑,广东深圳市南山区安居博文苑,113.951794,22.525014
南山科技南,广东,深圳市,南山区,粤海街道科技南一路阳光粤海花园2E座,广东深圳市南山区粤海街道科技南一路阳光粤海花园2E座,广东深圳市南山区粤海街道科技南一路阳光粤海花园2E座,113.940854,22.533237
南山科技南,广东,深圳市,南山区,高新南9道39号清华大学研究院新大楼A座楼,广东深圳市南山区高新南9道39号清华大学研究院新大楼A座楼,广东深圳市南山区高新南9道39号清华大学研究院新大楼A座楼,113.941972,22.533095
南山科技南,广东,深圳市,南山区,高新南环路22号深圳湾科技生态园一区6栋,广东深圳市南山区高新南环路22号深圳湾科技生态园一区6栋,广东深圳市南山区高新南环路22号深圳湾科技生态园一区6栋,113.952435,22.529886
南山科技南,广东,深圳市,南山区,南山区科技园深圳湾创新科技中心T1A座,广东深圳市南山区科技园深圳湾创新科技中心T1A座,广东深圳市南山区科技园深圳湾创新科技中心T1A座,113.947796,22.528362
南山科技南,广东,深圳市,南山区,高新南环路22号深圳湾科技生态园1区4栋联发软件设计有限公司,广东深圳市南山区高新南环路22号深圳湾科技生态园1区4栋联发软件设计有限公司,广东深圳市南山区高新南环路22号深圳湾科技生态园1区4栋联发软件设计有限公司,113.952435,22.529886
南山科技南,广东,深圳市,南山区,粤海街道高新南九道59号北科大厦层,广东深圳市南山区粤海街道高新南九道59号北科大厦层,广东深圳市南山区粤海街道高新南九道59号北科大厦层,113.939919,22.525924
南山科技南,广东,深圳市,南山区,粤海街道科技园卓越浅水湾花园8栋,广东深圳市南山区粤海街道科技园卓越浅水湾花园8栋,广东深圳市南山区粤海街道科技园卓越浅水湾花园8栋,113.947737,22.522475
南山科技南,广东,深圳市,南山区,海天二路腾讯滨海大厦酒中酒霸2,广东深圳市南山区海天二路腾讯滨海大厦酒中酒霸2,广东深圳市南山区海天二路腾讯滨海大厦酒中酒霸2,113.935257,22.522289
南山科技南,广东,深圳市,南山区,高新南十一道恒立听海恒立听海花园1栋b,广东深圳市南山区高新南十一道恒立听海恒立听海花园1栋b,广东深圳市南山区高新南十一道恒立听海恒立听海花园1栋b,113.948103,22.523688
南山科技南,广东,深圳市,南山区,金地威新软件科技园项目5号楼-层,广东深圳市南山区金地威新软件科技园项目5号楼-层,广东深圳市南山区金地威新软件科技园项目5号楼-层,113.948908,22.529243
南山科技南,广东,深圳市,南山区,深圳湾创新科技中心t3栋,广东深圳市南山区深圳湾创新科技中心t3栋,广东深圳市南山区深圳湾创新科技中心t3栋,113.947796,22.528362
南山科技南,广东,深圳市,南山区,南山区粤海街道a8音乐大厦馨livehouse楼前台,广东深圳市南山区粤海街道a8音乐大厦馨livehouse楼前台,广东深圳市南山区粤海街道a8音乐大厦馨livehouse楼前台,113.938304,22.52254
南山科技南,广东,深圳市,南山区,深圳大学粤海校区汇星楼楼,广东深圳市南山区深圳大学粤海校区汇星楼楼,广东深圳市南山区深圳大学粤海校区汇星楼楼,113.936577,22.532641
南山科技南,广东,深圳市,南山区,粤海街道海天一路11号软件产业基地5栋C座楼,广东深圳市南山区粤海街道海天一路11号软件产业基地5栋C座楼,广东深圳市南山区粤海街道海天一路11号软件产业基地5栋C座楼,113.940806,22.523864
南山科技南,广东,深圳市,南山区,深圳湾科技生态园12栋裙楼楼交大深圳研究院,广东深圳市南山区深圳湾科技生态园12栋裙楼楼交大深圳研究院,广东深圳市南山区深圳湾科技生态园12栋裙楼楼交大深圳研究院,113.951018,22.531861
南山科技南,广东,深圳市,南山区,粤海街道高新区社区白石路3709号迅雷大厦2101至,广东深圳市南山区粤海街道高新区社区白石路3709号迅雷大厦2101至,广东深圳市南山区粤海街道高新区社区白石路3709号迅雷大厦2101至,113.946404,22.532195
南山科技南,广东,深圳市,南山区,深圳大学粤海校区花圃办公室,广东深圳市南山区深圳大学粤海校区花圃办公室,广东深圳市南山区深圳大学粤海校区花圃办公室,113.936577,22.532641
南山科技南,广东,深圳市,南山区,高新南一道飞亚达大厦菜鸟,广东深圳市南山区高新南一道飞亚达大厦菜鸟,广东深圳市南山区高新南一道飞亚达大厦菜鸟,113.954889,22.538953
南山科技南,广东,深圳市,南山区,软件产业基地4D楼,广东深圳市南山区软件产业基地4D楼,广东深圳市南山区软件产业基地4D楼,113.937961,22.522915
南山科技南,广东,深圳市,南山区,粤海街道南海大道3688号深圳大学粤海校区紫薇斋,广东深圳市南山区粤海街道南海大道3688号深圳大学粤海校区紫薇斋,广东深圳市南山区粤海街道南海大道3688号深圳大学粤海校区紫薇斋,113.93929,22.533978
南山科技南,广东,深圳市,南山区,粤海街道深圳湾创新科技中心T5栋,广东深圳市南山区粤海街道深圳湾创新科技中心T5栋,广东深圳市南山区粤海街道深圳湾创新科技中心T5栋,113.947796,22.528362
南山科技南,广东,深圳市,南山区,高新南十道海怡东方花园2栋,广东深圳市南山区高新南十道海怡东方花园2栋,广东深圳市南山区高新南十道海怡东方花园2栋,113.95133,22.52622
南山科技南,广东,深圳市,南山区,创世纪滨海花园7一,广东深圳市南山区创世纪滨海花园7一,广东深圳市南山区创世纪滨海花园7一,113.930055,22.523942
南山科技南,广东,深圳市,南山区,粤海街道海天一路深圳市软件产业基地5栋B座6F,广东深圳市南山区粤海街道海天一路深圳市软件产业基地5栋B座6F,广东深圳市南山区粤海街道海天一路深圳市软件产业基地5栋B座6F,113.940081,22.523892
南山科技南,广东,深圳市,南山区,深圳市南山区高新南一道13号赋安科技大厦B座,广东深圳市南山区深圳市南山区高新南一道13号赋安科技大厦B座,广东深圳市南山区深圳市南山区高新南一道13号赋安科技大厦B座,113.951537,22.537954
南山科技南,广东,深圳市,南山区,粤海街道TCL大厦B座,广东深圳市南山区粤海街道TCL大厦B座,广东深圳市南山区粤海街道TCL大厦B座,113.92301,22.520049
南山科技南,广东,深圳市,南山区,粤海街道阳光粤海2F座1019,广东深圳市南山区粤海街道阳光粤海2F座1019,广东深圳市南山区粤海街道阳光粤海2F座1019,113.940561,22.532629
南山科技南,广东,深圳市,南山区,深圳市南山区白石路3609号深圳湾科技生态园9栋A3丰巢1号柜,广东深圳市南山区深圳市南山区白石路3609号深圳湾科技生态园9栋A3丰巢1号柜,广东深圳市南山区深圳市南山区白石路3609号深圳湾科技生态园9栋A3丰巢1号柜,113.952435,22.529886
南山科技南,广东,深圳市,南山区,粤海街道滨海大道3388号三诺智慧大厦楼,广东深圳市南山区粤海街道滨海大道3388号三诺智慧大厦楼,广东深圳市南山区粤海街道滨海大道3388号三诺智慧大厦楼,113.937191,22.522357
南山科技南,广东,深圳市,南山区,粤海街道粤兴二道1号深圳虚拟大学园重点实验室平台大楼B,广东深圳市南山区粤海街道粤兴二道1号深圳虚拟大学园重点实验室平台大楼B,广东深圳市南山区粤海街道粤兴二道1号深圳虚拟大学园重点实验室平台大楼B,113.943084,22.530047
南山科技南,广东,深圳市,南山区,粤海街道粤海街道创维半导体设计大厦东座15F锐川,广东深圳市南山区粤海街道粤海街道创维半导体设计大厦东座15F锐川,广东深圳市南山区粤海街道粤海街道创维半导体设计大厦东座15F锐川,113.923154,22.506107
南山科技南,广东,深圳市,南山区,粤海街道深圳湾科技生态园5栋B座,广东深圳市南山区粤海街道深圳湾科技生态园5栋B座,广东深圳市南山区粤海街道深圳湾科技生态园5栋B座,113.953013,22.528927
南山科技南,广东,深圳市,南山区,粤海街道南山软件基地5栋B单元,广东深圳市南山区粤海街道南山软件基地5栋B单元,广东深圳市南山区粤海街道南山软件基地5栋B单元,113.944859,22.528137
南山科技南,广东,深圳市,南山区,高新南四道034号高新工业村W1栋楼一号深圳市琛百惠科技有限公司,广东深圳市南山区高新南四道034号高新工业村W1栋楼一号深圳市琛百惠科技有限公司,广东深圳市南山区高新南四道034号高新工业村W1栋楼一号深圳市琛百惠科技有限公司,113.943711,22.537067
南山科技南,广东,深圳市,南山区,金地威新中心b座楼,广东深圳市南山区金地威新中心b座楼,广东深圳市南山区金地威新中心b座楼,113.951307,22.528523
南山科技南,广东,深圳市,南山区,南山区粤海街道高新南十道深圳湾科技生态园11A507白色,广东深圳市南山区粤海街道高新南十道深圳湾科技生态园11A507白色,广东深圳市南山区粤海街道高新南十道深圳湾科技生态园11A507白色,113.950554,22.530253
南山科技南,广东,深圳市,南山区,粤海街道滨海社区海天一路8号百度国际大厦西塔,广东深圳市南山区粤海街道滨海社区海天一路8号百度国际大厦西塔,广东深圳市南山区粤海街道滨海社区海天一路8号百度国际大厦西塔,113.942736,22.524563
南山科技南,广东,深圳市,南山区,粤海街道岗园路与粤兴一道交叉口西南方向115米左右深圳大学南区学生公寓,广东深圳市南山区粤海街道岗园路与粤兴一道交叉口西南方向115米左右深圳大学南区学生公寓,广东深圳市南山区粤海街道岗园路与粤兴一道交叉口西南方向115米左右深圳大学南区学生公寓,113.94054,22.539366
南山科技南,广东,深圳市,南山区,粤海街道南山学府路6号厚德品园A号,广东深圳市南山区粤海街道南山学府路6号厚德品园A号,广东深圳市南山区粤海街道南山学府路6号厚德品园A号,113.930289,22.526287
南山科技南,广东,深圳市,南山区,粤海街道深圳大学粤海校区紫薇斋菜鸟,广东深圳市南山区粤海街道深圳大学粤海校区紫薇斋菜鸟,广东深圳市南山区粤海街道深圳大学粤海校区紫薇斋菜鸟,113.93929,22.533978
南山科技南,广东,深圳市,南山区,粤海街道深圳湾创新科技中心2栋B座,广东深圳市南山区粤海街道深圳湾创新科技中心2栋B座,广东深圳市南山区粤海街道深圳湾创新科技中心2栋B座,113.947796,22.528362
南山科技南,广东,深圳市,南山区,粤海街道南海大道3688号深圳大学粤海校区紫薇斋米白,广东深圳市南山区粤海街道南海大道3688号深圳大学粤海校区紫薇斋米白,广东深圳市南山区粤海街道南海大道3688号深圳大学粤海校区紫薇斋米白,113.93929,22.533978
南山科技南,广东,深圳市,南山区,粤海街道阳光粤海2F座,广东深圳市南山区粤海街道阳光粤海2F座,广东深圳市南山区粤海街道阳光粤海2F座,113.940561,22.532629
南山科技南,广东,深圳市,南山区,粤海街道高新南环路46号熙湾俊庭C,广东深圳市南山区粤海街道高新南环路46号熙湾俊庭C,广东深圳市南山区粤海街道高新南环路46号熙湾俊庭C,113.948113,22.524983
南山科技南,广东,深圳市,南山区,南山区粤海街道南海大道3688号深圳大学沧海校区致工楼B,广东深圳市南山区粤海街道南海大道3688号深圳大学沧海校区致工楼B,广东深圳市南山区粤海街道南海大道3688号深圳大学沧海校区致工楼B,113.938473,22.526158
南山科技南,广东,深圳市,南山区,锦隆花园锦华阁D,广东深圳市南山区锦隆花园锦华阁D,广东深圳市南山区锦隆花园锦华阁D,113.934074,22.524904
南山科技南,广东,深圳市,南山区,粤海街道航盛科技大厦楼嘉旺餐厅,广东深圳市南山区粤海街道航盛科技大厦楼嘉旺餐厅,广东深圳市南山区粤海街道航盛科技大厦楼嘉旺餐厅,113.953693,22.535818
南山科技南,广东,深圳市,南山区,粤海街道南海大道3688号深圳大学杜鹃山,广东深圳市南山区粤海街道南海大道3688号深圳大学杜鹃山,广东深圳市南山区粤海街道南海大道3688号深圳大学杜鹃山,113.935856,22.52982
南山科技南,广东,深圳市,南山区,粤海街道海天一路11号软件产业基地5栋C座楼室,广东深圳市南山区粤海街道海天一路11号软件产业基地5栋C座楼室,广东深圳市南山区粤海街道海天一路11号软件产业基地5栋C座楼室,113.940806,22.523864
南山科技南,广东,深圳市,南山区,南山区粤海街道深圳大学南区冬筑,广东深圳市南山区粤海街道深圳大学南区冬筑,广东深圳市南山区粤海街道深圳大学南区冬筑,113.94054,22.539366
南山科技南,广东,深圳市,南山区,粤海街道科技南十二路9号迈瑞研发大厦,广东深圳市南山区粤海街道科技南十二路9号迈瑞研发大厦,广东深圳市南山区粤海街道科技南十二路9号迈瑞研发大厦,113.955399,22.53869
南山科技南,广东,深圳市,南山区,粤海街道高新南环路61号卓越浅水湾花园3栋,广东深圳市南山区粤海街道高新南环路61号卓越浅水湾花园3栋,广东深圳市南山区粤海街道高新南环路61号卓越浅水湾花园3栋,113.94774,22.522424
南山科技南,广东,深圳市,南山区,软件产业园4A栋,广东深圳市南山区软件产业园4A栋,广东深圳市南山区软件产业园4A栋,113.930478,22.533191
南山科技南,广东,深圳市,南山区,南山区粤海街道高新南区粤兴一道9号香港科技大学产学研大楼-B,广东深圳市南山区粤海街道高新南区粤兴一道9号香港科技大学产学研大楼-B,广东深圳市南山区粤海街道高新南区粤兴一道9号香港科技大学产学研大楼-B,113.94348,22.531052
南山科技南,广东,深圳市,南山区,粤海街道深圳市南山区软件产业基地5栋E座楼B室,广东深圳市南山区粤海街道深圳市南山区软件产业基地5栋E座楼B室,广东深圳市南山区粤海街道深圳市南山区软件产业基地5栋E座楼B室,113.938979,22.523146
南山科技南,广东,深圳市,南山区,深圳市南山区粤海街道豪威科技大厦外卖柜,广东深圳市南山区深圳市南山区粤海街道豪威科技大厦外卖柜,广东深圳市南山区深圳市南山区粤海街道豪威科技大厦外卖柜,113.95249,22.533516
南山科技南,广东,深圳市,南山区,高新南十一道滨福广场快递柜,广东深圳市南山区高新南十一道滨福广场快递柜,广东深圳市南山区高新南十一道滨福广场快递柜,113.946519,22.524359
南山科技南,广东,深圳市,南山区,粤海街道滨海社区海天一路6号百度国际大厦东塔楼层,广东深圳市南山区粤海街道滨海社区海天一路6号百度国际大厦东塔楼层,广东深圳市南山区粤海街道滨海社区海天一路6号百度国际大厦东塔楼层,113.942736,22.524563
南山科技南,广东,深圳市,南山区,沙河西路与白石路交汇处西南深圳湾科技园区F3深圳湾科技生态园1区5栋B座,广东深圳市南山区沙河西路与白石路交汇处西南深圳湾科技园区F3深圳湾科技生态园1区5栋B座,广东深圳市南山区沙河西路与白石路交汇处西南深圳湾科技园区F3深圳湾科技生态园1区5栋B座,113.954018,22.528236
南山科技南,广东,深圳市,南山区,南山区粤海街道高新南十道深圳百度国际大厦西塔楼,广东深圳市南山区粤海街道高新南十道深圳百度国际大厦西塔楼,广东深圳市南山区粤海街道高新南十道深圳百度国际大厦西塔楼,113.942397,22.524445
南山科技南,广东,深圳市,南山区,高新南四道,广东深圳市南山区高新南四道,广东深圳市南山区高新南四道,113.948537,22.536266
南山科技南,广东,深圳市,南山区,粤海街道高新南一道6号tcl大厦A座楼中,广东深圳市南山区粤海街道高新南一道6号tcl大厦A座楼中,广东深圳市南山区粤海街道高新南一道6号tcl大厦A座楼中,113.952801,22.539238
南山科技南,广东,深圳市,南山区,粤海街道深圳湾科技生态园1区1B座,广东深圳市南山区粤海街道深圳湾科技生态园1区1B座,广东深圳市南山区粤海街道深圳湾科技生态园1区1B座,113.95371,22.528228
南山科技南,广东,深圳市,南山区,粤海街道飞亚达科技大厦楼,广东深圳市南山区粤海街道飞亚达科技大厦楼,广东深圳市南山区粤海街道飞亚达科技大厦楼,113.955608,22.539082
南山科技南,广东,深圳市,南山区,粤海街道绿景赋安科技大厦B座601尚,广东深圳市南山区粤海街道绿景赋安科技大厦B座601尚,广东深圳市南山区粤海街道绿景赋安科技大厦B座601尚,113.95148,22.538184
南山科技南,广东,深圳市,南山区,粤海街道沧海校区,广东深圳市南山区粤海街道沧海校区,广东深圳市南山区粤海街道沧海校区,113.937374,22.527895
南山科技南,广东,深圳市,南山区,沙河西路与白石路交汇处深圳湾科技园区生态园9A1栋楼,广东深圳市南山区沙河西路与白石路交汇处深圳湾科技园区生态园9A1栋楼,广东深圳市南山区沙河西路与白石路交汇处深圳湾科技园区生态园9A1栋楼,113.954262,22.529368
南山科技南,广东,深圳市,南山区,粤海街道南山科技园长虹科技大厦,广东深圳市南山区粤海街道南山科技园长虹科技大厦,广东深圳市南山区粤海街道南山科技园长虹科技大厦,113.957613,22.538135
南山科技南,广东,深圳市,南山区,粤海街道深圳大学沧海校区冬筑,广东深圳市南山区粤海街道深圳大学沧海校区冬筑,广东深圳市南山区粤海街道深圳大学沧海校区冬筑,113.939384,22.528107
南山科技南,广东,深圳市,南山区,科技南八路二号豪威科技大厦楼C25张克东,广东深圳市南山区科技南八路二号豪威科技大厦楼C25,广东深圳市南山区科技南八路二号豪威科技大厦楼C25,113.95249,22.533516
南山科技南,广东,深圳市,南山区,粤海街道南山区粤海街道深圳湾科技生态园5栋B座,广东深圳市南山区粤海街道南山区粤海街道深圳湾科技生态园5栋B座,广东深圳市南山区粤海街道南山区粤海街道深圳湾科技生态园5栋B座,113.953013,22.528927
南山科技南,广东,深圳市,南山区,粤海街道高新南四道18号创维半导体设计大厦西座,广东深圳市南山区粤海街道高新南四道18号创维半导体设计大厦西座,广东深圳市南山区粤海街道高新南四道18号创维半导体设计大厦西座,113.952746,22.537064
南山科技南,广东,深圳市,南山区,高新园高新南四道创维半导体大厦东座,广东深圳市南山区高新园高新南四道创维半导体大厦东座,广东深圳市南山区高新园高新南四道创维半导体大厦东座,113.923154,22.506107
南山科技南,广东,深圳市,南山区,粤海街道书山路创世纪滨海花园6栋,广东深圳市南山区粤海街道书山路创世纪滨海花园6栋,广东深圳市南山区粤海街道书山路创世纪滨海花园6栋,113.930055,22.523942
南山科技南,广东,深圳市,南山区,粤海街道学府路锦隆花园豪苑D,广东深圳市南山区粤海街道学府路锦隆花园豪苑D,广东深圳市南山区粤海街道学府路锦隆花园豪苑D,113.93351,22.52455
南山科技南,广东,深圳市,南山区,粤海街道金地威新b座,广东深圳市南山区粤海街道金地威新b座,广东深圳市南山区粤海街道金地威新b座,113.944859,22.528137
南山科技南,广东,深圳市,南山区,深圳湾生态科技园7B栋东座楼营业部,广东深圳市南山区深圳湾生态科技园7B栋东座楼营业部,广东深圳市南山区深圳湾生态科技园7B栋东座楼营业部,113.923154,22.506107
南山科技南,广东,深圳市,南山区,粤海街道深圳市软件产业基地2栋A座室，0134灰,广东深圳市南山区粤海街道深圳市软件产业基地2栋A座室，0134灰,广东深圳市南山区粤海街道深圳市软件产业基地2栋A座室，0134灰,113.937039,22.524702
南山科技南,广东,深圳市,南山区,粤海街道深圳湾创新科技中心2栋负楼号,广东深圳市南山区粤海街道深圳湾创新科技中心2栋负楼号,广东深圳市南山区粤海街道深圳湾创新科技中心2栋负楼号,113.947796,22.528362
南山科技南,广东,深圳市,南山区,粤海街道学府路63号荣超高新区联合总部大厦楼,广东深圳市南山区粤海街道学府路63号荣超高新区联合总部大厦楼,广东深圳市南山区粤海街道学府路63号荣超高新区联合总部大厦楼,113.943134,22.525313
南山科技南,广东,深圳市,南山区,南山区粤海街道南山区迅雷大厦,广东深圳市南山区粤海街道南山区迅雷大厦,广东深圳市南山区粤海街道南山区迅雷大厦,113.946404,22.532195
南山科技南,广东,深圳市,南山区,粤海街道高新南九道深圳湾创新科技中心2栋A座层,广东深圳市南山区粤海街道高新南九道深圳湾创新科技中心2栋A座层,广东深圳市南山区粤海街道高新南九道深圳湾创新科技中心2栋A座层,113.924164,22.488255
南山科技南,广东,深圳市,南山区,高新南十二道长虹科技大厦,广东深圳市南山区高新南十二道长虹科技大厦,广东深圳市南山区高新南十二道长虹科技大厦,113.957613,22.538135
南山科技南,广东,深圳市,南山区,南山区粤海街道深圳市软件产业基地4栋,广东深圳市南山区粤海街道深圳市软件产业基地4栋,广东深圳市南山区粤海街道深圳市软件产业基地4栋,113.937828,22.523856
南山科技南,广东,深圳市,南山区,深南大道9789号德赛科技大厦西座层,广东深圳市南山区深南大道9789号德赛科技大厦西座层,广东深圳市南山区深南大道9789号德赛科技大厦西座层,113.954428,22.539456
南山科技南,广东,深圳市,南山区,粤海街道深圳大学粤海校区海滨小,广东深圳市南山区粤海街道深圳大学粤海校区海滨小,广东深圳市南山区粤海街道深圳大学粤海校区海滨小,113.936577,22.532641
南山科技南,广东,深圳市,南山区,深圳湾创新科技中心,广东深圳市南山区深圳湾创新科技中心,广东深圳市南山区深圳湾创新科技中心,113.947796,22.528362
南山科技南,广东,深圳市,南山区,粤海街道广东省深圳市南山区科苑南路3099号中国储能大厦楼乐,广东深圳市南山区粤海街道广东省深圳市南山区科苑南路3099号中国储能大厦楼乐,广东深圳市南山区粤海街道广东省深圳市南山区科苑南路3099号中国储能大厦楼乐,113.944852,22.537826
南山科技南,广东,深圳市,南山区,后海大道2388号怡化金融科技大厦楼-1404数智壹,广东深圳市南山区后海大道2388号怡化金融科技大厦楼-1404数智壹,广东深圳市南山区后海大道2388号怡化金融科技大厦楼-1404数智壹,113.935963,22.524447
南山科技南,广东,深圳市,南山区,粤海街道创世纪滨海花园4栋,广东深圳市南山区粤海街道创世纪滨海花园4栋,广东深圳市南山区粤海街道创世纪滨海花园4栋,113.930055,22.523942
南山科技南,广东,深圳市,南山区,粤海街道书山路3008号创世纪滨海花园6栋,广东深圳市南山区粤海街道书山路3008号创世纪滨海花园6栋,广东深圳市南山区粤海街道书山路3008号创世纪滨海花园6栋,113.930088,22.524479
南山科技南,广东,深圳市,南山区,粤海街道学府路锦隆花园锦华阁C,广东深圳市南山区粤海街道学府路锦隆花园锦华阁C,广东深圳市南山区粤海街道学府路锦隆花园锦华阁C,113.934074,22.524904
南山科技南,广东,深圳市,南山区,南山区粤海街道书山路3008号创世纪滨海花园10栋,广东深圳市南山区粤海街道书山路3008号创世纪滨海花园10栋,广东深圳市南山区粤海街道书山路3008号创世纪滨海花园10栋,113.930088,22.524479
南山科技南,广东,深圳市,南山区,圳南山安居高新花园1栋,广东深圳市南山区圳南山安居高新花园1栋,广东深圳市南山区圳南山安居高新花园1栋,113.951278,22.53412
南山科技南,广东,深圳市,南山区,粤海街道安居高新花园南区1栋,广东深圳市南山区粤海街道安居高新花园南区1栋,广东深圳市南山区粤海街道安居高新花园南区1栋,113.951278,22.53412
南山科技南,广东,深圳市,南山区,高新南环十一道恒立听海8栋,广东深圳市南山区高新南环十一道恒立听海8栋,广东深圳市南山区高新南环十一道恒立听海8栋,113.947347,22.523928
南山科技南,广东,深圳市,南山区,高新南环路纯海岸雅居4栋,广东深圳市南山区高新南环路纯海岸雅居4栋,广东深圳市南山区高新南环路纯海岸雅居4栋,113.952947,22.523052
南山科技南,广东,深圳市,南山区,科苑路海阔天空雅居D栋,广东深圳市南山区科苑路海阔天空雅居D栋,广东深圳市南山区科苑路海阔天空雅居D栋,113.945252,22.526346
南山科技南,广东,深圳市,南山区,粤海街道高新南环路8号博海名苑2栋,广东深圳市南山区粤海街道高新南环路8号博海名苑2栋,广东深圳市南山区粤海街道高新南环路8号博海名苑2栋,113.952782,22.52365
南山科技南,广东,深圳市,南山区,广东省深圳市南山区粤海街道深圳大学沧海校区冬筑,广东深圳市南山区广东省深圳市南山区粤海街道深圳大学沧海校区冬筑,广东深圳市南山区广东省深圳市南山区粤海街道深圳大学沧海校区冬筑,113.939384,22.528107
南山科技南,广东,深圳市,南山区,粤海街道深圳湾科技生态园12栋B4座楼,广东深圳市南山区粤海街道深圳湾科技生态园12栋B4座楼,广东深圳市南山区粤海街道深圳湾科技生态园12栋B4座楼,113.951218,22.532051
南山科技南,广东,深圳市,南山区,粤海街道创维半导体设计大厦西座楼,广东深圳市南山区粤海街道创维半导体设计大厦西座楼,广东深圳市南山区粤海街道创维半导体设计大厦西座楼,113.922317,22.506422
南山科技南,广东,深圳市,南山区,粤海街道赋安科技大厦B,广东深圳市南山区粤海街道赋安科技大厦B,广东深圳市南山区粤海街道赋安科技大厦B,113.919524,22.496283
南山科技南,广东,深圳市,南山区,粤海街道阳光粤海大厦,广东深圳市南山区粤海街道阳光粤海大厦,广东深圳市南山区粤海街道阳光粤海大厦,113.941542,22.53268
南山科技南,广东,深圳市,南山区,粤海街道深圳国家工程实验室大楼a1103深圳智物联科技有限公司,广东深圳市南山区粤海街道深圳国家工程实验室大楼a1103深圳智物联科技有限公司,广东深圳市南山区粤海街道深圳国家工程实验室大楼a1103深圳智物联科技有限公司,113.948561,22.534573
南山科技南,广东,深圳市,南山区,粤兴六道中科纳能大厦A单元701QC部,广东深圳市南山区粤兴六道中科纳能大厦A单元701QC部,广东深圳市南山区粤兴六道中科纳能大厦A单元701QC部,113.941494,22.526316
南山科技南,广东,深圳市,南山区,科苑南路阳光带海滨城二期彩虹之岸2栋D,广东深圳市南山区科苑南路阳光带海滨城二期彩虹之岸2栋D,广东深圳市南山区科苑南路阳光带海滨城二期彩虹之岸2栋D,113.947691,22.526483
南山科技南,广东,深圳市,南山区,粤海街道书山路3008号创世纪滨海花园4栋,广东深圳市南山区粤海街道书山路3008号创世纪滨海花园4栋,广东深圳市南山区粤海街道书山路3008号创世纪滨海花园4栋,113.930088,22.524479
南山科技南,广东,深圳市,南山区,粤海街道高新南环路56号深圳湾彩虹之岸7栋,广东深圳市南山区粤海街道高新南环路56号深圳湾彩虹之岸7栋,广东深圳市南山区粤海街道高新南环路56号深圳湾彩虹之岸7栋,113.947676,22.526148
南山科技南,广东,深圳市,南山区,高新南十道金地威新中心A座17F地平线,广东深圳市南山区高新南十道金地威新中心A座17F地平线,广东深圳市南山区高新南十道金地威新中心A座17F地平线,113.951307,22.528523
南山科技南,广东,深圳市,南山区,南山区粤海街道高新南十一道恒立听海花园3栋,广东深圳市南山区粤海街道高新南十一道恒立听海花园3栋,广东深圳市南山区粤海街道高新南十一道恒立听海花园3栋,113.946834,22.523603
南山科技南,广东,深圳市,南山区,粤海街道高新南九道61号卫星大厦楼A室,广东深圳市南山区粤海街道高新南九道61号卫星大厦楼A室,广东深圳市南山区粤海街道高新南九道61号卫星大厦楼A室,113.939678,22.525407
南山科技南,广东,深圳市,南山区,粤海街道海怡东方花园1栋D,广东深圳市南山区粤海街道海怡东方花园1栋D,广东深圳市南山区粤海街道海怡东方花园1栋D,113.95133,22.52622
南山科技南,广东,深圳市,南山区,高新南六路安居南馨苑1栋,广东深圳市南山区高新南六路安居南馨苑1栋,广东深圳市南山区高新南六路安居南馨苑1栋,113.953126,22.535259
南山科技南,广东,深圳市,南山区,粤海街道科技南十二路迈瑞研发大厦,广东深圳市南山区粤海街道科技南十二路迈瑞研发大厦,广东深圳市南山区粤海街道科技南十二路迈瑞研发大厦,113.955399,22.53869
南山科技南,广东,深圳市,南山区,荣超高新区联合总部大厦楼 送上楼 不要柜）,广东深圳市南山区荣超高新区联合总部大厦楼 送上楼 不要柜）,广东深圳市南山区荣超高新区联合总部大厦楼 送上楼 不要柜）,113.943134,22.525313
南山科技南,广东,深圳市,南山区,高新南四道88号光启未来中心-A栋室,广东深圳市南山区高新南四道88号光启未来中心-A栋室,广东深圳市南山区高新南四道88号光启未来中心-A栋室,113.950968,22.536949
南山科技南,广东,深圳市,南山区,粤海街道桂庙新村学府路2号武装部,广东深圳市南山区粤海街道桂庙新村学府路2号武装部,广东深圳市南山区粤海街道桂庙新村学府路2号武装部,113.931335,22.52602
南山科技南,广东,深圳市,南山区,南山区粤海街道高新区社区高新南九道39号深圳清华大学研究院新大,广东深圳市南山区粤海街道高新区社区高新南九道39号深圳清华大学研究院新大,广东深圳市南山区粤海街道高新区社区高新南九道39号深圳清华大学研究院新大,113.942829,22.528275
南山科技南,广东,深圳市,南山区,高新南七道20号深圳市高新技术产业园区R2-B楼A07,广东深圳市南山区高新南七道20号深圳市高新技术产业园区R2-B楼A07,广东深圳市南山区高新南七道20号深圳市高新技术产业园区R2-B楼A07,113.943525,22.53389
南山科技南,广东,深圳市,南山区,南山区粤海街道南海大道3688号深圳大学粤海门广场实验室楼,广东深圳市南山区粤海街道南海大道3688号深圳大学粤海门广场实验室楼,广东深圳市南山区粤海街道南海大道3688号深圳大学粤海门广场实验室楼,113.932603,22.527539
南山科技南,广东,深圳市,南山区,粤海街道恒立听海花园2栋,广东深圳市南山区粤海街道恒立听海花园2栋,广东深圳市南山区粤海街道恒立听海花园2栋,113.947766,22.525003
南山科技南,广东,深圳市,南山区,东方电气深圳市南山区粤海街道高新南一道002号飞亚达大厦,广东深圳市南山区东方电气深圳市南山区粤海街道高新南一道002号飞亚达大厦,广东深圳市南山区东方电气深圳市南山区粤海街道高新南一道002号飞亚达大厦,113.955728,22.539406
南山科技南,广东,深圳市,南山区,a8音乐大厦楼b,广东深圳市南山区a8音乐大厦楼b,广东深圳市南山区a8音乐大厦楼b,113.938304,22.52254
南山科技南,广东,深圳市,南山区,海天一路怡化金融科技大厦,广东深圳市南山区海天一路怡化金融科技大厦,广东深圳市南山区海天一路怡化金融科技大厦,113.935963,22.524447
南山科技南,广东,深圳市,南山区,粤海街道高新南十一道科技园阳光带海滨城一期9-7A,广东深圳市南山区粤海街道高新南十一道科技园阳光带海滨城一期9-7A,广东深圳市南山区粤海街道高新南十一道科技园阳光带海滨城一期9-7A,113.953407,22.525755
南山科技南,广东,深圳市,南山区,南山区粤海街道万德莱大厦209XBOX密,广东深圳市南山区粤海街道万德莱大厦209XBOX,广东深圳市南山区粤海街道万德莱大厦209XBOX,113.948041,22.538036
南山科技南,广东,深圳市,南山区,粤海街道科技南十路6号深圳市航天新源科技有限公司 一个zy,广东深圳市南山区粤海街道科技南十路6号深圳市航天新源科技有限公司,广东深圳市南山区粤海街道科技南十路6号深圳市航天新源科技有限公司,113.954415,22.537709
南山科技南,广东,深圳市,南山区,南山区粤海街道南海大道3688号深圳大学紫薇斋,广东深圳市南山区粤海街道南海大道3688号深圳大学紫薇斋,广东深圳市南山区粤海街道南海大道3688号深圳大学紫薇斋,113.932603,22.527539
南山科技南,广东,深圳市,南山区,学府路学林雅院9,广东深圳市南山区学府路学林雅院9,广东深圳市南山区学府路学林雅院9,113.93123,22.524903
南山科技南,广东,深圳市,南山区,粤美特大厦,广东深圳市南山区粤美特大厦,广东深圳市南山区粤美特大厦,113.953795,22.533515
南山科技南,广东,深圳市,南山区,沙河西路1819号深圳湾生态科技园9栋楼,广东深圳市南山区沙河西路1819号深圳湾生态科技园9栋楼,广东深圳市南山区沙河西路1819号深圳湾生态科技园9栋楼,113.938942,22.500703
南山科技南,广东,深圳市,南山区,阳光带海滨城二期12栋c放门,广东深圳市南山区阳光带海滨城二期12栋c放门,广东深圳市南山区阳光带海滨城二期12栋c放门,113.946959,22.526163
南山科技南,广东,深圳市,南山区,南山区粤海街道锦隆花园锦绣豪苑H,广东深圳市南山区粤海街道锦隆花园锦绣豪苑H,广东深圳市南山区粤海街道锦隆花园锦绣豪苑H,113.93351,22.52455
南山科技南,广东,深圳市,南山区,粤海街道科技园南十路深圳航天科技创新研究院A,广东深圳市南山区粤海街道科技园南十路深圳航天科技创新研究院A,广东深圳市南山区粤海街道科技园南十路深圳航天科技创新研究院A,113.945906,22.544475
南山科技南,广东,深圳市,南山区,学海路海文花园1栋A3,广东深圳市南山区学海路海文花园1栋A3,广东深圳市南山区学海路海文花园1栋A3,113.932758,22.523728
南山科技南,广东,深圳市,南山区,粤海街道中国储能大厦3099号层AFG深圳中正信息科技有限公司,广东深圳市南山区粤海街道中国储能大厦3099号层AFG深圳中正信息科技有限公司,广东深圳市南山区粤海街道中国储能大厦3099号层AFG深圳中正信息科技有限公司,113.945176,22.537642
南山科技南,广东,深圳市,南山区,粤海街道高新科技南十二道2号金蝶研发中心楼,广东深圳市南山区粤海街道高新科技南十二道2号金蝶研发中心楼,广东深圳市南山区粤海街道高新科技南十二道2号金蝶研发中心楼,113.955214,22.53449
南山科技南,广东,深圳市,南山区,南山区粤海街道深圳大学粤海校区,广东深圳市南山区粤海街道深圳大学粤海校区,广东深圳市南山区粤海街道深圳大学粤海校区,113.936577,22.532641
南山科技南,广东,深圳市,南山区,深圳大学紫薇斋快递站,广东深圳市南山区深圳大学紫薇斋快递站,广东深圳市南山区深圳大学紫薇斋快递站,113.931849,22.533885
南山科技南,广东,深圳市,南山区,粤海街道沙河西路1801号国实大厦楼,广东深圳市南山区粤海街道沙河西路1801号国实大厦楼,广东深圳市南山区粤海街道沙河西路1801号国实大厦楼,113.953683,22.524
南山科技南,广东,深圳市,南山区,粤海街道南海大道3688号深圳大学科技楼号,广东深圳市南山区粤海街道南海大道3688号深圳大学科技楼号,广东深圳市南山区粤海街道南海大道3688号深圳大学科技楼号,113.932603,22.527539
南山科技南,广东,深圳市,南山区,南山区粤海街道科苑地铁站D口步行120米深圳虚拟大学园产业化基地A,广东深圳市南山区粤海街道科苑地铁站D口步行120米深圳虚拟大学园产业化基地A,广东深圳市南山区粤海街道科苑地铁站D口步行120米深圳虚拟大学园产业化基地A,113.944416,22.527276
南山科技南,广东,深圳市,南山区,卓越浅水湾花园6栋,广东深圳市南山区卓越浅水湾花园6栋,广东深圳市南山区卓越浅水湾花园6栋,113.947737,22.522475
南山科技南,广东,深圳市,南山区,赋安科技大厦B,广东深圳市南山区赋安科技大厦B,广东深圳市南山区赋安科技大厦B,113.919524,22.496283
南山科技南,广东,深圳市,南山区,高新南环路63号京武浪琴半岛1座A单元号马,广东深圳市南山区高新南环路63号京武浪琴半岛1座A单元号马,广东深圳市南山区高新南环路63号京武浪琴半岛1座A单元号马,113.948679,22.522552
南山科技南,广东,深圳市,南山区,深圳湾科技生态园1栋A座,广东深圳市南山区深圳湾科技生态园1栋A座,广东深圳市南山区深圳湾科技生态园1栋A座,113.952918,22.52747
南山科技南,广东,深圳市,南山区,博海名苑2栋,广东深圳市南山区博海名苑2栋,广东深圳市南山区博海名苑2栋,113.952782,22.52365
南山科技南,广东,深圳市,南山区,创智天地大厦A座,广东深圳市南山区创智天地大厦A座,广东深圳市南山区创智天地大厦A座,113.924164,22.488255
南山科技南,广东,深圳市,南山区,十方融梨教育南山区科技图软件产业基地5栋B栋楼,广东深圳市南山区十方融梨教育南山区科技图软件产业基地5栋B栋楼,广东深圳市南山区十方融梨教育南山区科技图软件产业基地5栋B栋楼,113.939424,22.523161
南山科技南,广东,深圳市,南山区,粤海街道南海大道3688号深圳大学沧海校区,广东深圳市南山区粤海街道南海大道3688号深圳大学沧海校区,广东深圳市南山区粤海街道南海大道3688号深圳大学沧海校区,113.939384,22.528107
南山科技南,广东,深圳市,南山区,粤海街道科技南十二路22号先健科技大厦层华,广东深圳市南山区粤海街道科技南十二路22号先健科技大厦层华,广东深圳市南山区粤海街道科技南十二路22号先健科技大厦层华,113.95726,22.538918
南山科技南,广东,深圳市,南山区,粤海街道学府路百度国际大厦西塔楼楼,广东深圳市南山区粤海街道学府路百度国际大厦西塔楼楼,广东深圳市南山区粤海街道学府路百度国际大厦西塔楼楼,113.942397,22.524445
南山科技南,广东,深圳市,南山区,南山区粤海街道南山区安居高新花园北区2栋【瑜伽文胸橘色S】,广东深圳市南山区粤海街道南山区安居高新花园北区2栋,广东深圳市南山区粤海街道南山区安居高新花园北区2栋,113.951206,22.535114
南山科技南,广东,深圳市,南山区,粤海街道安居高新花园3栋,广东深圳市南山区粤海街道安居高新花园3栋,广东深圳市南山区粤海街道安居高新花园3栋,113.951278,22.53412
南山科技南,广东,深圳市,南山区,珑御府1栋单元,广东深圳市南山区珑御府1栋单元,广东深圳市南山区珑御府1栋单元,113.949462,22.526254
南山科技南,广东,深圳市,南山区,软件产业基地1栋A座,广东深圳市南山区软件产业基地1栋A座,广东深圳市南山区软件产业基地1栋A座,113.939363,22.524558
南山科技南,广东,深圳市,南山区,粤海街道科技南一路深投控创智天地大厦楼E区,广东深圳市南山区粤海街道科技南一路深投控创智天地大厦楼E区,广东深圳市南山区粤海街道科技南一路深投控创智天地大厦楼E区,113.94418,22.538088
南山科技南,广东,深圳市,南山区,科苑南路1093号中信海阔天,广东深圳市南山区科苑南路1093号中信海阔天,广东深圳市南山区科苑南路1093号中信海阔天,113.944449,22.526434
南山科技南,广东,深圳市,南山区,粤海街道高新南环路2号岸芷汀兰花园1栋C单元,广东深圳市南山区粤海街道高新南环路2号岸芷汀兰花园1栋C单元,广东深圳市南山区粤海街道高新南环路2号岸芷汀兰花园1栋C单元,113.950857,22.522409
南山科技南,广东,深圳市,南山区,科技园华中科技大学深圳产学研基地A座,广东深圳市南山区科技园华中科技大学深圳产学研基地A座,广东深圳市南山区科技园华中科技大学深圳产学研基地A座,113.943936,22.529004
南山科技南,广东,深圳市,南山区,粤海街道深圳大学沧海校区致腾楼,广东深圳市南山区粤海街道深圳大学沧海校区致腾楼,广东深圳市南山区粤海街道深圳大学沧海校区致腾楼,113.93677,22.52601
南山科技南,广东,深圳市,南山区,阳光带海滨城二期1栋,广东深圳市南山区阳光带海滨城二期1栋,广东深圳市南山区阳光带海滨城二期1栋,113.946959,22.526163
南山科技南,广东,深圳市,南山区,粤海街道芒果网楼北,广东深圳市南山区粤海街道芒果网楼北,广东深圳市南山区粤海街道芒果网楼北,113.944859,22.528137
南山科技南,广东,深圳市,南山区,科技园南高新南11道恒立听海5栋,广东深圳市南山区科技园南高新南11道恒立听海5栋,广东深圳市南山区科技园南高新南11道恒立听海5栋,113.947606,22.523526
南山科技南,广东,深圳市,南山区,粤海街道高新区社区科技南路18号深圳湾科技生态园12栋B座,广东深圳市南山区粤海街道高新区社区科技南路18号深圳湾科技生态园12栋B座,广东深圳市南山区粤海街道高新区社区科技南路18号深圳湾科技生态园12栋B座,113.951871,22.532239
南山科技南,广东,深圳市,南山区,粤海街道滨福世纪广场负层斑马鲜生超市收银台,广东深圳市南山区粤海街道滨福世纪广场负层斑马鲜生超市收银台,广东深圳市南山区粤海街道滨福世纪广场负层斑马鲜生超市收银台,113.922186,22.533066
南山科技南,广东,深圳市,南山区,高新南十道海怡东方花园3栋,广东深圳市南山区高新南十道海怡东方花园3栋,广东深圳市南山区高新南十道海怡东方花园3栋,113.95133,22.52622
南山科技南,广东,深圳市,南山区,书山路创世纪滨海花园六栋,广东深圳市南山区书山路创世纪滨海花园六栋,广东深圳市南山区书山路创世纪滨海花园六栋,113.930055,22.523942
南山科技南,广东,深圳市,南山区,高新南环路22号深圳湾科技生态园一区4栋,广东深圳市南山区高新南环路22号深圳湾科技生态园一区4栋,广东深圳市南山区高新南环路22号深圳湾科技生态园一区4栋,113.95256,22.528145
南山科技南,广东,深圳市,南山区,科技南一路1号阳光粤海大厦,广东深圳市南山区科技南一路1号阳光粤海大厦,广东深圳市南山区科技南一路1号阳光粤海大厦,113.941542,22.53268
南山科技南,广东,深圳市,南山区,粤海街道南海大道3688号深圳大学紫薇宅楼下二代仓,广东深圳市南山区粤海街道南海大道3688号深圳大学紫薇宅楼下二代仓,广东深圳市南山区粤海街道南海大道3688号深圳大学紫薇宅楼下二代仓,113.932603,22.527539
南山科技南,广东,深圳市,南山区,南山区粤海街道惠恒大楼期,广东深圳市南山区粤海街道惠恒大楼期,广东深圳市南山区粤海街道惠恒大楼期,113.947619,22.53425
南山科技南,广东,深圳市,南山区,深圳湾科技生态园9栋B1座,广东深圳市南山区深圳湾科技生态园9栋B1座,广东深圳市南山区深圳湾科技生态园9栋B1座,113.954206,22.531747
南山科技南,广东,深圳市,南山区,粤海街道南山外国语学校科苑小学丰巢快递柜,广东深圳市南山区粤海街道南山外国语学校科苑小学丰巢快递柜,广东深圳市南山区粤海街道南山外国语学校科苑小学丰巢快递柜,113.948995,22.523514
南山科技南,广东,深圳市,南山区,高新南环路35号阳光带海滨城二期彩虹之岸2栋D,广东深圳市南山区高新南环路35号阳光带海滨城二期彩虹之岸2栋D,广东深圳市南山区高新南环路35号阳光带海滨城二期彩虹之岸2栋D,113.947547,22.52569
南山科技南,广东,深圳市,南山区,深圳大学阁区快递站,广东深圳市南山区深圳大学阁区快递站,广东深圳市南山区深圳大学阁区快递站,113.931849,22.533885
南山科技南,广东,深圳市,南山区,粤海街道南海大道3688号深圳大学粤海校区蓬莱客舍,广东深圳市南山区粤海街道南海大道3688号深圳大学粤海校区蓬莱客舍,广东深圳市南山区粤海街道南海大道3688号深圳大学粤海校区蓬莱客舍,113.936577,22.532641
南山科技南,广东,深圳市,南山区,粤海街道高新南环路2号岸芷汀兰2栋b,广东深圳市南山区粤海街道高新南环路2号岸芷汀兰2栋b,广东深圳市南山区粤海街道高新南环路2号岸芷汀兰2栋b,113.950809,22.522409
南山科技南,广东,深圳市,南山区,书山路3008号创世纪滨海花园5栋,广东深圳市南山区书山路3008号创世纪滨海花园5栋,广东深圳市南山区书山路3008号创世纪滨海花园5栋,113.930088,22.524479
南山科技南,广东,深圳市,南山区,粤海街道深圳大学粤海校区汇元楼,广东深圳市南山区粤海街道深圳大学粤海校区汇元楼,广东深圳市南山区粤海街道深圳大学粤海校区汇元楼,113.934721,22.5326
南山科技南,广东,深圳市,南山区,粤海街道高新区社区沙河西路1819号深圳湾科技生态园7栋B,广东深圳市南山区粤海街道高新区社区沙河西路1819号深圳湾科技生态园7栋B,广东深圳市南山区粤海街道高新区社区沙河西路1819号深圳湾科技生态园7栋B,113.952435,22.529886
南山科技南,广东,深圳市,南山区,南山区粤海街道科苑南路海阔天空雅居F栋,广东深圳市南山区粤海街道科苑南路海阔天空雅居F栋,广东深圳市南山区粤海街道科苑南路海阔天空雅居F栋,113.945252,22.526346
南山科技南,广东,深圳市,南山区,高新南环路阳光带海滨城二期17栋C,广东深圳市南山区高新南环路阳光带海滨城二期17栋C,广东深圳市南山区高新南环路阳光带海滨城二期17栋C,113.946959,22.526163
南山科技南,广东,深圳市,南山区,学府路厚德品园B栋,广东深圳市南山区学府路厚德品园B栋,广东深圳市南山区学府路厚德品园B栋,113.930617,22.526198
南山科技南,广东,深圳市,南山区,粤海街道阳光带海滨城锦缎之滨7栋,广东深圳市南山区粤海街道阳光带海滨城锦缎之滨7栋,广东深圳市南山区粤海街道阳光带海滨城锦缎之滨7栋,113.95325,22.52673
南山科技南,广东,深圳市,南山区,创世纪滨海花园10栋,广东深圳市南山区创世纪滨海花园10栋,广东深圳市南山区创世纪滨海花园10栋,113.930055,22.523942
南山科技南,广东,深圳市,南山区,粤海街道科技南一路深投控创智天地大厦,广东深圳市南山区粤海街道科技南一路深投控创智天地大厦,广东深圳市南山区粤海街道科技南一路深投控创智天地大厦,113.94418,22.538088
南山科技南,广东,深圳市,南山区,南海大道3688号深圳大学,广东深圳市南山区南海大道3688号深圳大学,广东深圳市南山区南海大道3688号深圳大学,113.932603,22.527539
南山科技南,广东,深圳市,南山区,粤海街道南海大道3688号深圳大学顺丰速运乔林阁快递服务中心,广东深圳市南山区粤海街道南海大道3688号深圳大学顺丰速运乔林阁快递服务中心,广东深圳市南山区粤海街道南海大道3688号深圳大学顺丰速运乔林阁快递服务中心,113.9326,22.526914
南山科技南,广东,深圳市,南山区,粤海街道百度国际大厦西塔楼,广东深圳市南山区粤海街道百度国际大厦西塔楼,广东深圳市南山区粤海街道百度国际大厦西塔楼,113.942397,22.524445
南山科技南,广东,深圳市,南山区,广东省深圳市南山区深南大道9819号深铁皇冠假日酒店层礼宾部,广东深圳市南山区广东省深圳市南山区深南大道9819号深铁皇冠假日酒店层礼宾部,广东深圳市南山区广东省深圳市南山区深南大道9819号深铁皇冠假日酒店层礼宾部,113.944072,22.539048
南山科技南,广东,深圳市,南山区,学府路厚德品园C,广东深圳市南山区学府路厚德品园C,广东深圳市南山区学府路厚德品园C,113.930617,22.526198
南山科技南,广东,深圳市,南山区,科技园高新南七道惠恒大楼二期室,广东深圳市南山区科技园高新南七道惠恒大楼二期室,广东深圳市南山区科技园高新南七道惠恒大楼二期室,113.947619,22.53425
南山科技南,广东,深圳市,南山区,创世纪滨海花园4栋,广东深圳市南山区创世纪滨海花园4栋,广东深圳市南山区创世纪滨海花园4栋,113.930055,22.523942
南山科技南,广东,深圳市,南山区,粤海街道高新南四道丽雅查尔顿几酒店楼,广东深圳市南山区粤海街道高新南四道丽雅查尔顿几酒店楼,广东深圳市南山区粤海街道高新南四道丽雅查尔顿几酒店楼,113.948537,22.536266
南山科技南,广东,深圳市,南山区,深南大道9819号深铁皇冠假日酒店层礼宾部,广东深圳市南山区深南大道9819号深铁皇冠假日酒店层礼宾部,广东深圳市南山区深南大道9819号深铁皇冠假日酒店层礼宾部,113.944072,22.539048
南山科技南,广东,深圳市,南山区,粤海街道广东省深圳市南山区粤海街道深大社区南海大道,广东深圳市南山区粤海街道广东省深圳市南山区粤海街道深大社区南海大道,广东深圳市南山区粤海街道广东省深圳市南山区粤海街道深大社区南海大道,113.944173,22.538667
南山科技南,广东,深圳市,南山区,粤海街道德维森大厦楼,广东深圳市南山区粤海街道德维森大厦楼,广东深圳市南山区粤海街道德维森大厦楼,113.946458,22.53423
南山科技南,广东,深圳市,南山区,海文花园海春阁,广东深圳市南山区海文花园海春阁,广东深圳市南山区海文花园海春阁,113.93198,22.523955
南山科技南,广东,深圳市,南山区,高新南环路18号阳光带海滨城锦缎之滨2栋,广东深圳市南山区高新南环路18号阳光带海滨城锦缎之滨2栋,广东深圳市南山区高新南环路18号阳光带海滨城锦缎之滨2栋,113.953275,22.525875
南山科技南,广东,深圳市,南山区,高新南环路恒立听海9栋,广东深圳市南山区高新南环路恒立听海9栋,广东深圳市南山区高新南环路恒立听海9栋,113.947697,22.523917
南山科技南,广东,深圳市,南山区,粤海街道后海大道深圳市软件产业基地2栋C座,广东深圳市南山区粤海街道后海大道深圳市软件产业基地2栋C座,广东深圳市南山区粤海街道后海大道深圳市软件产业基地2栋C座,113.938501,22.524532
南山科技南,广东,深圳市,南山区,科技园南区R1区,广东深圳市南山区科技园南区R1区,广东深圳市南山区科技园南区R1区,113.943877,22.535738
南山科技南,广东,深圳市,南山区,粤海街道科苑南环路61号浅水湾花园8栋,广东深圳市南山区粤海街道科苑南环路61号浅水湾花园8栋,广东深圳市南山区粤海街道科苑南环路61号浅水湾花园8栋,113.949462,22.525339
南山科技南,广东,深圳市,南山区,粤海街道高新社区高新南七道011号深圳软件园T3栋楼B,广东深圳市南山区粤海街道高新社区高新南七道011号深圳软件园T3栋楼B,广东深圳市南山区粤海街道高新社区高新南七道011号深圳软件园T3栋楼B,113.946336,22.533568
南山科技南,广东,深圳市,南山区,科园路1003号深圳软件产业基地2C栋楼思迅天店,广东深圳市南山区科园路1003号深圳软件产业基地2C栋楼思迅天店,广东深圳市南山区科园路1003号深圳软件产业基地2C栋楼思迅天店,113.939886,22.524818
南山科技南,广东,深圳市,南山区,粤海街道深圳湾科技生态园9栋B4座楼,广东深圳市南山区粤海街道深圳湾科技生态园9栋B4座楼,广东深圳市南山区粤海街道深圳湾科技生态园9栋B4座楼,113.953928,22.53166
南山科技南,广东,深圳市,南山区,粤海街道安居高新花园南区南1栋楼,广东深圳市南山区粤海街道安居高新花园南区南1栋楼,广东深圳市南山区粤海街道安居高新花园南区南1栋楼,113.951278,22.53412
南山科技南,广东,深圳市,南山区,粤海街道滨海社区海天一路11，13，15号深圳市软件产业基地5栋湘土豆，蒸菜,广东深圳市南山区粤海街道滨海社区海天一路11，13，15号深圳市软件产业基地5栋,广东深圳市南山区粤海街道滨海社区海天一路11，13，15号深圳市软件产业基地5栋,113.939905,22.523456
南山科技南,广东,深圳市,南山区,粤海街道工勘大厦,广东深圳市南山区粤海街道工勘大厦,广东深圳市南山区粤海街道工勘大厦,113.944859,22.528137
南山科技南,广东,深圳市,南山区,粤海街道学府路81号深圳市软件产业基地1栋C座楼,广东深圳市南山区粤海街道学府路81号深圳市软件产业基地1栋C座楼,广东深圳市南山区粤海街道学府路81号深圳市软件产业基地1栋C座楼,113.940841,22.524493
南山科技南,广东,深圳市,南山区,粤海街道深圳湾科技生态园12栋A座楼四格互联,广东深圳市南山区粤海街道深圳湾科技生态园12栋A座楼四格互联,广东深圳市南山区粤海街道深圳湾科技生态园12栋A座楼四格互联,113.951153,22.531769
南山科技南,广东,深圳市,南山区,高新南四道19号,广东深圳市南山区高新南四道19号,广东深圳市南山区高新南四道19号,113.944826,22.535548
南山科技南,广东,深圳市,南山区,南山区粤海街道高新南环路阳光带海滨城二期7栋,广东深圳市南山区粤海街道高新南环路阳光带海滨城二期7栋,广东深圳市南山区粤海街道高新南环路阳光带海滨城二期7栋,113.946959,22.526163
南山科技南,广东,深圳市,南山区,高新南十道3海怡东方花园15栋,广东深圳市南山区高新南十道3海怡东方花园15栋,广东深圳市南山区高新南十道3海怡东方花园15栋,113.95133,22.52622
南山科技南,广东,深圳市,南山区,深圳湾创新科技中心1栋A座,广东深圳市南山区深圳湾创新科技中心1栋A座,广东深圳市南山区深圳湾创新科技中心1栋A座,113.924164,22.488255
南山科技南,广东,深圳市,南山区,粤海街道香港中文大学深圳研究院李伟波楼,广东深圳市南山区粤海街道香港中文大学深圳研究院李伟波楼,广东深圳市南山区粤海街道香港中文大学深圳研究院李伟波楼,113.94477,22.531364
南山科技南,广东,深圳市,南山区,粤海街道南海大道3688号深圳大学科技楼,广东深圳市南山区粤海街道南海大道3688号深圳大学科技楼,广东深圳市南山区粤海街道南海大道3688号深圳大学科技楼,113.932603,22.527539
南山科技南,广东,深圳市,南山区,粤海街道百度国际大厦西塔层,广东深圳市南山区粤海街道百度国际大厦西塔层,广东深圳市南山区粤海街道百度国际大厦西塔层,113.942276,22.525139
南山科技南,广东,深圳市,南山区,深圳湾科技创新中心B座字节小邮局,广东深圳市南山区深圳湾科技创新中心B座字节小邮局,广东深圳市南山区深圳湾科技创新中心B座字节小邮局,113.950183,22.519126
南山科技南,广东,深圳市,南山区,粤海街道海天一路深圳市软件产业基地4栋B座,广东深圳市南山区粤海街道海天一路深圳市软件产业基地4栋B座,广东深圳市南山区粤海街道海天一路深圳市软件产业基地4栋B座,113.938122,22.52393
南山科技南,广东,深圳市,南山区,科技南十二路五号伟易达研发大楼楼区天猫店铺天猫袁仔豪收,广东深圳市南山区科技南十二路五号伟易达研发大楼楼区天猫店铺天猫袁仔豪收,广东深圳市南山区科技南十二路五号伟易达研发大楼楼区天猫店铺天猫袁仔豪收,113.954873,22.53527
南山科技南,广东,深圳市,南山区,粤海街道九洲电器大厦b座,广东深圳市南山区粤海街道九洲电器大厦b座,广东深圳市南山区粤海街道九洲电器大厦b座,113.955382,22.536702
南山科技南,广东,深圳市,南山区,粤海街道学府东路学林雅院4栋,广东深圳市南山区粤海街道学府东路学林雅院4栋,广东深圳市南山区粤海街道学府东路学林雅院4栋,113.931741,22.525579
南山科技南,广东,深圳市,南山区,锦隆花园锦虹阁B栋,广东深圳市南山区锦隆花园锦虹阁B栋,广东深圳市南山区锦隆花园锦虹阁B栋,113.932733,22.524134
南山科技南,广东,深圳市,南山区,粤海街道深圳市软件产业基地4栋,广东深圳市南山区粤海街道深圳市软件产业基地4栋,广东深圳市南山区粤海街道深圳市软件产业基地4栋,113.937828,22.523856
南山科技南,广东,深圳市,南山区,粤海街道高新技术产业园w1-a楼,广东深圳市南山区粤海街道高新技术产业园w1-a楼,广东深圳市南山区粤海街道高新技术产业园w1-a楼,113.9431,22.536675
南山科技南,广东,深圳市,南山区,粤海街道阳光粤海花园2F座楼,广东深圳市南山区粤海街道阳光粤海花园2F座楼,广东深圳市南山区粤海街道阳光粤海花园2F座楼,113.940854,22.533237
南山科技南,广东,深圳市,南山区,粤海街道高新南四道18号创维半导体设计大厦负楼漓之味桂,广东深圳市南山区粤海街道高新南四道18号创维半导体设计大厦负楼漓之味桂,广东深圳市南山区粤海街道高新南四道18号创维半导体设计大厦负楼漓之味桂,113.952746,22.537064
南山科技南,广东,深圳市,南山区,粤海街道白石路深圳湾科技生态园12栋B,广东深圳市南山区粤海街道白石路深圳湾科技生态园12栋B,广东深圳市南山区粤海街道白石路深圳湾科技生态园12栋B,113.951218,22.532051
南山科技南,广东,深圳市,南山区,高新南四道034号高新工业村W1栋楼一号,广东深圳市南山区高新南四道034号高新工业村W1栋楼一号,广东深圳市南山区高新南四道034号高新工业村W1栋楼一号,113.942921,22.53675
南山科技南,广东,深圳市,南山区,海斯路与海天一路交叉路口西侧百度大厦东塔收发室,广东深圳市南山区海斯路与海天一路交叉路口西侧百度大厦东塔收发室,广东深圳市南山区海斯路与海天一路交叉路口西侧百度大厦东塔收发室,113.942967,22.524078
南山科技南,广东,深圳市,南山区,科苑南路彩讯科创中心,广东深圳市南山区科苑南路彩讯科创中心,广东深圳市南山区科苑南路彩讯科创中心,113.945732,22.524016
南山科技南,广东,深圳市,南山区,海怡东方花园二栋,广东深圳市南山区海怡东方花园二栋,广东深圳市南山区海怡东方花园二栋,113.95133,22.52622
南山科技南,广东,深圳市,南山区,高新南十二路长虹科技大厦,广东深圳市南山区高新南十二路长虹科技大厦,广东深圳市南山区高新南十二路长虹科技大厦,113.957613,22.538135
南山科技南,广东,深圳市,南山区,粤海街道科苑南路深圳湾创新科技中心2栋A座楼众擎,广东深圳市南山区粤海街道科苑南路深圳湾创新科技中心2栋A座楼众擎,广东深圳市南山区粤海街道科苑南路深圳湾创新科技中心2栋A座楼众擎,113.924164,22.488255
南山科技南,广东,深圳市,南山区,南山区粤海街道高新南四道88号光启未来中心腾讯公司,广东深圳市南山区粤海街道高新南四道88号光启未来中心腾讯公司,广东深圳市南山区粤海街道高新南四道88号光启未来中心腾讯公司,113.950541,22.531757
南山科技南,广东,深圳市,南山区,粤海街道高新南十一道26-33号万豪广场2,广东深圳市南山区粤海街道高新南十一道26-33号万豪广场2,广东深圳市南山区粤海街道高新南十一道26-33号万豪广场2,113.950721,22.52502
南山科技南,广东,深圳市,南山区,南山区粤海街道高新南环道纯海岸雅居一栋,广东深圳市南山区粤海街道高新南环道纯海岸雅居一栋,广东深圳市南山区粤海街道高新南环道纯海岸雅居一栋,113.952456,22.522781
南山科技南,广东,深圳市,南山区,粤海街道南海大道3688号深圳大学沧海校区致信楼N,广东深圳市南山区粤海街道南海大道3688号深圳大学沧海校区致信楼N,广东深圳市南山区粤海街道南海大道3688号深圳大学沧海校区致信楼N,113.937456,22.527369
南山科技南,广东,深圳市,南山区,高新南七道安居南馨苑2栋,广东深圳市南山区高新南七道安居南馨苑2栋,广东深圳市南山区高新南七道安居南馨苑2栋,113.953212,22.534318
南山科技南,广东,深圳市,南山区,粤海街道安居高新花园北2栋,广东深圳市南山区粤海街道安居高新花园北2栋,广东深圳市南山区粤海街道安居高新花园北2栋,113.951278,22.53412
南山科技南,广东,深圳市,南山区,粤海街道科苑南路中信海阔天空雅居D栋e,广东深圳市南山区粤海街道科苑南路中信海阔天空雅居D栋e,广东深圳市南山区粤海街道科苑南路中信海阔天空雅居D栋e,113.946548,22.53491
南山科技南,广东,深圳市,南山区,中兴通讯股份有限公司研发大楼,广东深圳市南山区中兴通讯股份有限公司研发大楼,广东深圳市南山区中兴通讯股份有限公司研发大楼,113.915799,22.7581
南山科技南,广东,深圳市,南山区,粤海街道高新南环路阳光带海滨城一期8,广东深圳市南山区粤海街道高新南环路阳光带海滨城一期8,广东深圳市南山区粤海街道高新南环路阳光带海滨城一期8,113.953407,22.525755
南山科技南,广东,深圳市,南山区,深圳湾科技生态园10B栋楼,广东深圳市南山区深圳湾科技生态园10B栋楼,广东深圳市南山区深圳湾科技生态园10B栋楼,113.951897,22.530594
南山科技南,广东,深圳市,南山区,粤海街道安居高新花园北区2栋,广东深圳市南山区粤海街道安居高新花园北区2栋,广东深圳市南山区粤海街道安居高新花园北区2栋,113.951206,22.535114
南山科技南,广东,深圳市,南山区,粤海街道科技南路9号珑御府1-2,广东深圳市南山区粤海街道科技南路9号珑御府1-2,广东深圳市南山区粤海街道科技南路9号珑御府1-2,113.949087,22.52685
南山科技南,广东,深圳市,南山区,科技园南区海阔天空E,广东深圳市南山区科技园南区海阔天空E,广东深圳市南山区科技园南区海阔天空E,113.943203,22.531028
南山科技南,广东,深圳市,南山区,粤海街道粤兴一道9号香港科技大学产学研大楼楼,广东深圳市南山区粤海街道粤兴一道9号香港科技大学产学研大楼楼,广东深圳市南山区粤海街道粤兴一道9号香港科技大学产学研大楼楼,113.94348,22.531052
南山科技南,广东,深圳市,南山区,高新南环路22号深圳湾科技生态园1区5栋B座,广东深圳市南山区高新南环路22号深圳湾科技生态园1区5栋B座,广东深圳市南山区高新南环路22号深圳湾科技生态园1区5栋B座,113.95295,22.529008
南山科技南,广东,深圳市,南山区,粤海街道深圳市南山区粤海街道高新区社区科苑南路3170号留学生创业大厦二期1702公,广东深圳市南山区粤海街道深圳市南山区粤海街道高新区社区科苑南路3170号留学生创业大厦二期1702公,广东深圳市南山区粤海街道深圳市南山区粤海街道高新区社区科苑南路3170号留学生创业大厦二期1702公,113.947433,22.531276
南山科技南,广东,深圳市,南山区,科技南一路阳光粤海花园c,广东深圳市南山区科技南一路阳光粤海花园c,广东深圳市南山区科技南一路阳光粤海花园c,113.940854,22.533237
南山科技南,广东,深圳市,南山区,高新南环路恒立听海花园4,广东深圳市南山区高新南环路恒立听海花园4,广东深圳市南山区高新南环路恒立听海花园4,113.947766,22.525003
南山科技南,广东,深圳市,南山区,粤海街道国家工程实验室大楼,广东深圳市南山区粤海街道国家工程实验室大楼,广东深圳市南山区粤海街道国家工程实验室大楼,113.948478,22.534026
南山科技南,广东,深圳市,南山区,软件产业基地4C,广东深圳市南山区软件产业基地4C,广东深圳市南山区软件产业基地4C,113.937811,22.523259
南山科技南,广东,深圳市,南山区,粤海街道深圳大学粤海校区紫薇斋,广东深圳市南山区粤海街道深圳大学粤海校区紫薇斋,广东深圳市南山区粤海街道深圳大学粤海校区紫薇斋,113.93929,22.533978
南山科技南,广东,深圳市,南山区,粤海街道创维半导体设计大厦东座,广东深圳市南山区粤海街道创维半导体设计大厦东座,广东深圳市南山区粤海街道创维半导体设计大厦东座,113.923154,22.506107
南山科技南,广东,深圳市,南山区,南山区粤海街道科技园高新南环路阳光带海滨城1期2栋,广东深圳市南山区粤海街道科技园高新南环路阳光带海滨城1期2栋,广东深圳市南山区粤海街道科技园高新南环路阳光带海滨城1期2栋,113.9533,22.52516
南山科技南,广东,深圳市,南山区,南山区粤海街道高新南四道25号W2-A栋楼,广东深圳市南山区粤海街道高新南四道25号W2-A栋楼,广东深圳市南山区粤海街道高新南四道25号W2-A栋楼,113.94299,22.5356
南山科技南,广东,深圳市,南山区,学府路6号厚德品园C栋,广东深圳市南山区学府路6号厚德品园C栋,广东深圳市南山区学府路6号厚德品园C栋,113.930668,22.526007
南山科技南,广东,深圳市,南山区,南山区粤海街道长虹科技大厦,广东深圳市南山区粤海街道长虹科技大厦,广东深圳市南山区粤海街道长虹科技大厦,113.957613,22.538135
南山科技南,广东,深圳市,南山区,海天一路深圳软件产业基地1B号号Aha咖啡,广东深圳市南山区海天一路深圳软件产业基地1B号号Aha咖啡,广东深圳市南山区海天一路深圳软件产业基地1B号号Aha咖啡,113.939243,22.524846
南山科技南,广东,深圳市,南山区,科技园深圳湾科技生态园5A栋,广东深圳市南山区科技园深圳湾科技生态园5A栋,广东深圳市南山区科技园深圳湾科技生态园5A栋,113.95306,22.529055
南山科技南,广东,深圳市,南山区,粤海街道高新南七道19号--清华大学研究院大楼B区B,广东深圳市南山区粤海街道高新南七道19号--清华大学研究院大楼B区B,广东深圳市南山区粤海街道高新南七道19号--清华大学研究院大楼B区B,113.941972,22.533095
南山科技南,广东,深圳市,南山区,科技南12路九洲电器大厦楼,广东深圳市南山区科技南12路九洲电器大厦楼,广东深圳市南山区科技南12路九洲电器大厦楼,113.955227,22.536533
南山科技南,广东,深圳市,南山区,粤海街道南海大道3688号深圳大学沧海校区冬筑,广东深圳市南山区粤海街道南海大道3688号深圳大学沧海校区冬筑,广东深圳市南山区粤海街道南海大道3688号深圳大学沧海校区冬筑,113.939384,22.528107
南山科技南,广东,深圳市,南山区,粤海街道安居高新花园北三栋,广东深圳市南山区粤海街道安居高新花园北三栋,广东深圳市南山区粤海街道安居高新花园北三栋,113.951278,22.53412
南山科技南,广东,深圳市,南山区,南山区粤海街道南山区香港中文大学深圳研究院李伟波楼楼,广东深圳市南山区粤海街道南山区香港中文大学深圳研究院,广东深圳市南山区粤海街道南山区香港中文大学深圳研究院,113.945004,22.53153
南山科技南,广东,深圳市,南山区,粤海街道高新南环路55号恒立听海2栋,广东深圳市南山区粤海街道高新南环路55号恒立听海2栋,广东深圳市南山区粤海街道高新南环路55号恒立听海2栋,113.946793,22.52302
南山科技南,广东,深圳市,南山区,阳光带海滨城一期七栋,广东深圳市南山区阳光带海滨城一期七栋,广东深圳市南山区阳光带海滨城一期七栋,113.95325,22.52673
南山科技南,广东,深圳市,南山区,粤海街道百度国际大厦西塔层楼,广东深圳市南山区粤海街道百度国际大厦西塔层楼,广东深圳市南山区粤海街道百度国际大厦西塔层楼,113.942276,22.525139
南山科技南,广东,深圳市,南山区,高新南七道德维森大厦楼,广东深圳市南山区高新南七道德维森大厦楼,广东深圳市南山区高新南七道德维森大厦楼,113.946458,22.53423
南山科技南,广东,深圳市,南山区,高新南九道深圳湾科技生态园1区1期2栋C座楼李家秋5件9斤榴,广东深圳市南山区高新南九道深圳湾科技生态园1区1期2栋C座楼李家秋5件9斤榴,广东深圳市南山区高新南九道深圳湾科技生态园1区1期2栋C座楼李家秋5件9斤榴,113.953916,22.528092
南山科技南,广东,深圳市,南山区,科技园高新南四道丽雅查尔顿酒,广东深圳市南山区科技园高新南四道丽雅查尔顿酒,广东深圳市南山区科技园高新南四道丽雅查尔顿酒,113.94604,22.54461
南山科技南,广东,深圳市,南山区,高新南四道034号高新工业村W1栋楼号（,广东深圳市南山区高新南四道034号高新工业村W1栋楼号（,广东深圳市南山区高新南四道034号高新工业村W1栋楼号（,113.942921,22.53675
南山科技南,广东,深圳市,南山区,粤海街道南山学府路6号厚德品园C号,广东深圳市南山区粤海街道南山学府路6号厚德品园C号,广东深圳市南山区粤海街道南山学府路6号厚德品园C号,113.930873,22.526289
南山科技南,广东,深圳市,南山区,undefined广东省深圳市南山区科技南十二路中检大厦,广东深圳市南山区undefined广东省深圳市南山区科技南十二路中检大厦,广东深圳市南山区undefined广东省深圳市南山区科技南十二路中检大厦,113.956367,22.535951
南山科技南,广东,深圳市,南山区,粤海街道粤兴二道10号中冶项目部,广东深圳市南山区粤海街道粤兴二道10号中冶项目部,广东深圳市南山区粤海街道粤兴二道10号中冶项目部,113.9446,22.531478
南山科技南,广东,深圳市,南山区,南海大道3688号深圳大学紫薇斋,广东深圳市南山区南海大道3688号深圳大学紫薇斋,广东深圳市南山区南海大道3688号深圳大学紫薇斋,113.932603,22.527539
南山科技南,广东,深圳市,南山区,科技南12路28号康佳研发大厦20A-C号,广东深圳市南山区科技南12路28号康佳研发大厦20A-C号,广东深圳市南山区科技南12路28号康佳研发大厦20A-C号,113.956931,22.539358
南山科技南,广东,深圳市,南山区,科苑南路海阔天空雅居商铺美遇美甲店,广东深圳市南山区科苑南路海阔天空雅居商铺美遇美甲店,广东深圳市南山区科苑南路海阔天空雅居商铺美遇美甲店,113.945252,22.526346
南山科技南,广东,深圳市,南山区,深圳大学沧海校区冬筑,广东深圳市南山区深圳大学沧海校区冬筑,广东深圳市南山区深圳大学沧海校区冬筑,113.939384,22.528107
南山科技南,广东,深圳市,南山区,VONHotel万和酒店,广东深圳市南山区VONHotel万和酒店,广东深圳市南山区VONHotel万和酒店,113.930478,22.533191
南山科技南,广东,深圳市,南山区,高新区社区粤兴二道1号虚拟大学园重点实验室平台大,广东深圳市南山区高新区社区粤兴二道1号虚拟大学园重点实验室平台大,广东深圳市南山区高新区社区粤兴二道1号虚拟大学园重点实验室平台大,113.944826,22.535548
南山科技南,广东,深圳市,南山区,粤海街道迈瑞大厦,广东深圳市南山区粤海街道迈瑞大厦,广东深圳市南山区粤海街道迈瑞大厦,113.944859,22.528137
南山科技南,广东,深圳市,南山区,粤海街道南海大道3688号深圳大学紫薇斋快递中心,广东深圳市南山区粤海街道南海大道3688号深圳大学紫薇斋快递中心,广东深圳市南山区粤海街道南海大道3688号深圳大学紫薇斋快递中心,113.932603,22.527539
南山科技南,广东,深圳市,南山区,高新技术产业园区科技南十二路金蝶软件园,广东深圳市南山区高新技术产业园区科技南十二路金蝶软件园,广东深圳市南山区高新技术产业园区科技南十二路金蝶软件园,113.955032,22.533956
南山科技南,广东,深圳市,南山区,粤海街道白石路3701号中南大学深圳产学研大楼办公室新地环境,广东深圳市南山区粤海街道白石路3701号中南大学深圳产学研大楼办公室新地环境,广东深圳市南山区粤海街道白石路3701号中南大学深圳产学研大楼办公室新地环境,113.917191,22.540339
南山科技南,广东,深圳市,南山区,高新南九道深圳湾创新科技中心B座,广东深圳市南山区高新南九道深圳湾创新科技中心B座,广东深圳市南山区高新南九道深圳湾创新科技中心B座,113.947796,22.528362
南山科技南,广东,深圳市,南山区,粤海街道深圳大学粤海校区深圳大学粤海校,广东深圳市南山区粤海街道深圳大学粤海校区深圳大学粤海校,广东深圳市南山区粤海街道深圳大学粤海校区深圳大学粤海校,113.936577,22.532641
南山科技南,广东,深圳市,南山区,粤海街道粤兴二道10号香港中文大学深圳研究院,广东深圳市南山区粤海街道粤兴二道10号香港中文大学深圳研究院,广东深圳市南山区粤海街道粤兴二道10号香港中文大学深圳研究院,113.945004,22.53153
南山科技南,广东,深圳市,南山区,粤海街道科技南十二路20号嘉联支付大厦,广东深圳市南山区粤海街道科技南十二路20号嘉联支付大厦,广东深圳市南山区粤海街道科技南十二路20号嘉联支付大厦,113.957495,22.538581
南山科技南,广东,深圳市,南山区,粤海街道南山生态科技园9栋B3座,广东深圳市南山区粤海街道南山生态科技园9栋B3座,广东深圳市南山区粤海街道南山生态科技园9栋B3座,113.944859,22.528137
南山科技南,广东,深圳市,南山区,粤海街道高新南七道数字技术园B区-栋-6C室,广东深圳市南山区粤海街道高新南七道数字技术园B区-栋-6C室,广东深圳市南山区粤海街道高新南七道数字技术园B区-栋-6C室,113.949384,22.5346
南山科技南,广东,深圳市,南山区,南山区粤海街道高新区社区高新南一道008号创维大厦C,广东深圳市南山区粤海街道高新区社区高新南一道008号创维大厦C,广东深圳市南山区粤海街道高新区社区高新南一道008号创维大厦C,113.950709,22.539096
南山科技南,广东,深圳市,南山区,粤海街道高新南七道深圳软件园T3栋楼B,广东深圳市南山区粤海街道高新南七道深圳软件园T3栋楼B,广东深圳市南山区粤海街道高新南七道深圳软件园T3栋楼B,113.946395,22.533377
南山科技南,广东,深圳市,南山区,阳光粤海花园有,广东深圳市南山区阳光粤海花园有,广东深圳市南山区阳光粤海花园有,113.94044,22.532757
南山科技南,广东,深圳市,南山区,粤海街道安居高新花园南区南1栋楼商品信息【新国标】皇家美素佳儿较大婴儿配方奶粉美素2段800g荷兰进口×1规格2段,广东深圳市南山区粤海街道安居高新花园南区南1栋,广东深圳市南山区粤海街道安居高新花园南区南1栋,113.951278,22.53412
南山科技南,广东,深圳市,南山区,南山区粤海街道深圳湾科技生态园7栋B座,广东深圳市南山区粤海街道深圳湾科技生态园7栋B座,广东深圳市南山区粤海街道深圳湾科技生态园7栋B座,113.953997,22.53077
南山科技南,广东,深圳市,南山区,粤海街道西北工业大学三航科技大厦翱翔蔚蓝科技,广东深圳市南山区粤海街道西北工业大学三航科技大厦翱翔蔚蓝科技,广东深圳市南山区粤海街道西北工业大学三航科技大厦翱翔蔚蓝科技,113.941782,22.527822
南山科技南,广东,深圳市,南山区,粤海街道创世纪滨海花园3栋,广东深圳市南山区粤海街道创世纪滨海花园3栋,广东深圳市南山区粤海街道创世纪滨海花园3栋,113.930055,22.523942
南山科技南,广东,深圳市,南山区,南山区粤海街道储能大厦,广东深圳市南山区粤海街道储能大厦,广东深圳市南山区粤海街道储能大厦,113.944859,22.528137
南山科技南,广东,深圳市,南山区,-粤海街道锦隆花园锦云阁A,广东深圳市南山区-粤海街道锦隆花园锦云阁A,广东深圳市南山区-粤海街道锦隆花园锦云阁A,113.932955,22.525034
南山科技南,广东,深圳市,南山区,粤海街道深圳大学紫薇斋,广东深圳市南山区粤海街道深圳大学紫薇斋,广东深圳市南山区粤海街道深圳大学紫薇斋,113.94054,22.539366
南山科技南,广东,深圳市,南山区,粤海街道深圳大学南校区L6栋,广东深圳市南山区粤海街道深圳大学南校区L6栋,广东深圳市南山区粤海街道深圳大学南校区L6栋,113.938172,22.527487
南山科技南,广东,深圳市,南山区,高新园飞亚达科技大厦,广东深圳市南山区高新园飞亚达科技大厦,广东深圳市南山区高新园飞亚达科技大厦,113.955733,22.539432
南山科技南,广东,深圳市,南山区,粤海街道金地国际公寓1栋,广东深圳市南山区粤海街道金地国际公寓1栋,广东深圳市南山区粤海街道金地国际公寓1栋,113.945552,22.526118
南山科技南,广东,深圳市,南山区,粤海街道深圳湾科技生态园二区9栋B4座负层指挥中心,广东深圳市南山区粤海街道深圳湾科技生态园二区9栋B4座负层指挥中心,广东深圳市南山区粤海街道深圳湾科技生态园二区9栋B4座负层指挥中心,113.953963,22.531752
南山科技南,广东,深圳市,南山区,粤海街道先健科技大厦楼,广东深圳市南山区粤海街道先健科技大厦楼,广东深圳市南山区粤海街道先健科技大厦楼,113.95726,22.538918
南山科技南,广东,深圳市,南山区,高新南九道39号深圳清华大学研究院新大楼A座,广东深圳市南山区高新南九道39号深圳清华大学研究院新大楼A座,广东深圳市南山区高新南九道39号深圳清华大学研究院新大楼A座,113.942829,22.528275
南山科技南,广东,深圳市,南山区,粤海街道深圳湾科技生态园1栋D座2101何,广东深圳市南山区粤海街道深圳湾科技生态园1栋D座2101何,广东深圳市南山区粤海街道深圳湾科技生态园1栋D座2101何,113.954197,22.527771
南山科技南,广东,深圳市,南山区,深圳大学紫薇斋,广东深圳市南山区深圳大学紫薇斋,广东深圳市南山区深圳大学紫薇斋,113.931849,22.533885
南山科技南,广东,深圳市,南山区,粤海街道学海路海文花园海月阁6A3,广东深圳市南山区粤海街道学海路海文花园海月阁6A3,广东深圳市南山区粤海街道学海路海文花园海月阁6A3,113.932221,22.523248
南山科技南,广东,深圳市,南山区,深圳大学沧海校区学生公寓,广东深圳市南山区深圳大学沧海校区学生公寓,广东深圳市南山区深圳大学沧海校区学生公寓,113.939384,22.528107
南山科技南,广东,深圳市,南山区,粤海街道白石路深圳大学沧海校区,广东深圳市南山区粤海街道白石路深圳大学沧海校区,广东深圳市南山区粤海街道白石路深圳大学沧海校区,113.939384,22.528107
南山科技南,广东,深圳市,南山区,粤海街道科技南八路泰邦科技大厦楼前台,广东深圳市南山区粤海街道科技南八路泰邦科技大厦楼前台,广东深圳市南山区粤海街道科技南八路泰邦科技大厦楼前台,113.952476,22.535809
南山科技南,广东,深圳市,南山区,粤海街道高新南十道16号金地威新中心A栋层,广东深圳市南山区粤海街道高新南十道16号金地威新中心A栋层,广东深圳市南山区粤海街道高新南十道16号金地威新中心A栋层,113.951307,22.528523
南山科技南,广东,深圳市,南山区,荣超联合大厦拓竹科技F,广东深圳市南山区荣超联合大厦拓竹科技F,广东深圳市南山区荣超联合大厦拓竹科技F,113.919958,22.49657
南山科技南,广东,深圳市,南山区,科技十二路长虹科技大厦楼,广东深圳市南山区科技十二路长虹科技大厦楼,广东深圳市南山区科技十二路长虹科技大厦楼,113.957613,22.538135
南山科技南,广东,深圳市,南山区,-南山街道深圳大学沧海校区,广东深圳市南山区-南山街道深圳大学沧海校区,广东深圳市南山区-南山街道深圳大学沧海校区,113.939384,22.528107
南山科技南,广东,深圳市,南山区,粤海街道深圳市南山区粤海街道科苑路阳光带海滨城2期3,广东深圳市南山区粤海街道深圳市南山区粤海街道科苑路阳光带海滨城2期3,广东深圳市南山区粤海街道深圳市南山区粤海街道科苑路阳光带海滨城2期3,113.947331,22.525775
南山科技南,广东,深圳市,南山区,粤海街道深圳大学南校区,广东深圳市南山区粤海街道深圳大学南校区,广东深圳市南山区粤海街道深圳大学南校区,113.938172,22.527487
南山科技南,广东,深圳市,南山区,南山区粤海街道南海大道3688号深圳大学沧海校区,广东深圳市南山区粤海街道南海大道3688号深圳大学沧海校区,广东深圳市南山区粤海街道南海大道3688号深圳大学沧海校区,113.939384,22.528107
南山科技南,广东,深圳市,南山区,粤海街道安居高新花园北区3栋,广东深圳市南山区粤海街道安居高新花园北区3栋,广东深圳市南山区粤海街道安居高新花园北区3栋,113.951464,22.534625
南山科技南,广东,深圳市,南山区,粤海街道高新南十道深圳湾科技生态园1B,广东深圳市南山区粤海街道高新南十道深圳湾科技生态园1B,广东深圳市南山区粤海街道高新南十道深圳湾科技生态园1B,113.954197,22.527771
南山科技南,广东,深圳市,南山区,粤海街道滨福世纪广场B栋房,广东深圳市南山区粤海街道滨福世纪广场B栋房,广东深圳市南山区粤海街道滨福世纪广场B栋房,113.949281,22.524804
南山科技南,广东,深圳市,南山区,高新南环路63号京武浪琴半岛1A,广东深圳市南山区高新南环路63号京武浪琴半岛1A,广东深圳市南山区高新南环路63号京武浪琴半岛1A,113.948679,22.522552
南山科技南,广东,深圳市,南山区,粤海街道高新南七道国家工程实验大楼,广东深圳市南山区粤海街道高新南七道国家工程实验大楼,广东深圳市南山区粤海街道高新南七道国家工程实验大楼,113.947006,22.533843
南山科技南,广东,深圳市,南山区,粤海街道滨海社区滨海大道3398号赛西科技大厦,广东深圳市南山区粤海街道滨海社区滨海大道3398号赛西科技大厦,广东深圳市南山区粤海街道滨海社区滨海大道3398号赛西科技大厦,113.936301,22.522387
南山科技南,广东,深圳市,南山区,南山区高新南十道3号海怡东方花园六栋第一单元3E,广东深圳市南山区高新南十道3号海怡东方花园六栋第一单元3E,广东深圳市南山区高新南十道3号海怡东方花园六栋第一单元3E,113.95133,22.52622
南山科技南,广东,深圳市,南山区,南山区粤海街道华中科技大学深圳产学研基地A座,广东深圳市南山区粤海街道华中科技大学深圳产学研基地A座,广东深圳市南山区粤海街道华中科技大学深圳产学研基地A座,113.943936,22.529004
南山科技南,广东,深圳市,南山区,学府路厚德品园b栋,广东深圳市南山区学府路厚德品园b栋,广东深圳市南山区学府路厚德品园b栋,113.930617,22.526198
南山科技南,广东,深圳市,南山区,粤海街道科技南路文体中心,广东深圳市南山区粤海街道科技南路文体中心,广东深圳市南山区粤海街道科技南路文体中心,113.949912,22.53271
南山科技南,广东,深圳市,南山区,安居高新花园南区1单元,广东深圳市南山区安居高新花园南区1单元,广东深圳市南山区安居高新花园南区1单元,113.951278,22.53412
南山科技南,广东,深圳市,南山区,科技南十二路18号长虹科技大厦楼B区,广东深圳市南山区科技南十二路18号长虹科技大厦楼B区,广东深圳市南山区科技南十二路18号长虹科技大厦楼B区,113.957613,22.538135
南山科技南,广东,深圳市,南山区,科技南十二路楼长虹科技大厦,广东深圳市南山区科技南十二路楼长虹科技大厦,广东深圳市南山区科技南十二路楼长虹科技大厦,113.957613,22.538135
南山科技南,广东,深圳市,南山区,粤海街道高新区社区科苑南路3176号彩讯科技大厦层明我视力公,广东深圳市南山区粤海街道高新区社区科苑南路3176号彩讯科技大厦层明我视力公,广东深圳市南山区粤海街道高新区社区科苑南路3176号彩讯科技大厦层明我视力公,113.946266,22.531734
南山科技南,广东,深圳市,南山区,粤海街道高新南七道12号惠恒大厦2期,广东深圳市南山区粤海街道高新南七道12号惠恒大厦2期,广东深圳市南山区粤海街道高新南七道12号惠恒大厦2期,113.947858,22.534571
南山科技南,广东,深圳市,南山区,粤海街道深大东路深圳大学乔梧阁楼警务室,广东深圳市南山区粤海街道深大东路深圳大学乔梧阁楼警务室,广东深圳市南山区粤海街道深大东路深圳大学乔梧阁楼警务室,113.931849,22.533885
南山科技南,广东,深圳市,南山区,深圳大学粤海校区科技楼Phone,广东深圳市南山区深圳大学粤海校区科技楼,广东深圳市南山区深圳大学粤海校区科技楼,113.936577,22.532641
南山科技南,广东,深圳市,南山区,高新南环路卓越浅水湾6栋,广东深圳市南山区高新南环路卓越浅水湾6栋,广东深圳市南山区高新南环路卓越浅水湾6栋,113.947737,22.522475
南山科技南,广东,深圳市,南山区,南山区粤海街道后海大道腾讯滨海大厦南塔,广东深圳市南山区粤海街道后海大道腾讯滨海大厦南塔,广东深圳市南山区粤海街道后海大道腾讯滨海大厦南塔,113.935428,22.522524
南山科技南,广东,深圳市,南山区,岸芷汀兰花园1A栋，赵小姐,广东深圳市南山区岸芷汀兰花园1A栋,广东深圳市南山区岸芷汀兰花园1A栋,113.930478,22.533191
南山科技南,广东,深圳市,南山区,南山区荣超高新区联合总部大厦楼,广东深圳市南山区荣超高新区联合总部大厦楼,广东深圳市南山区荣超高新区联合总部大厦楼,113.943134,22.525313
南山科技南,广东,深圳市,南山区,粤海街道金地威新公寓,广东深圳市南山区粤海街道金地威新公寓,广东深圳市南山区粤海街道金地威新公寓,113.950754,22.527515
南山科技南,广东,深圳市,南山区,高新南环路5号高新中学保安室,广东深圳市南山区高新南环路5号高新中学保安室,广东深圳市南山区高新南环路5号高新中学保安室,113.951808,22.52287
南山科技南,广东,深圳市,南山区,软件产业基地4A栋,广东深圳市南山区软件产业基地4A栋,广东深圳市南山区软件产业基地4A栋,113.936858,22.52397
南山科技南,广东,深圳市,南山区,科技园南飞亚达大厦西区,广东深圳市南山区科技园南飞亚达大厦西区,广东深圳市南山区科技园南飞亚达大厦西区,114.083907,22.544017
南山科技南,广东,深圳市,南山区,南山大道3688号深圳大学中区14栋深圳大学-雨鹃斋,广东深圳市南山区南山大道3688号深圳大学中区14栋深圳大学-雨鹃斋,广东深圳市南山区南山大道3688号深圳大学中区14栋深圳大学-雨鹃斋,113.931849,22.533885
南山科技南,广东,深圳市,南山区,学府路创世纪滨海花园5栋,广东深圳市南山区学府路创世纪滨海花园5栋,广东深圳市南山区学府路创世纪滨海花园5栋,113.930055,22.523942
南山科技南,广东,深圳市,南山区,纯海岸雅居1栋,广东深圳市南山区纯海岸雅居1栋,广东深圳市南山区纯海岸雅居1栋,113.952056,22.522394
南山科技南,广东,深圳市,南山区,深圳湾科技生态园9栋A1座,广东深圳市南山区深圳湾科技生态园9栋A1座,广东深圳市南山区深圳湾科技生态园9栋A1座,113.952576,22.531817
南山科技南,广东,深圳市,南山区,粤海街道珑御府1栋B,广东深圳市南山区粤海街道珑御府1栋B,广东深圳市南山区粤海街道珑御府1栋B,113.949462,22.526254
南山科技南,广东,深圳市,南山区,科技园中兴通讯研发楼,广东深圳市南山区科技园中兴通讯研发楼,广东深圳市南山区科技园中兴通讯研发楼,113.82506,22.709722
南山科技南,广东,深圳市,南山区,粤海街道粤海大道3688号深圳大学沧海校区,广东深圳市南山区粤海街道粤海大道3688号深圳大学沧海校区,广东深圳市南山区粤海街道粤海大道3688号深圳大学沧海校区,113.939384,22.528107
南山科技南,广东,深圳市,南山区,粤海街道南山区高新工业村T2-B栋楼c室,广东深圳市南山区粤海街道南山区高新工业村T2-B栋楼c室,广东深圳市南山区粤海街道南山区高新工业村T2-B栋楼c室,113.941835,22.533641
南山科技南,广东,深圳市,南山区,深圳市南山区深圳湾科技生态园2区9栋A-2座楼,广东深圳市南山区深圳市南山区深圳湾科技生态园2区9栋A-2座楼,广东深圳市南山区深圳市南山区深圳湾科技生态园2区9栋A-2座楼,113.953494,22.531641
南山科技南,广东,深圳市,南山区,粤海街道滨福庭园2栋,广东深圳市南山区粤海街道滨福庭园2栋,广东深圳市南山区粤海街道滨福庭园2栋,113.948738,22.526313
南山科技南,广东,深圳市,南山区,粤海街道科技南十二路照明中心南,广东深圳市南山区粤海街道科技南十二路照明中心南,广东深圳市南山区粤海街道科技南十二路照明中心南,113.955276,22.535063
南山科技南,广东,深圳市,南山区,海天一路软件产业基地2栋A座穆兰手工牛肉面,广东深圳市南山区海天一路软件产业基地2栋A座穆兰手工牛肉面,广东深圳市南山区海天一路软件产业基地2栋A座穆兰手工牛肉面,113.937039,22.524702
南山科技南,广东,深圳市,南山区,南山区粤海街道南山粤海湾街道纯海岸雅居二栋,广东深圳市南山区粤海街道南山粤海湾街道纯海岸雅居二栋,广东深圳市南山区粤海街道南山粤海湾街道纯海岸雅居二栋,113.952456,22.522781
南山科技南,广东,深圳市,南山区,软件产业基地1栋C座楼,广东深圳市南山区软件产业基地1栋C座楼,广东深圳市南山区软件产业基地1栋C座楼,113.940841,22.524493
南山科技南,广东,深圳市,南山区,粤海街道高新区社区高新南一道017号万德莱大厦南座楼,广东深圳市南山区粤海街道高新区社区高新南一道017号万德莱大厦南座楼,广东深圳市南山区粤海街道高新区社区高新南一道017号万德莱大厦南座楼,113.948047,22.537728
南山科技南,广东,深圳市,南山区,粤海街道高新南十道深圳湾科技生态园1区1栋B座,广东深圳市南山区粤海街道高新南十道深圳湾科技生态园1区1栋B座,广东深圳市南山区粤海街道高新南十道深圳湾科技生态园1区1栋B座,113.953409,22.527866
南山科技南,广东,深圳市,南山区,粤海街道高新南七道20号高新技术产业园区R2-B座楼智,广东深圳市南山区粤海街道高新南七道20号高新技术产业园区R2-B座楼智,广东深圳市南山区粤海街道高新南七道20号高新技术产业园区R2-B座楼智,113.939147,22.541058
南山科技南,广东,深圳市,南山区,软件产业基地5C1002F磨砂肤感磁吸旋转支架苹果16pro,广东深圳市南山区软件产业基地5C1002F磨砂肤感磁吸旋转支架苹果16pro,广东深圳市南山区软件产业基地5C1002F磨砂肤感磁吸旋转支架苹果16pro,113.941071,22.523555
南山科技南,广东,深圳市,南山区,深南大道9789号德赛科技大厦,广东深圳市南山区深南大道9789号德赛科技大厦,广东深圳市南山区深南大道9789号德赛科技大厦,113.954492,22.539418
南山科技南,广东,深圳市,南山区,深圳湾科技生态园一区2栋B座层9B,广东深圳市南山区深圳湾科技生态园一区2栋B座层9B,广东深圳市南山区深圳湾科技生态园一区2栋B座层9B,113.955103,22.530688
南山科技南,广东,深圳市,南山区,南山区粤海街道沙河西路阳光带海滨城1期7栋,广东深圳市南山区粤海街道沙河西路阳光带海滨城1期7栋,广东深圳市南山区粤海街道沙河西路阳光带海滨城1期7栋,113.9533,22.52516
南山科技南,广东,深圳市,南山区,深南大道9819号深铁金融科技大厦楼,广东深圳市南山区深南大道9819号深铁金融科技大厦楼,广东深圳市南山区深南大道9819号深铁金融科技大厦楼,113.944645,22.538928
南山科技南,广东,深圳市,南山区,锦隆花园云A,广东深圳市南山区锦隆花园云A,广东深圳市南山区锦隆花园云A,113.93351,22.52455
南山科技南,广东,深圳市,南山区,阳光粤海花园2d,广东深圳市南山区阳光粤海花园2d,广东深圳市南山区阳光粤海花园2d,113.94044,22.532757
南山科技南,广东,深圳市,南山区,粤海街道书山路3008号创世纪滨海花园7栋,广东深圳市南山区粤海街道书山路3008号创世纪滨海花园7栋,广东深圳市南山区粤海街道书山路3008号创世纪滨海花园7栋,113.930088,22.524479
南山科技南,广东,深圳市,南山区,深圳湾科技生态园一栋D座层36号景盛,广东深圳市南山区深圳湾科技生态园一栋D座层36号景盛,广东深圳市南山区深圳湾科技生态园一栋D座层36号景盛,113.955103,22.530688
南山科技南,广东,深圳市,南山区,高新南一道创维大厦a座楼,广东深圳市南山区高新南一道创维大厦a座楼,广东深圳市南山区高新南一道创维大厦a座楼,113.923189,22.520368
南山科技南,广东,深圳市,南山区,山区粤海街道深圳湾科技生态园2区7栋B座西,广东深圳市南山区山区粤海街道深圳湾科技生态园2区7栋B座西,广东深圳市南山区山区粤海街道深圳湾科技生态园2区7栋B座西,113.953866,22.531342
南山科技南,广东,深圳市,南山区,高新南六道迈科龙大厦楼,广东深圳市南山区高新南六道迈科龙大厦楼,广东深圳市南山区高新南六道迈科龙大厦楼,113.954253,22.535605
南山科技南,广东,深圳市,南山区,高新南五道九号金证科技大厦层长,广东深圳市南山区高新南五道九号金证科技大厦层长,广东深圳市南山区高新南五道九号金证科技大厦层长,113.947453,22.534948
南山科技南,广东,深圳市,南山区,粤海街道高新南十一道阳光带海滨城一期6栋,广东深圳市南山区粤海街道高新南十一道阳光带海滨城一期6栋,广东深圳市南山区粤海街道高新南十一道阳光带海滨城一期6栋,113.953407,22.525755
南山科技南,广东,深圳市,南山区,粤海街道深圳市高新技术产业园区R1-A楼号房我给你用这,广东深圳市南山区粤海街道深圳市高新技术产业园区R1-A楼号房我给你用这,广东深圳市南山区粤海街道深圳市高新技术产业园区R1-A楼号房我给你用这,113.944146,22.535897
南山科技南,广东,深圳市,南山区,粤海街道粤兴三道2号深圳虚拟大学园产业化基地C区,广东深圳市南山区粤海街道粤兴三道2号深圳虚拟大学园产业化基地C区,广东深圳市南山区粤海街道粤兴三道2号深圳虚拟大学园产业化基地C区,113.944564,22.527784
南山科技南,广东,深圳市,南山区,粤海街道勤学路1008号锦隆花园豪苑G,广东深圳市南山区粤海街道勤学路1008号锦隆花园豪苑G,广东深圳市南山区粤海街道勤学路1008号锦隆花园豪苑G,113.932572,22.524886
南山科技南,广东,深圳市,南山区,科苑路深圳湾创新科技中心T4栋B,广东深圳市南山区科苑路深圳湾创新科技中心T4栋B,广东深圳市南山区科苑路深圳湾创新科技中心T4栋B,113.947252,22.527522
南山科技南,广东,深圳市,南山区,科技南一路阳光粤海花园2栋C座801,广东深圳市南山区科技南一路阳光粤海花园2栋C座801,广东深圳市南山区科技南一路阳光粤海花园2栋C座801,113.940854,22.533237
南山科技南,广东,深圳市,南山区,滨海大道3388号三诺智慧大厦,广东深圳市南山区滨海大道3388号三诺智慧大厦,广东深圳市南山区滨海大道3388号三诺智慧大厦,113.937191,22.522357
南山科技南,广东,深圳市,南山区,科技园阳光粤海大厦写字楼,广东深圳市南山区科技园阳光粤海大厦写字楼,广东深圳市南山区科技园阳光粤海大厦写字楼,113.941542,22.53268
南山科技南,广东,深圳市,南山区,软件产业基地4A座楼,广东深圳市南山区软件产业基地4A座楼,广东深圳市南山区软件产业基地4A座楼,113.936911,22.523799
南山科技南,广东,深圳市,南山区,南山区粤海街道科技园德赛大厦楼芯科科技有限公司,广东深圳市南山区粤海街道科技园德赛大厦楼芯科科技有限公司,广东深圳市南山区粤海街道科技园德赛大厦楼芯科科技有限公司,113.945906,22.544475
南山科技南,广东,深圳市,南山区,粤海街道高新南九道10号深圳湾科技生态园10栋裙楼,广东深圳市南山区粤海街道高新南九道10号深圳湾科技生态园10栋裙楼,广东深圳市南山区粤海街道高新南九道10号深圳湾科技生态园10栋裙楼,113.952435,22.529886
南山科技南,广东,深圳市,南山区,创智天地大厦B座,广东深圳市南山区创智天地大厦B座,广东深圳市南山区创智天地大厦B座,114.109562,22.55309
南山科技南,广东,深圳市,南山区,粤海街道南海大道3688号深圳大学紫薇斋架空层粤海校区,广东深圳市南山区粤海街道南海大道3688号深圳大学紫薇斋架空层粤海校区,广东深圳市南山区粤海街道南海大道3688号深圳大学紫薇斋架空层粤海校区,113.932603,22.527539
南山科技南,广东,深圳市,南山区,粤海街道深圳大学粤海校区紫薇斋3688号,广东深圳市南山区粤海街道深圳大学粤海校区紫薇斋3688号,广东深圳市南山区粤海街道深圳大学粤海校区紫薇斋3688号,113.93929,22.533978
南山科技南,广东,深圳市,南山区,腾讯滨海大厦,广东深圳市南山区腾讯滨海大厦,广东深圳市南山区腾讯滨海大厦,113.935257,22.522289
南山科技南,广东,深圳市,南山区,南山区粤海街道中海海阔天空雅居C栋c,广东深圳市南山区粤海街道中海海阔天空雅居C栋c,广东深圳市南山区粤海街道中海海阔天空雅居C栋c,113.945252,22.526346
南山科技南,广东,深圳市,南山区,安居高新花园南区1栋,广东深圳市南山区安居高新花园南区1栋,广东深圳市南山区安居高新花园南区1栋,113.951278,22.53412
南山科技南,广东,深圳市,南山区,阳光带海滨城锦锻之滨6,广东深圳市南山区阳光带海滨城锦锻之滨6,广东深圳市南山区阳光带海滨城锦锻之滨6,113.946959,22.526163
南山科技南,广东,深圳市,南山区,南海大道3688号深圳大学粤海校区元平体育馆,广东深圳市南山区南海大道3688号深圳大学粤海校区元平体育馆,广东深圳市南山区南海大道3688号深圳大学粤海校区元平体育馆,113.938656,22.535831
南山科技南,广东,深圳市,南山区,南山区粤海街道岗园路深圳大学粤海校区南区学生公,广东深圳市南山区粤海街道岗园路深圳大学粤海校区南区,广东深圳市南山区粤海街道岗园路深圳大学粤海校区南区,113.938362,22.529016
南山科技南,广东,深圳市,南山区,粤兴一道18号香港理工大学产学研大楼,广东深圳市南山区粤兴一道18号香港理工大学产学研大楼,广东深圳市南山区粤兴一道18号香港理工大学产学研大楼,113.942938,22.531723
南山科技南,广东,深圳市,南山区,粤海街道白石路深圳大学沧海校区冬筑,广东深圳市南山区粤海街道白石路深圳大学沧海校区冬筑,广东深圳市南山区粤海街道白石路深圳大学沧海校区冬筑,113.939384,22.528107
南山科技南,广东,深圳市,南山区,海天二路腾讯滨海大厦邮件中心,广东深圳市南山区海天二路腾讯滨海大厦邮件中心,广东深圳市南山区海天二路腾讯滨海大厦邮件中心,113.935175,22.522725
南山科技南,广东,深圳市,南山区,粤海街道高新园南区高新南七道深圳清华大学研究院A206,广东深圳市南山区粤海街道高新园南区高新南七道深圳清华大学研究院A206,广东深圳市南山区粤海街道高新园南区高新南七道深圳清华大学研究院A206,113.942829,22.528275
南山科技南,广东,深圳市,南山区,粤海街道科技南八路2号豪威科技大厦913麦,广东深圳市南山区粤海街道科技南八路2号豪威科技大厦913麦,广东深圳市南山区粤海街道科技南八路2号豪威科技大厦913麦,113.95249,22.533516
南山科技南,广东,深圳市,南山区,南海大道3688号深圳大学粤海校区汇星楼,广东深圳市南山区南海大道3688号深圳大学粤海校区汇星楼,广东深圳市南山区南海大道3688号深圳大学粤海校区汇星楼,113.936564,22.535179
南山科技南,广东,深圳市,南山区,粤海街道深圳大学粤海校区海滨小区16号楼,广东深圳市南山区粤海街道深圳大学粤海校区海滨小区16号楼,广东深圳市南山区粤海街道深圳大学粤海校区海滨小区16号楼,113.936439,22.528496
南山科技南,广东,深圳市,南山区,高新南环路46号熙湾俊庭E,广东深圳市南山区高新南环路46号熙湾俊庭E,广东深圳市南山区高新南环路46号熙湾俊庭E,113.948113,22.524983
南山科技南,广东,深圳市,南山区,南山区粤海街道深圳市软件产业基地2栋B座,广东深圳市南山区粤海街道深圳市软件产业基地2栋B座,广东深圳市南山区粤海街道深圳市软件产业基地2栋B座,113.937674,22.524668
南山科技南,广东,深圳市,南山区,高新南区白石路与沙河西路交汇处深圳湾科技生态园12栋A座层深圳提达装饰工程有限公司,广东深圳市南山区高新南区白石路与沙河西路交汇处深圳湾科技生态园12栋A座层深圳提达装饰工程有限公司,广东深圳市南山区高新南区白石路与沙河西路交汇处深圳湾科技生态园12栋A座层深圳提达装饰工程有限公司,113.951153,22.531769
南山科技南,广东,深圳市,南山区,粤海街道高新南十道金地威新国际公寓,广东深圳市南山区粤海街道高新南十道金地威新国际公寓,广东深圳市南山区粤海街道高新南十道金地威新国际公寓,113.943244,22.526119
南山科技南,广东,深圳市,南山区,粤海街道深圳市南海大道深圳大学,广东深圳市南山区粤海街道深圳市南海大道深圳大学,广东深圳市南山区粤海街道深圳市南海大道深圳大学,113.931849,22.533885
南山科技南,广东,深圳市,南山区,滨海大道3388号三诺大厦层蓝色单人,广东深圳市南山区滨海大道3388号三诺大厦,广东深圳市南山区滨海大道3388号三诺大厦,113.937065,22.522656
南山科技南,广东,深圳市,南山区,粤海街道广东省深圳市南山区深圳大学沧海校区冬筑,广东深圳市南山区粤海街道广东省深圳市南山区深圳大学沧海校区冬筑,广东深圳市南山区粤海街道广东省深圳市南山区深圳大学沧海校区冬筑,113.939384,22.528107
南山科技南,广东,深圳市,南山区,高新南12路中检大厦A区层,广东深圳市南山区高新南12路中检大厦A区层,广东深圳市南山区高新南12路中检大厦A区层,113.956367,22.535951
南山科技南,广东,深圳市,南山区,粤海街道后海大道2388号怡化金融科技大厦楼粤海壹号,广东深圳市南山区粤海街道后海大道2388号怡化金融科技大厦楼粤海壹号,广东深圳市南山区粤海街道后海大道2388号怡化金融科技大厦楼粤海壹号,113.935963,22.524447
南山科技南,广东,深圳市,南山区,锦隆花苑锦绣豪苑A,广东深圳市南山区锦隆花苑锦绣豪苑A,广东深圳市南山区锦隆花苑锦绣豪苑A,113.930478,22.533191
南山科技南,广东,深圳市,南山区,科技南一路7号达实智能大厦楼,广东深圳市南山区科技南一路7号达实智能大厦楼,广东深圳市南山区科技南一路7号达实智能大厦楼,113.941304,22.534331
南山科技南,广东,深圳市,南山区,粤海街道留学生创业大厦二期,广东深圳市南山区粤海街道留学生创业大厦二期,广东深圳市南山区粤海街道留学生创业大厦二期,113.947433,22.531276
南山科技南,广东,深圳市,南山区,粤海街道南山区学府路学林雅苑一栋房,广东深圳市南山区粤海街道南山区学府路学林雅苑一栋房,广东深圳市南山区粤海街道南山区学府路学林雅苑一栋房,113.918593,22.528116
南山科技南,广东,深圳市,南山区,阳光带海滨城锦缎之滨13栋,广东深圳市南山区阳光带海滨城锦缎之滨13栋,广东深圳市南山区阳光带海滨城锦缎之滨13栋,113.953275,22.525875
南山科技南,广东,深圳市,南山区,南山区粤海街道南山区深圳湾科技生态园1-B,广东深圳市南山区粤海街道南山区深圳湾科技生态园1-B,广东深圳市南山区粤海街道南山区深圳湾科技生态园1-B,113.954197,22.527771
南山科技南,广东,深圳市,南山区,粤海街道科技南十二路11号方大大厦楼D,广东深圳市南山区粤海街道科技南十二路11号方大大厦楼D,广东深圳市南山区粤海街道科技南十二路11号方大大厦楼D,113.956594,22.537442
南山科技南,广东,深圳市,南山区,科技园生态园金地国际公寓灵境,广东深圳市南山区科技园生态园金地国际公寓灵境,广东深圳市南山区科技园生态园金地国际公寓灵境,113.94604,22.54461
南山科技南,广东,深圳市,南山区,深圳湾科技生态园9栋B座层,广东深圳市南山区深圳湾科技生态园9栋B座层,广东深圳市南山区深圳湾科技生态园9栋B座层,113.953665,22.531893
南山科技南,广东,深圳市,南山区,粤海街道万德莱壹居南座,广东深圳市南山区粤海街道万德莱壹居南座,广东深圳市南山区粤海街道万德莱壹居南座,113.949267,22.534394
南山科技南,广东,深圳市,南山区,科苑南路中信海阔天空雅居A栋,广东深圳市南山区科苑南路中信海阔天空雅居A栋,广东深圳市南山区科苑南路中信海阔天空雅居A栋,113.945166,22.525208
南山科技南,广东,深圳市,南山区,高新南一道创维大厦A座楼,广东深圳市南山区高新南一道创维大厦A座楼,广东深圳市南山区高新南一道创维大厦A座楼,113.923189,22.520368
南山科技南,广东,深圳市,南山区,粤海街道广东省深圳市南山区粤海街道深圳湾创新科技中心T5栋A座,广东深圳市南山区粤海街道广东省深圳市南山区粤海街道深圳湾创新科技中心T5栋A座,广东深圳市南山区粤海街道广东省深圳市南山区粤海街道深圳湾创新科技中心T5栋A座,113.924164,22.488255
南山科技南,广东,深圳市,南山区,粤海街道软件基地4栋C座,广东深圳市南山区粤海街道软件基地4栋C座,广东深圳市南山区粤海街道软件基地4栋C座,113.944859,22.528137
南山科技南,广东,深圳市,南山区,南山区粤海街道高新南一道8号创维大厦A806小湃科技前台,广东深圳市南山区粤海街道高新南一道8号创维大厦A806小湃科技前台,广东深圳市南山区粤海街道高新南一道8号创维大厦A806小湃科技前台,113.950879,22.539131
南山科技南,广东,深圳市,南山区,科苑路中国储能大厦楼,广东深圳市南山区科苑路中国储能大厦楼,广东深圳市南山区科苑路中国储能大厦楼,113.944852,22.537826
南山科技南,广东,深圳市,南山区,粤海街道粤海街道学府路63号荣超联合总部大厦楼优博讯,广东深圳市南山区粤海街道粤海街道学府路63号荣超联合总部大厦楼优博讯,广东深圳市南山区粤海街道粤海街道学府路63号荣超联合总部大厦楼优博讯,113.922112,22.528084
南山科技南,广东,深圳市,南山区,高新南四道18号-更改家,广东深圳市南山区高新南四道18号-更改家,广东深圳市南山区高新南四道18号-更改家,113.9523,22.537376
南山科技南,广东,深圳市,南山区,粤海街道高新南环路35号阳光带海滨城2期10栋,广东深圳市南山区粤海街道高新南环路35号阳光带海滨城2期10栋,广东深圳市南山区粤海街道高新南环路35号阳光带海滨城2期10栋,113.947331,22.525775
南山科技南,广东,深圳市,南山区,高新南七道1号粤美特大厦,广东深圳市南山区高新南七道1号粤美特大厦,广东深圳市南山区高新南七道1号粤美特大厦,113.953795,22.533515
南山科技南,广东,深圳市,南山区,粤海街道高新南十道珑御府1-1,广东深圳市南山区粤海街道高新南十道珑御府1-1,广东深圳市南山区粤海街道高新南十道珑御府1-1,113.949462,22.526254
南山科技南,广东,深圳市,南山区,白石路与沙河西路交汇处深圳湾科技生态园,广东深圳市南山区白石路与沙河西路交汇处深圳湾科技生态园,广东深圳市南山区白石路与沙河西路交汇处深圳湾科技生态园,113.955103,22.530688
南山科技南,广东,深圳市,南山区,粤海街道南海大道3688号深圳大学粤海校区快递站,广东深圳市南山区粤海街道南海大道3688号深圳大学粤海校区快递站,广东深圳市南山区粤海街道南海大道3688号深圳大学粤海校区快递站,113.936577,22.532641
南山科技南,广东,深圳市,南山区,科技南一路阳光粤海花园2C,广东深圳市南山区科技南一路阳光粤海花园2C,广东深圳市南山区科技南一路阳光粤海花园2C,113.940854,22.533237
南山科技南,广东,深圳市,南山区,粤海街道岸芷汀兰2B,广东深圳市南山区粤海街道岸芷汀兰2B,广东深圳市南山区粤海街道岸芷汀兰2B,113.951071,22.522193
南山科技南,广东,深圳市,南山区,虚拟大学园产业化综合楼,广东深圳市南山区虚拟大学园产业化综合楼,广东深圳市南山区虚拟大学园产业化综合楼,113.944826,22.535548
南山科技南,广东,深圳市,南山区,岗园路与粤兴四道交叉口正南方向89米深圳市清华大学研究院新大楼A座,广东深圳市南山区岗园路与粤兴四道交叉口正南方向89米深圳市清华大学研究院新大楼A座,广东深圳市南山区岗园路与粤兴四道交叉口正南方向89米深圳市清华大学研究院新大楼A座,113.942829,22.528275
南山科技南,广东,深圳市,南山区,科技南十二路28号康佳研发大厦层1D,广东深圳市南山区科技南十二路28号康佳研发大厦层1D,广东深圳市南山区科技南十二路28号康佳研发大厦层1D,113.956981,22.539576
南山科技南,广东,深圳市,南山区,粤海街道科技园纯海岸雅居4栋,广东深圳市南山区粤海街道科技园纯海岸雅居4栋,广东深圳市南山区粤海街道科技园纯海岸雅居4栋,113.952947,22.523052
南山科技南,广东,深圳市,南山区,粤海街道高新区社区沙河西路1809号深圳湾科技生态园2栋A125兰,广东深圳市南山区粤海街道高新区社区沙河西路1809号深圳湾科技生态园2栋A125兰,广东深圳市南山区粤海街道高新区社区沙河西路1809号深圳湾科技生态园2栋A125兰,113.953763,22.528802
南山科技南,广东,深圳市,南山区,粤海街道深圳湾科技生态园二区9栋B4座负层智慧园指,广东深圳市南山区粤海街道深圳湾科技生态园二区9栋B4座负层智慧园指,广东深圳市南山区粤海街道深圳湾科技生态园二区9栋B4座负层智慧园指,113.953963,22.531752
南山科技南,广东,深圳市,南山区,粤海街道粤兴六中科纳能大厦D区深圳若玺酒店,广东深圳市南山区粤海街道粤兴六中科纳能大厦D区深圳若玺酒店,广东深圳市南山区粤海街道粤兴六中科纳能大厦D区深圳若玺酒店,113.944859,22.528137
南山科技南,广东,深圳市,南山区,粤海街道学府路软件产业基地1栋A座楼,广东深圳市南山区粤海街道学府路软件产业基地1栋A座楼,广东深圳市南山区粤海街道学府路软件产业基地1栋A座楼,113.939363,22.524558
南山科技南,广东,深圳市,南山区,粤海街道高新南七道15号深港产学研基地w,广东深圳市南山区粤海街道高新南七道15号深港产学研基地w,广东深圳市南山区粤海街道高新南七道15号深港产学研基地w,113.944501,22.533612
南山科技南,广东,深圳市,南山区,学府路软件产业基地1栋A座,广东深圳市南山区学府路软件产业基地1栋A座,广东深圳市南山区学府路软件产业基地1栋A座,113.939363,22.524558
南山科技南,广东,深圳市,南山区,白石路与科技南一路交叉口阳光粤海花园2F,广东深圳市南山区白石路与科技南一路交叉口阳光粤海花园2F,广东深圳市南山区白石路与科技南一路交叉口阳光粤海花园2F,113.940854,22.533237
南山科技南,广东,深圳市,南山区,高新南十道16号金地威新中心B座楼邮件中心,广东深圳市南山区高新南十道16号金地威新中心B座楼邮件中心,广东深圳市南山区高新南十道16号金地威新中心B座楼邮件中心,113.951307,22.528523
南山科技南,广东,深圳市,南山区,高新南九道99号A8音乐大厦楼,广东深圳市南山区高新南九道99号A8音乐大厦楼,广东深圳市南山区高新南九道99号A8音乐大厦楼,113.938304,22.52254
南山科技南,广东,深圳市,南山区,广东省-深圳市-南山区-粤海街道科技南路安居高新花园1栋,广东深圳市南山区广东省-深圳市-南山区-粤海街道科技南路安居高新花园1栋,广东深圳市南山区广东省-深圳市-南山区-粤海街道科技南路安居高新花园1栋,113.951278,22.53412
南山科技南,广东,深圳市,南山区,恒立听海花园2栋,广东深圳市南山区恒立听海花园2栋,广东深圳市南山区恒立听海花园2栋,113.946834,22.523603
南山科技南,广东,深圳市,南山区,粤海街道-深圳大学致信楼S310A,广东深圳市南山区粤海街道-深圳大学致信楼S310A,广东深圳市南山区粤海街道-深圳大学致信楼S310A,113.94054,22.539366
南山科技南,广东,深圳市,南山区,粤海街道深圳大学沧海校区致理楼楼左侧,广东深圳市南山区粤海街道深圳大学沧海校区致理楼楼左侧,广东深圳市南山区粤海街道深圳大学沧海校区致理楼楼左侧,113.939384,22.528107
南山科技南,广东,深圳市,南山区,粤海街道安居高新花园2,广东深圳市南山区粤海街道安居高新花园2,广东深圳市南山区粤海街道安居高新花园2,113.951278,22.53412
南山科技南,广东,深圳市,南山区,粤海街道锦隆花园锦云阁A,广东深圳市南山区粤海街道锦隆花园锦云阁A,广东深圳市南山区粤海街道锦隆花园锦云阁A,113.932955,22.525034
南山科技南,广东,深圳市,南山区,宏观苑a座,广东深圳市南山区宏观苑a座,广东深圳市南山区宏观苑a座,113.933917,22.523738
南山科技南,广东,深圳市,南山区,深圳湾科技生态园12栋,广东深圳市南山区深圳湾科技生态园12栋,广东深圳市南山区深圳湾科技生态园12栋,113.951218,22.532051
南山科技南,广东,深圳市,南山区,粤海街道白石路阳光粤海2D,广东深圳市南山区粤海街道白石路阳光粤海2D,广东深圳市南山区粤海街道白石路阳光粤海2D,113.940534,22.532575
南山科技南,广东,深圳市,南山区,粤海街道中海北斗导航技术有限公司11栋A座层,广东深圳市南山区粤海街道中海北斗导航技术有限公司11栋A座层,广东深圳市南山区粤海街道中海北斗导航技术有限公司11栋A座层,113.924164,22.488255
南山科技南,广东,深圳市,南山区,安居高新花园1栋单元,广东深圳市南山区安居高新花园1栋单元,广东深圳市南山区安居高新花园1栋单元,113.951278,22.53412
南山科技南,广东,深圳市,南山区,南山区粤海街道安居高新花园南区1栋单元,广东深圳市南山区粤海街道安居高新花园南区1栋单元,广东深圳市南山区粤海街道安居高新花园南区1栋单元,113.951278,22.53412
南山科技南,广东,深圳市,南山区,南山区粤海街道高新南七道数字技术园栋楼A区,广东深圳市南山区粤海街道高新南七道数字技术园栋楼A区,广东深圳市南山区粤海街道高新南七道数字技术园栋楼A区,113.948423,22.533422
南山科技南,广东,深圳市,南山区,粤海街道科技南路深圳湾科技生态园12A栋裙楼层深圳戴普森新能源技术有限公司,广东深圳市南山区粤海街道科技南路深圳湾科技生态园12A栋裙楼层深圳戴普森新能源技术有限公司,广东深圳市南山区粤海街道科技南路深圳湾科技生态园12A栋裙楼层深圳戴普森新能源技术有限公司,113.950926,22.532263
南山科技南,广东,深圳市,南山区,软件产业基地1栋b座楼,广东深圳市南山区软件产业基地1栋b座楼,广东深圳市南山区软件产业基地1栋b座楼,113.940283,22.524455
南山科技南,广东,深圳市,南山区,粤海街道高新南环路2号岸芷汀兰1C栋,广东深圳市南山区粤海街道高新南环路2号岸芷汀兰1C栋,广东深圳市南山区粤海街道高新南环路2号岸芷汀兰1C栋,113.950809,22.522409
南山科技南,广东,深圳市,南山区,深圳湾科技生态园12栋裙楼层上海交通大学深圳研究院傅老师,广东深圳市南山区深圳湾科技生态园12栋裙楼层上海交通大学深圳研究院傅老师,广东深圳市南山区深圳湾科技生态园12栋裙楼层上海交通大学深圳研究院傅老师,113.951273,22.532293
南山科技南,广东,深圳市,南山区,粤海街道安居博文苑C幢,广东深圳市南山区粤海街道安居博文苑C幢,广东深圳市南山区粤海街道安居博文苑C幢,113.951794,22.525014
南山科技南,广东,深圳市,南山区,高新区社区高新南九道10号深圳湾科技生态园10栋A座层1201一,广东深圳市南山区高新区社区高新南九道10号深圳湾科技生态园10栋A座层1201一,广东深圳市南山区高新区社区高新南九道10号深圳湾科技生态园10栋A座层1201一,113.951782,22.530073
南山科技南,广东,深圳市,南山区,安居高新花园1栋,广东深圳市南山区安居高新花园1栋,广东深圳市南山区安居高新花园1栋,113.951278,22.53412
南山科技南,广东,深圳市,南山区,粤海街道高新南十道16号金地威新中心B座,广东深圳市南山区粤海街道高新南十道16号金地威新中心B座,广东深圳市南山区粤海街道高新南十道16号金地威新中心B座,113.951307,22.528523
南山科技南,广东,深圳市,南山区,粤海街道深圳湾科技生态园12栋B座门楼观璟高空铁板,广东深圳市南山区粤海街道深圳湾科技生态园12栋B座门楼观璟高空铁板,广东深圳市南山区粤海街道深圳湾科技生态园12栋B座门楼观璟高空铁板,113.951651,22.531858
南山科技南,广东,深圳市,南山区,粤海街道南海大道3688号春笛,广东深圳市南山区粤海街道南海大道3688号春笛,广东深圳市南山区粤海街道南海大道3688号春笛,113.932603,22.527539
南山科技南,广东,深圳市,南山区,深圳大学马克思学院,广东深圳市南山区深圳大学马克思学院,广东深圳市南山区深圳大学马克思学院,113.931849,22.533885
南山科技南,广东,深圳市,南山区,粤海街道中科大厦裙,广东深圳市南山区粤海街道中科大厦裙,广东深圳市南山区粤海街道中科大厦裙,113.952529,22.538814
南山科技南,广东,深圳市,南山区,科技南12路迈瑞大厦,广东深圳市南山区科技南12路迈瑞大厦,广东深圳市南山区科技南12路迈瑞大厦,113.957021,22.539451
南山科技南,广东,深圳市,南山区,科技园高新南六道六号迈科龙大厦楼,广东深圳市南山区科技园高新南六道六号迈科龙大厦楼,广东深圳市南山区科技园高新南六道六号迈科龙大厦楼,113.954253,22.535605
南山科技南,广东,深圳市,南山区,粤海街道高新区社区科技南八路8号工勘大厦,广东深圳市南山区粤海街道高新区社区科技南八路8号工勘大厦,广东深圳市南山区粤海街道高新区社区科技南八路8号工勘大厦,113.952057,22.535357
南山科技南,广东,深圳市,南山区,粤海街道海滨小区9号,广东深圳市南山区粤海街道海滨小区9号,广东深圳市南山区粤海街道海滨小区9号,113.935093,22.527955
南山科技南,广东,深圳市,南山区,粤海街道滨海社区高新南九道99号A8音乐大厦楼非夕,广东深圳市南山区粤海街道滨海社区高新南九道99号A8音乐大厦楼非夕,广东深圳市南山区粤海街道滨海社区高新南九道99号A8音乐大厦楼非夕,113.938304,22.52254
南山科技南,广东,深圳市,南山区,深圳市南山区高新技术产业园南区R3-楼小轩,广东深圳市南山区深圳市南山区高新技术产业园南区R3-楼小轩,广东深圳市南山区深圳市南山区高新技术产业园南区R3-楼小轩,113.930478,22.533191
南山科技南,广东,深圳市,南山区,高新南十一道滨福世纪广场201-C博尔,广东深圳市南山区高新南十一道滨福世纪广场201-C博尔,广东深圳市南山区高新南十一道滨福世纪广场201-C博尔,113.949434,22.52516
南山科技南,广东,深圳市,南山区,粤海街道深圳湾科技生态园三四区5栋D座,广东深圳市南山区粤海街道深圳湾科技生态园三四区5栋D座,广东深圳市南山区粤海街道深圳湾科技生态园三四区5栋D座,113.955103,22.530688
南山科技南,广东,深圳市,南山区,粤海街道深大社区南海大道3688号深圳大学粤海校区西南学生生活区云杉轩,广东深圳市南山区粤海街道深大社区南海大道3688号深圳大学粤海校区西南学生生活区云杉轩,广东深圳市南山区粤海街道深大社区南海大道3688号深圳大学粤海校区西南学生生活区云杉轩,113.932573,22.528518
南山科技南,广东,深圳市,南山区,粤海街道腾讯滨海大厦,广东深圳市南山区粤海街道腾讯滨海大厦,广东深圳市南山区粤海街道腾讯滨海大厦,113.935257,22.522289
南山科技南,广东,深圳市,南山区,南山区粤海街道嘉联支付大厦,广东深圳市南山区粤海街道嘉联支付大厦,广东深圳市南山区粤海街道嘉联支付大厦,113.957495,22.538581
南山科技南,广东,深圳市,南山区,深圳大学粤海校区,广东深圳市南山区深圳大学粤海校区,广东深圳市南山区深圳大学粤海校区,113.936577,22.532641
南山科技南,广东,深圳市,南山区,阳光粤海花园2F栋,广东深圳市南山区阳光粤海花园2F栋,广东深圳市南山区阳光粤海花园2F栋,113.94044,22.532757
南山科技南,广东,深圳市,南山区,粤海街道高新技术产业园W1-A,广东深圳市南山区粤海街道高新技术产业园W1-A,广东深圳市南山区粤海街道高新技术产业园W1-A,113.9431,22.536675
南山科技南,广东,深圳市,南山区,南山区粤海街道中科纳能大厦若玺酒店水泵,广东深圳市南山区粤海街道中科纳能大厦若玺酒店水泵,广东深圳市南山区粤海街道中科纳能大厦若玺酒店水泵,113.941494,22.526316
南山科技南,广东,深圳市,南山区,粤海街道深圳湾科技生态园5栋B,广东深圳市南山区粤海街道深圳湾科技生态园5栋B,广东深圳市南山区粤海街道深圳湾科技生态园5栋B,113.95306,22.529055
南山科技南,广东,深圳市,南山区,广东省深圳市南山区粤海街道软件基地4栋C座,广东深圳市南山区广东省深圳市南山区粤海街道软件基地4栋C座,广东深圳市南山区广东省深圳市南山区粤海街道软件基地4栋C座,113.927885,22.513842
南山科技南,广东,深圳市,南山区,深圳湾创新科技中心深圳湾创新科技中心2栋B座,广东深圳市南山区深圳湾创新科技中心深圳湾创新科技中心2栋B座,广东深圳市南山区深圳湾创新科技中心深圳湾创新科技中心2栋B座,113.947796,22.528362
南山科技南,广东,深圳市,南山区,广东省深圳市南山区粤海街道学府路99号学林雅院4栋,广东深圳市南山区广东省深圳市南山区粤海街道学府路99号学林雅院4栋,广东深圳市南山区广东省深圳市南山区粤海街道学府路99号学林雅院4栋,113.931655,22.525303
南山科技南,广东,深圳市,南山区,科技园恒立听海花园8栋,广东深圳市南山区科技园恒立听海花园8栋,广东深圳市南山区科技园恒立听海花园8栋,113.947876,22.523807
南山科技南,广东,深圳市,南山区,南山区粤海街道深圳市南山区粤海街道高新区社区粤兴一道9号香港科大深圳产学研大楼,广东深圳市南山区粤海街道深圳市南山区粤海街道高新区社区粤兴一道9号香港科大深圳产学研大楼,广东深圳市南山区粤海街道深圳市南山区粤海街道高新区社区粤兴一道9号香港科大深圳产学研大楼,113.943353,22.531284
南山科技南,广东,深圳市,南山区,沙河西路1819号深圳湾科技生态园11栋A座,广东深圳市南山区沙河西路1819号深圳湾科技生态园11栋A座,广东深圳市南山区沙河西路1819号深圳湾科技生态园11栋A座,113.950544,22.531109
南山科技南,广东,深圳市,南山区,粤海街道书山路3号宏观苑A,广东深圳市南山区粤海街道书山路3号宏观苑A,广东深圳市南山区粤海街道书山路3号宏观苑A,113.933766,22.523554
南山科技南,广东,深圳市,南山区,安居高新花园北区1栋,广东深圳市南山区安居高新花园北区1栋,广东深圳市南山区安居高新花园北区1栋,113.951688,22.535318
南山科技南,广东,深圳市,南山区,粤海街道岸芷汀兰花园2A601（7,广东深圳市南山区粤海街道岸芷汀兰花园2A601（7,广东深圳市南山区粤海街道岸芷汀兰花园2A601（7,113.944859,22.528137
南山科技南,广东,深圳市,南山区,粤海街道深圳市南山区粤海街道南海大道3688号深圳大学紫薇斋,广东深圳市南山区粤海街道深圳市南山区粤海街道南海大道3688号深圳大学紫薇斋,广东深圳市南山区粤海街道深圳市南山区粤海街道南海大道3688号深圳大学紫薇斋,113.932603,22.527539
南山科技南,广东,深圳市,南山区,粤兴二道武汉大学深圳产学研大楼A座802一,广东深圳市南山区粤兴二道武汉大学深圳产学研大楼A座802一,广东深圳市南山区粤兴二道武汉大学深圳产学研大楼A座802一,113.924164,22.488255
南山科技南,广东,深圳市,南山区,阳光带海滨城二期二栋d,广东深圳市南山区阳光带海滨城二期二栋d,广东深圳市南山区阳光带海滨城二期二栋d,113.946959,22.526163
南山科技南,广东,深圳市,南山区,腾讯滨海大厦邮件中,广东深圳市南山区腾讯滨海大厦邮件中,广东深圳市南山区腾讯滨海大厦邮件中,113.935257,22.522289
南山科技南,广东,深圳市,南山区,粤海街道香港理工大学产学研大楼,广东深圳市南山区粤海街道香港理工大学产学研大楼,广东深圳市南山区粤海街道香港理工大学产学研大楼,113.942938,22.531723
南山科技南,广东,深圳市,南山区,高新南四道13号丽雅查尔顿广场,广东深圳市南山区高新南四道13号丽雅查尔顿广场,广东深圳市南山区高新南四道13号丽雅查尔顿广场,113.949172,22.535787
南山科技南,广东,深圳市,南山区,白石路深圳大学沧海校区致信楼N,广东深圳市南山区白石路深圳大学沧海校区致信楼N,广东深圳市南山区白石路深圳大学沧海校区致信楼N,113.937456,22.527369
南山科技南,广东,深圳市,南山区,粤海街道高新南十一道熙湾俊庭花园A,广东深圳市南山区粤海街道高新南十一道熙湾俊庭花园A,广东深圳市南山区粤海街道高新南十一道熙湾俊庭花园A,113.94846,22.524954
南山科技南,广东,深圳市,南山区,粤海街道学府路学林雅院8栋,广东深圳市南山区粤海街道学府路学林雅院8栋,广东深圳市南山区粤海街道学府路学林雅院8栋,113.93123,22.524903
南山科技南,广东,深圳市,南山区,深圳市软件产业基地5栋D座-南门楼万兴,广东深圳市南山区深圳市软件产业基地5栋D座-南门楼万兴,广东深圳市南山区深圳市软件产业基地5栋D座-南门楼万兴,113.939903,22.522928
南山科技南,广东,深圳市,南山区,粤海街道白石路3609号深圳湾科技生态园9栋B座,广东深圳市南山区粤海街道白石路3609号深圳湾科技生态园9栋B座,广东深圳市南山区粤海街道白石路3609号深圳湾科技生态园9栋B座,113.952435,22.529886
南山科技南,广东,深圳市,南山区,粤海街道海天一路软件产业基地5栋楼,广东深圳市南山区粤海街道海天一路软件产业基地5栋楼,广东深圳市南山区粤海街道海天一路软件产业基地5栋楼,113.939707,22.523419
南山科技南,广东,深圳市,南山区,粤海街道南山区高新南十一道浅水湾花园3栋,广东深圳市南山区粤海街道南山区高新南十一道浅水湾花园3栋,广东深圳市南山区粤海街道南山区高新南十一道浅水湾花园3栋,113.946519,22.524359
南山科技南,广东,深圳市,南山区,科技园南区科苑南路武汉大学深圳产学研大楼B栋楼港德电子有限公司,广东深圳市南山区科技园南区科苑南路武汉大学深圳产学研大楼B栋楼港德电子有限公司,广东深圳市南山区科技园南区科苑南路武汉大学深圳产学研大楼B栋楼港德电子有限公司,113.944844,22.530717
南山科技南,广东,深圳市,南山区,南山区粤海街道高新社区岸沚汀兰2B,广东深圳市南山区粤海街道高新社区岸沚汀兰2B,广东深圳市南山区粤海街道高新社区岸沚汀兰2B,113.952864,22.531074
南山科技南,广东,深圳市,南山区,深投控创智天地大厦-A1栋,广东深圳市南山区深投控创智天地大厦-A1栋,广东深圳市南山区深投控创智天地大厦-A1栋,113.94418,22.538088
南山科技南,广东,深圳市,南山区,南海大道3688号,广东深圳市南山区南海大道3688号,广东深圳市南山区南海大道3688号,113.932603,22.527539
南山科技南,广东,深圳市,南山区,荣超高新区联合总部大厦楼,广东深圳市南山区荣超高新区联合总部大厦楼,广东深圳市南山区荣超高新区联合总部大厦楼,113.943134,22.525313
南山科技南,广东,深圳市,南山区,华中科技大学深圳产学研基地大楼B座,广东深圳市南山区华中科技大学深圳产学研基地大楼B座,广东深圳市南山区华中科技大学深圳产学研基地大楼B座,113.943835,22.52874
南山科技南,广东,深圳市,南山区,粤海街道深圳大学南区冬筑#11MFCR,广东深圳市南山区粤海街道深圳大学南区,广东深圳市南山区粤海街道深圳大学南区,113.94054,22.539366
南山科技南,广东,深圳市,南山区,粤海街道中信海阔天空雅居B栋C-常出差快递,广东深圳市南山区粤海街道中信海阔天空雅居B栋C-常出差快递,广东深圳市南山区粤海街道中信海阔天空雅居B栋C-常出差快递,113.944979,22.52546
南山科技南,广东,深圳市,南山区,粤海街道学府路学林雅苑6栋,广东深圳市南山区粤海街道学府路学林雅苑6栋,广东深圳市南山区粤海街道学府路学林雅苑6栋,113.918593,22.528116
南山科技南,广东,深圳市,南山区,科技南12路7号九洲电器大厦B座楼,广东深圳市南山区科技南12路7号九洲电器大厦B座楼,广东深圳市南山区科技南12路7号九洲电器大厦B座楼,113.955554,22.536716
南山科技南,广东,深圳市,南山区,粤海街道深圳湾创新科技中心八,广东深圳市南山区粤海街道深圳湾创新科技中心,广东深圳市南山区粤海街道深圳湾创新科技中心,113.947796,22.528362
南山科技南,广东,深圳市,南山区,南山区粤海街道高新区社区粤兴三道9号华中科技大学深圳产学研基地大楼B座,广东深圳市南山区粤海街道高新区社区粤兴三道9号华中科技大学深圳产学研基地大楼B座,广东深圳市南山区粤海街道高新区社区粤兴三道9号华中科技大学深圳产学研基地大楼B座,113.943835,22.52874
南山科技南,广东,深圳市,南山区,高新南三道与科技南路交叉口正东方向59米光启未来中心A塔楼楼,广东深圳市南山区高新南三道与科技南路交叉口正东方向59米光启未来中心A塔楼楼,广东深圳市南山区高新南三道与科技南路交叉口正东方向59米光启未来中心A塔楼楼,113.950968,22.536949
南山科技南,广东,深圳市,南山区,南山区粤海街道高新园南区科园路18号北科大厦楼,广东深圳市南山区粤海街道高新园南区科园路18号北科大厦楼,广东深圳市南山区粤海街道高新园南区科园路18号北科大厦楼,113.939919,22.525924
南山科技南,广东,深圳市,南山区,粤海街道深圳大学粤海校区西南学生生活区,广东深圳市南山区粤海街道深圳大学粤海校区西南学生生活区,广东深圳市南山区粤海街道深圳大学粤海校区西南学生生活区,113.930707,22.527124
南山科技南,广东,深圳市,南山区,高新技术产业园R2B,广东深圳市南山区高新技术产业园R2B,广东深圳市南山区高新技术产业园R2B,113.930478,22.533191
南山科技南,广东,深圳市,南山区,粤海街道深圳大学紫薇,广东深圳市南山区粤海街道深圳大学紫薇,广东深圳市南山区粤海街道深圳大学紫薇,113.94054,22.539366
南山科技南,广东,深圳市,南山区,南山区粤海街道深圳湾科技创新中心T1栋楼,广东深圳市南山区粤海街道深圳湾科技创新中心T1栋楼,广东深圳市南山区粤海街道深圳湾科技创新中心T1栋楼,113.950183,22.519126
南山科技南,广东,深圳市,南山区,粤海街道安居高新花园南区1栋单元,广东深圳市南山区粤海街道安居高新花园南区1栋单元,广东深圳市南山区粤海街道安居高新花园南区1栋单元,113.951278,22.53412
南山科技南,广东,深圳市,南山区,粤海街道金蝶云大厦楼,广东深圳市南山区粤海街道金蝶云大厦楼,广东深圳市南山区粤海街道金蝶云大厦楼,113.954687,22.533448
南山科技南,广东,深圳市,南山区,粤海街道后海大道深圳市软件产业基地4A栋,广东深圳市南山区粤海街道后海大道深圳市软件产业基地4A栋,广东深圳市南山区粤海街道后海大道深圳市软件产业基地4A栋,113.936858,22.52397
南山科技南,广东,深圳市,南山区,光启未来中心B塔停车场负楼,广东深圳市南山区光启未来中心B塔停车场负楼,广东深圳市南山区光启未来中心B塔停车场负楼,113.950968,22.536949
南山科技南,广东,深圳市,南山区,深圳湾科南山街道技生态园11A楼前台,广东深圳市南山区深圳湾科南山街道技生态园11A楼前台,广东深圳市南山区深圳湾科南山街道技生态园11A楼前台,113.950183,22.519126
南山科技南,广东,深圳市,南山区,粤海街道高新南九道北航大厦一号楼,广东深圳市南山区粤海街道高新南九道北航大厦一号楼,广东深圳市南山区粤海街道高新南九道北航大厦一号楼,113.941215,22.527228
南山科技南,广东,深圳市,南山区,粤海街道深圳湾科技生态园一区1栋D座,广东深圳市南山区粤海街道深圳湾科技生态园一区1栋D座,广东深圳市南山区粤海街道深圳湾科技生态园一区1栋D座,113.955103,22.530688
南山科技南,广东,深圳市,南山区,粤海街道粤兴五道9号北理工创新大厦,广东深圳市南山区粤海街道粤兴五道9号北理工创新大厦,广东深圳市南山区粤海街道粤兴五道9号北理工创新大厦,113.942168,22.527428
南山科技南,广东,深圳市,南山区,海阔天空雅居F,广东深圳市南山区海阔天空雅居F,广东深圳市南山区海阔天空雅居F,113.945252,22.526346
南山科技南,广东,深圳市,南山区,高新十一道浅水湾八栋,广东深圳市南山区高新十一道浅水湾八栋,广东深圳市南山区高新十一道浅水湾八栋,113.951152,22.525015
南山科技南,广东,深圳市,南山区,南十二路九洲电器大厦九洲电器大厦B座,广东深圳市南山区南十二路九洲电器大厦九洲电器大厦B座,广东深圳市南山区南十二路九洲电器大厦九洲电器大厦B座,113.955554,22.536716
南山科技南,广东,深圳市,南山区,粤海街道高新区社区高新南七道8号四方精创资讯大厦,广东深圳市南山区粤海街道高新区社区高新南七道8号四方精创资讯大厦,广东深圳市南山区粤海街道高新区社区高新南七道8号四方精创资讯大厦,113.952464,22.534251
南山科技南,广东,深圳市,南山区,高新技术工业村W1-B楼深圳市振华微电子有限公司,广东深圳市南山区高新技术工业村W1-B楼深圳市振华微电子有限公司,广东深圳市南山区高新技术工业村W1-B楼深圳市振华微电子有限公司,113.943988,22.53655
南山科技南,广东,深圳市,南山区,南山区粤海街道科技南十路6号深圳航天科技创新研究院大厦北门,广东深圳市南山区粤海街道科技南十路6号深圳航天科技创新研究院大厦北门,广东深圳市南山区粤海街道科技南十路6号深圳航天科技创新研究院大厦北门,113.954415,22.537709
南山科技南,广东,深圳市,南山区,南山区粤海街道光启未来中心A栋腾讯邮件中心,广东深圳市南山区粤海街道光启未来中心A栋腾讯邮件中心,广东深圳市南山区粤海街道光启未来中心A栋腾讯邮件中心,113.950541,22.531757
南山科技南,广东,深圳市,南山区,南山区粤海街道南山科技园南区长虹科技大厦,广东深圳市南山区粤海街道南山科技园南区长虹科技大厦,广东深圳市南山区粤海街道南山科技园南区长虹科技大厦,113.957613,22.538135
南山科技南,广东,深圳市,南山区,滨海大道3388号三诺智慧大厦层,广东深圳市南山区滨海大道3388号三诺智慧大厦层,广东深圳市南山区滨海大道3388号三诺智慧大厦层,113.937191,22.522357
南山科技南,广东,深圳市,南山区,创世纪滨海花园2栋,广东深圳市南山区创世纪滨海花园2栋,广东深圳市南山区创世纪滨海花园2栋,113.930055,22.523942
南山科技南,广东,深圳市,南山区,深圳湾科技生态园9栋B3座,广东深圳市南山区深圳湾科技生态园9栋B3座,广东深圳市南山区深圳湾科技生态园9栋B3座,113.953573,22.532309
南山科技南,广东,深圳市,南山区,粤海街道白石路阳光粤海2A栋,广东深圳市南山区粤海街道白石路阳光粤海2A栋,广东深圳市南山区粤海街道白石路阳光粤海2A栋,113.94044,22.532757
南山科技南,广东,深圳市,南山区,海文花园海秋阁10B,广东深圳市南山区海文花园海秋阁10B,广东深圳市南山区海文花园海秋阁10B,113.932574,22.523706
南山科技南,广东,深圳市,南山区,高新南环路55号恒立听海2栋,广东深圳市南山区高新南环路55号恒立听海2栋,广东深圳市南山区高新南环路55号恒立听海2栋,113.946793,22.52302
南山科技南,广东,深圳市,南山区,白石路3709号迅雷大厦楼,广东深圳市南山区白石路3709号迅雷大厦楼,广东深圳市南山区白石路3709号迅雷大厦楼,113.946404,22.532195
南山科技南,广东,深圳市,南山区,粤海街道芒果网大厦楼,广东深圳市南山区粤海街道芒果网大厦楼,广东深圳市南山区粤海街道芒果网大厦楼,113.935369,22.523922
南山科技南,广东,深圳市,南山区,科技园高新南一道赋安科技大厦B座,广东深圳市南山区科技园高新南一道赋安科技大厦B座,广东深圳市南山区科技园高新南一道赋安科技大厦B座,113.951626,22.537843
南山科技南,广东,深圳市,南山区,科技生态园1D幢,广东深圳市南山区科技生态园1D幢,广东深圳市南山区科技生态园1D幢,113.954197,22.527771
南山科技南,广东,深圳市,南山区,粤海街道软件产业基地5A432国,广东深圳市南山区粤海街道软件产业基地5A432国,广东深圳市南山区粤海街道软件产业基地5A432国,113.939333,22.52307
南山科技南,广东,深圳市,南山区,南山区粤海街道科技南十路6号深圳航天科技创新研究院大厦D座610公,广东深圳市南山区粤海街道科技南十路6号深圳航天科技创新研究院大厦D座610公,广东深圳市南山区粤海街道科技南十路6号深圳航天科技创新研究院大厦D座610公,113.954126,22.537661
南山科技南,广东,深圳市,南山区,南山区粤海街道高新南环路8号博海名苑1栋,广东深圳市南山区粤海街道高新南环路8号博海名苑1栋,广东深圳市南山区粤海街道高新南环路8号博海名苑1栋,113.952888,22.524017
南山科技南,广东,深圳市,南山区,粤海街道粤兴一道18号香港理工大学深圳研究院,广东深圳市南山区粤海街道粤兴一道18号香港理工大学深圳研究院,广东深圳市南山区粤海街道粤兴一道18号香港理工大学深圳研究院,113.942687,22.53169
南山科技南,广东,深圳市,南山区,科苑南卓越浅水湾3,广东深圳市南山区科苑南卓越浅水湾3,广东深圳市南山区科苑南卓越浅水湾3,113.947737,22.522475
南山科技南,广东,深圳市,南山区,阳光带海滨城一期5栋,广东深圳市南山区阳光带海滨城一期5栋,广东深圳市南山区阳光带海滨城一期5栋,113.953707,22.526283
南山科技南,广东,深圳市,南山区,粤海街道软件产业基地5栋E座楼姓,广东深圳市南山区粤海街道软件产业基地5栋E座楼姓,广东深圳市南山区粤海街道软件产业基地5栋E座楼姓,113.938979,22.523146
南山科技南,广东,深圳市,南山区,粤海街道金蝶大厦A座,广东深圳市南山区粤海街道金蝶大厦A座,广东深圳市南山区粤海街道金蝶大厦A座,113.923189,22.520368
南山科技南,广东,深圳市,南山区,海天二路33号腾讯滨海大厦邮件中心,广东深圳市南山区海天二路33号腾讯滨海大厦邮件中心,广东深圳市南山区海天二路33号腾讯滨海大厦邮件中心,113.935175,22.522725
南山科技南,广东,深圳市,南山区,软件产业基地5C栋楼花,广东深圳市南山区软件产业基地5C栋楼花,广东深圳市南山区软件产业基地5C栋楼花,113.940765,22.523789
南山科技南,广东,深圳市,南山区,粤海街道南海大道3688号深圳大学冬筑,广东深圳市南山区粤海街道南海大道3688号深圳大学冬筑,广东深圳市南山区粤海街道南海大道3688号深圳大学冬筑,113.932603,22.527539
南山科技南,广东,深圳市,南山区,南山区粤海街道深圳大学沧海校区冬筑学生楼下,广东深圳市南山区粤海街道深圳大学沧海校区冬筑学生楼下,广东深圳市南山区粤海街道深圳大学沧海校区冬筑学生楼下,113.939384,22.528107
南山科技南,广东,深圳市,南山区,科园路1003号深圳软件产业基地2C栋楼,广东深圳市南山区科园路1003号深圳软件产业基地2C栋楼,广东深圳市南山区科园路1003号深圳软件产业基地2C栋楼,113.939886,22.524818
南山科技南,广东,深圳市,南山区,粤海街道粤海校区南海大道3688号深圳大学紫薇斋,广东深圳市南山区粤海街道粤海校区南海大道3688号深圳大学紫薇斋,广东深圳市南山区粤海街道粤海校区南海大道3688号深圳大学紫薇斋,113.932603,22.527539
南山科技南,广东,深圳市,南山区,粤海街道南环路卓越浅水湾2栋,广东深圳市南山区粤海街道南环路卓越浅水湾2栋,广东深圳市南山区粤海街道南环路卓越浅水湾2栋,113.947737,22.522475
南山科技南,广东,深圳市,南山区,湾创新科技中心T3栋,广东深圳市南山区湾创新科技中心T3栋,广东深圳市南山区湾创新科技中心T3栋,113.946874,22.52835
南山科技南,广东,深圳市,南山区,科技南路九洲电嚣大厦,广东深圳市南山区科技南路九洲电嚣大厦,广东深圳市南山区科技南路九洲电嚣大厦,113.955679,22.536663
南山科技南,广东,深圳市,南山区,安居高新花园南区1栋单元,广东深圳市南山区安居高新花园南区1栋单元,广东深圳市南山区安居高新花园南区1栋单元,113.951278,22.53412
南山科技南,广东,深圳市,南山区,南山深圳湾创新科技中心T5栋,广东深圳市南山区南山深圳湾创新科技中心T5栋,广东深圳市南山区南山深圳湾创新科技中心T5栋,113.947796,22.528362
南山科技南,广东,深圳市,南山区,粤海街道南海大道3688号深圳大学杜鹃山快递中心,广东深圳市南山区粤海街道南海大道3688号深圳大学杜鹃山快递中心,广东深圳市南山区粤海街道南海大道3688号深圳大学杜鹃山快递中心,113.935856,22.52982
南山科技南,广东,深圳市,南山区,粤海街道学府路6号厚德品园B栋A,广东深圳市南山区粤海街道学府路6号厚德品园B栋A,广东深圳市南山区粤海街道学府路6号厚德品园B栋A,113.930668,22.526007
南山科技南,广东,深圳市,南山区,粤海街道高新技术产业园区W1-B座楼旋转楼梯门口,广东深圳市南山区粤海街道高新技术产业园区W1-B座楼旋转楼梯门口,广东深圳市南山区粤海街道高新技术产业园区W1-B座楼旋转楼梯门口,113.943721,22.536962
南山科技南,广东,深圳市,南山区,粤海街道厚德品园明远公寓,广东深圳市南山区粤海街道厚德品园明远公寓,广东深圳市南山区粤海街道厚德品园明远公寓,113.931248,22.526264
南山科技南,广东,深圳市,南山区,高新园四道88号光启未来中心A塔楼,广东深圳市南山区高新园四道88号光启未来中心A塔楼,广东深圳市南山区高新园四道88号光启未来中心A塔楼,113.950968,22.536949
南山科技南,广东,深圳市,南山区,粤海街道朗科大厦楼,广东深圳市南山区粤海街道朗科大厦楼,广东深圳市南山区粤海街道朗科大厦楼,113.953115,22.535839
南山科技南,广东,深圳市,南山区,粤海街道深圳湾科技生态园1栋D座2101何大明白何,广东深圳市南山区粤海街道深圳湾科技生态园1栋D座2101何大明白何,广东深圳市南山区粤海街道深圳湾科技生态园1栋D座2101何大明白何,113.954197,22.527771
南山科技南,广东,深圳市,南山区,南山区粤海街道高新区社区高新南七道20号深圳国家工程实验室大楼B,广东深圳市南山区粤海街道高新区社区高新南七道20号深圳国家工程实验室大楼B,广东深圳市南山区粤海街道高新区社区高新南七道20号深圳国家工程实验室大楼B,113.948478,22.534026
南山科技南,广东,深圳市,南山区,粤海街道金地国际公寓,广东深圳市南山区粤海街道金地国际公寓,广东深圳市南山区粤海街道金地国际公寓,113.950754,22.527515
南山科技南,广东,深圳市,南山区,荣超高新联合总部大厦楼,广东深圳市南山区荣超高新联合总部大厦楼,广东深圳市南山区荣超高新联合总部大厦楼,113.930478,22.533191
南山科技南,广东,深圳市,南山区,粤海街道南山高新南十道金地国际公寓,广东深圳市南山区粤海街道南山高新南十道金地国际公寓,广东深圳市南山区粤海街道南山高新南十道金地国际公寓,113.950754,22.527515
南山科技南,广东,深圳市,南山区,长虹科技大厦706,广东深圳市南山区长虹科技大厦706,广东深圳市南山区长虹科技大厦706,113.957613,22.538135
南山科技南,广东,深圳市,南山区,粤海街道高新南三道中科大厦,广东深圳市南山区粤海街道高新南三道中科大厦,广东深圳市南山区粤海街道高新南三道中科大厦,113.952529,22.538814
南山科技南,广东,深圳市,南山区,粤海街道中国科技开发院中科研发园3号楼-B,广东深圳市南山区粤海街道中国科技开发院中科研发园3号楼-B,广东深圳市南山区粤海街道中国科技开发院中科研发园3号楼-B,113.952751,22.538522
南山科技南,广东,深圳市,南山区,粤海街道留学生创业大,广东深圳市南山区粤海街道留学生创业大,广东深圳市南山区粤海街道留学生创业大,113.944859,22.528137
南山科技南,广东,深圳市,南山区,南山区深圳大学紫薇斋南山区深圳大学紫薇斋,广东深圳市南山区深圳大学紫薇斋南山区深圳大学紫薇斋,广东深圳市南山区深圳大学紫薇斋南山区深圳大学紫薇斋,113.931849,22.533885
南山科技南,广东,深圳市,南山区,粤海街道高新南六道8航盛科技大厦航盛科技大厦,广东深圳市南山区粤海街道高新南六道8航盛科技大厦航盛科技大厦,广东深圳市南山区粤海街道高新南六道8航盛科技大厦航盛科技大厦,113.953693,22.535818
南山科技南,广东,深圳市,南山区,南山区粤海街道高新南区科技南一路达实大厦楼,广东深圳市南山区粤海街道高新南区科技南一路达实大厦楼,广东深圳市南山区粤海街道高新南区科技南一路达实大厦楼,113.941974,22.535005
南山科技南,广东,深圳市,南山区,粤海街道,广东深圳市南山区粤海街道,广东深圳市南山区粤海街道,113.944859,22.528137
南山科技南,广东,深圳市,南山区,阳光带海滨城二期11栋,广东深圳市南山区阳光带海滨城二期11栋,广东深圳市南山区阳光带海滨城二期11栋,113.946959,22.526163
南山科技南,广东,深圳市,南山区,粤海街道深圳大学杜鹃山,广东深圳市南山区粤海街道深圳大学杜鹃山,广东深圳市南山区粤海街道深圳大学杜鹃山,113.935856,22.52982
南山科技南,广东,深圳市,南山区,深圳国家工程实验室大楼b座监控室旁蜂巢快递柜,广东深圳市南山区深圳国家工程实验室大楼b座监控室旁蜂巢快递柜,广东深圳市南山区深圳国家工程实验室大楼b座监控室旁蜂巢快递柜,113.948507,22.534376
南山科技南,广东,深圳市,南山区,科技南一路创智天地大厦A,广东深圳市南山区科技南一路创智天地大厦A,广东深圳市南山区科技南一路创智天地大厦A,113.941716,22.535469
南山科技南,广东,深圳市,南山区,粤海街道国微大厦楼,广东深圳市南山区粤海街道国微大厦楼,广东深圳市南山区粤海街道国微大厦楼,113.950461,22.538127
南山科技南,广东,深圳市,南山区,粤海街道科技南六路中兴通讯股份有限公司,广东深圳市南山区粤海街道科技南六路中兴通讯股份有限公司,广东深圳市南山区粤海街道科技南六路中兴通讯股份有限公司,113.948493,22.536265
南山科技南,广东,深圳市,南山区,粤海街道高新区社区高新南环路28号滨福世纪广场科技南路7-6号海,广东深圳市南山区粤海街道高新区社区高新南环路28号滨福世纪广场科技南路7-6号海,广东深圳市南山区粤海街道高新区社区高新南环路28号滨福世纪广场科技南路7-6号海,113.949413,22.525035
南山科技南,广东,深圳市,南山区,粤海街道深圳湾创新科技中心1栋A座,广东深圳市南山区粤海街道深圳湾创新科技中心1栋A座,广东深圳市南山区粤海街道深圳湾创新科技中心1栋A座,113.924164,22.488255
南山科技南,广东,深圳市,南山区,高新南十道8号深圳湾科技生态园2A楼,广东深圳市南山区高新南十道8号深圳湾科技生态园2A楼,广东深圳市南山区高新南十道8号深圳湾科技生态园2A楼,113.953751,22.529385
南山科技南,广东,深圳市,南山区,粤海街道粤兴三道9号附近华中科技大学深圳产学研基地A座楼,广东深圳市南山区粤海街道粤兴三道9号附近华中科技大学深圳产学研基地A座楼,广东深圳市南山区粤海街道粤兴三道9号附近华中科技大学深圳产学研基地A座楼,113.943936,22.529004
南山科技南,广东,深圳市,南山区,科苑南路阳光带海滨城二期5栋,广东深圳市南山区科苑南路阳光带海滨城二期5栋,广东深圳市南山区科苑南路阳光带海滨城二期5栋,113.946959,22.526163
南山科技南,广东,深圳市,南山区,金地威新国际公寓,广东深圳市南山区金地威新国际公寓,广东深圳市南山区金地威新国际公寓,114.4022,22.6587
南山科技南,广东,深圳市,南山区,安居南馨苑2栋,广东深圳市南山区安居南馨苑2栋,广东深圳市南山区安居南馨苑2栋,113.953212,22.534318
南山科技南,广东,深圳市,南山区,科苑南路3093号中信海阔天空雅居C栋C,广东深圳市南山区科苑南路3093号中信海阔天空雅居C栋C,广东深圳市南山区科苑南路3093号中信海阔天空雅居C栋C,113.944712,22.525703
南山科技南,广东,深圳市,南山区,白石路阳光粤海花园2H,广东深圳市南山区白石路阳光粤海花园2H,广东深圳市南山区白石路阳光粤海花园2H,113.940854,22.533237
南山科技南,广东,深圳市,南山区,粤海街道安居高新花园南区一栋一单元,广东深圳市南山区粤海街道安居高新花园南区一栋一单元,广东深圳市南山区粤海街道安居高新花园南区一栋一单元,113.951278,22.53412
南山科技南,广东,深圳市,南山区,厚徳品园C栋一层C,广东深圳市南山区厚徳品园C栋一层C,广东深圳市南山区厚徳品园C栋一层C,114.109014,22.593752
南山科技南,广东,深圳市,南山区,科技南十二路长虹科技大厦,广东深圳市南山区科技南十二路长虹科技大厦,广东深圳市南山区科技南十二路长虹科技大厦,113.957613,22.538135
南山科技南,广东,深圳市,南山区,科技南十二路五号伟易达研发大楼楼区维修抖店,广东深圳市南山区科技南十二路五号伟易达研发大楼楼区维修抖店,广东深圳市南山区科技南十二路五号伟易达研发大楼楼区维修抖店,113.954873,22.53527
南山科技南,广东,深圳市,南山区,粤海街道九州电器大厦B座,广东深圳市南山区粤海街道九州电器大厦B座,广东深圳市南山区粤海街道九州电器大厦B座,113.92301,22.520049
南山科技南,广东,深圳市,南山区,深圳市南山区科技南1路阳光粤海花园f座房,广东深圳市南山区深圳市南山区科技南1路阳光粤海花园f座房,广东深圳市南山区深圳市南山区科技南1路阳光粤海花园f座房,113.296568,23.090433
南山科技南,广东,深圳市,南山区,粤海街道科技南路16号深圳湾万怡酒店,广东深圳市南山区粤海街道科技南路16号深圳湾万怡酒店,广东深圳市南山区粤海街道科技南路16号深圳湾万怡酒店,113.950551,22.531248
南山科技南,广东,深圳市,南山区,粤海街道航空航天大厦2号楼,广东深圳市南山区粤海街道航空航天大厦2号楼,广东深圳市南山区粤海街道航空航天大厦2号楼,113.941692,22.527168
南山科技南,广东,深圳市,南山区,滨海大道3398号赛西科技大厦楼,广东深圳市南山区滨海大道3398号赛西科技大厦楼,广东深圳市南山区滨海大道3398号赛西科技大厦楼,113.936301,22.522387
南山科技南,广东,深圳市,南山区,粤海街道高新区社区科技南十二路011号方大大厦,广东深圳市南山区粤海街道高新区社区科技南十二路011号方大大厦,广东深圳市南山区粤海街道高新区社区科技南十二路011号方大大厦,113.956594,22.537442
南山科技南,广东,深圳市,南山区,科技南一路1号阳光粤海花园2f,广东深圳市南山区科技南一路1号阳光粤海花园2f,广东深圳市南山区科技南一路1号阳光粤海花园2f,113.940686,22.53213
南山科技南,广东,深圳市,南山区,粤海街道深圳大学粤海校区,广东深圳市南山区粤海街道深圳大学粤海校区,广东深圳市南山区粤海街道深圳大学粤海校区,113.936577,22.532641
南山科技南,广东,深圳市,南山区,科技南十二路28号康佳研发大厦,广东深圳市南山区科技南十二路28号康佳研发大厦,广东深圳市南山区科技南十二路28号康佳研发大厦,113.956931,22.539358
南山科技南,广东,深圳市,南山区,粤海街道安居高新花园南区一栋单元,广东深圳市南山区粤海街道安居高新花园南区一栋单元,广东深圳市南山区粤海街道安居高新花园南区一栋单元,113.951278,22.53412
南山科技南,广东,深圳市,南山区,粤海街道高新区社区粤兴二道6号武汉大学深圳产学研大楼B座,广东深圳市南山区粤海街道高新区社区粤兴二道6号武汉大学深圳产学研大楼B座,广东深圳市南山区粤海街道高新区社区粤兴二道6号武汉大学深圳产学研大楼B座,113.944844,22.530717
南山科技南,广东,深圳市,南山区,粤海街道深圳湾科技生态园12栋裙楼,广东深圳市南山区粤海街道深圳湾科技生态园12栋裙楼,广东深圳市南山区粤海街道深圳湾科技生态园12栋裙楼,113.951018,22.531861
南山科技南,广东,深圳市,南山区,北科大厦楼,广东深圳市南山区北科大厦楼,广东深圳市南山区北科大厦楼,113.939919,22.525924
南山科技南,广东,深圳市,南山区,怡化金融科技大厦,广东深圳市南山区怡化金融科技大厦,广东深圳市南山区怡化金融科技大厦,113.935963,22.524447
南山科技南,广东,深圳市,南山区,粤海街道南山区怡化金融科技大厦,广东深圳市南山区粤海街道南山区怡化金融科技大厦,广东深圳市南山区粤海街道南山区怡化金融科技大厦,113.935963,22.524447
南山科技南,广东,深圳市,南山区,广东省-深圳市-南山区-安居高新花园南区1栋单元,广东深圳市南山区广东省-深圳市-南山区-安居高新花园南区1栋单元,广东深圳市南山区广东省-深圳市-南山区-安居高新花园南区1栋单元,113.951278,22.53412
南山科技南,广东,深圳市,南山区,圳南山区安居高新花园南区1栋单元,广东深圳市南山区圳南山区安居高新花园南区1栋单元,广东深圳市南山区圳南山区安居高新花园南区1栋单元,113.951278,22.53412
南山科技南,广东,深圳市,南山区,软件产业基地5栋c座,广东深圳市南山区软件产业基地5栋c座,广东深圳市南山区软件产业基地5栋c座,113.940806,22.523864
南山科技南,广东,深圳市,南山区,金地国际公寓1811一张,广东深圳市南山区金地国际公寓1811一张,广东深圳市南山区金地国际公寓1811一张,113.950754,22.527515
南山科技南,广东,深圳市,南山区,粤海街道创世纪滨海花园十栋,广东深圳市南山区粤海街道创世纪滨海花园十栋,广东深圳市南山区粤海街道创世纪滨海花园十栋,113.930055,22.523942
南山科技南,广东,深圳市,南山区,粤海街道恒立听海7栋-A,广东深圳市南山区粤海街道恒立听海7栋-A,广东深圳市南山区粤海街道恒立听海7栋-A,113.947113,22.523918
南山科技南,广东,深圳市,南山区,粤海街道海天一路8号百度国际大厦西塔楼,广东深圳市南山区粤海街道海天一路8号百度国际大厦西塔楼,广东深圳市南山区粤海街道海天一路8号百度国际大厦西塔楼,113.942397,22.524445
南山科技南,广东,深圳市,南山区,南山区粤海街道留学生创业大厦1期,广东深圳市南山区粤海街道留学生创业大厦1期,广东深圳市南山区粤海街道留学生创业大厦1期,113.946923,22.530983
南山科技南,广东,深圳市,南山区,粤海街道西北工业大学三航科技大学,广东深圳市南山区粤海街道西北工业大学三航科技大学,广东深圳市南山区粤海街道西北工业大学三航科技大学,113.944859,22.528137
南山科技南,广东,深圳市,南山区,粤海街道深圳大学粤海校区汇星楼,广东深圳市南山区粤海街道深圳大学粤海校区汇星楼,广东深圳市南山区粤海街道深圳大学粤海校区汇星楼,113.936564,22.535179
南山科技南,广东,深圳市,南山区,高新南11道阳光带海滨城一期二栋,广东深圳市南山区高新南11道阳光带海滨城一期二栋,广东深圳市南山区高新南11道阳光带海滨城一期二栋,113.953407,22.525755
南山科技南,广东,深圳市,南山区,软件产业基地4栋C座楼,广东深圳市南山区软件产业基地4栋C座楼,广东深圳市南山区软件产业基地4栋C座楼,113.937907,22.523084
南山科技南,广东,深圳市,南山区,清华大学研究院新大楼B,广东深圳市南山区清华大学研究院新大楼B,广东深圳市南山区清华大学研究院新大楼B,113.941972,22.533095
南山科技南,广东,深圳市,南山区,未来中心B塔停车场层,广东深圳市南山区未来中心B塔停车场层,广东深圳市南山区未来中心B塔停车场层,113.950968,22.536949
南山科技南,广东,深圳市,南山区,软件产业基地5栋楼梨,广东深圳市南山区软件产业基地5栋楼梨,广东深圳市南山区软件产业基地5栋楼梨,113.939707,22.523419
南山科技南,广东,深圳市,南山区,学府路33号学林雅院9栋丰巢快递柜,广东深圳市南山区学府路33号学林雅院9栋丰巢快递柜,广东深圳市南山区学府路33号学林雅院9栋丰巢快递柜,113.931037,22.52446
南山科技南,广东,深圳市,南山区,粤海街道南海大道3688号深圳大学紫薇斋【假两件袖套黑S】,广东深圳市南山区粤海街道南海大道3688号深圳大学紫薇斋,广东深圳市南山区粤海街道南海大道3688号深圳大学紫薇斋,113.932603,22.527539
南山科技南,广东,深圳市,南山区,粤海街道科技园南区高新南四道W1-B栋首层,广东深圳市南山区粤海街道科技园南区高新南四道W1-B栋首层,广东深圳市南山区粤海街道科技园南区高新南四道W1-B栋首层,113.94394,22.536876
南山科技南,广东,深圳市,南山区,阳光带海滨城一期13,广东深圳市南山区阳光带海滨城一期13,广东深圳市南山区阳光带海滨城一期13,113.953407,22.525755
南山科技南,广东,深圳市,南山区,粤海街道京武浪琴半岛1A,广东深圳市南山区粤海街道京武浪琴半岛1A,广东深圳市南山区粤海街道京武浪琴半岛1A,113.948011,22.522178
南山科技南,广东,深圳市,南山区,南山区沙河街道科技园南区高新南七道风华科技大厦层,广东深圳市南山区沙河街道科技园南区高新南七道风华科技大厦层,广东深圳市南山区沙河街道科技园南区高新南七道风华科技大厦层,113.953124,22.533528
南山科技南,广东,深圳市,南山区,中国地质大学产学研基地A,广东深圳市南山区中国地质大学产学研基地A,广东深圳市南山区中国地质大学产学研基地A,113.944874,22.529122
南山科技南,广东,深圳市,南山区,粤海街道书山路3008号创世纪滨海花园1栋,广东深圳市南山区粤海街道书山路3008号创世纪滨海花园1栋,广东深圳市南山区粤海街道书山路3008号创世纪滨海花园1栋,113.930088,22.524479
南山科技南,广东,深圳市,南山区,粤海街道阳光粤海房间,广东深圳市南山区粤海街道阳光粤海房间,广东深圳市南山区粤海街道阳光粤海房间,113.940854,22.533237
南山科技南,广东,深圳市,南山区,科技园德赛科技大厦,广东深圳市南山区科技园德赛科技大厦,广东深圳市南山区科技园德赛科技大厦,113.954492,22.539418
南山科技南,广东,深圳市,南山区,南山区深圳市南山区学林雅院6栋,广东深圳市南山区深圳市南山区学林雅院6栋,广东深圳市南山区深圳市南山区学林雅院6栋,113.931741,22.525579
南山科技南,广东,深圳市,南山区,粤海街道深圳国家工程实验室大楼A栋,广东深圳市南山区粤海街道深圳国家工程实验室大楼A栋,广东深圳市南山区粤海街道深圳国家工程实验室大楼A栋,113.948605,22.534988
南山科技南,广东,深圳市,南山区,粤海街道科技南路安居高新花园北3栋,广东深圳市南山区粤海街道科技南路安居高新花园北3栋,广东深圳市南山区粤海街道科技南路安居高新花园北3栋,113.951278,22.53412
南山科技南,广东,深圳市,南山区,粤海街道南山区高新园中科大厦楼,广东深圳市南山区粤海街道南山区高新园中科大厦楼,广东深圳市南山区粤海街道南山区高新园中科大厦楼,113.952529,22.538814
南山科技南,广东,深圳市,南山区,海天二路滨海大厦楼,广东深圳市南山区海天二路滨海大厦楼,广东深圳市南山区海天二路滨海大厦楼,113.935257,22.522289
南山科技南,广东,深圳市,南山区,粤海街道广东省深圳市南山区粤海街道赋安科技大厦B,广东深圳市南山区粤海街道广东省深圳市南山区粤海街道赋安科技大厦B,广东深圳市南山区粤海街道广东省深圳市南山区粤海街道赋安科技大厦B,113.919524,22.496283
南山科技南,广东,深圳市,南山区,创业投资大厦,广东深圳市南山区创业投资大厦,广东深圳市南山区创业投资大厦,113.914467,22.580356
南山科技南,广东,深圳市,南山区,南山区粤海街道深圳湾创业投资大厦,广东深圳市南山区粤海街道深圳湾创业投资大厦,广东深圳市南山区粤海街道深圳湾创业投资大厦,113.937843,22.522507
南山科技南,广东,深圳市,南山区,高新南四道18号创维半导体设计大厦东座负楼洗车场YH,广东深圳市南山区高新南四道18号创维半导体设计大厦东座负楼洗车场YH,广东深圳市南山区高新南四道18号创维半导体设计大厦东座负楼洗车场YH,113.952746,22.537064
南山科技南,广东,深圳市,南山区,南山区粤海街道高新南环路63号浪琴半岛花园1,广东深圳市南山区粤海街道高新南环路63号浪琴半岛花园1,广东深圳市南山区粤海街道高新南环路63号浪琴半岛花园1,113.948011,22.522178
南山科技南,广东,深圳市,南山区,科技园高新南一道TCL大厦A座室,广东深圳市南山区科技园高新南一道TCL大厦A座室,广东深圳市南山区科技园高新南一道TCL大厦A座室,113.952647,22.539275
南山科技南,广东,深圳市,南山区,粤海街道高新南十道63号高新区联合总部大厦楼,广东深圳市南山区粤海街道高新南十道63号高新区联合总部大厦楼,广东深圳市南山区粤海街道高新南十道63号高新区联合总部大厦楼,113.94315,22.525436
南山科技南,广东,深圳市,南山区,深圳湾科技生态园1B,广东深圳市南山区深圳湾科技生态园1B,广东深圳市南山区深圳湾科技生态园1B,113.954197,22.527771
南山科技南,广东,深圳市,南山区,粤海街道深圳南山深铁皇冠假日酒店,广东深圳市南山区粤海街道深圳南山深铁皇冠假日酒店,广东深圳市南山区粤海街道深圳南山深铁皇冠假日酒店,113.944586,22.538894
南山科技南,广东,深圳市,南山区,粤海街道高新南十道3号海怡东方花园6,广东深圳市南山区粤海街道高新南十道3号海怡东方花园6,广东深圳市南山区粤海街道高新南十道3号海怡东方花园6,113.95133,22.52622
南山科技南,广东,深圳市,南山区,粤海街道深圳百度国际大厦西塔楼楼,广东深圳市南山区粤海街道深圳百度国际大厦西塔楼楼,广东深圳市南山区粤海街道深圳百度国际大厦西塔楼楼,113.942397,22.524445
南山科技南,广东,深圳市,南山区,粤海街道高新花园北2,广东深圳市南山区粤海街道高新花园北2,广东深圳市南山区粤海街道高新花园北2,113.949955,22.534295
南山科技南,广东,深圳市,南山区,粤海街道深圳大学沧海校区冬筑菜乌,广东深圳市南山区粤海街道深圳大学沧海校区冬筑菜乌,广东深圳市南山区粤海街道深圳大学沧海校区冬筑菜乌,113.939384,22.528107
南山科技南,广东,深圳市,南山区,粤海街道国实大厦楼外卖柜,广东深圳市南山区粤海街道国实大厦楼外卖柜,广东深圳市南山区粤海街道国实大厦楼外卖柜,113.953683,22.524
新南山科技北,广东,深圳市,南山区,高新技术园中区科发路2号科发路朗峰大厦楼,广东深圳市南山区高新技术园中区科发路2号科发路朗峰大厦楼,广东深圳市南山区高新技术园中区科发路2号科发路朗峰大厦楼,113.950992,22.543708
新南山科技北,广东,深圳市,南山区,铜鼓路28号华润城润府二期C栋,广东深圳市南山区铜鼓路28号华润城润府二期C栋,广东深圳市南山区铜鼓路28号华润城润府二期C栋,113.9547,22.543315
新南山科技北,广东,深圳市,南山区,粤海街道华润城润玺二期花园3栋,广东深圳市南山区粤海街道华润城润玺二期花园3栋,广东深圳市南山区粤海街道华润城润玺二期花园3栋,113.958388,22.546721
新南山科技北,广东,深圳市,南山区,粤海街道铜鼓路28号华润城润府2期D栋,广东深圳市南山区粤海街道铜鼓路28号华润城润府2期D栋,广东深圳市南山区粤海街道铜鼓路28号华润城润府2期D栋,113.954948,22.543176
新南山科技北,广东,深圳市,南山区,铜鼓路润府3期5栋,广东深圳市南山区铜鼓路润府3期5栋,广东深圳市南山区铜鼓路润府3期5栋,113.953609,22.546909
新南山科技北,广东,深圳市,南山区,粤海街道深南大道9968号汉京金融中心L303Fumee,广东深圳市南山区粤海街道深南大道9968号汉京金融中心L303Fumee,广东深圳市南山区粤海街道深南大道9968号汉京金融中心L303Fumee,113.939612,22.540628
新南山科技北,广东,深圳市,南山区,凯丽花园13栋二单元102,广东深圳市南山区凯丽花园13栋二单元102,广东深圳市南山区凯丽花园13栋二单元102,113.938775,22.543864
新南山科技北,广东,深圳市,南山区,华润城润府一期2栋单元,广东深圳市南山区华润城润府一期2栋单元,广东深圳市南山区华润城润府一期2栋单元,113.954898,22.546563
新南山科技北,广东,深圳市,南山区,松坪山朗丰路科苑新区20栋,广东深圳市南山区松坪山朗丰路科苑新区20栋,广东深圳市南山区松坪山朗丰路科苑新区20栋,113.946919,22.555517
新南山科技北,广东,深圳市,南山区,高新中一道16号奥萨医药有限公司,广东深圳市南山区高新中一道16号奥萨医药有限公司,广东深圳市南山区高新中一道16号奥萨医药有限公司,113.937559,22.550358
新南山科技北,广东,深圳市,南山区,科发路3号中电长城大厦乐洲Lifejoy商场楼中,广东深圳市南山区科发路3号中电长城大厦乐洲Lifejoy商场楼中,广东深圳市南山区科发路3号中电长城大厦乐洲Lifejoy商场楼中,113.946667,22.542295
新南山科技北,广东,深圳市,南山区,松坪村竹苑,广东深圳市南山区松坪村竹苑,广东深圳市南山区松坪村竹苑,113.954964,22.557525
新南山科技北,广东,深圳市,南山区,粤海街道华润城润府3期5栋,广东深圳市南山区粤海街道华润城润府3期5栋,广东深圳市南山区粤海街道华润城润府3期5栋,113.954966,22.546647
新南山科技北,广东,深圳市,南山区,粤海街道万象天地旁边华润置地大厦E座楼,广东深圳市南山区粤海街道万象天地旁边华润置地大厦E座楼,广东深圳市南山区粤海街道万象天地旁边华润置地大厦E座楼,113.952887,22.541616
新南山科技北,广东,深圳市,南山区,粤海街道创益科技大厦丰巢柜菲灵小蜜蜂热烫正常发,广东深圳市南山区粤海街道创益科技大厦丰巢柜菲灵小蜜蜂热烫正常发,广东深圳市南山区粤海街道创益科技大厦丰巢柜菲灵小蜜蜂热烫正常发,113.937515,22.548759
新南山科技北,广东,深圳市,南山区,华润城三期2栋,广东深圳市南山区华润城三期2栋,广东深圳市南山区华润城三期2栋,113.924546,22.498554
新南山科技北,广东,深圳市,南山区,粤海街道大冲城市花园,广东深圳市南山区粤海街道大冲城市花园,广东深圳市南山区粤海街道大冲城市花园,113.944859,22.528137
新南山科技北,广东,深圳市,南山区,高新中二路豪方现代豪园7,广东深圳市南山区高新中二路豪方现代豪园7,广东深圳市南山区高新中二路豪方现代豪园7,113.935027,22.546041
新南山科技北,广东,深圳市,南山区,豪方现代豪园1,广东深圳市南山区豪方现代豪园1,广东深圳市南山区豪方现代豪园1,113.935056,22.545401
新南山科技北,广东,深圳市,南山区,铜豉路都市花园C座22B,广东深圳市南山区铜豉路都市花园C座22B,广东深圳市南山区铜豉路都市花园C座22B,113.930478,22.533191
新南山科技北,广东,深圳市,南山区,科研路9号比克科技大厦,广东深圳市南山区科研路9号比克科技大厦,广东深圳市南山区科研路9号比克科技大厦,113.93284,22.541466
新南山科技北,广东,深圳市,南山区,粤海街道华润城润玺二期2栋,广东深圳市南山区粤海街道华润城润玺二期2栋,广东深圳市南山区粤海街道华润城润玺二期2栋,113.958724,22.546448
新南山科技北,广东,深圳市,南山区,粤海街道大冲商务中心C座楼荟普拉提,广东深圳市南山区粤海街道大冲商务中心C座楼荟普拉提,广东深圳市南山区粤海街道大冲商务中心C座楼荟普拉提,113.944859,22.528137
新南山科技北,广东,深圳市,南山区,西丽街道共享大厦B座快递,广东深圳市南山区西丽街道共享大厦B座快递,广东深圳市南山区西丽街道共享大厦B座快递,113.946382,22.560639
新南山科技北,广东,深圳市,南山区,大冲新城花园2栋,广东深圳市南山区大冲新城花园2栋,广东深圳市南山区大冲新城花园2栋,113.894639,22.565722
新南山科技北,广东,深圳市,南山区,南山区沙河西路华润城润玺二期二栋,广东深圳市南山区沙河西路华润城润玺二期二栋,广东深圳市南山区沙河西路华润城润玺二期二栋,113.958575,22.546552
新南山科技北,广东,深圳市,南山区,科技园科技中三路国人通信大厦A栋F深圳国人无线通信有限公司,广东深圳市南山区科技园科技中三路国人通信大厦A栋F深圳国人无线通信有限公司,广东深圳市南山区科技园科技中三路国人通信大厦A栋F深圳国人无线通信有限公司,113.941072,22.543377
新南山科技北,广东,深圳市,南山区,粤海街道大冲都市花园F栋楼,广东深圳市南山区粤海街道大冲都市花园F栋楼,广东深圳市南山区粤海街道大冲都市花园F栋楼,113.944859,22.528137
新南山科技北,广东,深圳市,南山区,粤海街道科技路654号大冲新城花园2栋口,广东深圳市南山区粤海街道科技路654号大冲新城花园2栋口,广东深圳市南山区粤海街道科技路654号大冲新城花园2栋口,113.93928,22.541147
新南山科技北,广东,深圳市,南山区,粤海街道深南花园B座,广东深圳市南山区粤海街道深南花园B座,广东深圳市南山区粤海街道深南花园B座,113.944788,22.540954
新南山科技北,广东,深圳市,南山区,松坪山单身公寓A区6栋涵馆公寓420,广东深圳市南山区松坪山单身公寓A区6栋涵馆公寓420,广东深圳市南山区松坪山单身公寓A区6栋涵馆公寓420,113.947799,22.561108
新南山科技北,广东,深圳市,南山区,粤海街道大冲三路88号华润城润玺二期3栋,广东深圳市南山区粤海街道大冲三路88号华润城润玺二期3栋,广东深圳市南山区粤海街道大冲三路88号华润城润玺二期3栋,113.958527,22.547095
新南山科技北,广东,深圳市,南山区,大冲都市花园B栋,广东深圳市南山区大冲都市花园B栋,广东深圳市南山区大冲都市花园B栋,113.544569,22.220603
新南山科技北,广东,深圳市,南山区,沙河街到道华润城三期4栋,广东深圳市南山区沙河街到道华润城三期4栋,广东深圳市南山区沙河街到道华润城三期4栋,113.954441,22.541976
新南山科技北,广东,深圳市,南山区,海王银河科技大厦楼湘味厨房餐厅,广东深圳市南山区海王银河科技大厦楼湘味厨房餐厅,广东深圳市南山区海王银河科技大厦楼湘味厨房餐厅,113.941597,22.540648
新南山科技北,广东,深圳市,南山区,科技园51大厦,广东深圳市南山区科技园51大厦,广东深圳市南山区科技园51大厦,113.94604,22.54461
新南山科技北,广东,深圳市,南山区,粤海街道科兴科学园D2栋腾讯邮件中,广东深圳市南山区粤海街道科兴科学园D2栋腾讯邮件中,广东深圳市南山区粤海街道科兴科学园D2栋腾讯邮件中,113.934576,22.540487
新南山科技北,广东,深圳市,南山区,大冲商务中心b座楼,广东深圳市南山区大冲商务中心b座楼,广东深圳市南山区大冲商务中心b座楼,113.864069,22.555496
新南山科技北,广东,深圳市,南山区,圳南山华润城润府一期2栋一单元,广东深圳市南山区圳南山华润城润府一期2栋一单元,广东深圳市南山区圳南山华润城润府一期2栋一单元,113.954898,22.546563
新南山科技北,广东,深圳市,南山区,南山区粤海街道铜鼓路20号大冲城市花园7栋,广东深圳市南山区粤海街道铜鼓路20号大冲城市花园7栋,广东深圳市南山区粤海街道铜鼓路20号大冲城市花园7栋,113.957575,22.544055
新南山科技北,广东,深圳市,南山区,南山区南海大道北4052号晶品居-B栋B,广东深圳市南山区南海大道北4052号晶品居-B栋B,广东深圳市南山区南海大道北4052号晶品居-B栋B,113.933403,22.544802
新南山科技北,广东,深圳市,南山区,西丽街道松坪山郎丰路9号松坪山科苑新区17栋号,广东深圳市南山区西丽街道松坪山郎丰路9号松坪山科苑新区17栋号,广东深圳市南山区西丽街道松坪山郎丰路9号松坪山科苑新区17栋号,113.946484,22.555036
新南山科技北,广东,深圳市,南山区,粤海街道英伦名苑二期8栋,广东深圳市南山区粤海街道英伦名苑二期8栋,广东深圳市南山区粤海街道英伦名苑二期8栋,113.957215,22.547528
新南山科技北,广东,深圳市,南山区,粤海街道麻岭社区深南大道9966号威盛科技大厦楼,广东深圳市南山区粤海街道麻岭社区深南大道9966号威盛科技大厦楼,广东深圳市南山区粤海街道麻岭社区深南大道9966号威盛科技大厦楼,113.939974,22.540578
新南山科技北,广东,深圳市,南山区,南山区粤海街道科技中二路麻雀岭工业区M3栋楼,广东深圳市南山区粤海街道科技中二路麻雀岭工业区M3栋楼,广东深圳市南山区粤海街道科技中二路麻雀岭工业区M3栋楼,113.939069,22.541407
新南山科技北,广东,深圳市,南山区,豪方现代豪园3-9C,广东深圳市南山区豪方现代豪园3-9C,广东深圳市南山区豪方现代豪园3-9C,113.935056,22.545401
新南山科技北,广东,深圳市,南山区,科技园中区科苑路15号科兴科学园B栋,广东深圳市南山区科技园中区科苑路15号科兴科学园B栋,广东深圳市南山区科技园中区科苑路15号科兴科学园B栋,113.944502,22.548952
新南山科技北,广东,深圳市,南山区,科技园科兴路11号深南花园A座,广东深圳市南山区科技园科兴路11号深南花园A座,广东深圳市南山区科技园科兴路11号深南花园A座,113.944674,22.541487
新南山科技北,广东,深圳市,南山区,润玺一期3栋,广东深圳市南山区润玺一期3栋,广东深圳市南山区润玺一期3栋,114.380835,22.711766
新南山科技北,广东,深圳市,南山区,松坪山三期东区1栋,广东深圳市南山区松坪山三期东区1栋,广东深圳市南山区松坪山三期东区1栋,113.950456,22.558023
新南山科技北,广东,深圳市,南山区,大冲六路华润城润玺1期花园3栋,广东深圳市南山区大冲六路华润城润玺1期花园3栋,广东深圳市南山区大冲六路华润城润玺1期花园3栋,113.958634,22.545629
新南山科技北,广东,深圳市,南山区,粤海街道大冲商务中心C座,广东深圳市南山区粤海街道大冲商务中心C座,广东深圳市南山区粤海街道大冲商务中心C座,113.944859,22.528137
新南山科技北,广东,深圳市,南山区,大冲城市花园4B栋,广东深圳市南山区大冲城市花园4B栋,广东深圳市南山区大冲城市花园4B栋,113.930478,22.533191
新南山科技北,广东,深圳市,南山区,讯美科技广场7号楼中盈菁英公寓,广东深圳市南山区讯美科技广场7号楼中盈菁英公寓,广东深圳市南山区讯美科技广场7号楼中盈菁英公寓,113.947156,22.54653
新南山科技北,广东,深圳市,南山区,科技园讯美广场高新中亚朵S酒店,广东深圳市南山区科技园讯美广场高新中亚朵S酒店,广东深圳市南山区科技园讯美广场高新中亚朵S酒店,113.94604,22.54461
新南山科技北,广东,深圳市,南山区,科苑北路科兴科学园A4栋楼,广东深圳市南山区科苑北路科兴科学园A4栋楼,广东深圳市南山区科苑北路科兴科学园A4栋楼,113.94338,22.549217
新南山科技北,广东,深圳市,南山区,科发路大冲都市花园E栋,广东深圳市南山区科发路大冲都市花园E栋,广东深圳市南山区科发路大冲都市花园E栋,113.95337,22.54264
新南山科技北,广东,深圳市,南山区,铜鼓路与文华路交叉口东南角华润城润府3期3栋,广东深圳市南山区铜鼓路与文华路交叉口东南角华润城润府3期3栋,广东深圳市南山区铜鼓路与文华路交叉口东南角华润城润府3期3栋,113.954488,22.545323
新南山科技北,广东,深圳市,南山区,粤海街道大冲三路华润城润玺二期花园3栋,广东深圳市南山区粤海街道大冲三路华润城润玺二期花园3栋,广东深圳市南山区粤海街道大冲三路华润城润玺二期花园3栋,113.958388,22.546721
新南山科技北,广东,深圳市,南山区,粤海街道豪方现代豪园2栋,广东深圳市南山区粤海街道豪方现代豪园2栋,广东深圳市南山区粤海街道豪方现代豪园2栋,113.926347,22.528421
新南山科技北,广东,深圳市,南山区,南山区粤海街道科苑路15号科兴科学园一期B座楼,广东深圳市南山区粤海街道科苑路15号科兴科学园一期B座楼,广东深圳市南山区粤海街道科苑路15号科兴科学园一期B座楼,113.944973,22.548669
新南山科技北,广东,深圳市,南山区,华润城润府三期1A,广东深圳市南山区华润城润府三期1A,广东深圳市南山区华润城润府三期1A,113.954898,22.546563
新南山科技北,广东,深圳市,南山区,深南大道9668号万象天地北京银行,广东深圳市南山区深南大道9668号万象天地北京银行,广东深圳市南山区深南大道9668号万象天地北京银行,113.955965,22.541587
新南山科技北,广东,深圳市,南山区,松坪山朗丰路科苑新区19栋,广东深圳市南山区松坪山朗丰路科苑新区19栋,广东深圳市南山区松坪山朗丰路科苑新区19栋,113.946919,22.555517
新南山科技北,广东,深圳市,南山区,粤海街道中盈菁英公寓楼,广东深圳市南山区粤海街道中盈菁英公寓楼,广东深圳市南山区粤海街道中盈菁英公寓楼,113.944859,22.528137
新南山科技北,广东,深圳市,南山区,科苑北路共享大厦B座室门口,广东深圳市南山区科苑北路共享大厦B座室门口,广东深圳市南山区科苑北路共享大厦B座室门口,113.946382,22.560639
新南山科技北,广东,深圳市,南山区,科文路3号麻雀岭工业区M-10栋办公楼F,广东深圳市南山区科文路3号麻雀岭工业区M-10栋办公楼F,广东深圳市南山区科文路3号麻雀岭工业区M-10栋办公楼F,113.940774,22.541824
新南山科技北,广东,深圳市,南山区,粤海街道凯丽花园13栋,广东深圳市南山区粤海街道凯丽花园13栋,广东深圳市南山区粤海街道凯丽花园13栋,113.938775,22.543864
新南山科技北,广东,深圳市,南山区,华润城润玺二期一栋,广东深圳市南山区华润城润玺二期一栋,广东深圳市南山区华润城润玺二期一栋,113.958575,22.546552
新南山科技北,广东,深圳市,南山区,科技路朗景园B,广东深圳市南山区科技路朗景园B,广东深圳市南山区科技路朗景园B,113.950558,22.540989
新南山科技北,广东,深圳市,南山区,南山区粤海街道科兴科学园A4栋,广东深圳市南山区粤海街道科兴科学园A4栋,广东深圳市南山区粤海街道科兴科学园A4栋,113.943501,22.548997
新南山科技北,广东,深圳市,南山区,西丽街道松坪村三期1B栋外丰巢快递柜,广东深圳市南山区西丽街道松坪村三期1B栋外丰巢快递柜,广东深圳市南山区西丽街道松坪村三期1B栋外丰巢快递柜,113.955878,22.559457
新南山科技北,广东,深圳市,南山区,粤海街道朗景园,广东深圳市南山区粤海街道朗景园,广东深圳市南山区粤海街道朗景园,113.950558,22.540989
新南山科技北,广东,深圳市,南山区,深圳市南山区华润润府1期1号楼华润润府1期1号楼栋,广东深圳市南山区深圳市南山区华润润府1期1号楼华润润府1期1号楼栋,广东深圳市南山区深圳市南山区华润润府1期1号楼华润润府1期1号楼栋,113.955109,22.548754
新南山科技北,广东,深圳市,南山区,粤海街道琼宇路7号桑达苑,广东深圳市南山区粤海街道琼宇路7号桑达苑,广东深圳市南山区粤海街道琼宇路7号桑达苑,113.947248,22.550082
新南山科技北,广东,深圳市,南山区,西丽街道松坪山社区单身公寓B区20栋,广东深圳市南山区西丽街道松坪山社区单身公寓B区20栋,广东深圳市南山区西丽街道松坪山社区单身公寓B区20栋,113.948838,22.560235
新南山科技北,广东,深圳市,南山区,粤海街道科苑路15号科兴科学园一期9栋,广东深圳市南山区粤海街道科苑路15号科兴科学园一期9栋,广东深圳市南山区粤海街道科苑路15号科兴科学园一期9栋,113.944973,22.548669
新南山科技北,广东,深圳市,南山区,南华润城润府一期三栋,广东深圳市南山区南华润城润府一期三栋,广东深圳市南山区南华润城润府一期三栋,113.955109,22.548754
新南山科技北,广东,深圳市,南山区,粤海街道科苑学里2栋,广东深圳市南山区粤海街道科苑学里2栋,广东深圳市南山区粤海街道科苑学里2栋,113.952061,22.550147
新南山科技北,广东,深圳市,南山区,软件园一期5栋,广东深圳市南山区软件园一期5栋,广东深圳市南山区软件园一期5栋,113.940792,22.544585
新南山科技北,广东,深圳市,南山区,大冲都市花园B栋粤海街道大冲都市花园一栋B座,广东深圳市南山区大冲都市花园B栋粤海街道大冲都市花园一栋B座,广东深圳市南山区大冲都市花园B栋粤海街道大冲都市花园一栋B座,113.944859,22.528137
新南山科技北,广东,深圳市,南山区,松坪山单身公寓9栋华升公馆,广东深圳市南山区松坪山单身公寓9栋华升公馆,广东深圳市南山区松坪山单身公寓9栋华升公馆,113.950456,22.558023
新南山科技北,广东,深圳市,南山区,粤海街道南山区粤海街道科发路大冲新城花园2栋F座楼充气宝,广东深圳市南山区粤海街道南山区粤海街道科发路大冲新城花园2栋F座楼,广东深圳市南山区粤海街道南山区粤海街道科发路大冲新城花园2栋F座楼,113.95337,22.54264
新南山科技北,广东,深圳市,南山区,润府一期7栋,广东深圳市南山区润府一期7栋,广东深圳市南山区润府一期7栋,113.954194,22.548028
新南山科技北,广东,深圳市,南山区,粤海街道大冲都市花园C栋,广东深圳市南山区粤海街道大冲都市花园C栋,广东深圳市南山区粤海街道大冲都市花园C栋,113.944859,22.528137
新南山科技北,广东,深圳市,南山区,粤海街道广东省深圳市南山区文华路,广东深圳市南山区粤海街道广东省深圳市南山区文华路,广东深圳市南山区粤海街道广东省深圳市南山区文华路,113.948896,22.548128
新南山科技北,广东,深圳市,南山区,铜鼓路润府二期F,广东深圳市南山区铜鼓路润府二期F,广东深圳市南山区铜鼓路润府二期F,113.954208,22.543272
新南山科技北,广东,深圳市,南山区,南山区西丽松坪村三期西区4栋,广东深圳市南山区西丽松坪村三期西区4栋,广东深圳市南山区西丽松坪村三期西区4栋,113.955039,22.559781
新南山科技北,广东,深圳市,南山区,粤海街道科技园科慧路一号沛鸿大厦楼前台,广东深圳市南山区粤海街道科技园科慧路一号沛鸿大厦楼前台,广东深圳市南山区粤海街道科技园科慧路一号沛鸿大厦楼前台,113.948346,22.545557
新南山科技北,广东,深圳市,南山区,粤海街道科技中一路赛百诺大厦C栋楼,广东深圳市南山区粤海街道科技中一路赛百诺大厦C栋楼,广东深圳市南山区粤海街道科技中一路赛百诺大厦C栋楼,113.935482,22.548625
新南山科技北,广东,深圳市,南山区,粤海街道科苑路15号科兴科学园一期富豪苑楼号,广东深圳市南山区粤海街道科苑路15号科兴科学园一期富豪苑楼号,广东深圳市南山区粤海街道科苑路15号科兴科学园一期富豪苑楼号,113.944973,22.548669
新南山科技北,广东,深圳市,南山区,西丽街道科苑北路共享大厦B座楼,广东深圳市南山区西丽街道科苑北路共享大厦B座楼,广东深圳市南山区西丽街道科苑北路共享大厦B座楼,113.946382,22.560639
新南山科技北,广东,深圳市,南山区,粤海街道科发路12号大冲城市花园大冲城市花园8B栋,广东深圳市南山区粤海街道科发路12号大冲城市花园大冲城市花园8B栋,广东深圳市南山区粤海街道科发路12号大冲城市花园大冲城市花园8B栋,113.955685,22.54385
新南山科技北,广东,深圳市,南山区,南山区粤海街道英伦名苑一期2栋单元,广东深圳市南山区粤海街道英伦名苑一期2栋单元,广东深圳市南山区粤海街道英伦名苑一期2栋单元,113.956084,22.548409
新南山科技北,广东,深圳市,南山区,粤海街道新中一道8号万和药园A区楼,广东深圳市南山区粤海街道新中一道8号万和药园A区楼,广东深圳市南山区粤海街道新中一道8号万和药园A区楼,113.941294,22.550131
新南山科技北,广东,深圳市,南山区,科苑花园58区3栋,广东深圳市南山区科苑花园58区3栋,广东深圳市南山区科苑花园58区3栋,113.950953,22.548949
新南山科技北,广东,深圳市,南山区,粤海街道大冲都市花园D座,广东深圳市南山区粤海街道大冲都市花园D座,广东深圳市南山区粤海街道大冲都市花园D座,113.944859,22.528137
新南山科技北,广东,深圳市,南山区,粤海街道华润城润府二期A,广东深圳市南山区粤海街道华润城润府二期A,广东深圳市南山区粤海街道华润城润府二期A,113.954608,22.543958
新南山科技北,广东,深圳市,南山区,科技园汇景豪苑,广东深圳市南山区科技园汇景豪苑,广东深圳市南山区科技园汇景豪苑,113.942532,22.540903
新南山科技北,广东,深圳市,南山区,朗山路11号同方科兴科技园A栋楼联,广东深圳市南山区朗山路11号同方科兴科技园A栋楼联,广东深圳市南山区朗山路11号同方科兴科技园A栋楼联,113.949258,22.555211
新南山科技北,广东,深圳市,南山区,大冲城市花园2栋,广东深圳市南山区大冲城市花园2栋,广东深圳市南山区大冲城市花园2栋,113.930478,22.533191
新南山科技北,广东,深圳市,南山区,南山区西丽街道松坪山科苑新区朗丰路9号万昌3号公寓A,广东深圳市南山区西丽街道松坪山科苑新区朗丰路9号万昌3号公寓A,广东深圳市南山区西丽街道松坪山科苑新区朗丰路9号万昌3号公寓A,113.945814,22.555874
新南山科技北,广东,深圳市,南山区,粤海街道科伟路东方科技大厦楼-1316移拜骑行总部,广东深圳市南山区粤海街道科伟路东方科技大厦楼-1316移拜骑行总部,广东深圳市南山区粤海街道科伟路东方科技大厦楼-1316移拜骑行总部,113.946467,22.548046
新南山科技北,广东,深圳市,南山区,粤海街道城市山谷花园8栋,广东深圳市南山区粤海街道城市山谷花园8栋,广东深圳市南山区粤海街道城市山谷花园8栋,113.953877,22.55022
新南山科技北,广东,深圳市,南山区,高新中二道与科技中二路交叉口深圳软件园8栋,广东深圳市南山区高新中二道与科技中二路交叉口深圳软件园8栋,广东深圳市南山区高新中二道与科技中二路交叉口深圳软件园8栋,113.941859,22.546427
新南山科技北,广东,深圳市,南山区,科技园琼宇路5号大厦楼,广东深圳市南山区科技园琼宇路5号大厦楼,广东深圳市南山区科技园琼宇路5号大厦楼,113.947849,22.550671
新南山科技北,广东,深圳市,南山区,科技园科苑学里五栋,广东深圳市南山区科技园科苑学里五栋,广东深圳市南山区科技园科苑学里五栋,113.951382,22.549875
新南山科技北,广东,深圳市,南山区,粤海街道华润城润府3期3栋,广东深圳市南山区粤海街道华润城润府3期3栋,广东深圳市南山区粤海街道华润城润府3期3栋,113.954488,22.545323
新南山科技北,广东,深圳市,南山区,粤海街道科苑路15号科兴科学园A栋,广东深圳市南山区粤海街道科苑路15号科兴科学园A栋,广东深圳市南山区粤海街道科苑路15号科兴科学园A栋,113.94455,22.549305
新南山科技北,广东,深圳市,南山区,大冲城市花园7栋,广东深圳市南山区大冲城市花园7栋,广东深圳市南山区大冲城市花园7栋,113.930478,22.533191
新南山科技北,广东,深圳市,南山区,松坪山路,广东深圳市南山区松坪山路,广东深圳市南山区松坪山路,113.951737,22.556638
新南山科技北,广东,深圳市,南山区,粤海街道大冲新城花园2栋D座,广东深圳市南山区粤海街道大冲新城花园2栋D座,广东深圳市南山区粤海街道大冲新城花园2栋D座,113.944859,22.528137
新南山科技北,广东,深圳市,南山区,西丽街道松坪街8号松坪村兰苑68栋,广东深圳市南山区西丽街道松坪街8号松坪村兰苑68栋,广东深圳市南山区西丽街道松坪街8号松坪村兰苑68栋,113.94957,22.556918
新南山科技北,广东,深圳市,南山区,科苑居,广东深圳市南山区科苑居,广东深圳市南山区科苑居,113.943346,22.542894
新南山科技北,广东,深圳市,南山区,科苑路15号粤海街道科兴科学园A,广东深圳市南山区科苑路15号粤海街道科兴科学园A,广东深圳市南山区科苑路15号粤海街道科兴科学园A,113.942075,22.548328
新南山科技北,广东,深圳市,南山区,粤海街道-中盈菁英公寓七栋,广东深圳市南山区粤海街道-中盈菁英公寓七栋,广东深圳市南山区粤海街道-中盈菁英公寓七栋,113.947156,22.54653
新南山科技北,广东,深圳市,南山区,粤海街道华强高新发展大楼,广东深圳市南山区粤海街道华强高新发展大楼,广东深圳市南山区粤海街道华强高新发展大楼,113.935244,22.541668
新南山科技北,广东,深圳市,南山区,南山区高新中二道33号豪方现代豪园-4栋,广东深圳市南山区高新中二道33号豪方现代豪园-4栋,广东深圳市南山区高新中二道33号豪方现代豪园-4栋,113.935056,22.545401
新南山科技北,广东,深圳市,南山区,西丽街道松坪村三期东区3栋楼,广东深圳市南山区西丽街道松坪村三期东区3栋楼,广东深圳市南山区西丽街道松坪村三期东区3栋楼,113.956347,22.558815
新南山科技北,广东,深圳市,南山区,南山区红树别院3B,广东深圳市南山区红树别院3B,广东深圳市南山区红树别院3B,113.956657,22.546952
新南山科技北,广东,深圳市,南山区,南山区粤海街道南山区豪方现代豪园8栋,广东深圳市南山区粤海街道南山区豪方现代豪园8栋,广东深圳市南山区粤海街道南山区豪方现代豪园8栋,113.935056,22.545401
新南山科技北,广东,深圳市,南山区,科技园高新北六道29号大族激光大厦生产楼,广东深圳市南山区科技园高新北六道29号大族激光大厦生产楼,广东深圳市南山区科技园高新北六道29号大族激光大厦生产楼,113.940917,22.553556
新南山科技北,广东,深圳市,南山区,西丽街道松坪村三期西区2栋C,广东深圳市南山区西丽街道松坪村三期西区2栋C,广东深圳市南山区西丽街道松坪村三期西区2栋C,113.954862,22.558692
新南山科技北,广东,深圳市,南山区,粤海街道南山科兴科学园c1栋楼,广东深圳市南山区粤海街道南山科兴科学园c1栋楼,广东深圳市南山区粤海街道南山科兴科学园c1栋楼,113.944739,22.547835
新南山科技北,广东,深圳市,南山区,西丽街道松坪山科苑新区纪元智慧公寓22栋,广东深圳市南山区西丽街道松坪山科苑新区纪元智慧公寓22栋,广东深圳市南山区西丽街道松坪山科苑新区纪元智慧公寓22栋,113.947133,22.556053
新南山科技北,广东,深圳市,南山区,西丽街道清华紫光信息港深圳果果慧科技有限公司,广东深圳市南山区西丽街道清华紫光信息港深圳果果慧科技有限公司,广东深圳市南山区西丽街道清华紫光信息港深圳果果慧科技有限公司,113.947747,22.554825
新南山科技北,广东,深圳市,南山区,科苑花园58区9栋二单元,广东深圳市南山区科苑花园58区9栋二单元,广东深圳市南山区科苑花园58区9栋二单元,113.950953,22.548949
新南山科技北,广东,深圳市,南山区,西丽街道松坪山梅苑52栋第二单元,广东深圳市南山区西丽街道松坪山梅苑52栋第二单元,广东深圳市南山区西丽街道松坪山梅苑52栋第二单元,113.951983,22.559478
新南山科技北,广东,深圳市,南山区,科技园朗山路松坪村菊苑,广东深圳市南山区科技园朗山路松坪村菊苑,广东深圳市南山区科技园朗山路松坪村菊苑,113.951931,22.557009
新南山科技北,广东,深圳市,南山区,西丽街道永合高分子大厦302罗s,广东深圳市南山区西丽街道永合高分子大厦302罗s,广东深圳市南山区西丽街道永合高分子大厦302罗s,113.951872,22.577467
新南山科技北,广东,深圳市,南山区,南山区粤海街道深圳南山区大冲城市花园6栋,广东深圳市南山区粤海街道深圳南山区大冲城市花园6栋,广东深圳市南山区粤海街道深圳南山区大冲城市花园6栋,113.930478,22.533191
新南山科技北,广东,深圳市,南山区,粤海街道科苑路8号讯美科技广场中盈菁英公寓,广东深圳市南山区粤海街道科苑路8号讯美科技广场中盈菁英公寓,广东深圳市南山区粤海街道科苑路8号讯美科技广场中盈菁英公寓,113.947156,22.54653
新南山科技北,广东,深圳市,南山区,粤海街道大冲都市花园G栋,广东深圳市南山区粤海街道大冲都市花园G栋,广东深圳市南山区粤海街道大冲都市花园G栋,113.944859,22.528137
新南山科技北,广东,深圳市,南山区,帝景园,广东深圳市南山区帝景园,广东深圳市南山区帝景园,113.936925,22.541456
新南山科技北,广东,深圳市,南山区,粤海街道华润城润玺花园二期一栋,广东深圳市南山区粤海街道华润城润玺花园二期一栋,广东深圳市南山区粤海街道华润城润玺花园二期一栋,113.958634,22.545629
新南山科技北,广东,深圳市,南山区,铜鼓路华润城润府1期7栋,广东深圳市南山区铜鼓路华润城润府1期7栋,广东深圳市南山区铜鼓路华润城润府1期7栋,113.954194,22.548205
新南山科技北,广东,深圳市,南山区,科兴科学园C1Kyro,广东深圳市南山区科兴科学园C1Kyro,广东深圳市南山区科兴科学园C1Kyro,113.944739,22.547835
新南山科技北,广东,深圳市,南山区,西丽街道松坪山社区朗康路1号松坪山单身公寓33栋,广东深圳市南山区西丽街道松坪山社区朗康路1号松坪山单身公寓33栋,广东深圳市南山区西丽街道松坪山社区朗康路1号松坪山单身公寓33栋,113.950238,22.557841
新南山科技北,广东,深圳市,南山区,粤海街道高新中四道6号凯丽花园4栋,广东深圳市南山区粤海街道高新中四道6号凯丽花园4栋,广东深圳市南山区粤海街道高新中四道6号凯丽花园4栋,113.939307,22.542981
新南山科技北,广东,深圳市,南山区,西丽街道深圳市南山区北环大道大族创新大厦B座房仓库请库房盖,广东深圳市南山区西丽街道深圳市南山区北环大道大族创新大厦B座房仓库请库房盖,广东深圳市南山区西丽街道深圳市南山区北环大道大族创新大厦B座房仓库请库房盖,113.950796,22.553709
新南山科技北,广东,深圳市,南山区,粤海街道深圳市南山区沙河西路英伦名苑二期5栋,广东深圳市南山区粤海街道深圳市南山区沙河西路英伦名苑二期5栋,广东深圳市南山区粤海街道深圳市南山区沙河西路英伦名苑二期5栋,113.957215,22.547528
新南山科技北,广东,深圳市,南山区,华润置地D座楼,广东深圳市南山区华润置地D座楼,广东深圳市南山区华润置地D座楼,113.954558,22.542467
新南山科技北,广东,深圳市,南山区,粤海街道深南大道9668号APOPSOCKETS店铺,广东深圳市南山区粤海街道深南大道9668号APOPSOCKETS店铺,广东深圳市南山区粤海街道深南大道9668号APOPSOCKETS店铺,113.956261,22.541628
新南山科技北,广东,深圳市,南山区,科慧路宝华驾校练车场,广东深圳市南山区科慧路宝华驾校练车场,广东深圳市南山区科慧路宝华驾校练车场,113.793102,22.716893
新南山科技北,广东,深圳市,南山区,粤海街道华润城润玺2期1栋,广东深圳市南山区粤海街道华润城润玺2期1栋,广东深圳市南山区粤海街道华润城润玺2期1栋,113.958634,22.545629
新南山科技北,广东,深圳市,南山区,粤海街道-粤海街道-科苑路15号科兴科学园一期b座楼室,广东深圳市南山区粤海街道-粤海街道-科苑路15号科兴科学园一期b座楼室,广东深圳市南山区粤海街道-粤海街道-科苑路15号科兴科学园一期b座楼室,113.944973,22.548669
新南山科技北,广东,深圳市,南山区,朗山路8号东物商业大楼,广东深圳市南山区朗山路8号东物商业大楼,广东深圳市南山区朗山路8号东物商业大楼,113.950942,22.55657
新南山科技北,广东,深圳市,南山区,沙河西路尚美科技大厦11号商铺云梦里养生馆Ivyyu,广东深圳市南山区沙河西路尚美科技大厦11号商铺云梦里养生馆,广东深圳市南山区沙河西路尚美科技大厦11号商铺云梦里养生馆,113.958722,22.54361
新南山科技北,广东,深圳市,南山区,南山区西丽街道朗山科技北二路豪威大厦b座,广东深圳市南山区西丽街道朗山科技北二路豪威大厦b座,广东深圳市南山区西丽街道朗山科技北二路豪威大厦b座,113.939894,22.560684
新南山科技北,广东,深圳市,南山区,粤海街道麻岭社区深南大道9968号汉京金融中心59F层甘,广东深圳市南山区粤海街道麻岭社区深南大道9968号汉京金融中心59F层甘,广东深圳市南山区粤海街道麻岭社区深南大道9968号汉京金融中心59F层甘,113.939612,22.540628
新南山科技北,广东,深圳市,南山区,西丽街道宝深路99号科陆大厦,广东深圳市南山区西丽街道宝深路99号科陆大厦,广东深圳市南山区西丽街道宝深路99号科陆大厦,113.941549,22.561135
新南山科技北,广东,深圳市,南山区,粤海街道科技园社区科慧路2号德,广东深圳市南山区粤海街道科技园社区科慧路2号德,广东深圳市南山区粤海街道科技园社区科慧路2号德,113.949351,22.544427
新南山科技北,广东,深圳市,南山区,文华路润府一期6栋,广东深圳市南山区文华路润府一期6栋,广东深圳市南山区文华路润府一期6栋,113.955109,22.548754
新南山科技北,广东,深圳市,南山区,粤海街道铜鼓路与文华路交叉口东南角华润城润府3期润府三期1B栋,广东深圳市南山区粤海街道铜鼓路与文华路交叉口东南角华润城润府3期润府三期1B栋,广东深圳市南山区粤海街道铜鼓路与文华路交叉口东南角华润城润府3期润府三期1B栋,113.954251,22.547448
新南山科技北,广东,深圳市,南山区,创益科兴科学园C栋A蜂,广东深圳市南山区创益科兴科学园C栋A蜂,广东深圳市南山区创益科兴科学园C栋A蜂,113.944193,22.547569
新南山科技北,广东,深圳市,南山区,南山区西丽街道松坪山社区单身公寓33栋,广东深圳市南山区西丽街道松坪山社区单身公寓33栋,广东深圳市南山区西丽街道松坪山社区单身公寓33栋,113.950188,22.557432
新南山科技北,广东,深圳市,南山区,西丽街道北环大道9018号大族创新大厦C座C,广东深圳市南山区西丽街道北环大道9018号大族创新大厦C座C,广东深圳市南山区西丽街道北环大道9018号大族创新大厦C座C,113.950463,22.554177
新南山科技北,广东,深圳市,南山区,粤海街道大冲六路华润城润府3期5栋,广东深圳市南山区粤海街道大冲六路华润城润府3期5栋,广东深圳市南山区粤海街道大冲六路华润城润府3期5栋,113.954966,22.546647
新南山科技北,广东,深圳市,南山区,粤海街道大冲都市花园B栋,广东深圳市南山区粤海街道大冲都市花园B栋,广东深圳市南山区粤海街道大冲都市花园B栋,113.944859,22.528137
新南山科技北,广东,深圳市,南山区,粤海街道大冲三路润玺二期2栋,广东深圳市南山区粤海街道大冲三路润玺二期2栋,广东深圳市南山区粤海街道大冲三路润玺二期2栋,113.944859,22.528137
新南山科技北,广东,深圳市,南山区,粤海街道-大冲新城花园二栋-1E30B,广东深圳市南山区粤海街道-大冲新城花园二栋-1E30B,广东深圳市南山区粤海街道-大冲新城花园二栋-1E30B,113.944859,22.528137
新南山科技北,广东,深圳市,南山区,高新园地铁站B口步行250米大冲新城花园2栋D座,广东深圳市南山区高新园地铁站B口步行250米大冲新城花园2栋D座,广东深圳市南山区高新园地铁站B口步行250米大冲新城花园2栋D座,113.894639,22.565722
新南山科技北,广东,深圳市,南山区,粤海街道帝景园2期d栋,广东深圳市南山区粤海街道帝景园2期d栋,广东深圳市南山区粤海街道帝景园2期d栋,113.937651,22.541357
新南山科技北,广东,深圳市,南山区,南山区西丽街道紫光信息港B座楼,广东深圳市南山区西丽街道紫光信息港B座楼,广东深圳市南山区西丽街道紫光信息港B座楼,113.947854,22.554919
新南山科技北,广东,深圳市,南山区,南山区南山街道深圳市南山区深南大道汉京金融中心楼,广东深圳市南山区南山街道深圳市南山区深南大道汉京金融中心楼,广东深圳市南山区南山街道深圳市南山区深南大道汉京金融中心楼,113.993509,22.533391
新南山科技北,广东,深圳市,南山区,粤海街道汇景豪苑海怡阁,广东深圳市南山区粤海街道汇景豪苑海怡阁,广东深圳市南山区粤海街道汇景豪苑海怡阁,113.928874,22.491502
新南山科技北,广东,深圳市,南山区,沙河街道松坪村万昌公寓B,广东深圳市南山区沙河街道松坪村万昌公寓B,广东深圳市南山区沙河街道松坪村万昌公寓B,113.94957,22.556918
新南山科技北,广东,深圳市,南山区,科技园三十区8栋,广东深圳市南山区科技园三十区8栋,广东深圳市南山区科技园三十区8栋,113.950915,22.545316
新南山科技北,广东,深圳市,南山区,粤海街道麻雀岭工业区M-8栋楼,广东深圳市南山区粤海街道麻雀岭工业区M-8栋楼,广东深圳市南山区粤海街道麻雀岭工业区M-8栋楼,113.940871,22.541273
新南山科技北,广东,深圳市,南山区,大冲商务中心D座,广东深圳市南山区大冲商务中心D座,广东深圳市南山区大冲商务中心D座,113.863222,22.555753
新南山科技北,广东,深圳市,南山区,铜鼓路华润城二期c栋,广东深圳市南山区铜鼓路华润城二期c栋,广东深圳市南山区铜鼓路华润城二期c栋,113.953812,22.543245
新南山科技北,广东,深圳市,南山区,粤海街道大冲社区铜鼓路55号大冲都市花园a栋楼,广东深圳市南山区粤海街道大冲社区铜鼓路55号大冲都市花园a栋楼,广东深圳市南山区粤海街道大冲社区铜鼓路55号大冲都市花园a栋楼,113.953308,22.543754
新南山科技北,广东,深圳市,南山区,科技路13号南山水瑆花园酒店,广东深圳市南山区科技路13号南山水瑆花园酒店,广东深圳市南山区科技路13号南山水瑆花园酒店,113.93928,22.541147
新南山科技北,广东,深圳市,南山区,高新中区M10栋楼大,广东深圳市南山区高新中区M10栋楼大,广东深圳市南山区高新中区M10栋楼大,113.936562,22.545498
新南山科技北,广东,深圳市,南山区,南山区粤海街道科技中二路39号万基产业园,广东深圳市南山区粤海街道科技中二路39号万基产业园,广东深圳市南山区粤海街道科技中二路39号万基产业园,113.938769,22.547671
新南山科技北,广东,深圳市,南山区,科兴科学园A2单元,广东深圳市南山区科兴科学园A2单元,广东深圳市南山区科兴科学园A2单元,113.942423,22.54905
新南山科技北,广东,深圳市,南山区,粤海街道科苑路16号东方科技大厦,广东深圳市南山区粤海街道科苑路16号东方科技大厦,广东深圳市南山区粤海街道科苑路16号东方科技大厦,113.833102,22.641937
新南山科技北,广东,深圳市,南山区,粤海街道科研路9号比克科技大厦501L放门,广东深圳市南山区粤海街道科研路9号比克科技大厦501L放门,广东深圳市南山区粤海街道科研路9号比克科技大厦501L放门,113.93284,22.541466
新南山科技北,广东,深圳市,南山区,粤海街道科技中三路南山科兴科学园a4栋草,广东深圳市南山区粤海街道科技中三路南山科兴科学园a4栋草,广东深圳市南山区粤海街道科技中三路南山科兴科学园a4栋草,113.943501,22.548997
新南山科技北,广东,深圳市,南山区,南山区粤海街道铜鼓社区铜鼓路88号华润城润府三期2栋,广东深圳市南山区粤海街道铜鼓社区铜鼓路88号华润城润府三期2栋,广东深圳市南山区粤海街道铜鼓社区铜鼓路88号华润城润府三期2栋,113.954898,22.546563
新南山科技北,广东,深圳市,南山区,粤海街道大冲都市花园H栋,广东深圳市南山区粤海街道大冲都市花园H栋,广东深圳市南山区粤海街道大冲都市花园H栋,113.944859,22.528137
新南山科技北,广东,深圳市,南山区,南山区西丽街道松坪街5号松坪村三期西区5栋,广东深圳市南山区西丽街道松坪街5号松坪村三期西区5栋,广东深圳市南山区西丽街道松坪街5号松坪村三期西区5栋,113.955603,22.559991
新南山科技北,广东,深圳市,南山区,南山区粤海街道沙河西路2029号城市山谷椰林街5B,广东深圳市南山区粤海街道沙河西路2029号城市山谷椰林街5B,广东深圳市南山区粤海街道沙河西路2029号城市山谷椰林街5B,113.954789,22.550673
新南山科技北,广东,深圳市,南山区,粤海街道科苑路15号科兴科学园一期日日顺便利店,广东深圳市南山区粤海街道科苑路15号科兴科学园一期日日顺便利店,广东深圳市南山区粤海街道科苑路15号科兴科学园一期日日顺便利店,113.944973,22.548669
新南山科技北,广东,深圳市,南山区,粤海街道华润城润府2期A栋,广东深圳市南山区粤海街道华润城润府2期A栋,广东深圳市南山区粤海街道华润城润府2期A栋,113.954948,22.543176
新南山科技北,广东,深圳市,南山区,广东省-深圳市-南山区-粤海街道深南大道9668号华润万象天地楼SL152希思黎专卖店,广东深圳市南山区广东省-深圳市-南山区-粤海街道深南大道9668号华润万象天地楼SL152希思黎专卖店,广东深圳市南山区广东省-深圳市-南山区-粤海街道深南大道9668号华润万象天地楼SL152希思黎专卖店,113.955558,22.542237
新南山科技北,广东,深圳市,南山区,粤海街道大冲社区大冲新城花园2栋B座楼,广东深圳市南山区粤海街道大冲社区大冲新城花园2栋B座楼,广东深圳市南山区粤海街道大冲社区大冲新城花园2栋B座楼,113.951446,22.542155
新南山科技北,广东,深圳市,南山区,深圳市南山区粤海街道麻岭社区麻雀岭工业区M-10栋号厂房东南角楼遇见个超市请需要标签请,广东深圳市南山区深圳市南山区粤海街道麻岭社区麻雀岭工业区M-10栋号厂房东南角楼,广东深圳市南山区深圳市南山区粤海街道麻岭社区麻雀岭工业区M-10栋号厂房东南角楼,113.940774,22.541824
新南山科技北,广东,深圳市,南山区,粤海街道-澳特科兴科学园a栋楼,广东深圳市南山区粤海街道-澳特科兴科学园a栋楼,广东深圳市南山区粤海街道-澳特科兴科学园a栋楼,113.942075,22.548328
新南山科技北,广东,深圳市,南山区,粤海街道深南大道9998号万利达科技大厦楼便利店旁,广东深圳市南山区粤海街道深南大道9998号万利达科技大厦楼便利店旁,广东深圳市南山区粤海街道深南大道9998号万利达科技大厦楼便利店旁,113.933736,22.540547
新南山科技北,广东,深圳市,南山区,粤海街道大冲三路88号华润城润玺二期花园3栋,广东深圳市南山区粤海街道大冲三路88号华润城润玺二期花园3栋,广东深圳市南山区粤海街道大冲三路88号华润城润玺二期花园3栋,113.958388,22.546721
新南山科技北,广东,深圳市,南山区,恒迪单身公寓-12栋,广东深圳市南山区恒迪单身公寓-12栋,广东深圳市南山区恒迪单身公寓-12栋,113.924418,22.671694
新南山科技北,广东,深圳市,南山区,科苑路15号科兴科学园栋楼,广东深圳市南山区科苑路15号科兴科学园栋楼,广东深圳市南山区科苑路15号科兴科学园栋楼,113.944973,22.548669
新南山科技北,广东,深圳市,南山区,铜鼓路36号华润城润府3期1B,广东深圳市南山区铜鼓路36号华润城润府3期1B,广东深圳市南山区铜鼓路36号华润城润府3期1B,113.954317,22.545081
新南山科技北,广东,深圳市,南山区,粤海街道华润城一期5栋,广东深圳市南山区粤海街道华润城一期5栋,广东深圳市南山区粤海街道华润城一期5栋,113.922849,22.503918
新南山科技北,广东,深圳市,南山区,南山区兰光科技园,广东深圳市南山区兰光科技园,广东深圳市南山区兰光科技园,113.941363,22.554042
新南山科技北,广东,深圳市,南山区,南山区粤海街道科技路654号大冲新城花园2栋B座,广东深圳市南山区粤海街道科技路654号大冲新城花园2栋B座,广东深圳市南山区粤海街道科技路654号大冲新城花园2栋B座,113.93928,22.541147
新南山科技北,广东,深圳市,南山区,金融大厦楼,广东深圳市南山区金融大厦楼,广东深圳市南山区金融大厦楼,113.930478,22.533191
新南山科技北,广东,深圳市,南山区,粤海街道中盈菁英公寓,广东深圳市南山区粤海街道中盈菁英公寓,广东深圳市南山区粤海街道中盈菁英公寓,113.947156,22.54653
新南山科技北,广东,深圳市,南山区,粤海街道赛百诺大厦c栋,广东深圳市南山区粤海街道赛百诺大厦c栋,广东深圳市南山区粤海街道赛百诺大厦c栋,113.936215,22.548464
新南山科技北,广东,深圳市,南山区,粤海街道广东省深圳市南山区粤海街道大冲都市花园G栋,广东深圳市南山区粤海街道广东省深圳市南山区粤海街道大冲都市花园G栋,广东深圳市南山区粤海街道广东省深圳市南山区粤海街道大冲都市花园G栋,113.944859,22.528137
新南山科技北,广东,深圳市,南山区,大冲商务中心C座楼诺,广东深圳市南山区大冲商务中心C座楼诺,广东深圳市南山区大冲商务中心C座楼诺,113.863227,22.556329
新南山科技北,广东,深圳市,南山区,朗山路28号通产新材料产业园2栋楼,广东深圳市南山区朗山路28号通产新材料产业园2栋楼,广东深圳市南山区朗山路28号通产新材料产业园2栋楼,113.935119,22.557546
新南山科技北,广东,深圳市,南山区,南山区粤海街道凯丽花园5栋单元,广东深圳市南山区粤海街道凯丽花园5栋单元,广东深圳市南山区粤海街道凯丽花园5栋单元,113.939861,22.543302
新南山科技北,广东,深圳市,南山区,科技园科技中一路赛百诺大厦C栋,广东深圳市南山区科技园科技中一路赛百诺大厦C栋,广东深圳市南山区科技园科技中一路赛百诺大厦C栋,113.936215,22.548464
新南山科技北,广东,深圳市,南山区,科伟路16东方科技大厦,广东深圳市南山区科伟路16东方科技大厦,广东深圳市南山区科伟路16东方科技大厦,113.946106,22.547554
新南山科技北,广东,深圳市,南山区,朗景园A栋,广东深圳市南山区朗景园A栋,广东深圳市南山区朗景园A栋,113.950558,22.540989
新南山科技北,广东,深圳市,南山区,华润城润府三期4栋,广东深圳市南山区华润城润府三期4栋,广东深圳市南山区华润城润府三期4栋,113.954898,22.546563
新南山科技北,广东,深圳市,南山区,粤海街道科技园桑达苑3栋单元,广东深圳市南山区粤海街道科技园桑达苑3栋单元,广东深圳市南山区粤海街道科技园桑达苑3栋单元,113.946487,22.549982
新南山科技北,广东,深圳市,南山区,西丽街道松坪村三期西区五幢,广东深圳市南山区西丽街道松坪村三期西区五幢,广东深圳市南山区西丽街道松坪村三期西区五幢,113.955296,22.559323
新南山科技北,广东,深圳市,南山区,粤海街道铜鼓路华润置地大厦D座楼松下公司,广东深圳市南山区粤海街道铜鼓路华润置地大厦D座楼松下公司,广东深圳市南山区粤海街道铜鼓路华润置地大厦D座楼松下公司,113.954564,22.542543
新南山科技北,广东,深圳市,南山区,南山区粤海街道铜鼓路华润城润府3期6栋,广东深圳市南山区粤海街道铜鼓路华润城润府3期6栋,广东深圳市南山区粤海街道铜鼓路华润城润府3期6栋,113.955005,22.5474
新南山科技北,广东,深圳市,南山区,广东省南山区粤海街道华润城润府二期C栋,广东深圳市南山区广东省南山区粤海街道华润城润府二期C栋,广东深圳市南山区广东省南山区粤海街道华润城润府二期C栋,113.954608,22.543958
新南山科技北,广东,深圳市,南山区,科技园科技中二路1一9彩,广东深圳市南山区科技园科技中二路1一9彩,广东深圳市南山区科技园科技中二路1一9彩,113.94634,22.53356
新南山科技北,广东,深圳市,南山区,大冲新城花园2栋大冲新城花园2栋D座,广东深圳市南山区大冲新城花园2栋大冲新城花园2栋D座,广东深圳市南山区大冲新城花园2栋大冲新城花园2栋D座,113.894639,22.565722
新南山科技北,广东,深圳市,南山区,西丽街道松坪村梅苑58栋三单元,广东深圳市南山区西丽街道松坪村梅苑58栋三单元,广东深圳市南山区西丽街道松坪村梅苑58栋三单元,113.952791,22.560321
新南山科技北,广东,深圳市,南山区,西丽街道杏林雅苑A栋,广东深圳市南山区西丽街道杏林雅苑A栋,广东深圳市南山区西丽街道杏林雅苑A栋,113.94357,22.557673
新南山科技北,广东,深圳市,南山区,大冲商务A座,广东深圳市南山区大冲商务A座,广东深圳市南山区大冲商务A座,113.924164,22.488255
新南山科技北,广东,深圳市,南山区,粤海街道大冲新城花园2栋D,广东深圳市南山区粤海街道大冲新城花园2栋D,广东深圳市南山区粤海街道大冲新城花园2栋D,113.944859,22.528137
新南山科技北,广东,深圳市,南山区,兰光科技园c座楼c,广东深圳市南山区兰光科技园c座楼c,广东深圳市南山区兰光科技园c座楼c,113.941363,22.554042
新南山科技北,广东,深圳市,南山区,科技园中區科文路2号SGS,广东深圳市南山区科技园中區科文路2号SGS,广东深圳市南山区科技园中區科文路2号SGS,113.944216,22.548453
新南山科技北,广东,深圳市,南山区,铜鼓路华润城润府一期1栋,广东深圳市南山区铜鼓路华润城润府一期1栋,广东深圳市南山区铜鼓路华润城润府一期1栋,113.954898,22.546563
新南山科技北,广东,深圳市,南山区,粤海街道铜鼓路39号大冲国际中心楼,广东深圳市南山区粤海街道铜鼓路39号大冲国际中心楼,广东深圳市南山区粤海街道铜鼓路39号大冲国际中心楼,113.953376,22.542201
新南山科技北,广东,深圳市,南山区,南山区科技园58区四栋三单元,广东深圳市南山区科技园58区四栋三单元,广东深圳市南山区科技园58区四栋三单元,113.951998,22.549586
新南山科技北,广东,深圳市,南山区,科技中一路19号赛百诺大厦D栋,广东深圳市南山区科技中一路19号赛百诺大厦D栋,广东深圳市南山区科技中一路19号赛百诺大厦D栋,113.935482,22.548625
新南山科技北,广东,深圳市,南山区,科技园研祥科技大厦楼,广东深圳市南山区科技园研祥科技大厦楼,广东深圳市南山区科技园研祥科技大厦楼,113.932944,22.542128
新南山科技北,广东,深圳市,南山区,大冲城市花园10栋B座4A,广东深圳市南山区大冲城市花园10栋B座4A,广东深圳市南山区大冲城市花园10栋B座4A,114.167746,22.5652
新南山科技北,广东,深圳市,南山区,南山区粤海街道科丰路4号特发信息科技园翠岭居A栋,广东深圳市南山区粤海街道科丰路4号特发信息科技园翠岭居A栋,广东深圳市南山区粤海街道科丰路4号特发信息科技园翠岭居A栋,113.94904,22.550151
新南山科技北,广东,深圳市,南山区,川市南山区西前街道松坪,广东深圳市南山区川市南山区西前街道松坪,广东深圳市南山区川市南山区西前街道松坪,113.954285,22.557485
新南山科技北,广东,深圳市,南山区,粤海街道高新中二道33号豪方现代豪园5栋层12C416白,广东深圳市南山区粤海街道高新中二道33号豪方现代豪园5栋层12C416白,广东深圳市南山区粤海街道高新中二道33号豪方现代豪园5栋层12C416白,113.935056,22.545401
新南山科技北,广东,深圳市,南山区,华润城润玺二期花园,广东深圳市南山区华润城润玺二期花园,广东深圳市南山区华润城润玺二期花园,113.958388,22.546721
新南山科技北,广东,深圳市,南山区,大冲城市花园,广东深圳市南山区大冲城市花园,广东深圳市南山区大冲城市花园,113.930478,22.533191
新南山科技北,广东,深圳市,南山区,朗山路25号永合高分子研发大厦,广东深圳市南山区朗山路25号永合高分子研发大厦,广东深圳市南山区朗山路25号永合高分子研发大厦,113.936002,22.555975
新南山科技北,广东,深圳市,南山区,科技中三路长园新材料港6栋楼,广东深圳市南山区科技中三路长园新材料港6栋楼,广东深圳市南山区科技中三路长园新材料港6栋楼,113.943329,22.550561
新南山科技北,广东,深圳市,南山区,粤海街道大冲商务中心A座,广东深圳市南山区粤海街道大冲商务中心A座,广东深圳市南山区粤海街道大冲商务中心A座,113.924164,22.488255
新南山科技北,广东,深圳市,南山区,华润置地大厦E座,广东深圳市南山区华润置地大厦E座,广东深圳市南山区华润置地大厦E座,113.952887,22.541616
新南山科技北,广东,深圳市,南山区,沙河西路城市山谷8栋,广东深圳市南山区沙河西路城市山谷8栋,广东深圳市南山区沙河西路城市山谷8栋,113.953877,22.55022
新南山科技北,广东,深圳市,南山区,豪方现代豪园7,广东深圳市南山区豪方现代豪园7,广东深圳市南山区豪方现代豪园7,113.935027,22.546041
新南山科技北,广东,深圳市,南山区,南山区粤海街道铜鼓路大冲都市花园1-104商铺侗,广东深圳市南山区粤海街道铜鼓路大冲都市花园1-104商铺侗,广东深圳市南山区粤海街道铜鼓路大冲都市花园1-104商铺侗,113.953812,22.543245
新南山科技北,广东,深圳市,南山区,粤海街道粤海科兴路深南花园c座,广东深圳市南山区粤海街道粤海科兴路深南花园c座,广东深圳市南山区粤海街道粤海科兴路深南花园c座,113.944151,22.540827
新南山科技北,广东,深圳市,南山区,粤海街道科兴路11号深南花园裙楼c区楼A户,广东深圳市南山区粤海街道科兴路11号深南花园裙楼c区楼A户,广东深圳市南山区粤海街道科兴路11号深南花园裙楼c区楼A户,113.944674,22.541487
新南山科技北,广东,深圳市,南山区,粤海街道善媛·生命健,广东深圳市南山区粤海街道善媛·生命健,广东深圳市南山区粤海街道善媛·生命健,113.944859,22.528137
新南山科技北,广东,深圳市,南山区,尚美科技大厦,广东深圳市南山区尚美科技大厦,广东深圳市南山区尚美科技大厦,113.958722,22.54361
新南山科技北,广东,深圳市,南山区,松坪山竹苑2栋,广东深圳市南山区松坪山竹苑2栋,广东深圳市南山区松坪山竹苑2栋,113.955403,22.556888
新南山科技北,广东,深圳市,南山区,南山区科技园科伟路8号科苑花园48区,广东深圳市南山区科技园科伟路8号科苑花园48区,广东深圳市南山区科技园科伟路8号科苑花园48区,113.946597,22.548747
新南山科技北,广东,深圳市,南山区,深圳南山科技中一路赛百诺大厦c栋楼一号门,广东深圳市南山区深圳南山科技中一路赛百诺大厦c栋楼一号门,广东深圳市南山区深圳南山科技中一路赛百诺大厦c栋楼一号门,113.935482,22.548625
新南山科技北,广东,深圳市,南山区,粤海街道阳光海景豪苑A27菜,广东深圳市南山区粤海街道阳光海景豪苑A27菜,广东深圳市南山区粤海街道阳光海景豪苑A27菜,113.930157,22.519784
新南山科技北,广东,深圳市,南山区,阳光海景苑A座20F室,广东深圳市南山区阳光海景苑A座20F室,广东深圳市南山区阳光海景苑A座20F室,113.924164,22.488255
新南山科技北,广东,深圳市,南山区,粤海街道澳特科兴科学园D栋楼整层,广东深圳市南山区粤海街道澳特科兴科学园D栋楼整层,广东深圳市南山区粤海街道澳特科兴科学园D栋楼整层,113.942075,22.548328
新南山科技北,广东,深圳市,南山区,南山区西丽街道松坪山单身公寓A区6栋涵馆公寓,广东深圳市南山区西丽街道松坪山单身公寓A区6栋涵馆公寓,广东深圳市南山区西丽街道松坪山单身公寓A区6栋涵馆公寓,113.947799,22.561108
新南山科技北,广东,深圳市,南山区,科技中2路1号深圳软件园9栋,广东深圳市南山区科技中2路1号深圳软件园9栋,广东深圳市南山区科技中2路1号深圳软件园9栋,113.937554,22.54439
新南山科技北,广东,深圳市,南山区,粤海街道-高新技术产业园中区科兴路11号深南花园a栋G,广东深圳市南山区粤海街道-高新技术产业园中区科兴路11号深南花园a栋G,广东深圳市南山区粤海街道-高新技术产业园中区科兴路11号深南花园a栋G,113.945108,22.541079
新南山科技北,广东,深圳市,南山区,南山区金铜路英伦名苑一栋,广东深圳市南山区金铜路英伦名苑一栋,广东深圳市南山区金铜路英伦名苑一栋,113.95641,22.548547
新南山科技北,广东,深圳市,南山区,青梧路2号科苑花园58区青梧路2号科苑花园58区7-1,广东深圳市南山区青梧路2号科苑花园58区青梧路2号科苑花园58区7-1,广东深圳市南山区青梧路2号科苑花园58区青梧路2号科苑花园58区7-1,113.950953,22.548949
新南山科技北,广东,深圳市,南山区,高新中四道29号阳光海景A座,广东深圳市南山区高新中四道29号阳光海景A座,广东深圳市南山区高新中四道29号阳光海景A座,113.934456,22.542599
新南山科技北,广东,深圳市,南山区,西丽街道朗山路25号永合高分子研发大厦3栋【拒收快递柜请派件到门口无需来电】,广东深圳市南山区西丽街道朗山路25号永合高分子研发大厦3栋,广东深圳市南山区西丽街道朗山路25号永合高分子研发大厦3栋,113.93619,22.556381
新南山科技北,广东,深圳市,南山区,粤海街道科发路37号华润城万象府东塔,广东深圳市南山区粤海街道科发路37号华润城万象府东塔,广东深圳市南山区粤海街道科发路37号华润城万象府东塔,113.954441,22.541976
新南山科技北,广东,深圳市,南山区,沙河西路城市山谷凯旋道,广东深圳市南山区沙河西路城市山谷凯旋道,广东深圳市南山区沙河西路城市山谷凯旋道,113.954112,22.549422
新南山科技北,广东,深圳市,南山区,粤海街道大冲城市花园7栋Dyukizheng,广东深圳市南山区粤海街道大冲城市花园7栋Dyukizheng,广东深圳市南山区粤海街道大冲城市花园7栋Dyukizheng,113.944859,22.528137
新南山科技北,广东,深圳市,南山区,粤海街道铜鼓路大冲都市花园E座,广东深圳市南山区粤海街道铜鼓路大冲都市花园E座,广东深圳市南山区粤海街道铜鼓路大冲都市花园E座,113.953812,22.543245
新南山科技北,广东,深圳市,南山区,大冲商务中心A座心动水滴美甲美睫,广东深圳市南山区大冲商务中心A座心动水滴美甲美睫,广东深圳市南山区大冲商务中心A座心动水滴美甲美睫,113.924164,22.488255
新南山科技北,广东,深圳市,南山区,深圳市南山区粤海街道办沙河西路大冲新城花园2栋A座层112铺 雪乡情东北菜万象天地店,广东深圳市南山区深圳市南山区粤海街道办沙河西路大冲新城花园2栋A座层112铺 雪乡情东北菜万象天地店,广东深圳市南山区深圳市南山区粤海街道办沙河西路大冲新城花园2栋A座层112铺 雪乡情东北菜万象天地店,113.924164,22.488255
新南山科技北,广东,深圳市,南山区,大冲城市山谷9栋,广东深圳市南山区大冲城市山谷9栋,广东深圳市南山区大冲城市山谷9栋,113.953877,22.55022
新南山科技北,广东,深圳市,南山区,科技园51大厦楼沐泰精油SAP,广东深圳市南山区科技园51大厦楼沐泰精油SAP,广东深圳市南山区科技园51大厦楼沐泰精油SAP,113.94604,22.54461
新南山科技北,广东,深圳市,南山区,科发路19号华润置地大厦D座楼北京市炜衡律师,广东深圳市南山区科发路19号华润置地大厦D座楼北京市炜衡律师,广东深圳市南山区科发路19号华润置地大厦D座楼北京市炜衡律师,113.954564,22.542543
新南山科技北,广东,深圳市,南山区,南山区粤海街道铜鼓路城市山谷花园8栋,广东深圳市南山区粤海街道铜鼓路城市山谷花园8栋,广东深圳市南山区粤海街道铜鼓路城市山谷花园8栋,113.953877,22.55022
新南山科技北,广东,深圳市,南山区,粤海街道麻岭社区高新中二道2号深圳软件园一期5栋B,广东深圳市南山区粤海街道麻岭社区高新中二道2号深圳软件园一期5栋B,广东深圳市南山区粤海街道麻岭社区高新中二道2号深圳软件园一期5栋B,113.940792,22.544585
新南山科技北,广东,深圳市,南山区,南山区粤海街道深南大道9968号汉京金融中心楼思必驰科技股份有限公司,广东深圳市南山区粤海街道深南大道9968号汉京金融中心楼思必驰科技股份有限公司,广东深圳市南山区粤海街道深南大道9968号汉京金融中心楼思必驰科技股份有限公司,113.937175,22.548525
新南山科技北,广东,深圳市,南山区,南山区西丽街道科技园清华信息港科研楼,广东深圳市南山区西丽街道科技园清华信息港科研楼,广东深圳市南山区西丽街道科技园清华信息港科研楼,113.946064,22.554188
新南山科技北,广东,深圳市,南山区,科技园北区朗山路中中航工业南航大厦楼,广东深圳市南山区科技园北区朗山路中中航工业南航大厦楼,广东深圳市南山区科技园北区朗山路中中航工业南航大厦楼,113.950811,22.555449
新南山科技北,广东,深圳市,南山区,封信科创中心,广东深圳市南山区封信科创中心,广东深圳市南山区封信科创中心,113.930478,22.533191
新南山科技北,广东,深圳市,南山区,广东省-深圳市-南山区-汇景豪苑海典阁,广东深圳市南山区广东省-深圳市-南山区-汇景豪苑海典阁,广东深圳市南山区广东省-深圳市-南山区-汇景豪苑海典阁,113.942681,22.540715
新南山科技北,广东,深圳市,南山区,粤海街道大冲新城花园1栋,广东深圳市南山区粤海街道大冲新城花园1栋,广东深圳市南山区粤海街道大冲新城花园1栋,113.944859,22.528137
新南山科技北,广东,深圳市,南山区,科苑路15号科兴科学园A4栋楼,广东深圳市南山区科苑路15号科兴科学园A4栋楼,广东深圳市南山区科苑路15号科兴科学园A4栋楼,113.94338,22.549217
新南山科技北,广东,深圳市,南山区,粤海街道华润城润府一期3栋,广东深圳市南山区粤海街道华润城润府一期3栋,广东深圳市南山区粤海街道华润城润府一期3栋,113.954898,22.546563
新南山科技北,广东,深圳市,南山区,粤海街道科苑花园36区四栋三单元,广东深圳市南山区粤海街道科苑花园36区四栋三单元,广东深圳市南山区粤海街道科苑花园36区四栋三单元,113.948819,22.547016
新南山科技北,广东,深圳市,南山区,粤海街道深南大道华润万象天地层SL,广东深圳市南山区粤海街道深南大道华润万象天地层SL,广东深圳市南山区粤海街道深南大道华润万象天地层SL,113.957179,22.54245
新南山科技北,广东,深圳市,南山区,科发路大冲国际中心,广东深圳市南山区科发路大冲国际中心,广东深圳市南山区科发路大冲国际中心,113.95337,22.54264
新南山科技北,广东,深圳市,南山区,西丽街道南山区西丽街道科技北二路13号互联易电商园202,广东深圳市南山区西丽街道南山区西丽街道科技北二路13号互联易电商园202,广东深圳市南山区西丽街道南山区西丽街道科技北二路13号互联易电商园202,113.93844,22.556897
新南山科技北,广东,深圳市,南山区,松坪街3号松坪村竹苑8栋,广东深圳市南山区松坪街3号松坪村竹苑8栋,广东深圳市南山区松坪街3号松坪村竹苑8栋,113.955621,22.557403
新南山科技北,广东,深圳市,南山区,科兴科学园A4栋,广东深圳市南山区科兴科学园A4栋,广东深圳市南山区科兴科学园A4栋,113.943501,22.548997
新南山科技北,广东,深圳市,南山区,南山区西丽街道松坪村菊苑18栋三单元,广东深圳市南山区西丽街道松坪村菊苑18栋三单元,广东深圳市南山区西丽街道松坪村菊苑18栋三单元,113.953513,22.556587
新南山科技北,广东,深圳市,南山区,南山区粤海街道润府三期4栋,广东深圳市南山区粤海街道润府三期4栋,广东深圳市南山区粤海街道润府三期4栋,113.953609,22.546909
新南山科技北,广东,深圳市,南山区,大冲都市花园E座,广东深圳市南山区大冲都市花园E座,广东深圳市南山区大冲都市花园E座,113.930478,22.533191
新南山科技北,广东,深圳市,南山区,大冲商务中心D座1203,广东深圳市南山区大冲商务中心D座1203,广东深圳市南山区大冲商务中心D座1203,113.863222,22.555753
新南山科技北,广东,深圳市,南山区,粤海街道华润城润府三期1B栋,广东深圳市南山区粤海街道华润城润府三期1B栋,广东深圳市南山区粤海街道华润城润府三期1B栋,113.954898,22.546563
新南山科技北,广东,深圳市,南山区,粤海街道城市山谷玉兰街6A,广东深圳市南山区粤海街道城市山谷玉兰街6A,广东深圳市南山区粤海街道城市山谷玉兰街6A,113.953877,22.55022
新南山科技北,广东,深圳市,南山区,西丽松坪山综合楼,广东深圳市南山区西丽松坪山综合楼,广东深圳市南山区西丽松坪山综合楼,113.954101,22.558594
新南山科技北,广东,深圳市,南山区,粤海街道赛百诺大厦楼,广东深圳市南山区粤海街道赛百诺大厦楼,广东深圳市南山区粤海街道赛百诺大厦楼,113.935482,22.548625
新南山科技北,广东,深圳市,南山区,西丽街道松坪村菊苑30栋单元,广东深圳市南山区西丽街道松坪村菊苑30栋单元,广东深圳市南山区西丽街道松坪村菊苑30栋单元,113.95352,22.557921
新南山科技北,广东,深圳市,南山区,高新中四道29号阳光海景豪苑,广东深圳市南山区高新中四道29号阳光海景豪苑,广东深圳市南山区高新中四道29号阳光海景豪苑,113.934002,22.542389
新南山科技北,广东,深圳市,南山区,高新中四道,广东深圳市南山区高新中四道,广东深圳市南山区高新中四道,113.936871,22.542495
新南山科技北,广东,深圳市,南山区,粤海街道科技园高新中一道9号软件大厦楼,广东深圳市南山区粤海街道科技园高新中一道9号软件大厦楼,广东深圳市南山区粤海街道科技园高新中一道9号软件大厦楼,113.940657,22.549175
新南山科技北,广东,深圳市,南山区,粤海街道深南大道9668号L3-SL,广东深圳市南山区粤海街道深南大道9668号L3-SL,广东深圳市南山区粤海街道深南大道9668号L3-SL,113.956261,22.541628
新南山科技北,广东,深圳市,南山区,南山区西丽镇松坪村松坪路富通光纤光缆有限公司内生活区宝中旅,广东深圳市南山区西丽镇松坪村松坪路富通光纤光缆有限公司内生活区宝中旅,广东深圳市南山区西丽镇松坪村松坪路富通光纤光缆有限公司内生活区宝中旅,113.955953,22.560405
新南山科技北,广东,深圳市,南山区,粤海街道深圳市南山区科技园深南大道9996号李宁中心楼B座,广东深圳市南山区粤海街道深圳市南山区科技园深南大道9996号李宁中心楼B座,广东深圳市南山区粤海街道深圳市南山区科技园深南大道9996号李宁中心楼B座,113.933178,22.540689
新南山科技北,广东,深圳市,南山区,粤海街道深南大道9668号深圳万象天地里巷L层N号Txapela酒吧吧台6号卸货平台,广东深圳市南山区粤海街道深南大道9668号深圳万象天地里巷L层N号Txapela酒吧吧台6号卸货平台,广东深圳市南山区粤海街道深南大道9668号深圳万象天地里巷L层N号Txapela酒吧吧台6号卸货平台,113.957179,22.54245
新南山科技北,广东,深圳市,南山区,南山区科华路8号附近讯美科技广场-2号楼,广东深圳市南山区科华路8号附近讯美科技广场-2号楼,广东深圳市南山区科华路8号附近讯美科技广场-2号楼,113.946946,22.545605
新南山科技北,广东,深圳市,南山区,西丽街道松坪山科苑新区15栋一单元,广东深圳市南山区西丽街道松坪山科苑新区15栋一单元,广东深圳市南山区西丽街道松坪山科苑新区15栋一单元,113.946466,22.554496
新南山科技北,广东,深圳市,南山区,粤海街道铜鼓路润府三期3栋,广东深圳市南山区粤海街道铜鼓路润府三期3栋,广东深圳市南山区粤海街道铜鼓路润府三期3栋,113.954235,22.545235
新南山科技北,广东,深圳市,南山区,西丽街道朗康路2-6号圆酒店,广东深圳市南山区西丽街道朗康路2-6号圆酒店,广东深圳市南山区西丽街道朗康路2-6号圆酒店,113.950625,22.557465
新南山科技北,广东,深圳市,南山区,西丽街道松坪村二期64栋,广东深圳市南山区西丽街道松坪村二期64栋,广东深圳市南山区西丽街道松坪村二期64栋,113.94957,22.556918
新南山科技北,广东,深圳市,南山区,华润城一期1栋C,广东深圳市南山区华润城一期1栋C,广东深圳市南山区华润城一期1栋C,113.922849,22.503918
新南山科技北,广东,深圳市,南山区,粤海街道麻岭社区科技中三路5号国人大厦B栋,广东深圳市南山区粤海街道麻岭社区科技中三路5号国人大厦B栋,广东深圳市南山区粤海街道麻岭社区科技中三路5号国人大厦B栋,113.941106,22.543463
新南山科技北,广东,深圳市,南山区,粤海街道凯丽花园一号栋丰巢柜莲tim,广东深圳市南山区粤海街道凯丽花园一号栋丰巢柜莲tim,广东深圳市南山区粤海街道凯丽花园一号栋丰巢柜莲tim,113.944859,22.528137
新南山科技北,广东,深圳市,南山区,南山区高新中三道2号深圳软件园一期-8栋,广东深圳市南山区高新中三道2号深圳软件园一期-8栋,广东深圳市南山区高新中三道2号深圳软件园一期-8栋,113.938792,22.544992
新南山科技北,广东,深圳市,南山区,粤海街道科兴科技园A4栋层归益堂中医馆,广东深圳市南山区粤海街道科兴科技园A4栋层归益堂中医馆,广东深圳市南山区粤海街道科兴科技园A4栋层归益堂中医馆,113.929273,22.510245
新南山科技北,广东,深圳市,南山区,大冲铜鼓路润府二期E栋,广东深圳市南山区大冲铜鼓路润府二期E栋,广东深圳市南山区大冲铜鼓路润府二期E栋,113.954208,22.543272
新南山科技北,广东,深圳市,南山区,粤海街道华润城润府一期1栋,广东深圳市南山区粤海街道华润城润府一期1栋,广东深圳市南山区粤海街道华润城润府一期1栋,113.954898,22.546563
新南山科技北,广东,深圳市,南山区,西丽街道富通光纤光缆深圳有限公司西门九,广东深圳市南山区西丽街道富通光纤光缆深圳有限公司西门九,广东深圳市南山区西丽街道富通光纤光缆深圳有限公司西门九,113.951872,22.577467
新南山科技北,广东,深圳市,南山区,科技园汇景豪苑海怡阁,广东深圳市南山区科技园汇景豪苑海怡阁,广东深圳市南山区科技园汇景豪苑海怡阁,113.928874,22.491502
新南山科技北,广东,深圳市,南山区,粤海街道大冲商务中心D座1511单元,广东深圳市南山区粤海街道大冲商务中心D座1511单元,广东深圳市南山区粤海街道大冲商务中心D座1511单元,113.944859,22.528137
新南山科技北,广东,深圳市,南山区,创益科技大厦C座楼星瀚之,广东深圳市南山区创益科技大厦C座楼星瀚之,广东深圳市南山区创益科技大厦C座楼星瀚之,113.937515,22.548759
新南山科技北,广东,深圳市,南山区,粤海街道豪方·现代豪园2栋,广东深圳市南山区粤海街道豪方·现代豪园2栋,广东深圳市南山区粤海街道豪方·现代豪园2栋,113.935056,22.545401
新南山科技北,广东,深圳市,南山区,南山区科苑路10东门科技园坚达大厦228,广东深圳市南山区科苑路10东门科技园坚达大厦228,广东深圳市南山区科苑路10东门科技园坚达大厦228,113.9461,22.54701
新南山科技北,广东,深圳市,南山区,粤海街道科苑路15号科兴科学园一期富豪苑A楼,广东深圳市南山区粤海街道科苑路15号科兴科学园一期富豪苑A楼,广东深圳市南山区粤海街道科苑路15号科兴科学园一期富豪苑A楼,113.944973,22.548669
新南山科技北,广东,深圳市,南山区,粤海街道深圳市南山区沙河西路城市山谷8栋,广东深圳市南山区粤海街道深圳市南山区沙河西路城市山谷8栋,广东深圳市南山区粤海街道深圳市南山区沙河西路城市山谷8栋,113.953877,22.55022
新南山科技北,广东,深圳市,南山区,万利达大厦北,广东深圳市南山区万利达大厦北,广东深圳市南山区万利达大厦北,113.930478,22.533191
新南山科技北,广东,深圳市,南山区,南山区粤海街道科技中三路5号国人通信大厦B栋,广东深圳市南山区粤海街道科技中三路5号国人通信大厦B栋,广东深圳市南山区粤海街道科技中三路5号国人通信大厦B栋,113.941106,22.543463
新南山科技北,广东,深圳市,南山区,汉京金融中心,广东深圳市南山区汉京金融中心,广东深圳市南山区汉京金融中心,113.915188,22.48471
新南山科技北,广东,深圳市,南山区,粤海街道科苑路8号讯美科技广场3号楼A-2枫,广东深圳市南山区粤海街道科苑路8号讯美科技广场3号楼A-2枫,广东深圳市南山区粤海街道科苑路8号讯美科技广场3号楼A-2枫,113.945962,22.545717
新南山科技北,广东,深圳市,南山区,粤海街道科苑花园36区8栋一单元,广东深圳市南山区粤海街道科苑花园36区8栋一单元,广东深圳市南山区粤海街道科苑花园36区8栋一单元,113.948819,22.547016
新南山科技北,广东,深圳市,南山区,南山区粤海街道科苑路15号科兴科学园一期,广东深圳市南山区粤海街道科苑路15号科兴科学园一期,广东深圳市南山区粤海街道科苑路15号科兴科学园一期,113.944973,22.548669
新南山科技北,广东,深圳市,南山区,粤海街道大冲一路与铜鼓路交叉口大冲都市花园H栋,广东深圳市南山区粤海街道大冲一路与铜鼓路交叉口大冲都市花园H栋,广东深圳市南山区粤海街道大冲一路与铜鼓路交叉口大冲都市花园H栋,113.953452,22.544544
新南山科技北,广东,深圳市,南山区,西丽街道松坪村菊苑,广东深圳市南山区西丽街道松坪村菊苑,广东深圳市南山区西丽街道松坪村菊苑,113.952781,22.557287
新南山科技北,广东,深圳市,南山区,粤海街道南山区科技园汇景豪苑海怡阁丰巢柜qlxd458a细咪头,广东深圳市南山区粤海街道南山区科技园汇景豪苑海怡阁丰巢柜,广东深圳市南山区粤海街道南山区科技园汇景豪苑海怡阁丰巢柜,113.928874,22.491502
新南山科技北,广东,深圳市,南山区,松坪村三期西区三栋,广东深圳市南山区松坪村三期西区三栋,广东深圳市南山区松坪村三期西区三栋,113.955296,22.559323
新南山科技北,广东,深圳市,南山区,西丽街道松坪村三期东区3栋,广东深圳市南山区西丽街道松坪村三期东区3栋,广东深圳市南山区西丽街道松坪村三期东区3栋,113.957063,22.559815
新南山科技北,广东,深圳市,南山区,豪方现代豪园6栋D,广东深圳市南山区豪方现代豪园6栋D,广东深圳市南山区豪方现代豪园6栋D,113.926224,22.528916
新南山科技北,广东,深圳市,南山区,西丽街道奥比科技大厦楼,广东深圳市南山区西丽街道奥比科技大厦楼,广东深圳市南山区西丽街道奥比科技大厦楼,113.941413,22.560588
新南山科技北,广东,深圳市,南山区,南山区粤海街道南海大道4040号豪方花园4栋,广东深圳市南山区粤海街道南海大道4040号豪方花园4栋,广东深圳市南山区粤海街道南海大道4040号豪方花园4栋,113.932917,22.543776
新南山科技北,广东,深圳市,南山区,西丽街道松坪街5号松坪村3期西区1B栋,广东深圳市南山区西丽街道松坪街5号松坪村3期西区1B栋,广东深圳市南山区西丽街道松坪街5号松坪村3期西区1B栋,113.955195,22.560355
新南山科技北,广东,深圳市,南山区,科发路41-12号万象天地里巷放7号卸货平台,广东深圳市南山区科发路41-12号万象天地里巷放7号卸货平台,广东深圳市南山区科发路41-12号万象天地里巷放7号卸货平台,113.956175,22.541475
新南山科技北,广东,深圳市,南山区,科技园科苑花园58区3栋,广东深圳市南山区科技园科苑花园58区3栋,广东深圳市南山区科技园科苑花园58区3栋,113.950953,22.548949
新南山科技北,广东,深圳市,南山区,科技园北清华信息科研楼,广东深圳市南山区科技园北清华信息科研楼,广东深圳市南山区科技园北清华信息科研楼,114.040073,22.669588
新南山科技北,广东,深圳市,南山区,南山区科发路12号大冲城市花园1栋A座17A,广东深圳市南山区科发路12号大冲城市花园1栋A座17A,广东深圳市南山区科发路12号大冲城市花园1栋A座17A,113.924164,22.488255
新南山科技北,广东,深圳市,南山区,粤海街道沙河西路2025号华润城润府-2号楼,广东深圳市南山区粤海街道沙河西路2025号华润城润府-2号楼,广东深圳市南山区粤海街道沙河西路2025号华润城润府-2号楼,113.957332,22.548602
新南山科技北,广东,深圳市,南山区,粤海街道深南大道9988号大族科技中心南1门,广东深圳市南山区粤海街道深南大道9988号大族科技中心南1门,广东深圳市南山区粤海街道深南大道9988号大族科技中心南1门,113.935309,22.540175
新南山科技北,广东,深圳市,南山区,粤海街道科发路中电长城大厦乐洲商业层L1-28号瑞,广东深圳市南山区粤海街道科发路中电长城大厦乐洲商业层L1-28号瑞,广东深圳市南山区粤海街道科发路中电长城大厦乐洲商业层L1-28号瑞,113.946667,22.542295
新南山科技北,广东,深圳市,南山区,威大科技园B座,广东深圳市南山区威大科技园B座,广东深圳市南山区威大科技园B座,113.944866,22.552992
新南山科技北,广东,深圳市,南山区,翰林公寓何水,广东深圳市南山区翰林公寓何水,广东深圳市南山区翰林公寓何水,113.839929,22.823222
新南山科技北,广东,深圳市,南山区,西丽街道西丽街道松坪村三期西区1A,广东深圳市南山区西丽街道西丽街道松坪村三期西区1A,广东深圳市南山区西丽街道西丽街道松坪村三期西区1A,113.954996,22.558563
新南山科技北,广东,深圳市,南山区,澳特科兴科学园b栋,广东深圳市南山区澳特科兴科学园b栋,广东深圳市南山区澳特科兴科学园b栋,113.947707,22.551359
新南山科技北,广东,深圳市,南山区,科苑路15号科兴科学园d,广东深圳市南山区科苑路15号科兴科学园d,广东深圳市南山区科苑路15号科兴科学园d,113.944973,22.548669
新南山科技北,广东,深圳市,南山区,粤海街道高新产业园高新中一道与科技中一路交汇处创益科兴科学园C栋楼,广东深圳市南山区粤海街道高新产业园高新中一道与科技中一路交汇处创益科兴科学园C栋楼,广东深圳市南山区粤海街道高新产业园高新中一道与科技中一路交汇处创益科兴科学园C栋楼,113.94425,22.547379
新南山科技北,广东,深圳市,南山区,铜鼓路润府二期B栋,广东深圳市南山区铜鼓路润府二期B栋,广东深圳市南山区铜鼓路润府二期B栋,113.954208,22.543272
新南山科技北,广东,深圳市,南山区,大冲二路华润城润府二期,广东深圳市南山区大冲二路华润城润府二期,广东深圳市南山区大冲二路华润城润府二期,113.954608,22.543958
新南山科技北,广东,深圳市,南山区,高新北六道活力宝大厦楼华,广东深圳市南山区高新北六道活力宝大厦楼华,广东深圳市南山区高新北六道活力宝大厦楼华,113.940119,22.553651
新南山科技北,广东,深圳市,南山区,大冲城市花园5栋,广东深圳市南山区大冲城市花园5栋,广东深圳市南山区大冲城市花园5栋,113.930478,22.533191
新南山科技北,广东,深圳市,南山区,粤海街道科技园社区科苑路15号科兴科学园d1阿,广东深圳市南山区粤海街道科技园社区科苑路15号科兴科学园d1阿,广东深圳市南山区粤海街道科技园社区科苑路15号科兴科学园d1阿,113.9446,22.548337
新南山科技北,广东,深圳市,南山区,粤海街道华润万象天地号铺WASAILIVING,广东深圳市南山区粤海街道华润万象天地号铺WASAILIVING,广东深圳市南山区粤海街道华润万象天地号铺WASAILIVING,113.957179,22.54245
新南山科技北,广东,深圳市,南山区,粤海街道深南大道高新园大冲城市花园4B栋,广东深圳市南山区粤海街道深南大道高新园大冲城市花园4B栋,广东深圳市南山区粤海街道深南大道高新园大冲城市花园4B栋,113.953842,22.540236
新南山科技北,广东,深圳市,南山区,铜鼓路都市花园二期泰适养生馆,广东深圳市南山区铜鼓路都市花园二期泰适养生馆,广东深圳市南山区铜鼓路都市花园二期泰适养生馆,113.953812,22.543245
新南山科技北,广东,深圳市,南山区,西丽街道松坪山社区乌石头路8号天明科技大厦一单元松鼠南山店请发中文帖送不接受放驿,广东深圳市南山区西丽街道松坪山社区乌石头路8号天明科技大厦一单元松鼠南山店,广东深圳市南山区西丽街道松坪山社区乌石头路8号天明科技大厦一单元松鼠南山店,113.950495,22.55476
新南山科技北,广东,深圳市,南山区,粤海街道大冲一路华润城润府2期F栋,广东深圳市南山区粤海街道大冲一路华润城润府2期F栋,广东深圳市南山区粤海街道大冲一路华润城润府2期F栋,113.954948,22.543176
新南山科技北,广东,深圳市,南山区,铜鼓路36号华润城三期1B座3401户----图片色,广东深圳市南山区铜鼓路36号华润城三期1B座3401户,广东深圳市南山区铜鼓路36号华润城三期1B座3401户,113.954441,22.541976
新南山科技北,广东,深圳市,南山区,西丽街道松坪村爱普生宿舍24栋,广东深圳市南山区西丽街道松坪村爱普生宿舍24栋,广东深圳市南山区西丽街道松坪村爱普生宿舍24栋,113.950067,22.558919
新南山科技北,广东,深圳市,南山区,科发路12号大冲城市花园,广东深圳市南山区科发路12号大冲城市花园,广东深圳市南山区科发路12号大冲城市花园,113.955685,22.54385
新南山科技北,广东,深圳市,南山区,高新中二道10号高新区文体中心,广东深圳市南山区高新中二道10号高新区文体中心,广东深圳市南山区高新中二道10号高新区文体中心,113.940361,22.547086
新南山科技北,广东,深圳市,南山区,粤海街道麻岭社区深南大道9988号大族科技中心,广东深圳市南山区粤海街道麻岭社区深南大道9988号大族科技中心,广东深圳市南山区粤海街道麻岭社区深南大道9988号大族科技中心,113.935251,22.540506
新南山科技北,广东,深圳市,南山区,粤海街道科苑路15号科兴科学园一期4座8栋室,广东深圳市南山区粤海街道科苑路15号科兴科学园一期4座8栋室,广东深圳市南山区粤海街道科苑路15号科兴科学园一期4座8栋室,113.944973,22.548669
新南山科技北,广东,深圳市,南山区,西丽街道1691松坪山群芳街92号锦,广东深圳市南山区西丽街道1691松坪山群芳街92号锦,广东深圳市南山区西丽街道1691松坪山群芳街92号锦,113.953112,22.55853
新南山科技北,广东,深圳市,南山区,粤海街道高新中一道10号生物孵化器2号楼,广东深圳市南山区粤海街道高新中一道10号生物孵化器2号楼,广东深圳市南山区粤海街道高新中一道10号生物孵化器2号楼,113.940226,22.550391
新南山科技北,广东,深圳市,南山区,粤海街道科苑学里3栋楼,广东深圳市南山区粤海街道科苑学里3栋楼,广东深圳市南山区粤海街道科苑学里3栋楼,113.951555,22.550229
新南山科技北,广东,深圳市,南山区,粤海街道文华路2号华润城润府1期2栋B,广东深圳市南山区粤海街道文华路2号华润城润府1期2栋B,广东深圳市南山区粤海街道文华路2号华润城润府1期2栋B,113.957412,22.549139
新南山科技北,广东,深圳市,南山区,粤海街道深业有居科技园店,广东深圳市南山区粤海街道深业有居科技园店,广东深圳市南山区粤海街道深业有居科技园店,113.946565,22.548034
新南山科技北,广东,深圳市,南山区,南山区粤海街道讯美科技广场5号楼,广东深圳市南山区粤海街道讯美科技广场5号楼,广东深圳市南山区粤海街道讯美科技广场5号楼,113.94702,22.545449
新南山科技北,广东,深圳市,南山区,比克科技大厦1501D,广东深圳市南山区比克科技大厦1501D,广东深圳市南山区比克科技大厦1501D,113.93284,22.541466
新南山科技北,广东,深圳市,南山区,粤海街道科技中二路1号深圳市科力锐科技有限公司,广东深圳市南山区粤海街道科技中二路1号深圳市科力锐科技有限公司,广东深圳市南山区粤海街道科技中二路1号深圳市科力锐科技有限公司,113.936708,22.545705
新南山科技北,广东,深圳市,南山区,粤海街道汇景豪苑海逸阁,广东深圳市南山区粤海街道汇景豪苑海逸阁,广东深圳市南山区粤海街道汇景豪苑海逸阁,113.942371,22.540684
新南山科技北,广东,深圳市,南山区,南山区粤海街道科苑路8号中盈菁英公寓,广东深圳市南山区粤海街道科苑路8号中盈菁英公寓,广东深圳市南山区粤海街道科苑路8号中盈菁英公寓,113.947156,22.54653
新南山科技北,广东,深圳市,南山区,铜鼓路华润城一期7,广东深圳市南山区铜鼓路华润城一期7,广东深圳市南山区铜鼓路华润城一期7,113.954441,22.541976
新南山科技北,广东,深圳市,南山区,西丽街道松坪村二期65栋,广东深圳市南山区西丽街道松坪村二期65栋,广东深圳市南山区西丽街道松坪村二期65栋,113.94957,22.556918
新南山科技北,广东,深圳市,南山区,松坪街12号松坪村三期东区3栋,广东深圳市南山区松坪街12号松坪村三期东区3栋,广东深圳市南山区松坪街12号松坪村三期东区3栋,113.957063,22.559815
新南山科技北,广东,深圳市,南山区,深南大道10000号腾讯大厦,广东深圳市南山区深南大道10000号腾讯大厦,广东深圳市南山区深南大道10000号腾讯大厦,113.934497,22.540517
新南山科技北,广东,深圳市,南山区,南山区粤海街道华润城润府3期3栋,广东深圳市南山区粤海街道华润城润府3期3栋,广东深圳市南山区粤海街道华润城润府3期3栋,113.954488,22.545323
新南山科技北,广东,深圳市,南山区,粤海街道大冲城市花园3A栋A室,广东深圳市南山区粤海街道大冲城市花园3A栋A室,广东深圳市南山区粤海街道大冲城市花园3A栋A室,113.944859,22.528137
新南山科技北,广东,深圳市,南山区,大冲润玺一期花园3栋,广东深圳市南山区大冲润玺一期花园3栋,广东深圳市南山区大冲润玺一期花园3栋,113.912396,22.556996
新南山科技北,广东,深圳市,南山区,朗山路富通科技园区北2门,广东深圳市南山区朗山路富通科技园区北2门,广东深圳市南山区朗山路富通科技园区北2门,113.945826,22.556864
新南山科技北,广东,深圳市,南山区,粤海街道科兴路10号汇景豪苑海欣阁玛吉斯X1,广东深圳市南山区粤海街道科兴路10号汇景豪苑海欣阁玛吉斯X1,广东深圳市南山区粤海街道科兴路10号汇景豪苑海欣阁玛吉斯X1,113.943436,22.541216
新南山科技北,广东,深圳市,南山区,南山区粤海街道深南大道9968号汉京金融中心401-2天,广东深圳市南山区粤海街道深南大道9968号汉京金融中心401-2,广东深圳市南山区粤海街道深南大道9968号汉京金融中心401-2,113.939612,22.540628
新南山科技北,广东,深圳市,南山区,西丽街道朗山二路7号航天微电机大厦B座,广东深圳市南山区西丽街道朗山二路7号航天微电机大厦B座,广东深圳市南山区西丽街道朗山二路7号航天微电机大厦B座,113.938128,22.56088
新南山科技北,广东,深圳市,南山区,粤海街道科苑居维用综合楼栋单元,广东深圳市南山区粤海街道科苑居维用综合楼栋单元,广东深圳市南山区粤海街道科苑居维用综合楼栋单元,113.943346,22.542894
新南山科技北,广东,深圳市,南山区,粤海街道大冲商务中心B座,广东深圳市南山区粤海街道大冲商务中心B座,广东深圳市南山区粤海街道大冲商务中心B座,113.944859,22.528137
新南山科技北,广东,深圳市,南山区,西丽街道共享大厦B座楼残,广东深圳市南山区西丽街道共享大厦B座楼残,广东深圳市南山区西丽街道共享大厦B座楼残,113.946382,22.560639
新南山科技北,广东,深圳市,南山区,西丽街道郎丰路9号松坪山科苑新区8栋,广东深圳市南山区西丽街道郎丰路9号松坪山科苑新区8栋,广东深圳市南山区西丽街道郎丰路9号松坪山科苑新区8栋,113.946264,22.556406
新南山科技北,广东,深圳市,南山区,粤海街道深南大道华润万象天地层N号商铺青青泰,广东深圳市南山区粤海街道深南大道华润万象天地层N号商铺青青泰,广东深圳市南山区粤海街道深南大道华润万象天地层N号商铺青青泰,113.957179,22.54245
新南山科技北,广东,深圳市,南山区,粤海街道南海大道4040号汇园雅居C,广东深圳市南山区粤海街道南海大道4040号汇园雅居C,广东深圳市南山区粤海街道南海大道4040号汇园雅居C,113.933989,22.543573
新南山科技北,广东,深圳市,南山区,粤海街道铜鼓路华润城润府3期3栋,广东深圳市南山区粤海街道铜鼓路华润城润府3期3栋,广东深圳市南山区粤海街道铜鼓路华润城润府3期3栋,113.954488,22.545323
新南山科技北,广东,深圳市,南山区,南山区大冲城市花园4B栋楼C,广东深圳市南山区大冲城市花园4B栋楼C,广东深圳市南山区大冲城市花园4B栋楼C,113.930478,22.533191
新南山科技北,广东,深圳市,南山区,南海大道4040号汇园雅居C,广东深圳市南山区南海大道4040号汇园雅居C,广东深圳市南山区南海大道4040号汇园雅居C,113.933989,22.543573
新南山科技北,广东,深圳市,南山区,海王银河科技大厦,广东深圳市南山区海王银河科技大厦,广东深圳市南山区海王银河科技大厦,113.941597,22.540648
新南山科技北,广东,深圳市,南山区,科慧路2号深商高科楼栋中意达芬奇文化艺术中心,广东深圳市南山区科慧路2号深商高科楼栋中意达芬奇文化艺术中心,广东深圳市南山区科慧路2号深商高科楼栋中意达芬奇文化艺术中心,113.949351,22.544427
新南山科技北,广东,深圳市,南山区,粤海街道科技中三路科兴科学园C3栋层A,广东深圳市南山区粤海街道科技中三路科兴科学园C3栋层A,广东深圳市南山区粤海街道科技中三路科兴科学园C3栋层A,113.943755,22.547638
新南山科技北,广东,深圳市,南山区,凤箫路南山区科技园科苑花园34区博客公寓门,广东深圳市南山区凤箫路南山区科技园科苑花园34区博客公寓门,广东深圳市南山区凤箫路南山区科技园科苑花园34区博客公寓门,113.946811,22.547113
新南山科技北,广东,深圳市,南山区,高新中四道阳光海景豪苑A座20A,广东深圳市南山区高新中四道阳光海景豪苑A座20A,广东深圳市南山区高新中四道阳光海景豪苑A座20A,113.933766,22.542329
新南山科技北,广东,深圳市,南山区,西丽松坪山三期西区5栋,广东深圳市南山区西丽松坪山三期西区5栋,广东深圳市南山区西丽松坪山三期西区5栋,113.950456,22.558023
新南山科技北,广东,深圳市,南山区,西丽街道-松坪山菊苑22-402号,广东深圳市南山区西丽街道-松坪山菊苑22-402号,广东深圳市南山区西丽街道-松坪山菊苑22-402号,113.952734,22.557395
新南山科技北,广东,深圳市,南山区,粤海街道科技路一号桑达科技大厦,广东深圳市南山区粤海街道科技路一号桑达科技大厦,广东深圳市南山区粤海街道科技路一号桑达科技大厦,113.949041,22.541159
新南山科技北,广东,深圳市,南山区,南山区北环路与铜鼓路交界处粤海水务所,广东深圳市南山区北环路与铜鼓路交界处粤海水务所,广东深圳市南山区北环路与铜鼓路交界处粤海水务所,113.944859,22.528137
新南山科技北,广东,深圳市,南山区,朗山路同方科兴科学园F栋楼,广东深圳市南山区朗山路同方科兴科学园F栋楼,广东深圳市南山区朗山路同方科兴科学园F栋楼,113.949025,22.554847
新南山科技北,广东,深圳市,南山区,松坪山路松坪村菊苑33栋二单元,广东深圳市南山区松坪山路松坪村菊苑33栋二单元,广东深圳市南山区松坪山路松坪村菊苑33栋二单元,113.95353,22.558173
新南山科技北,广东,深圳市,南山区,粤海街道深南大道9966号威盛科技大厦科技,广东深圳市南山区粤海街道深南大道9966号威盛科技大厦科技,广东深圳市南山区粤海街道深南大道9966号威盛科技大厦科技,113.939974,22.540578
新南山科技北,广东,深圳市,南山区,豪方现代豪园7栋,广东深圳市南山区豪方现代豪园7栋,广东深圳市南山区豪方现代豪园7栋,113.935027,22.546041
新南山科技北,广东,深圳市,南山区,粤海街道科苑路中电长城大厦南塔楼邮政编码,广东深圳市南山区粤海街道科苑路中电长城大厦南塔楼邮政编码,广东深圳市南山区粤海街道科苑路中电长城大厦南塔楼邮政编码,113.946475,22.542775
新南山科技北,广东,深圳市,南山区,粤海街道深圳科技工业园金融服务技术创新基地1栋楼EF中,广东深圳市南山区粤海街道深圳科技工业园金融服务技术创新基地1栋楼EF中,广东深圳市南山区粤海街道深圳科技工业园金融服务技术创新基地1栋楼EF中,113.946631,22.544098
新南山科技北,广东,深圳市,南山区,南山区大冲新城花园1栋,广东深圳市南山区大冲新城花园1栋,广东深圳市南山区大冲新城花园1栋,113.894092,22.566183
新南山科技北,广东,深圳市,南山区,粤海街道高新中二道深圳软件园一期2栋,广东深圳市南山区粤海街道高新中二道深圳软件园一期2栋,广东深圳市南山区粤海街道高新中二道深圳软件园一期2栋,113.939518,22.544902
新南山科技北,广东,深圳市,南山区,南山区大冲六路华润城润府三期6栋,广东深圳市南山区大冲六路华润城润府三期6栋,广东深圳市南山区大冲六路华润城润府三期6栋,113.954898,22.546563
新南山科技北,广东,深圳市,南山区,粤海街道文华路2号华润城润府3期三栋,广东深圳市南山区粤海街道文华路2号华润城润府3期三栋,广东深圳市南山区粤海街道文华路2号华润城润府3期三栋,113.954583,22.547355
新南山科技北,广东,深圳市,南山区,粤海街道润玺二期2栋,广东深圳市南山区粤海街道润玺二期2栋,广东深圳市南山区粤海街道润玺二期2栋,113.944859,22.528137
新南山科技北,广东,深圳市,南山区,科技园科技中三路国人通信大厦B座1号广东翼卡车联网服务有限公司,广东深圳市南山区科技园科技中三路国人通信大厦B座1号广东翼卡车联网服务有限公司,广东深圳市南山区科技园科技中三路国人通信大厦B座1号广东翼卡车联网服务有限公司,113.941088,22.54319
新南山科技北,广东,深圳市,南山区,粤海街道华润城润府一期5栋,广东深圳市南山区粤海街道华润城润府一期5栋,广东深圳市南山区粤海街道华润城润府一期5栋,113.954898,22.546563
新南山科技北,广东,深圳市,南山区,润玺二期1栋,广东深圳市南山区润玺二期1栋,广东深圳市南山区润玺二期1栋,113.930478,22.533191
新南山科技北,广东,深圳市,南山区,粤海街道华润城润玺一期1栋楼,广东深圳市南山区粤海街道华润城润玺一期1栋楼,广东深圳市南山区粤海街道华润城润玺一期1栋楼,113.958667,22.54459
新南山科技北,广东,深圳市,南山区,西丽街道庆邦电子大厦a栋楼,广东深圳市南山区西丽街道庆邦电子大厦a栋楼,广东深圳市南山区西丽街道庆邦电子大厦a栋楼,113.939699,22.555909
新南山科技北,广东,深圳市,南山区,青梧路2号科苑花园58区4栋一单元,广东深圳市南山区青梧路2号科苑花园58区4栋一单元,广东深圳市南山区青梧路2号科苑花园58区4栋一单元,113.950953,22.548949
新南山科技北,广东,深圳市,南山区,科技园科兴路9号家富养生馆,广东深圳市南山区科技园科兴路9号家富养生馆,广东深圳市南山区科技园科兴路9号家富养生馆,113.942291,22.541715
新南山科技北,广东,深圳市,南山区,粤海街道科苑路亚朵酒店对面中建一局门卫室,广东深圳市南山区粤海街道科苑路亚朵酒店对面中建一局门卫室,广东深圳市南山区粤海街道科苑路亚朵酒店对面中建一局门卫室,113.913252,22.476374
新南山科技北,广东,深圳市,南山区,大冲商务中心D座楼大,广东深圳市南山区大冲商务中心D座楼,广东深圳市南山区大冲商务中心D座楼,113.863222,22.555753
新南山科技北,广东,深圳市,南山区,清华信息港研发楼B栋,广东深圳市南山区清华信息港研发楼B栋,广东深圳市南山区清华信息港研发楼B栋,113.947089,22.552983
新南山科技北,广东,深圳市,南山区,西丽街道朗山路8号朗山酒店301公,广东深圳市南山区西丽街道朗山路8号朗山酒店301公,广东深圳市南山区西丽街道朗山路8号朗山酒店301公,113.950404,22.55598
新南山科技北,广东,深圳市,南山区,粤海街道大冲六路华润城润玺2期花园4栋,广东深圳市南山区粤海街道大冲六路华润城润玺2期花园4栋,广东深圳市南山区粤海街道大冲六路华润城润玺2期花园4栋,113.958634,22.545629
新南山科技北,广东,深圳市,南山区,粤海街道科苑北路长园新材料港10栋楼通高乐科技有限公司,广东深圳市南山区粤海街道科苑北路长园新材料港10栋楼通高乐科技有限公司,广东深圳市南山区粤海街道科苑北路长园新材料港10栋楼通高乐科技有限公司,113.943329,22.550561
新南山科技北,广东,深圳市,南山区,粤海街道朗景园A栋,广东深圳市南山区粤海街道朗景园A栋,广东深圳市南山区粤海街道朗景园A栋,113.950558,22.540989
新南山科技北,广东,深圳市,南山区,西丽街道松坪村三期西区1A栋丰巢快递柜,广东深圳市南山区西丽街道松坪村三期西区1A栋丰巢快递柜,广东深圳市南山区西丽街道松坪村三期西区1A栋丰巢快递柜,113.954996,22.558563
新南山科技北,广东,深圳市,南山区,科技园科技路一号桑达科技大厦楼南深圳市亲呼智能系统有限公司,广东深圳市南山区科技园科技路一号桑达科技大厦楼南深圳市亲呼智能系统有限公司,广东深圳市南山区科技园科技路一号桑达科技大厦楼南深圳市亲呼智能系统有限公司,113.949041,22.541159
新南山科技北,广东,深圳市,南山区,粤海街道华润万象府西塔25A,广东深圳市南山区粤海街道华润万象府西塔25A,广东深圳市南山区粤海街道华润万象府西塔25A,113.956744,22.542714
新南山科技北,广东,深圳市,南山区,铜鼓路华润城润府二期D动,广东深圳市南山区铜鼓路华润城润府二期D动,广东深圳市南山区铜鼓路华润城润府二期D动,113.954608,22.543958
新南山科技北,广东,深圳市,南山区,朗山路八号朗山酒店楼星光公寓A,广东深圳市南山区朗山路八号朗山酒店楼星光公寓A,广东深圳市南山区朗山路八号朗山酒店楼星光公寓A,113.950746,22.55684
新南山科技北,广东,深圳市,南山区,粤海街道深圳南山科技园澳特科兴亚朵S酒店,广东深圳市南山区粤海街道深圳南山科技园澳特科兴亚朵S酒店,广东深圳市南山区粤海街道深圳南山科技园澳特科兴亚朵S酒店,113.948015,22.551079
新南山科技北,广东,深圳市,南山区,西丽街道科苑北路78号禹洲广场A座楼,广东深圳市南山区西丽街道科苑北路78号禹洲广场A座楼,广东深圳市南山区西丽街道科苑北路78号禹洲广场A座楼,113.945966,22.560457
新南山科技北,广东,深圳市,南山区,南山区粤海街道北环大道琼宇路10号澳特科兴科学园B栋楼深圳南瑞科技有限公司,广东深圳市南山区粤海街道北环大道琼宇路10号澳特科兴科学园B栋楼深圳南瑞科技有限公司,广东深圳市南山区粤海街道北环大道琼宇路10号澳特科兴科学园B栋楼深圳南瑞科技有限公司,113.944622,22.548637
新南山科技北,广东,深圳市,南山区,粤海街道大冲六路与沙河西路辅路交叉口西60米华润城·润玺一期花园2栋,广东深圳市南山区粤海街道大冲六路与沙河西路辅路交叉口西60米华润城·润玺一期花园2栋,广东深圳市南山区粤海街道大冲六路与沙河西路辅路交叉口西60米华润城·润玺一期花园2栋,113.958013,22.544323
新南山科技北,广东,深圳市,南山区,澳特科兴科学园,广东深圳市南山区澳特科兴科学园,广东深圳市南山区澳特科兴科学园,113.942075,22.548328
新南山科技北,广东,深圳市,南山区,松坪村三期西区五栋,广东深圳市南山区松坪村三期西区五栋,广东深圳市南山区松坪村三期西区五栋,113.955296,22.559323
新南山科技北,广东,深圳市,南山区,粤海街道科苑路15号科兴科学园单元,广东深圳市南山区粤海街道科苑路15号科兴科学园单元,广东深圳市南山区粤海街道科苑路15号科兴科学园单元,113.944973,22.548669
新南山科技北,广东,深圳市,南山区,粤海街道华润城润府3期4栋,广东深圳市南山区粤海街道华润城润府3期4栋,广东深圳市南山区粤海街道华润城润府3期4栋,113.95492,22.545957
新南山科技北,广东,深圳市,南山区,东方科技大厦,广东深圳市南山区东方科技大厦,广东深圳市南山区东方科技大厦,113.919524,22.496283
新南山科技北,广东,深圳市,南山区,西丽街道松坪村竹苑16栋,广东深圳市南山区西丽街道松坪村竹苑16栋,广东深圳市南山区西丽街道松坪村竹苑16栋,113.954964,22.557525
新南山科技北,广东,深圳市,南山区,西丽街道清华信息港紫园百味店包房,广东深圳市南山区西丽街道清华信息港紫园百味店包房,广东深圳市南山区西丽街道清华信息港紫园百味店包房,113.947089,22.552983
新南山科技北,广东,深圳市,南山区,粤海街道深圳市赛百诺基因技术有限公司D,广东深圳市南山区粤海街道深圳市赛百诺基因技术有限公司D,广东深圳市南山区粤海街道深圳市赛百诺基因技术有限公司D,113.935403,22.548394
新南山科技北,广东,深圳市,南山区,西丽街道全季酒店,广东深圳市南山区西丽街道全季酒店,广东深圳市南山区西丽街道全季酒店,113.951872,22.577467
新南山科技北,广东,深圳市,南山区,西丽街道兰光科技园C,广东深圳市南山区西丽街道兰光科技园C,广东深圳市南山区西丽街道兰光科技园C,113.941467,22.554167
新南山科技北,广东,深圳市,南山区,粤海街道深南大道9668号深圳万象天地里巷L层N号Txapela,广东深圳市南山区粤海街道深南大道9668号深圳万象天地里巷L层N号,广东深圳市南山区粤海街道深南大道9668号深圳万象天地里巷L层N号,113.957179,22.54245
新南山科技北,广东,深圳市,南山区,南山区粤海街道科苑路9号园西工业区深圳市深科元环境工程有限公司,广东深圳市南山区粤海街道科苑路9号园西工业区深圳市深科元环境工程有限公司,广东深圳市南山区粤海街道科苑路9号园西工业区深圳市深科元环境工程有限公司,113.943868,22.544823
新南山科技北,广东,深圳市,南山区,铜鼓路华润城润府二期E,广东深圳市南山区铜鼓路华润城润府二期E,广东深圳市南山区铜鼓路华润城润府二期E,113.954608,22.543958
新南山科技北,广东,深圳市,南山区,粤海街道大冲新城花园2栋E座,广东深圳市南山区粤海街道大冲新城花园2栋E座,广东深圳市南山区粤海街道大冲新城花园2栋E座,113.944859,22.528137
新南山科技北,广东,深圳市,南山区,沙河西路2009-2号西北方向100米华润润玺二期花园1栋,广东深圳市南山区沙河西路2009-2号西北方向100米华润润玺二期花园1栋,广东深圳市南山区沙河西路2009-2号西北方向100米华润润玺二期花园1栋,113.954266,22.578989
新南山科技北,广东,深圳市,南山区,粤海街道高新中四道6号凯丽花园兰州拉面黑白浮雕,广东深圳市南山区粤海街道高新中四道6号凯丽花园兰州拉面黑白浮雕,广东深圳市南山区粤海街道高新中四道6号凯丽花园兰州拉面黑白浮雕,113.93964,22.54271
新南山科技北,广东,深圳市,南山区,西丽街道松坪三期东区1栋,广东深圳市南山区西丽街道松坪三期东区1栋,广东深圳市南山区西丽街道松坪三期东区1栋,113.954285,22.557485
新南山科技北,广东,深圳市,南山区,粤海街道科发路3号长城大厦A座,广东深圳市南山区粤海街道科发路3号长城大厦A座,广东深圳市南山区粤海街道科发路3号长城大厦A座,113.948466,22.54311
新南山科技北,广东,深圳市,南山区,科技园深南花园负楼兔喜超市,广东深圳市南山区科技园深南花园负楼兔喜超市,广东深圳市南山区科技园深南花园负楼兔喜超市,113.945132,22.541494
新南山科技北,广东,深圳市,南山区,粤海街道科兴科学园A1栋楼点,广东深圳市南山区粤海街道科兴科学园A1栋楼点,广东深圳市南山区粤海街道科兴科学园A1栋楼点,113.9446,22.548337
新南山科技北,广东,深圳市,南山区,粤海街道大冲新城花园2栋c,广东深圳市南山区粤海街道大冲新城花园2栋c,广东深圳市南山区粤海街道大冲新城花园2栋c,113.944859,22.528137
新南山科技北,广东,深圳市,南山区,南山区西丽街道松坪山新东路1号清华信息港-科研楼,广东深圳市南山区西丽街道松坪山新东路1号清华信息港-科研楼,广东深圳市南山区西丽街道松坪山新东路1号清华信息港-科研楼,113.947491,22.553502
新南山科技北,广东,深圳市,南山区,粤海街道润府二期D栋,广东深圳市南山区粤海街道润府二期D栋,广东深圳市南山区粤海街道润府二期D栋,113.954208,22.543272
新南山科技北,广东,深圳市,南山区,科技园科兴科学园A4,广东深圳市南山区科技园科兴科学园A4,广东深圳市南山区科技园科兴科学园A4,113.94338,22.549217
新南山科技北,广东,深圳市,南山区,粤海街道华润城润府三期5栋,广东深圳市南山区粤海街道华润城润府三期5栋,广东深圳市南山区粤海街道华润城润府三期5栋,113.954898,22.546563
新南山科技北,广东,深圳市,南山区,科技园北区高新北六道31号活力宝大厦西座楼,广东深圳市南山区科技园北区高新北六道31号活力宝大厦西座楼,广东深圳市南山区科技园北区高新北六道31号活力宝大厦西座楼,113.940119,22.553651
新南山科技北,广东,深圳市,南山区,科兴科学园A4栋楼,广东深圳市南山区科兴科学园A4栋楼,广东深圳市南山区科兴科学园A4栋楼,113.94338,22.549217
新南山科技北,广东,深圳市,南山区,粤海街道深南大道大冲新城花园1B,广东深圳市南山区粤海街道深南大道大冲新城花园1B,广东深圳市南山区粤海街道深南大道大冲新城花园1B,113.956429,22.542272
新南山科技北,广东,深圳市,南山区,西丽街道深圳市南山科技园北区松坪山路3号奥特迅电力大厦,广东深圳市南山区西丽街道深圳市南山科技园北区松坪山路3号奥特迅电力大厦,广东深圳市南山区西丽街道深圳市南山科技园北区松坪山路3号奥特迅电力大厦,113.951445,22.554825
新南山科技北,广东,深圳市,南山区,西丽街道松坪村31栋一单元,广东深圳市南山区西丽街道松坪村31栋一单元,广东深圳市南山区西丽街道松坪村31栋一单元,113.94957,22.556918
新南山科技北,广东,深圳市,南山区,粤海街道华润城润府二期E栋,广东深圳市南山区粤海街道华润城润府二期E栋,广东深圳市南山区粤海街道华润城润府二期E栋,113.954308,22.543853
新南山科技北,广东,深圳市,南山区,南山区粤海街道中盈菁英公寓,广东深圳市南山区粤海街道中盈菁英公寓,广东深圳市南山区粤海街道中盈菁英公寓,113.947156,22.54653
新南山科技北,广东,深圳市,南山区,南山区粤海街道科技园高新中四道30号龙泰利大厦楼,广东深圳市南山区粤海街道科技园高新中四道30号龙泰利大厦楼,广东深圳市南山区粤海街道科技园高新中四道30号龙泰利大厦楼,113.934967,22.54302
新南山科技北,广东,深圳市,南山区,万象天地L,广东深圳市南山区万象天地L,广东深圳市南山区万象天地L,113.954221,22.541787
新南山科技北,广东,深圳市,南山区,科技北三路2号,广东深圳市南山区科技北三路2号,广东深圳市南山区科技北三路2号,113.942729,22.554731
新南山科技北,广东,深圳市,南山区,大冲商务中心,广东深圳市南山区大冲商务中心,广东深圳市南山区大冲商务中心,113.930478,22.533191
新南山科技北,广东,深圳市,南山区,广东省深圳市南山区粤海街道沙河西路华润润玺一期花园1栋,广东深圳市南山区广东省深圳市南山区粤海街道沙河西路华润润玺一期花园1栋,广东深圳市南山区广东省深圳市南山区粤海街道沙河西路华润润玺一期花园1栋,113.956798,22.563884
新南山科技北,广东,深圳市,南山区,粤海街道枫信科创中心,广东深圳市南山区粤海街道枫信科创中心,广东深圳市南山区粤海街道枫信科创中心,113.938978,22.54104
新南山科技北,广东,深圳市,南山区,粤海街道金铜路英伦名苑1期4栋一单元,广东深圳市南山区粤海街道金铜路英伦名苑1期4栋一单元,广东深圳市南山区粤海街道金铜路英伦名苑1期4栋一单元,113.957508,22.54844
新南山科技北,广东,深圳市,南山区,科技中二路软件园二期13栋,广东深圳市南山区科技中二路软件园二期13栋,广东深圳市南山区科技中二路软件园二期13栋,113.936515,22.544765
新南山科技北,广东,深圳市,南山区,粤海街道科丰路2号特发信息港B栋,广东深圳市南山区粤海街道科丰路2号特发信息港B栋,广东深圳市南山区粤海街道科丰路2号特发信息港B栋,113.949629,22.55006
新南山科技北,广东,深圳市,南山区,深圳市南山区粤海街道科兴路11号深南花园A座,广东深圳市南山区深圳市南山区粤海街道科兴路11号深南花园A座,广东深圳市南山区深圳市南山区粤海街道科兴路11号深南花园A座,113.944674,22.541487
新南山科技北,广东,深圳市,南山区,粤海街道科兴科学园西门楼租赁中心,广东深圳市南山区粤海街道科兴科学园西门楼租赁中心,广东深圳市南山区粤海街道科兴科学园西门楼租赁中心,113.942075,22.548328
新南山科技北,广东,深圳市,南山区,西丽街道深圳市南山区西丽街道松坪村菊苑29栋单元,广东深圳市南山区西丽街道深圳市南山区西丽街道松坪村菊苑29栋单元,广东深圳市南山区西丽街道深圳市南山区西丽街道松坪村菊苑29栋单元,113.952551,22.55756
新南山科技北,广东,深圳市,南山区,粤海街道科技园高新中亚朵S酒店,广东深圳市南山区粤海街道科技园高新中亚朵S酒店,广东深圳市南山区粤海街道科技园高新中亚朵S酒店,113.947555,22.546052
新南山科技北,广东,深圳市,南山区,南山区粤海街道润府二期F,广东深圳市南山区粤海街道润府二期F,广东深圳市南山区粤海街道润府二期F,113.954208,22.543272
新南山科技北,广东,深圳市,南山区,粤海街道大冲新城花园2,广东深圳市南山区粤海街道大冲新城花园2,广东深圳市南山区粤海街道大冲新城花园2,113.944859,22.528137
新南山科技北,广东,深圳市,南山区,西丽街道共享大厦b栋,广东深圳市南山区西丽街道共享大厦b栋,广东深圳市南山区西丽街道共享大厦b栋,113.946353,22.560568
新南山科技北,广东,深圳市,南山区,郎丰路松坪山科苑新区松坪山科苑新区9栋二单元,广东深圳市南山区郎丰路松坪山科苑新区松坪山科苑新区9栋二单元,广东深圳市南山区郎丰路松坪山科苑新区松坪山科苑新区9栋二单元,113.946195,22.556127
新南山科技北,广东,深圳市,南山区,南山粤海街道科技园区水瑆花园酒店后门,广东深圳市南山区南山粤海街道科技园区水瑆花园酒店后门,广东深圳市南山区南山粤海街道科技园区水瑆花园酒店后门,113.954262,22.529368
新南山科技北,广东,深圳市,南山区,麻雀岭工业区M-10栋号楼一单元101D4-4深宴湾,广东深圳市南山区麻雀岭工业区M-10栋号楼一单元101D4-4深宴湾,广东深圳市南山区麻雀岭工业区M-10栋号楼一单元101D4-4深宴湾,113.940774,22.541824
新南山科技北,广东,深圳市,南山区,粤海街道大冲社区大冲新城花园2栋B座,广东深圳市南山区粤海街道大冲社区大冲新城花园2栋B座,广东深圳市南山区粤海街道大冲社区大冲新城花园2栋B座,113.951446,22.542155
新南山科技北,广东,深圳市,南山区,粤海街道科技园科苑花园36区4栋,广东深圳市南山区粤海街道科技园科苑花园36区4栋,广东深圳市南山区粤海街道科技园科苑花园36区4栋,113.948403,22.546155
新南山科技北,广东,深圳市,南山区,华润城润府三期6栋,广东深圳市南山区华润城润府三期6栋,广东深圳市南山区华润城润府三期6栋,113.954898,22.546563
新南山科技北,广东,深圳市,南山区,科苑路11号金融科技大厦A座层AB单元,广东深圳市南山区科苑路11号金融科技大厦A座层AB单元,广东深圳市南山区科苑路11号金融科技大厦A座层AB单元,113.94464,22.546245
新南山科技北,广东,深圳市,南山区,粤海街道南海大道4040号豪方花园5栋单元,广东深圳市南山区粤海街道南海大道4040号豪方花园5栋单元,广东深圳市南山区粤海街道南海大道4040号豪方花园5栋单元,113.933916,22.543601
新南山科技北,广东,深圳市,南山区,粤海街道华润置地e座15F,广东深圳市南山区粤海街道华润置地e座15F,广东深圳市南山区粤海街道华润置地e座15F,113.952916,22.541716
新南山科技北,广东,深圳市,南山区,西丽街道郎康路13号栋,广东深圳市南山区西丽街道郎康路13号栋,广东深圳市南山区西丽街道郎康路13号栋,113.951872,22.577467
新南山科技北,广东,深圳市,南山区,粤海街道润府一期二栋二单元,广东深圳市南山区粤海街道润府一期二栋二单元,广东深圳市南山区粤海街道润府一期二栋二单元,113.956798,22.549177
新南山科技北,广东,深圳市,南山区,科技园科智西路1号科技园标准厂房23栋北层A,广东深圳市南山区科技园科智西路1号科技园标准厂房23栋北层A,广东深圳市南山区科技园科智西路1号科技园标准厂房23栋北层A,113.943511,22.543444
新南山科技北,广东,深圳市,南山区,南山区西丽街道南山区华瀚科技A座楼前台,广东深圳市南山区西丽街道南山区华瀚科技A座楼前台,广东深圳市南山区西丽街道南山区华瀚科技A座楼前台,113.944922,22.557071
新南山科技北,广东,深圳市,南山区,大冲城市花园8B栋,广东深圳市南山区大冲城市花园8B栋,广东深圳市南山区大冲城市花园8B栋,113.930478,22.533191
新南山科技北,广东,深圳市,南山区,松坪街5号松坪村三期西区五栋C,广东深圳市南山区松坪街5号松坪村三期西区五栋C,广东深圳市南山区松坪街5号松坪村三期西区五栋C,113.955671,22.55947
新南山科技北,广东,深圳市,南山区,粤海街道润府三期1A栋,广东深圳市南山区粤海街道润府三期1A栋,广东深圳市南山区粤海街道润府三期1A栋,113.954251,22.547448
新南山科技北,广东,深圳市,南山区,粤海街道科技园帝景,广东深圳市南山区粤海街道科技园帝景,广东深圳市南山区粤海街道科技园帝景,113.945906,22.544475
新南山科技北,广东,深圳市,南山区,粤海街道大冲六路华润城润玺2期花园3栋,广东深圳市南山区粤海街道大冲六路华润城润玺2期花园3栋,广东深圳市南山区粤海街道大冲六路华润城润玺2期花园3栋,113.958634,22.545629
新南山科技北,广东,深圳市,南山区,粤海街道文华路5号科苑花园36区3栋二单元,广东深圳市南山区粤海街道文华路5号科苑花园36区3栋二单元,广东深圳市南山区粤海街道文华路5号科苑花园36区3栋二单元,113.947395,22.547523
新南山科技北,广东,深圳市,南山区,粤海街道帝景园2期D栋,广东深圳市南山区粤海街道帝景园2期D栋,广东深圳市南山区粤海街道帝景园2期D栋,113.937651,22.541357
新南山科技北,广东,深圳市,南山区,西丽街道合欢智谷,广东深圳市南山区西丽街道合欢智谷,广东深圳市南山区西丽街道合欢智谷,113.94413,22.55867
新南山科技北,广东,深圳市,南山区,大冲新城花园2栋B坐,广东深圳市南山区大冲新城花园2栋B坐,广东深圳市南山区大冲新城花园2栋B坐,113.894639,22.565722
新南山科技北,广东,深圳市,南山区,西丽街道南山区松坪学校中学部保安室,广东深圳市南山区西丽街道南山区松坪学校中学部保安室,广东深圳市南山区西丽街道南山区松坪学校中学部保安室,113.950465,22.55958
新南山科技北,广东,深圳市,南山区,西丽街道高新北四道13号宇阳大厦灰,广东深圳市南山区西丽街道高新北四道13号宇阳大厦灰,广东深圳市南山区西丽街道高新北四道13号宇阳大厦灰,113.940173,22.555278
新南山科技北,广东,深圳市,南山区,粤海街道铜鼓路98号华润城润府1期4栋,广东深圳市南山区粤海街道铜鼓路98号华润城润府1期4栋,广东深圳市南山区粤海街道铜鼓路98号华润城润府1期4栋,113.955868,22.549167
新南山科技北,广东,深圳市,南山区,科兴科学园D1邮件中心,广东深圳市南山区科兴科学园D1邮件中心,广东深圳市南山区科兴科学园D1邮件中心,113.94297,22.547817
新南山科技北,广东,深圳市,南山区,粤海街道麻岭社区最佳拍档茶餐厅,广东深圳市南山区粤海街道麻岭社区最佳拍档茶餐厅,广东深圳市南山区粤海街道麻岭社区最佳拍档茶餐厅,113.93769,22.54111
新南山科技北,广东,深圳市,南山区,科兴路10号汇景豪苑海欣阁,广东深圳市南山区科兴路10号汇景豪苑海欣阁,广东深圳市南山区科兴路10号汇景豪苑海欣阁,113.943436,22.541216
新南山科技北,广东,深圳市,南山区,科技园科苑花园三十四区2栋二单元,广东深圳市南山区科技园科苑花园三十四区2栋二单元,广东深圳市南山区科技园科苑花园三十四区2栋二单元,113.947834,22.547965
新南山科技北,广东,深圳市,南山区,南山区粤海街道科技路2号朗景园e栋,广东深圳市南山区粤海街道科技路2号朗景园e栋,广东深圳市南山区粤海街道科技路2号朗景园e栋,113.950108,22.541424
新南山科技北,广东,深圳市,南山区,西丽街道科苑北松坪山朗康路18号太太药业宿舍c栋楼,广东深圳市南山区西丽街道科苑北松坪山朗康路18号太太药业宿舍c栋楼,广东深圳市南山区西丽街道科苑北松坪山朗康路18号太太药业宿舍c栋楼,113.950461,22.558518
新南山科技北,广东,深圳市,南山区,西丽街道松坪山住宅楼栋单元,广东深圳市南山区西丽街道松坪山住宅楼栋单元,广东深圳市南山区西丽街道松坪山住宅楼栋单元,113.950456,22.558023
新南山科技北,广东,深圳市,南山区,高新中四道29号A座,广东深圳市南山区高新中四道29号A座,广东深圳市南山区高新中四道29号A座,113.934002,22.542389
新南山科技北,广东,深圳市,南山区,粤海街道琼宇路澳特科兴科学园C,广东深圳市南山区粤海街道琼宇路澳特科兴科学园C,广东深圳市南山区粤海街道琼宇路澳特科兴科学园C,113.94425,22.547379
新南山科技北,广东,深圳市,南山区,西丽街道西丽街道松坪山社区乌石头路8号天明科技大厦锦江之星酒店楼,广东深圳市南山区西丽街道西丽街道松坪山社区乌石头路8号天明科技大厦锦江之星酒店楼,广东深圳市南山区西丽街道西丽街道松坪山社区乌石头路8号天明科技大厦锦江之星酒店楼,113.950495,22.55476
新南山科技北,广东,深圳市,南山区,南山区粤海街道华强高新发展大楼,广东深圳市南山区粤海街道华强高新发展大楼,广东深圳市南山区粤海街道华强高新发展大楼,113.935244,22.541668
新南山科技北,广东,深圳市,南山区,深圳市南山区软件园一期一栋-a,广东深圳市南山区深圳市南山区软件园一期一栋-a,广东深圳市南山区深圳市南山区软件园一期一栋-a,113.94032,22.544426
新南山科技北,广东,深圳市,南山区,南山区粤海街道华润城润玺1期花园3栋,广东深圳市南山区粤海街道华润城润玺1期花园3栋,广东深圳市南山区粤海街道华润城润玺1期花园3栋,113.958634,22.545629
新南山科技北,广东,深圳市,南山区,粤海街道科伟路6号深,广东深圳市南山区粤海街道科伟路6号深,广东深圳市南山区粤海街道科伟路6号深,113.946661,22.548086
新南山科技北,广东,深圳市,南山区,南山区科发路222号康泰创新广场楼号渔船海鲜饭店电工,广东深圳市南山区科发路222号康泰创新广场楼号渔船海鲜饭店,广东深圳市南山区科发路222号康泰创新广场楼号渔船海鲜饭店,113.948426,22.54379
新南山科技北,广东,深圳市,南山区,粤海街道麻岭社区凯丽花园6栋三单元,广东深圳市南山区粤海街道麻岭社区凯丽花园6栋三单元,广东深圳市南山区粤海街道麻岭社区凯丽花园6栋三单元,113.939305,22.543314
新南山科技北,广东,深圳市,南山区,南海大道4040号豪方花园5栋,广东深圳市南山区南海大道4040号豪方花园5栋,广东深圳市南山区南海大道4040号豪方花园5栋,113.932917,22.543776
新南山科技北,广东,深圳市,南山区,大冲城城市花园10栋A座,广东深圳市南山区大冲城城市花园10栋A座,广东深圳市南山区大冲城城市花园10栋A座,113.924164,22.488255
新南山科技北,广东,深圳市,南山区,粤海街道凯丽花园7栋,广东深圳市南山区粤海街道凯丽花园7栋,广东深圳市南山区粤海街道凯丽花园7栋,113.939718,22.543675
新南山科技北,广东,深圳市,南山区,南山区西丽街道松坪村三期东区1栋,广东深圳市南山区西丽街道松坪村三期东区1栋,广东深圳市南山区西丽街道松坪村三期东区1栋,113.956157,22.56007
新南山科技北,广东,深圳市,南山区,南山区粤海街道深南大道9668号深圳万象天地里巷L层N号Txapela,广东深圳市南山区粤海街道深南大道9668号深圳万象天地里巷L层N号Txapela,广东深圳市南山区粤海街道深南大道9668号深圳万象天地里巷L层N号Txapela,113.957179,22.54245
新南山科技北,广东,深圳市,南山区,西丽街道紫光信息港C座睿联公司,广东深圳市南山区西丽街道紫光信息港C座睿联公司,广东深圳市南山区西丽街道紫光信息港C座睿联公司,113.947804,22.554353
新南山科技北,广东,深圳市,南山区,粤海街道大冲二路华润城润府2期A栋,广东深圳市南山区粤海街道大冲二路华润城润府2期A栋,广东深圳市南山区粤海街道大冲二路华润城润府2期A栋,113.954948,22.543176
新南山科技北,广东,深圳市,南山区,粤海街道科技路以东深南大道以北大冲新城花园2栋B座2609【1579497小】,广东深圳市南山区粤海街道科技路以东深南大道以北大冲新城花园2栋B座2609,广东深圳市南山区粤海街道科技路以东深南大道以北大冲新城花园2栋B座2609,113.972714,22.538371
新南山科技北,广东,深圳市,南山区,粤海街道科润路大冲新城花园2栋E座,广东深圳市南山区粤海街道科润路大冲新城花园2栋E座,广东深圳市南山区粤海街道科润路大冲新城花园2栋E座,113.952622,22.542053
新南山科技北,广东,深圳市,南山区,深南大道,广东深圳市南山区深南大道,广东深圳市南山区深南大道,113.993509,22.533391
新南山科技北,广东,深圳市,南山区,西丽街道松坪山社区松坪山路1号源兴科技大厦南座,广东深圳市南山区西丽街道松坪山社区松坪山路1号源兴科技大厦南座,广东深圳市南山区西丽街道松坪山社区松坪山路1号源兴科技大厦南座,113.95177,22.553405
新南山科技北,广东,深圳市,南山区,松坪村竹苑9栋,广东深圳市南山区松坪村竹苑9栋,广东深圳市南山区松坪村竹苑9栋,113.955075,22.557478
新南山科技北,广东,深圳市,南山区,铜鼓路28号华润城润府二期E栋室,广东深圳市南山区铜鼓路28号华润城润府二期E栋室,广东深圳市南山区铜鼓路28号华润城润府二期E栋室,113.954308,22.543853
新南山科技北,广东,深圳市,南山区,南山区粤海街道大冲新城花园2,广东深圳市南山区粤海街道大冲新城花园2,广东深圳市南山区粤海街道大冲新城花园2,113.944859,22.528137
新南山科技北,广东,深圳市,南山区,粤海街道大冲三路88号华润城润玺二期花园1栋,广东深圳市南山区粤海街道大冲三路88号华润城润玺二期花园1栋,广东深圳市南山区粤海街道大冲三路88号华润城润玺二期花园1栋,113.958388,22.546721
新南山科技北,广东,深圳市,南山区,南山区粤海街道琼宇路5号大厦,广东深圳市南山区粤海街道琼宇路5号大厦,广东深圳市南山区粤海街道琼宇路5号大厦,113.947849,22.550671
新南山科技北,广东,深圳市,南山区,润玺一期一号楼,广东深圳市南山区润玺一期一号楼,广东深圳市南山区润玺一期一号楼,113.930478,22.533191
新南山科技北,广东,深圳市,南山区,大冲城市花园4A,广东深圳市南山区大冲城市花园4A,广东深圳市南山区大冲城市花园4A,113.930478,22.533191
新南山科技北,广东,深圳市,南山区,南山区粤海街道大冲城市花园9号楼C,广东深圳市南山区粤海街道大冲城市花园9号楼C,广东深圳市南山区粤海街道大冲城市花园9号楼C,113.944859,22.528137
新南山科技北,广东,深圳市,南山区,粤海街道南山区科研路9号比克科技大厦,广东深圳市南山区粤海街道南山区科研路9号比克科技大厦,广东深圳市南山区粤海街道南山区科研路9号比克科技大厦,113.93284,22.541466
新南山科技北,广东,深圳市,南山区,粤海街道华润城润玺2期2栋转,广东深圳市南山区粤海街道华润城润玺2期2栋转,广东深圳市南山区粤海街道华润城润玺2期2栋转,113.958634,22.545629
新南山科技北,广东,深圳市,南山区,西丽街道朗山二路赛霸电子,广东深圳市南山区西丽街道朗山二路赛霸电子,广东深圳市南山区西丽街道朗山二路赛霸电子,113.94069,22.55925
新南山科技北,广东,深圳市,南山区,粤海街道新城花园2c,广东深圳市南山区粤海街道新城花园2c,广东深圳市南山区粤海街道新城花园2c,113.944859,22.528137
新南山科技北,广东,深圳市,南山区,大冲朗景园,广东深圳市南山区大冲朗景园,广东深圳市南山区大冲朗景园,113.950558,22.540989
新南山科技北,广东,深圳市,南山区,西丽街道涵馆公寓,广东深圳市南山区西丽街道涵馆公寓,广东深圳市南山区西丽街道涵馆公寓,113.947799,22.561108
新南山科技北,广东,深圳市,南山区,稀导技术有限公司深圳总部深圳市南山区嘉达研发大楼A座楼,广东深圳市南山区稀导技术有限公司深圳总部深圳市南山区嘉达研发大楼A座楼,广东深圳市南山区稀导技术有限公司深圳总部深圳市南山区嘉达研发大楼A座楼,113.951647,22.555601
新南山科技北,广东,深圳市,南山区,粤海街道科苑学里6栋,广东深圳市南山区粤海街道科苑学里6栋,广东深圳市南山区粤海街道科苑学里6栋,113.953039,22.549243
新南山科技北,广东,深圳市,南山区,华强高新发展大楼,广东深圳市南山区华强高新发展大楼,广东深圳市南山区华强高新发展大楼,113.935244,22.541668
新南山科技北,广东,深圳市,南山区,西丽街道朗山路26号精,广东深圳市南山区西丽街道朗山路26号精,广东深圳市南山区西丽街道朗山路26号精,113.937948,22.557476
新南山科技北,广东,深圳市,南山区,粤海街道高新中一道9号软件大厦楼,广东深圳市南山区粤海街道高新中一道9号软件大厦楼,广东深圳市南山区粤海街道高新中一道9号软件大厦楼,113.940657,22.549175
新南山科技北,广东,深圳市,南山区,康泰创新广场楼,广东深圳市南山区康泰创新广场楼,广东深圳市南山区康泰创新广场楼,113.948426,22.54379
新南山科技北,广东,深圳市,南山区,松坪山科苑新区8栋二单元,广东深圳市南山区松坪山科苑新区8栋二单元,广东深圳市南山区松坪山科苑新区8栋二单元,113.946264,22.556406
新南山科技北,广东,深圳市,南山区,粤海街道中钢大厦M6栋楼,广东深圳市南山区粤海街道中钢大厦M6栋楼,广东深圳市南山区粤海街道中钢大厦M6栋楼,113.940103,22.541926
新南山科技北,广东,深圳市,南山区,沙河西路2029号城市山谷枫叶街2A一,广东深圳市南山区沙河西路2029号城市山谷枫叶街2A一,广东深圳市南山区沙河西路2029号城市山谷枫叶街2A一,113.954789,22.550673
新南山科技北,广东,深圳市,南山区,阳光海景豪苑,广东深圳市南山区阳光海景豪苑,广东深圳市南山区阳光海景豪苑,113.933672,22.542304
新南山科技北,广东,深圳市,南山区,粤海街道中国广东省深圳市南山区粤海街道大冲社区科技路654号大冲新城花园2栋D层,广东深圳市南山区粤海街道中国广东省深圳市南山区粤海街道大冲社区科技路654号大冲新城花园2栋D层,广东深圳市南山区粤海街道中国广东省深圳市南山区粤海街道大冲社区科技路654号大冲新城花园2栋D层,113.951446,22.542155
新南山科技北,广东,深圳市,南山区,粤海街道高新中二道,广东深圳市南山区粤海街道高新中二道,广东深圳市南山区粤海街道高新中二道,113.939412,22.54633
新南山科技北,广东,深圳市,南山区,粤海街道科技园社区科智西路1号科苑西23栋铺-4徐大川剁椒,广东深圳市南山区粤海街道科技园社区科智西路1号科苑西23栋铺-4徐大川剁椒,广东深圳市南山区粤海街道科技园社区科智西路1号科苑西23栋铺-4徐大川剁椒,113.943511,22.543444
新南山科技北,广东,深圳市,南山区,西丽街道高新北二道8号松坪第,广东深圳市南山区西丽街道高新北二道8号松坪第,广东深圳市南山区西丽街道高新北二道8号松坪第,113.954285,22.557485
新南山科技北,广东,深圳市,南山区,科苑路1号电信,广东深圳市南山区科苑路1号电信,广东深圳市南山区科苑路1号电信,113.95115,22.549714
新南山科技北,广东,深圳市,南山区,粤海街道华润城润玺2期花园3栋,广东深圳市南山区粤海街道华润城润玺2期花园3栋,广东深圳市南山区粤海街道华润城润玺2期花园3栋,113.958634,22.545629
新南山科技北,广东,深圳市,南山区,沙河西路红树别院3B,广东深圳市南山区沙河西路红树别院3B,广东深圳市南山区沙河西路红树别院3B,113.956657,22.546952
新南山科技北,广东,深圳市,南山区,科技园科苑西住宅小区13栋,广东深圳市南山区科技园科苑西住宅小区13栋,广东深圳市南山区科技园科苑西住宅小区13栋,113.944452,22.542429
新南山科技北,广东,深圳市,南山区,润玺花园一期1栋,广东深圳市南山区润玺花园一期1栋,广东深圳市南山区润玺花园一期1栋,114.012361,22.644268
新南山科技北,广东,深圳市,南山区,粤海街道大冲社区科发路83号南山金融大厦层,广东深圳市南山区粤海街道大冲社区科发路83号南山金融大厦层,广东深圳市南山区粤海街道大冲社区科发路83号南山金融大厦层,113.952042,22.542744
新南山科技北,广东,深圳市,南山区,粤海街道铜鼓路华润城润府1期5栋,广东深圳市南山区粤海街道铜鼓路华润城润府1期5栋,广东深圳市南山区粤海街道铜鼓路华润城润府1期5栋,113.955093,22.549142
新南山科技北,广东,深圳市,南山区,粤海街道大冲社区华润置地E座20D,广东深圳市南山区粤海街道大冲社区华润置地E座20D,广东深圳市南山区粤海街道大冲社区华润置地E座20D,113.952916,22.541716
新南山科技北,广东,深圳市,南山区,粤海街道特发信息港大厦,广东深圳市南山区粤海街道特发信息港大厦,广东深圳市南山区粤海街道特发信息港大厦,113.950045,22.550409
新南山科技北,广东,深圳市,南山区,粤海街道深圳市南山区粤海街道大冲新城花园2,广东深圳市南山区粤海街道深圳市南山区粤海街道大冲新城花园2,广东深圳市南山区粤海街道深圳市南山区粤海街道大冲新城花园2,113.944859,22.528137
新南山科技北,广东,深圳市,南山区,西丽街道松坪山群芳街,广东深圳市南山区西丽街道松坪山群芳街,广东深圳市南山区西丽街道松坪山群芳街,113.951543,22.558354
新南山科技北,广东,深圳市,南山区,铜鼓路金桐路六栋,广东深圳市南山区铜鼓路金桐路六栋,广东深圳市南山区铜鼓路金桐路六栋,113.953812,22.543245
新南山科技北,广东,深圳市,南山区,粤海街道大冲都市花园G栋楼E室,广东深圳市南山区粤海街道大冲都市花园G栋楼E室,广东深圳市南山区粤海街道大冲都市花园G栋楼E室,113.944859,22.528137
新南山科技北,广东,深圳市,南山区,粤海街道科技中二路麻雀岭工业区科技园中区M-10栋办公楼,广东深圳市南山区粤海街道科技中二路麻雀岭工业区科技园中区M-10栋办公楼,广东深圳市南山区粤海街道科技中二路麻雀岭工业区科技园中区M-10栋办公楼,113.939292,22.54139
新南山科技北,广东,深圳市,南山区,朗山路同方科兴科学园A栋楼,广东深圳市南山区朗山路同方科兴科学园A栋楼,广东深圳市南山区朗山路同方科兴科学园A栋楼,113.949025,22.554847
新南山科技北,广东,深圳市,南山区,粤海街道广东省深圳南山大冲米厘米公寓,广东深圳市南山区粤海街道广东省深圳南山大冲米厘米公寓,广东深圳市南山区粤海街道广东省深圳南山大冲米厘米公寓,113.891959,22.568414
新南山科技北,广东,深圳市,南山区,南山区粤海街道大冲都市花园F栋,广东深圳市南山区粤海街道大冲都市花园F栋,广东深圳市南山区粤海街道大冲都市花园F栋,113.944859,22.528137
新南山科技北,广东,深圳市,南山区,南山区粤海街道科技中三路科兴科学园A2栋,广东深圳市南山区粤海街道科技中三路科兴科学园A2栋,广东深圳市南山区粤海街道科技中三路科兴科学园A2栋,113.942466,22.548891
新南山科技北,广东,深圳市,南山区,西丽街道恒迪单身公寓23栋,广东深圳市南山区西丽街道恒迪单身公寓23栋,广东深圳市南山区西丽街道恒迪单身公寓23栋,113.949895,22.55931
新南山科技北,广东,深圳市,南山区,粤海街道科技中一路与高新中一道交叉口附近赛百诺大厦E栋物业服务中心,广东深圳市南山区粤海街道科技中一路与高新中一道交叉口附近赛百诺大厦E栋物业服务中心,广东深圳市南山区粤海街道科技中一路与高新中一道交叉口附近赛百诺大厦E栋物业服务中心,113.935482,22.548625
新南山科技北,广东,深圳市,南山区,华润城润玺二期2栋,广东深圳市南山区华润城润玺二期2栋,广东深圳市南山区华润城润玺二期2栋,113.958724,22.546448
新南山科技北,广东,深圳市,南山区,粤海接待铜鼓路大冲都是花园G栋,广东深圳市南山区粤海接待铜鼓路大冲都是花园G栋,广东深圳市南山区粤海接待铜鼓路大冲都是花园G栋,113.953812,22.543245
新南山科技北,广东,深圳市,南山区,大冲城市花园3号楼B单元,广东深圳市南山区大冲城市花园3号楼B单元,广东深圳市南山区大冲城市花园3号楼B单元,113.930478,22.533191
新南山科技北,广东,深圳市,南山区,粤海街道大冲商务中心c座,广东深圳市南山区粤海街道大冲商务中心c座,广东深圳市南山区粤海街道大冲商务中心c座,113.944859,22.528137
新南山科技北,广东,深圳市,南山区,科苑学里5栋,广东深圳市南山区科苑学里5栋,广东深圳市南山区科苑学里5栋,113.952502,22.549236
新南山科技北,广东,深圳市,南山区,粤海街道康泰创新广场楼感,广东深圳市南山区粤海街道康泰创新广场楼感,广东深圳市南山区粤海街道康泰创新广场楼感,113.948426,22.54379
新南山科技北,广东,深圳市,南山区,西丽街道松坪街12号松坪村3期东区,广东深圳市南山区西丽街道松坪街12号松坪村3期东区,广东深圳市南山区西丽街道松坪街12号松坪村3期东区,113.955773,22.559124
新南山科技北,广东,深圳市,南山区,沙河西路2009-2号西北方向100米华润润玺二期花园3栋,广东深圳市南山区沙河西路2009-2号西北方向100米华润润玺二期花园3栋,广东深圳市南山区沙河西路2009-2号西北方向100米华润润玺二期花园3栋,113.954266,22.578989
新南山科技北,广东,深圳市,南山区,粤海街道华润城润府一期7栋E,广东深圳市南山区粤海街道华润城润府一期7栋E,广东深圳市南山区粤海街道华润城润府一期7栋E,113.954898,22.546563
新南山科技北,广东,深圳市,南山区,西丽街道科技园北区富裕顶大厦,广东深圳市南山区西丽街道科技园北区富裕顶大厦,广东深圳市南山区西丽街道科技园北区富裕顶大厦,113.942738,22.558958
新南山科技北,广东,深圳市,南山区,粤海街道汇景豪苑海典阁32A,广东深圳市南山区粤海街道汇景豪苑海典阁32A,广东深圳市南山区粤海街道汇景豪苑海典阁32A,113.942438,22.540949
新南山科技北,广东,深圳市,南山区,高新北六道29号大族激光大厦工程,广东深圳市南山区高新北六道29号大族激光大厦工程,广东深圳市南山区高新北六道29号大族激光大厦工程,113.940917,22.553556
新南山科技北,广东,深圳市,南山区,讯美科技广场3号楼楼,广东深圳市南山区讯美科技广场3号楼楼,广东深圳市南山区讯美科技广场3号楼楼,113.946946,22.545605
新南山科技北,广东,深圳市,南山区,科兴科技园D1,广东深圳市南山区科兴科技园D1,广东深圳市南山区科兴科技园D1,113.930478,22.533191
新南山科技北,广东,深圳市,南山区,松坪山路源兴科技大厦楼瑞慈体检销售部,广东深圳市南山区松坪山路源兴科技大厦楼瑞慈体检销售部,广东深圳市南山区松坪山路源兴科技大厦楼瑞慈体检销售部,113.951928,22.5541
新南山科技北,广东,深圳市,南山区,高新中二道33号豪方·现代豪园5栋,广东深圳市南山区高新中二道33号豪方·现代豪园5栋,广东深圳市南山区高新中二道33号豪方·现代豪园5栋,113.935156,22.545763
新南山科技北,广东,深圳市,南山区,同方信息港B栋,广东深圳市南山区同方信息港B栋,广东深圳市南山区同方信息港B栋,113.948792,22.554859
新南山科技北,广东,深圳市,南山区,科技园科技中二路高兴中四道麻雀岭八角楼楼,广东深圳市南山区科技园科技中二路高兴中四道麻雀岭八角楼楼,广东深圳市南山区科技园科技中二路高兴中四道麻雀岭八角楼楼,113.94604,22.54461
新南山科技北,广东,深圳市,南山区,南山区西丽街道松坪村二期66栋一单元,广东深圳市南山区西丽街道松坪村二期66栋一单元,广东深圳市南山区西丽街道松坪村二期66栋一单元,113.94957,22.556918
新南山科技北,广东,深圳市,南山区,南山区粤海街道深南大道9678号大冲商务中心A,广东深圳市南山区粤海街道深南大道9678号大冲商务中心A,广东深圳市南山区粤海街道深南大道9678号大冲商务中心A,113.952319,22.541221
新南山科技北,广东,深圳市,南山区,科技园园西工业园25栋,广东深圳市南山区科技园园西工业园25栋,广东深圳市南山区科技园园西工业园25栋,113.94604,22.54461
新南山科技北,广东,深圳市,南山区,深南大道9988号大族科技中心南一门,广东深圳市南山区深南大道9988号大族科技中心南一门,广东深圳市南山区深南大道9988号大族科技中心南一门,113.935251,22.540506
新南山科技北,广东,深圳市,南山区,万象府西塔,广东深圳市南山区万象府西塔,广东深圳市南山区万象府西塔,113.956513,22.542713
新南山科技北,广东,深圳市,南山区,粤海街道科发路19号华润置地大厦D座楼,广东深圳市南山区粤海街道科发路19号华润置地大厦D座楼,广东深圳市南山区粤海街道科发路19号华润置地大厦D座楼,113.954564,22.542543
新南山科技北,广东,深圳市,南山区,粤海街道高新中四道维用综合楼栋科苑居,广东深圳市南山区粤海街道高新中四道维用综合楼栋科苑居,广东深圳市南山区粤海街道高新中四道维用综合楼栋科苑居,113.943346,22.542894
新南山科技北,广东,深圳市,南山区,南山区科技园阳光海景豪苑B栋,广东深圳市南山区科技园阳光海景豪苑B栋,广东深圳市南山区科技园阳光海景豪苑B栋,113.934456,22.542599
新南山科技北,广东,深圳市,南山区,高新北公寓1栋,广东深圳市南山区高新北公寓1栋,广东深圳市南山区高新北公寓1栋,113.946675,22.556423
新南山科技北,广东,深圳市,南山区,文华路3号科苑花园东门,广东深圳市南山区文华路3号科苑花园东门,广东深圳市南山区文华路3号科苑花园东门,113.95072,22.546657
新南山科技北,广东,深圳市,南山区,粤海街道科苑路15号科兴科学园一期13栋,广东深圳市南山区粤海街道科苑路15号科兴科学园一期13栋,广东深圳市南山区粤海街道科苑路15号科兴科学园一期13栋,113.944973,22.548669
新南山科技北,广东,深圳市,南山区,科技中一路万利达大厦楼,广东深圳市南山区科技中一路万利达大厦楼,广东深圳市南山区科技中一路万利达大厦楼,113.935739,22.542284
新南山科技北,广东,深圳市,南山区,铜鼓路润府三期4栋,广东深圳市南山区铜鼓路润府三期4栋,广东深圳市南山区铜鼓路润府三期4栋,113.953609,22.546909
新南山科技北,广东,深圳市,南山区,南山区粤海街道大冲城市花园7栋,广东深圳市南山区粤海街道大冲城市花园7栋,广东深圳市南山区粤海街道大冲城市花园7栋,113.944859,22.528137
新南山科技北,广东,深圳市,南山区,西丽街道科苑北路万昌商业3号公寓g经,广东深圳市南山区西丽街道科苑北路万昌商业3号公寓g经,广东深圳市南山区西丽街道科苑北路万昌商业3号公寓g经,113.945263,22.550296
新南山科技北,广东,深圳市,南山区,科技北二路15号洁净阳光园,广东深圳市南山区科技北二路15号洁净阳光园,广东深圳市南山区科技北二路15号洁净阳光园,113.938325,22.558775
新南山科技北,广东,深圳市,南山区,南山区粤海街道麻岭社区深南大道9996号层C单元,广东深圳市南山区粤海街道麻岭社区深南大道9996号层C单元,广东深圳市南山区粤海街道麻岭社区深南大道9996号层C单元,113.933178,22.540689
新南山科技北,广东,深圳市,南山区,豪方现代豪园4-11D博朗3系3040s红边剃须,广东深圳市南山区豪方现代豪园4-11D,广东深圳市南山区豪方现代豪园4-11D,113.935072,22.545924
新南山科技北,广东,深圳市,南山区,西丽街道松坪村三期西区5栋,广东深圳市南山区西丽街道松坪村三期西区5栋,广东深圳市南山区西丽街道松坪村三期西区5栋,113.955603,22.559991
新南山科技北,广东,深圳市,南山区,粤海街道科技园科兴路10号汇景豪苑海悦阁,广东深圳市南山区粤海街道科技园科兴路10号汇景豪苑海悦阁,广东深圳市南山区粤海街道科技园科兴路10号汇景豪苑海悦阁,113.943888,22.541176
新南山科技北,广东,深圳市,南山区,科兴科学园D3栋层,广东深圳市南山区科兴科学园D3栋层,广东深圳市南山区科兴科学园D3栋层,113.942302,22.547846
新南山科技北,广东,深圳市,南山区,高新科技园中区科慧路一号沛鸿大厦3F,广东深圳市南山区高新科技园中区科慧路一号沛鸿大厦3F,广东深圳市南山区高新科技园中区科慧路一号沛鸿大厦3F,113.948346,22.545557
新南山科技北,广东,深圳市,南山区,南山区粤海街道深南大道9988号大族激光科技中心南2门楼华信天线,广东深圳市南山区粤海街道深南大道9988号大族激光科技中心南2门楼华信天线,广东深圳市南山区粤海街道深南大道9988号大族激光科技中心南2门楼华信天线,113.941036,22.552913
新南山科技北,广东,深圳市,南山区,粤海街道大冲新城花园2栋A座,广东深圳市南山区粤海街道大冲新城花园2栋A座,广东深圳市南山区粤海街道大冲新城花园2栋A座,113.924164,22.488255
新南山科技北,广东,深圳市,南山区,粤海街道科兴科技园A3栋楼创,广东深圳市南山区粤海街道科兴科技园A3栋楼创,广东深圳市南山区粤海街道科兴科技园A3栋楼创,113.929273,22.510245
新南山科技北,广东,深圳市,南山区,粤海街道大冲都市花园G栋E,广东深圳市南山区粤海街道大冲都市花园G栋E,广东深圳市南山区粤海街道大冲都市花园G栋E,113.944859,22.528137
新南山科技北,广东,深圳市,南山区,深圳市南山区西丽街道松坪山社区杏林雅苑B栋房号,广东深圳市南山区深圳市南山区西丽街道松坪山社区杏林雅苑B栋房号,广东深圳市南山区深圳市南山区西丽街道松坪山社区杏林雅苑B栋房号,113.94357,22.557673
新南山科技北,广东,深圳市,南山区,粤海街道华润城润玺一期花园1栋,广东深圳市南山区粤海街道华润城润玺一期花园1栋,广东深圳市南山区粤海街道华润城润玺一期花园1栋,113.958667,22.54459
新南山科技北,广东,深圳市,南山区,粤海街道大冲城市花园5栋,广东深圳市南山区粤海街道大冲城市花园5栋,广东深圳市南山区粤海街道大冲城市花园5栋,113.944859,22.528137
新南山科技北,广东,深圳市,南山区,粤海街道大冲新城花园2栋C,广东深圳市南山区粤海街道大冲新城花园2栋C,广东深圳市南山区粤海街道大冲新城花园2栋C,113.944859,22.528137
新南山科技北,广东,深圳市,南山区,南山区科技园科技中二路麻雀岭工业区M-5栋,广东深圳市南山区科技园科技中二路麻雀岭工业区M-5栋,广东深圳市南山区科技园科技中二路麻雀岭工业区M-5栋,113.94604,22.54461
新南山科技北,广东,深圳市,南山区,西丽街道松坪山三期西区三栋楼下代收快,广东深圳市南山区西丽街道松坪山三期西区三栋,广东深圳市南山区西丽街道松坪山三期西区三栋,113.950456,22.558023
新南山科技北,广东,深圳市,南山区,粤海街道文华路2号华润城润府1期7栋,广东深圳市南山区粤海街道文华路2号华润城润府1期7栋,广东深圳市南山区粤海街道文华路2号华润城润府1期7栋,113.954194,22.548205
新南山科技北,广东,深圳市,南山区,科技路2号朗景园F,广东深圳市南山区科技路2号朗景园F,广东深圳市南山区科技路2号朗景园F,113.950114,22.541165
新南山科技北,广东,深圳市,南山区,粤海街道南山区华润万象府西塔,广东深圳市南山区粤海街道南山区华润万象府西塔,广东深圳市南山区粤海街道南山区华润万象府西塔,113.956744,22.542714
新南山科技北,广东,深圳市,南山区,西丽街道深圳市南山区科技园北区紫光信息港B座楼,广东深圳市南山区西丽街道深圳市南山区科技园北区紫光信息港B座楼,广东深圳市南山区西丽街道深圳市南山区科技园北区紫光信息港B座楼,113.947854,22.554919
新南山科技北,广东,深圳市,南山区,高新中四道凯丽花园6栋二单元,广东深圳市南山区高新中四道凯丽花园6栋二单元,广东深圳市南山区高新中四道凯丽花园6栋二单元,113.939305,22.543314
新南山科技北,广东,深圳市,南山区,深南大道9762号大冲商务中心A栋负,广东深圳市南山区深南大道9762号大冲商务中心A栋负,广东深圳市南山区深南大道9762号大冲商务中心A栋负,113.952078,22.542532
新南山科技北,广东,深圳市,南山区,南山区科技路2号朗景园F栋,广东深圳市南山区科技路2号朗景园F栋,广东深圳市南山区科技路2号朗景园F栋,113.950114,22.541165
新南山科技北,广东,深圳市,南山区,高新中一道16号奥,广东深圳市南山区高新中一道16号奥,广东深圳市南山区高新中一道16号奥,113.937708,22.549996
新南山科技北,广东,深圳市,南山区,粤海街道华润城润府三期3栋,广东深圳市南山区粤海街道华润城润府三期3栋,广东深圳市南山区粤海街道华润城润府三期3栋,113.954898,22.546563
新南山科技北,广东,深圳市,南山区,粤海街道大族科技中心,广东深圳市南山区粤海街道大族科技中心,广东深圳市南山区粤海街道大族科技中心,113.935251,22.540506
新南山科技北,广东,深圳市,南山区,深南大道9986汉京中心喜车间层,广东深圳市南山区深南大道9986汉京中心喜车间层,广东深圳市南山区深南大道9986汉京中心喜车间层,113.935286,22.539833
新南山科技北,广东,深圳市,南山区,赛百诺大厦c,广东深圳市南山区赛百诺大厦c,广东深圳市南山区赛百诺大厦c,113.935482,22.548625
新南山科技北,广东,深圳市,南山区,粤海街道科苑学里7栋,广东深圳市南山区粤海街道科苑学里7栋,广东深圳市南山区粤海街道科苑学里7栋,113.953211,22.549583
新南山科技北,广东,深圳市,南山区,南山区粤海街道大冲新城花园2栋C座,广东深圳市南山区粤海街道大冲新城花园2栋C座,广东深圳市南山区粤海街道大冲新城花园2栋C座,113.944859,22.528137
新南山科技北,广东,深圳市,南山区,粤海街道高新中二道33号豪方现代豪园2栋,广东深圳市南山区粤海街道高新中二道33号豪方现代豪园2栋,广东深圳市南山区粤海街道高新中二道33号豪方现代豪园2栋,113.935056,22.545401
新南山科技北,广东,深圳市,南山区,大族科技中心南区,广东深圳市南山区大族科技中心南区,广东深圳市南山区大族科技中心南区,113.935251,22.540506
新南山科技北,广东,深圳市,南山区,粤海街道康泰创新广场B座公寓,广东深圳市南山区粤海街道康泰创新广场B座公寓,广东深圳市南山区粤海街道康泰创新广场B座公寓,113.948426,22.54379
新南山科技北,广东,深圳市,南山区,西丽街道松坪山松坪村三期东区4栋,广东深圳市南山区西丽街道松坪山松坪村三期东区4栋,广东深圳市南山区西丽街道松坪山松坪村三期东区4栋,113.957049,22.5594
新南山科技北,广东,深圳市,南山区,粤海街道创益科技大厦C栋前,广东深圳市南山区粤海街道创益科技大厦C栋前,广东深圳市南山区粤海街道创益科技大厦C栋前,113.937515,22.548759
新南山科技北,广东,深圳市,南山区,南山区西丽街道松坪村三期西区1A栋丰巢快递柜T5366-71绿,广东深圳市南山区西丽街道松坪村三期西区1A栋丰巢快递柜T5366-71绿,广东深圳市南山区西丽街道松坪村三期西区1A栋丰巢快递柜T5366-71绿,113.954996,22.558563
新南山科技北,广东,深圳市,南山区,粤海街道大冲新城花园2栋B座,广东深圳市南山区粤海街道大冲新城花园2栋B座,广东深圳市南山区粤海街道大冲新城花园2栋B座,113.944859,22.528137
新南山科技北,广东,深圳市,南山区,粤海街道润玺一期2栋,广东深圳市南山区粤海街道润玺一期2栋,广东深圳市南山区粤海街道润玺一期2栋,113.944859,22.528137
新南山科技北,广东,深圳市,南山区,粤海街道科伟路深业有居公寓层东,广东深圳市南山区粤海街道科伟路深业有居公寓层东,广东深圳市南山区粤海街道科伟路深业有居公寓层东,113.968788,22.540596
新南山科技北,广东,深圳市,南山区,粤海街道深圳南山外国语学校文华学校东门二年,广东深圳市南山区粤海街道深圳南山外国语学校文华学校东门二年,广东深圳市南山区粤海街道深圳南山外国语学校文华学校东门二年,113.952537,22.548155
新南山科技北,广东,深圳市,南山区,西丽街道松坪村菊苑21栋,广东深圳市南山区西丽街道松坪村菊苑21栋,广东深圳市南山区西丽街道松坪村菊苑21栋,113.953021,22.556723
新南山科技北,广东,深圳市,南山区,科技园科苑花园58区10栋单元,广东深圳市南山区科技园科苑花园58区10栋单元,广东深圳市南山区科技园科苑花园58区10栋单元,113.950953,22.548949
新南山科技北,广东,深圳市,南山区,华润城润玺一期花园1栋,广东深圳市南山区华润城润玺一期花园1栋,广东深圳市南山区华润城润玺一期花园1栋,113.958667,22.54459
新南山科技北,广东,深圳市,南山区,粤海街道铜鼓路华润城润府3期6栋,广东深圳市南山区粤海街道铜鼓路华润城润府3期6栋,广东深圳市南山区粤海街道铜鼓路华润城润府3期6栋,113.955005,22.5474
新南山科技北,广东,深圳市,南山区,沙河西路城市山谷嘎纳道九号,广东深圳市南山区沙河西路城市山谷嘎纳道九号,广东深圳市南山区沙河西路城市山谷嘎纳道九号,113.954112,22.549422
新南山科技北,广东,深圳市,南山区,粤海街道华润城润府二期D栋楼,广东深圳市南山区粤海街道华润城润府二期D栋楼,广东深圳市南山区粤海街道华润城润府二期D栋楼,113.954608,22.543958
新南山科技北,广东,深圳市,南山区,广东深圳市南山区松坪山小区北区53栋李霞,广东深圳市南山区广东深圳市南山区松坪山小区北区53栋李霞,广东深圳市南山区广东深圳市南山区松坪山小区北区53栋李霞,113.953044,22.558196
新南山科技北,广东,深圳市,南山区,润玺一期花园3栋,广东深圳市南山区润玺一期花园3栋,广东深圳市南山区润玺一期花园3栋,113.912396,22.556996
新南山科技北,广东,深圳市,南山区,科发路2号栋泰阳硅谷公寓,广东深圳市南山区科发路2号栋泰阳硅谷公寓,广东深圳市南山区科发路2号栋泰阳硅谷公寓,113.950526,22.544186
新南山科技北,广东,深圳市,南山区,深圳市南山区大冲城市花园1A栋,广东深圳市南山区深圳市南山区大冲城市花园1A栋,广东深圳市南山区深圳市南山区大冲城市花园1A栋,113.930478,22.533191
新南山科技北,广东,深圳市,南山区,华润城润府3期5栋,广东深圳市南山区华润城润府3期5栋,广东深圳市南山区华润城润府3期5栋,113.954966,22.546647
新南山科技北,广东,深圳市,南山区,科技园科技路2号水瑆花园酒店,广东深圳市南山区科技园科技路2号水瑆花园酒店,广东深圳市南山区科技园科技路2号水瑆花园酒店,113.950409,22.541142
新南山科技北,广东,深圳市,南山区,粤海街道铜鼓路金桐路华润城润府3期华润城润府三期5栋,广东深圳市南山区粤海街道铜鼓路金桐路华润城润府3期华润城润府三期5栋,广东深圳市南山区粤海街道铜鼓路金桐路华润城润府3期华润城润府三期5栋,113.954571,22.54641
新南山科技北,广东,深圳市,南山区,粤海街道铜鼓路润府二期F栋,广东深圳市南山区粤海街道铜鼓路润府二期F栋,广东深圳市南山区粤海街道铜鼓路润府二期F栋,113.955144,22.543369
新南山科技北,广东,深圳市,南山区,科技园北区宝深路科陆大厦A座1003德皓亚洲科技有限公司,广东深圳市南山区科技园北区宝深路科陆大厦A座1003德皓亚洲科技有限公司,广东深圳市南山区科技园北区宝深路科陆大厦A座1003德皓亚洲科技有限公司,113.9417,22.561142
新南山科技北,广东,深圳市,南山区,南山区粤海街道大冲新城花园2栋A2203,广东深圳市南山区粤海街道大冲新城花园2栋A2203,广东深圳市南山区粤海街道大冲新城花园2栋A2203,113.944859,22.528137
新南山科技北,广东,深圳市,南山区,粤海街道大冲六路华润城润玺1期花园3栋,广东深圳市南山区粤海街道大冲六路华润城润玺1期花园3栋,广东深圳市南山区粤海街道大冲六路华润城润玺1期花园3栋,113.958634,22.545629
新南山科技北,广东,深圳市,南山区,南山区西丽街道朗山路11号同方信息港b栋,广东深圳市南山区西丽街道朗山路11号同方信息港b栋,广东深圳市南山区西丽街道朗山路11号同方信息港b栋,113.948792,22.554859
新南山科技北,广东,深圳市,南山区,科技中一路6号帝景园1期A栋芯,广东深圳市南山区科技中一路6号帝景园1期A栋,广东深圳市南山区科技中一路6号帝景园1期A栋,113.936355,22.541476
新南山科技北,广东,深圳市,南山区,西丽街道科技北二路13号互联易电商园楼,广东深圳市南山区西丽街道科技北二路13号互联易电商园楼,广东深圳市南山区西丽街道科技北二路13号互联易电商园楼,113.939977,22.559363
新南山科技北,广东,深圳市,南山区,粤海街道汉京金融中心207号,广东深圳市南山区粤海街道汉京金融中心207号,广东深圳市南山区粤海街道汉京金融中心207号,113.915188,22.48471
新南山科技北,广东,深圳市,南山区,大冲新城花园2栋F座楼B室,广东深圳市南山区大冲新城花园2栋F座楼B室,广东深圳市南山区大冲新城花园2栋F座楼B室,113.894639,22.565722
新南山科技北,广东,深圳市,南山区,粤海街道科技园麻雀岭工业区M楼,广东深圳市南山区粤海街道科技园麻雀岭工业区M楼,广东深圳市南山区粤海街道科技园麻雀岭工业区M楼,113.945906,22.544475
新南山科技北,广东,深圳市,南山区,南山区粤海街道粤海街道科兴路10号汇景豪苑小区二栋海欣阁,广东深圳市南山区粤海街道粤海街道科兴路10号汇景豪苑小区二栋海欣阁,广东深圳市南山区粤海街道粤海街道科兴路10号汇景豪苑小区二栋海欣阁,113.943436,22.541216
新南山科技北,广东,深圳市,南山区,西丽街道松坪村三期西区1A栋丰巢快递柜T76738绿,广东深圳市南山区西丽街道松坪村三期西区1A栋丰巢快递柜T76738绿,广东深圳市南山区西丽街道松坪村三期西区1A栋丰巢快递柜T76738绿,113.954996,22.558563
新南山科技北,广东,深圳市,南山区,南山区大冲城市花园10A栋D座,广东深圳市南山区大冲城市花园10A栋D座,广东深圳市南山区大冲城市花园10A栋D座,113.930478,22.533191
新南山科技北,广东,深圳市,南山区,粤海街道园西工业区25栋东三段,广东深圳市南山区粤海街道园西工业区25栋东三段,广东深圳市南山区粤海街道园西工业区25栋东三段,113.943958,22.543367
新南山科技北,广东,深圳市,南山区,高新北六道25号银河风云大厦楼思,广东深圳市南山区高新北六道25号银河风云大厦楼思,广东深圳市南山区高新北六道25号银河风云大厦楼思,113.942366,22.553925
新南山科技北,广东,深圳市,南山区,豪方花园6栋,广东深圳市南山区豪方花园6栋,广东深圳市南山区豪方花园6栋,113.933938,22.543875
新南山科技北,广东,深圳市,南山区,科技中一路创益科兴科学园B栋楼,广东深圳市南山区科技中一路创益科兴科学园B栋楼,广东深圳市南山区科技中一路创益科兴科学园B栋楼,113.937319,22.548697
新南山科技北,广东,深圳市,南山区,粤海街道深南大道9968号汉京金融中心楼公司深圳减,广东深圳市南山区粤海街道深南大道9968号汉京金融中心楼公司深圳减,广东深圳市南山区粤海街道深南大道9968号汉京金融中心楼公司深圳减,113.939612,22.540628
新南山科技北,广东,深圳市,南山区,粤海街道润玺二期1栋,广东深圳市南山区粤海街道润玺二期1栋,广东深圳市南山区粤海街道润玺二期1栋,113.944859,22.528137
新南山科技北,广东,深圳市,南山区,宝深路99号科陆大厦B座楼一号私厨,广东深圳市南山区宝深路99号科陆大厦B座楼一号私厨,广东深圳市南山区宝深路99号科陆大厦B座楼一号私厨,113.941298,22.561212
新南山科技北,广东,深圳市,南山区,南海大道404号豪方花园7栋,广东深圳市南山区南海大道404号豪方花园7栋,广东深圳市南山区南海大道404号豪方花园7栋,113.935086,22.544164
新南山科技北,广东,深圳市,南山区,西丽街道松坪街8号兰苑61栋住宅楼,广东深圳市南山区西丽街道松坪街8号兰苑61栋住宅楼,广东深圳市南山区西丽街道松坪街8号兰苑61栋住宅楼,113.95712,22.557151
新南山科技北,广东,深圳市,南山区,粤海街道,广东深圳市南山区粤海街道,广东深圳市南山区粤海街道,113.944859,22.528137
新南山科技北,广东,深圳市,南山区,赛百诺大厦C座,广东深圳市南山区赛百诺大厦C座,广东深圳市南山区赛百诺大厦C座,113.935482,22.548625
新南山科技北,广东,深圳市,南山区,粤海街道广东省深圳市南山区大冲三路88号1,广东深圳市南山区粤海街道广东省深圳市南山区大冲三路88号1,广东深圳市南山区粤海街道广东省深圳市南山区大冲三路88号1,113.944859,22.528137
新南山科技北,广东,深圳市,南山区,深圳市南山区华润城润玺一期2栋,广东深圳市南山区深圳市南山区华润城润玺一期2栋,广东深圳市南山区深圳市南山区华润城润玺一期2栋,113.959053,22.544894
新南山科技北,广东,深圳市,南山区,南山区粤海街道科兴路汇景豪苑,广东深圳市南山区粤海街道科兴路汇景豪苑,广东深圳市南山区粤海街道科兴路汇景豪苑,113.943166,22.540888
新南山科技北,广东,深圳市,南山区,科技园科慧1号沛鸿电子厂,广东深圳市南山区科技园科慧1号沛鸿电子厂,广东深圳市南山区科技园科慧1号沛鸿电子厂,113.94604,22.54461
新南山科技北,广东,深圳市,南山区,粤海街道广东省深圳市南山区麻岭社区帝景园一期A座二单元,广东深圳市南山区粤海街道广东省深圳市南山区麻岭社区帝景园一期A座二单元,广东深圳市南山区粤海街道广东省深圳市南山区麻岭社区帝景园一期A座二单元,113.936925,22.541456
新南山科技北,广东,深圳市,南山区,粤海街道青梧路4号科苑学里4栋,广东深圳市南山区粤海街道青梧路4号科苑学里4栋,广东深圳市南山区粤海街道青梧路4号科苑学里4栋,113.953089,22.550142
新南山科技北,广东,深圳市,南山区,粤海街道阳光海景豪苑B,广东深圳市南山区粤海街道阳光海景豪苑B,广东深圳市南山区粤海街道阳光海景豪苑B,113.934002,22.542389
新南山科技北,广东,深圳市,南山区,山区科技园科兴路6号科苑西住宅小区33栋,广东深圳市南山区山区科技园科兴路6号科苑西住宅小区33栋,广东深圳市南山区山区科技园科兴路6号科苑西住宅小区33栋,113.942636,22.542877
新南山科技北,广东,深圳市,南山区,南山区粤海街道文华路3号科苑花园37区1栋一单元202,广东深圳市南山区粤海街道文华路3号科苑花园37区1栋一单元202,广东深圳市南山区粤海街道文华路3号科苑花园37区1栋一单元202,113.948403,22.546155
新南山科技北,广东,深圳市,南山区,南山粤海街道深大地铁口A4出口功柔堂,广东深圳市南山区南山粤海街道深大地铁口A4出口功柔堂,广东深圳市南山区南山粤海街道深大地铁口A4出口功柔堂,113.945107,22.541217
新南山科技北,广东,深圳市,南山区,科技中三路1号海王银河科技大厦,广东深圳市南山区科技中三路1号海王银河科技大厦,广东深圳市南山区科技中三路1号海王银河科技大厦,113.941597,22.540648
新南山科技北,广东,深圳市,南山区,大冲城市花园6栋,广东深圳市南山区大冲城市花园6栋,广东深圳市南山区大冲城市花园6栋,113.930478,22.533191
新南山科技北,广东,深圳市,南山区,凯丽花园4栋二单元,广东深圳市南山区凯丽花园4栋二单元,广东深圳市南山区凯丽花园4栋二单元,113.939307,22.542981
新南山科技北,广东,深圳市,南山区,科技园58区4栋单元,广东深圳市南山区科技园58区4栋单元,广东深圳市南山区科技园58区4栋单元,113.951998,22.549586
新南山科技北,广东,深圳市,南山区,粤海街道科兴路10号汇景豪苑海欣阁29C,广东深圳市南山区粤海街道科兴路10号汇景豪苑海欣阁29C,广东深圳市南山区粤海街道科兴路10号汇景豪苑海欣阁29C,113.943562,22.541104
新南山科技北,广东,深圳市,南山区,粤海街道南山区科兴科学园C1栋散热磁吸支架苹果,广东深圳市南山区粤海街道南山区科兴科学园C1栋,广东深圳市南山区粤海街道南山区科兴科学园C1栋,113.944739,22.547835
新南山科技北,广东,深圳市,南山区,南山区西丽街道同方科兴科学园c栋,广东深圳市南山区西丽街道同方科兴科学园c栋,广东深圳市南山区西丽街道同方科兴科学园c栋,113.948797,22.554278
新南山科技北,广东,深圳市,南山区,康泰创新广场A座503单元,广东深圳市南山区康泰创新广场A座503单元,广东深圳市南山区康泰创新广场A座503单元,113.948426,22.54379
新南山科技北,广东,深圳市,南山区,粤海街道大冲三路88号华润城润玺二期花园4栋,广东深圳市南山区粤海街道大冲三路88号华润城润玺二期花园4栋,广东深圳市南山区粤海街道大冲三路88号华润城润玺二期花园4栋,113.958388,22.546721
新南山科技北,广东,深圳市,南山区,广东省深圳市南山区西丽街道朗山路11号同方科兴科学园A栋楼中南奢检钟表技术,广东深圳市南山区广东省深圳市南山区西丽街道朗山路11号同方科兴科学园A栋楼中南奢检钟表技术,广东深圳市南山区广东省深圳市南山区西丽街道朗山路11号同方科兴科学园A栋楼中南奢检钟表技术,113.948722,22.555452
新南山科技北,广东,深圳市,南山区,大冲新城花园1栋,广东深圳市南山区大冲新城花园1栋,广东深圳市南山区大冲新城花园1栋,113.894092,22.566183
新南山科技北,广东,深圳市,南山区,科发路8号金融基地1栋D,广东深圳市南山区科发路8号金融基地1栋D,广东深圳市南山区科发路8号金融基地1栋D,113.946785,22.543403
新南山科技北,广东,深圳市,南山区,粤海街道深圳市南山区粤海街道铜鼓社区沙河西路2023英伦名苑三期12栋一单元,广东深圳市南山区粤海街道深圳市南山区粤海街道铜鼓社区沙河西路2023英伦名苑三期12栋一单元,广东深圳市南山区粤海街道深圳市南山区粤海街道铜鼓社区沙河西路2023英伦名苑三期12栋一单元,113.955665,22.547316
新南山科技北,广东,深圳市,南山区,科技园社区粤海街道科兴路10号汇景豪苑海典阁,广东深圳市南山区科技园社区粤海街道科兴路10号汇景豪苑海典阁,广东深圳市南山区科技园社区粤海街道科兴路10号汇景豪苑海典阁,113.942681,22.540715
新南山科技北,广东,深圳市,南山区,粤海街道办沙河西路大冲新城花园2栋A座,广东深圳市南山区粤海街道办沙河西路大冲新城花园2栋A座,广东深圳市南山区粤海街道办沙河西路大冲新城花园2栋A座,113.924164,22.488255
新南山科技北,广东,深圳市,南山区,粤海街道国人通信大厦B栋,广东深圳市南山区粤海街道国人通信大厦B栋,广东深圳市南山区粤海街道国人通信大厦B栋,113.941106,22.543463
新南山科技北,广东,深圳市,南山区,桑达科技大厦2a,广东深圳市南山区桑达科技大厦2a,广东深圳市南山区桑达科技大厦2a,113.949149,22.541142
新南山科技北,广东,深圳市,南山区,粤海街道比克科技大厦,广东深圳市南山区粤海街道比克科技大厦,广东深圳市南山区粤海街道比克科技大厦,113.93284,22.541466
新南山科技北,广东,深圳市,南山区,深圳南山区松坪山彩虹科技大厦,广东深圳市南山区深圳南山区松坪山彩虹科技大厦,广东深圳市南山区深圳南山区松坪山彩虹科技大厦,113.940633,22.554772
新南山科技北,广东,深圳市,南山区,粤海街道万和医药园A区楼,广东深圳市南山区粤海街道万和医药园A区楼,广东深圳市南山区粤海街道万和医药园A区楼,113.944859,22.528137
新南山科技北,广东,深圳市,南山区,西丽街道高新北六道高北十六创意园未来滑手雪具店,广东深圳市南山区西丽街道高新北六道高北十六创意园未来滑手雪具店,广东深圳市南山区西丽街道高新北六道高北十六创意园未来滑手雪具店,113.943347,22.554489
新南山科技北,广东,深圳市,南山区,粤海街道南海大道4040号豪方花园5栋,广东深圳市南山区粤海街道南海大道4040号豪方花园5栋,广东深圳市南山区粤海街道南海大道4040号豪方花园5栋,113.932917,22.543776
新南山科技北,广东,深圳市,南山区,南山区粤海街道文华路2号华润城润府1期3栋,广东深圳市南山区粤海街道文华路2号华润城润府1期3栋,广东深圳市南山区粤海街道文华路2号华润城润府1期3栋,113.956698,22.549193
新南山科技北,广东,深圳市,南山区,粤海街道润玺1期花园2栋,广东深圳市南山区粤海街道润玺1期花园2栋,广东深圳市南山区粤海街道润玺1期花园2栋,113.944859,22.528137
新南山科技北,广东,深圳市,南山区,西丽街道中建科工创新联合大厦生活区,广东深圳市南山区西丽街道中建科工创新联合大厦生活区,广东深圳市南山区西丽街道中建科工创新联合大厦生活区,113.937338,22.561167
新南山科技北,广东,深圳市,南山区,粤海街道大冲社区深南大道9668号华润置地大厦C座北京银行华润万象天地华润置地大厦B座一单元LG,广东深圳市南山区粤海街道大冲社区深南大道9668号华润置地大厦C座北京银行华润万象天地华润置地大厦B座一单元LG,广东深圳市南山区粤海街道大冲社区深南大道9668号华润置地大厦C座北京银行华润万象天地华润置地大厦B座一单元LG,113.955887,22.541323
新南山科技北,广东,深圳市,南山区,朗山路11号同方信息港A座8D,广东深圳市南山区朗山路11号同方信息港A座8D,广东深圳市南山区朗山路11号同方信息港A座8D,113.948851,22.555378
新南山科技北,广东,深圳市,南山区,高新园大冲商务中心 A座室,广东深圳市南山区高新园大冲商务中心 A座室,广东深圳市南山区高新园大冲商务中心 A座室,113.924164,22.488255
新南山科技北,广东,深圳市,南山区,特安洁净能源科技有限公司-东门,广东深圳市南山区特安洁净能源科技有限公司-东门,广东深圳市南山区特安洁净能源科技有限公司-东门,114.063825,22.530175
新南山科技北,广东,深圳市,南山区,粤海街道科苑路11号金融科技大厦楼AB,广东深圳市南山区粤海街道科苑路11号金融科技大厦楼AB,广东深圳市南山区粤海街道科苑路11号金融科技大厦楼AB,113.944647,22.546097
新南山科技北,广东,深圳市,南山区,粤海街道科技路654号大冲新城花园2,广东深圳市南山区粤海街道科技路654号大冲新城花园2,广东深圳市南山区粤海街道科技路654号大冲新城花园2,113.93928,22.541147
新南山科技北,广东,深圳市,南山区,科技园北松坪山新东路1号清华信息港科研楼,广东深圳市南山区科技园北松坪山新东路1号清华信息港科研楼,广东深圳市南山区科技园北松坪山新东路1号清华信息港科研楼,113.947589,22.553746
新南山科技北,广东,深圳市,南山区,西丽街道科苑北路78号共享大厦艺龙壹棠酒店,广东深圳市南山区西丽街道科苑北路78号共享大厦艺龙壹棠酒店,广东深圳市南山区西丽街道科苑北路78号共享大厦艺龙壹棠酒店,113.946378,22.560645
新南山科技北,广东,深圳市,南山区,西丽街道奥比科技大厦,广东深圳市南山区西丽街道奥比科技大厦,广东深圳市南山区西丽街道奥比科技大厦,113.941413,22.560588
新南山科技北,广东,深圳市,南山区,粤海街道硅谷别墅28栋,广东深圳市南山区粤海街道硅谷别墅28栋,广东深圳市南山区粤海街道硅谷别墅28栋,113.944859,22.528137
新南山科技北,广东,深圳市,南山区,科技中三路国人大厦B座,广东深圳市南山区科技中三路国人大厦B座,广东深圳市南山区科技中三路国人大厦B座,113.92301,22.520049
新南山科技北,广东,深圳市,南山区,地址：深圳市南山区高新中一道万和医药园B栋楼收件人：陶先生,广东深圳市南山区地址：深圳市南山区高新中一道万和医药园B栋楼,广东深圳市南山区地址：深圳市南山区高新中一道万和医药园B栋楼,113.939326,22.549613
新南山科技北,广东,深圳市,南山区,粤海街道科技中二路9号一栋彩楼公寓,广东深圳市南山区粤海街道科技中二路9号一栋彩楼公寓,广东深圳市南山区粤海街道科技中二路9号一栋彩楼公寓,113.938315,22.541576
新南山科技北,广东,深圳市,南山区,科技园同方信息港F栋楼欧冶,广东深圳市南山区科技园同方信息港F栋楼欧冶,广东深圳市南山区科技园同方信息港F栋楼欧冶,113.94604,22.54461
新南山科技北,广东,深圳市,南山区,西丽街道高新技术产业园梦溪道2号酷派大厦A座13A,广东深圳市南山区西丽街道高新技术产业园梦溪道2号酷派大厦A座13A,广东深圳市南山区西丽街道高新技术产业园梦溪道2号酷派大厦A座13A,113.944607,22.560832
新南山科技北,广东,深圳市,南山区,粤海街道科技中二路9-1号彩楼公寓1栋,广东深圳市南山区粤海街道科技中二路9-1号彩楼公寓1栋,广东深圳市南山区粤海街道科技中二路9-1号彩楼公寓1栋,113.937933,22.541763
新南山科技北,广东,深圳市,南山区,深南大道9668号正西方向50米北京银行大厦,广东深圳市南山区深南大道9668号正西方向50米北京银行大厦,广东深圳市南山区深南大道9668号正西方向50米北京银行大厦,113.956242,22.541073
新南山科技北,广东,深圳市,南山区,高新科技园中区科苑路16号东方科技大厦,广东深圳市南山区高新科技园中区科苑路16号东方科技大厦,广东深圳市南山区高新科技园中区科苑路16号东方科技大厦,113.946033,22.547765
新南山科技北,广东,深圳市,南山区,文华路2号华润城润府4,广东深圳市南山区文华路2号华润城润府4,广东深圳市南山区文华路2号华润城润府4,113.952537,22.548155
新南山科技北,广东,深圳市,南山区,润玺一期2栋,广东深圳市南山区润玺一期2栋,广东深圳市南山区润玺一期2栋,113.930478,22.533191
新南山科技北,广东,深圳市,南山区,粤海街道与门牌号粤海集团大厦2705隆仁律师,广东深圳市南山区粤海街道与门牌号粤海集团大厦2705隆仁律师,广东深圳市南山区粤海街道与门牌号粤海集团大厦2705隆仁律师,113.944859,22.528137
新南山科技北,广东,深圳市,南山区,深南花园B栋E,广东深圳市南山区深南花园B栋E,广东深圳市南山区深南花园B栋E,113.944037,22.540769
新南山科技北,广东,深圳市,南山区,粤海街道大冲六路华润城润玺2期花园1栋,广东深圳市南山区粤海街道大冲六路华润城润玺2期花园1栋,广东深圳市南山区粤海街道大冲六路华润城润玺2期花园1栋,113.958634,22.545629
新南山科技北,广东,深圳市,南山区,长园新材料港4栋,广东深圳市南山区长园新材料港4栋,广东深圳市南山区长园新材料港4栋,113.943839,22.550558
新南山科技北,广东,深圳市,南山区,粤海街道华润城润府一期铜鼓路98号附近3栋,广东深圳市南山区粤海街道华润城润府一期铜鼓路98号附近3栋,广东深圳市南山区粤海街道华润城润府一期铜鼓路98号附近3栋,113.955109,22.548754
新南山科技北,广东,深圳市,南山区,群芳街48号松坪山综合楼新款国六配重反光贴左,广东深圳市南山区群芳街48号松坪山综合楼新款国六配重反光贴左,广东深圳市南山区群芳街48号松坪山综合楼新款国六配重反光贴左,113.954101,22.558594
新南山科技北,广东,深圳市,南山区,华润城润府三期6,广东深圳市南山区华润城润府三期6,广东深圳市南山区华润城润府三期6,113.954898,22.546563
新南山科技北,广东,深圳市,南山区,粤海街道深圳市南山区科兴科学园栋荣粤酒家楼营业台,广东深圳市南山区粤海街道深圳市南山区科兴科学园栋荣粤酒家楼营业台,广东深圳市南山区粤海街道深圳市南山区科兴科学园栋荣粤酒家楼营业台,113.94475,22.548886
新南山科技北,广东,深圳市,南山区,粤海街道研祥科技大厦,广东深圳市南山区粤海街道研祥科技大厦,广东深圳市南山区粤海街道研祥科技大厦,113.932944,22.542128
新南山科技北,广东,深圳市,南山区,深南大道9966号威盛大厦楼,广东深圳市南山区深南大道9966号威盛大厦楼,广东深圳市南山区深南大道9966号威盛大厦楼,113.940036,22.540647
新南山科技北,广东,深圳市,南山区,南山区松平山科苑新区17栋单元长科公寓706,广东深圳市南山区松平山科苑新区17栋单元长科公寓706,广东深圳市南山区松平山科苑新区17栋单元长科公寓706,113.946484,22.555036
新南山科技北,广东,深圳市,南山区,南片区松坪村兰苑62栋,广东深圳市南山区南片区松坪村兰苑62栋,广东深圳市南山区南片区松坪村兰苑62栋,113.9564,22.557895
新南山科技北,广东,深圳市,南山区,西丽街道朗山路25号高分子研发大厦,广东深圳市南山区西丽街道朗山路25号高分子研发大厦,广东深圳市南山区西丽街道朗山路25号高分子研发大厦,113.935991,22.556424
新南山科技北,广东,深圳市,南山区,朗山路11号同方信息港A栋楼,广东深圳市南山区朗山路11号同方信息港A栋楼,广东深圳市南山区朗山路11号同方信息港A栋楼,113.943926,22.554459
新南山科技北,广东,深圳市,南山区,高新北三道17号杏林雅苑A4404,广东深圳市南山区高新北三道17号杏林雅苑A4404,广东深圳市南山区高新北三道17号杏林雅苑A4404,113.94357,22.557673
新南山科技北,广东,深圳市,南山区,南山区北环大道兰光科技园兰光科技园C栋C801亚滴新能源,广东深圳市南山区北环大道兰光科技园兰光科技园C栋C801亚滴新能源,广东深圳市南山区北环大道兰光科技园兰光科技园C栋C801亚滴新能源,113.942073,22.553403
新南山科技北,广东,深圳市,南山区,粤海街道华润润府一期10D别墅大门,广东深圳市南山区粤海街道华润润府一期10D别墅大门,广东深圳市南山区粤海街道华润润府一期10D别墅大门,113.955109,22.548754
新南山科技北,广东,深圳市,南山区,西丽街松坪村菊苑19栋,广东深圳市南山区西丽街松坪村菊苑19栋,广东深圳市南山区西丽街松坪村菊苑19栋,113.952369,22.55633
新南山科技北,广东,深圳市,南山区,南山区粤海街道科发路2号6栋,广东深圳市南山区粤海街道科发路2号6栋,广东深圳市南山区粤海街道科发路2号6栋,113.950526,22.544186
新南山科技北,广东,深圳市,南山区,西丽街道松坪山社区乌石头路8号天明科技大厦,广东深圳市南山区西丽街道松坪山社区乌石头路8号天明科技大厦,广东深圳市南山区西丽街道松坪山社区乌石头路8号天明科技大厦,113.950495,22.55476
新南山科技北,广东,深圳市,南山区,西丽街道华升公馆南山区店B,广东深圳市南山区西丽街道华升公馆南山区店B,广东深圳市南山区西丽街道华升公馆南山区店B,113.951872,22.577467
新南山科技北,广东,深圳市,南山区,粤海街道华润城润府3期3栋单元,广东深圳市南山区粤海街道华润城润府3期3栋单元,广东深圳市南山区粤海街道华润城润府3期3栋单元,113.954488,22.545323
新南山科技北,广东,深圳市,南山区,粤海街道高新中二道豪方现代豪园9栋D房,广东深圳市南山区粤海街道高新中二道豪方现代豪园9栋D房,广东深圳市南山区粤海街道高新中二道豪方现代豪园9栋D房,113.935056,22.545401
新南山科技北,广东,深圳市,南山区,高新中区深圳软件园2栋楼,广东深圳市南山区高新中区深圳软件园2栋楼,广东深圳市南山区高新中区深圳软件园2栋楼,113.942619,22.535666
新南山科技北,广东,深圳市,南山区,粤海街道讯美科技广场3号楼财务部,广东深圳市南山区粤海街道讯美科技广场3号楼财务部,广东深圳市南山区粤海街道讯美科技广场3号楼财务部,113.945962,22.545717
新南山科技北,广东,深圳市,南山区,华润置地D座楼wework楼,广东深圳市南山区华润置地D座楼wework楼,广东深圳市南山区华润置地D座楼wework楼,113.952226,22.539461
新南山科技北,广东,深圳市,南山区,教育科学研究院附属学校教育集团松,广东深圳市南山区教育科学研究院附属学校教育集团松,广东深圳市南山区教育科学研究院附属学校教育集团松,114.055476,22.544108
新南山科技北,广东,深圳市,南山区,粤海街道南山区科苑学里小区2栋,广东深圳市南山区粤海街道南山区科苑学里小区2栋,广东深圳市南山区粤海街道南山区科苑学里小区2栋,113.951555,22.550229
新南山科技北,广东,深圳市,南山区,粤海街道琼宇路7号桑达苑1栋,广东深圳市南山区粤海街道琼宇路7号桑达苑1栋,广东深圳市南山区粤海街道琼宇路7号桑达苑1栋,113.947248,22.550082
新南山科技北,广东,深圳市,南山区,西丽街道同方科兴科学园D栋D,广东深圳市南山区西丽街道同方科兴科学园D栋D,广东深圳市南山区西丽街道同方科兴科学园D栋D,113.949258,22.555211
新南山科技北,广东,深圳市,南山区,科技中三路国人大厦B座601点,广东深圳市南山区科技中三路国人大厦B座601点,广东深圳市南山区科技中三路国人大厦B座601点,113.92301,22.520049
新南山科技北,广东,深圳市,南山区,西丽街道朗山路11号同方信息港F栋楼,广东深圳市南山区西丽街道朗山路11号同方信息港F栋楼,广东深圳市南山区西丽街道朗山路11号同方信息港F栋楼,113.943926,22.554459
新南山科技北,广东,深圳市,南山区,粤海街道沙河西路2021-8号英伦名苑7,广东深圳市南山区粤海街道沙河西路2021-8号英伦名苑7,广东深圳市南山区粤海街道沙河西路2021-8号英伦名苑7,113.95641,22.548547
新南山科技北,广东,深圳市,南山区,西丽街道松坪山科苑新区13栋二单元,广东深圳市南山区西丽街道松坪山科苑新区13栋二单元,广东深圳市南山区西丽街道松坪山科苑新区13栋二单元,113.946056,22.554804
新南山科技北,广东,深圳市,南山区,豪方现代豪园3栋,广东深圳市南山区豪方现代豪园3栋,广东深圳市南山区豪方现代豪园3栋,113.925854,22.528674
新南山科技北,广东,深圳市,南山区,西丽街道朗山路12号孙逸仙心血管医院行政楼负楼总,广东深圳市南山区西丽街道朗山路12号孙逸仙心血管医院行政楼负楼总,广东深圳市南山区西丽街道朗山路12号孙逸仙心血管医院行政楼负楼总,113.947834,22.556388
新南山科技北,广东,深圳市,南山区,西丽街道酷派大厦C座,广东深圳市南山区西丽街道酷派大厦C座,广东深圳市南山区西丽街道酷派大厦C座,113.94483,22.560865
新南山科技北,广东,深圳市,南山区,西丽街道松坪村三期西区二栋,广东深圳市南山区西丽街道松坪村三期西区二栋,广东深圳市南山区西丽街道松坪村三期西区二栋,113.955296,22.559323
新南山科技北,广东,深圳市,南山区,大冲新城花园2栋B座房陈,广东深圳市南山区大冲新城花园2栋B座房陈,广东深圳市南山区大冲新城花园2栋B座房陈,113.894639,22.565722
新南山科技北,广东,深圳市,南山区,科技中一路6号帝景园二期-B栋,广东深圳市南山区科技中一路6号帝景园二期-B栋,广东深圳市南山区科技中一路6号帝景园二期-B栋,113.935868,22.541062
新南山科技北,广东,深圳市,南山区,大冲新城花园2栋C,广东深圳市南山区大冲新城花园2栋C,广东深圳市南山区大冲新城花园2栋C,113.894639,22.565722
新南山科技北,广东,深圳市,南山区,高新北三道17号杏林雅苑一单元A栋室,广东深圳市南山区高新北三道17号杏林雅苑一单元A栋室,广东深圳市南山区高新北三道17号杏林雅苑一单元A栋室,113.94357,22.557673
新南山科技北,广东,深圳市,南山区,西丽街道松坪山路5号嘉达研发大楼A座507earthbeat大,广东深圳市南山区西丽街道松坪山路5号嘉达研发大楼A座507earthbeat大,广东深圳市南山区西丽街道松坪山路5号嘉达研发大楼A座507earthbeat大,113.951647,22.555601
新南山科技北,广东,深圳市,南山区,沙河街道沙河西路2029号城市山谷7B,广东深圳市南山区沙河街道沙河西路2029号城市山谷7B,广东深圳市南山区沙河街道沙河西路2029号城市山谷7B,113.954789,22.550673
新南山科技北,广东,深圳市,南山区,松坪山梅苑54栋,广东深圳市南山区松坪山梅苑54栋,广东深圳市南山区松坪山梅苑54栋,113.95237,22.560068
新南山科技北,广东,深圳市,南山区,粤海街道麻岭社区科研路9号比克大厦,广东深圳市南山区粤海街道麻岭社区科研路9号比克大厦,广东深圳市南山区粤海街道麻岭社区科研路9号比克大厦,113.932925,22.541418
新南山科技北,广东,深圳市,南山区,粤海街道办科发路南山金融大厦楼,广东深圳市南山区粤海街道办科发路南山金融大厦楼,广东深圳市南山区粤海街道办科发路南山金融大厦楼,113.95337,22.54264
新南山科技北,广东,深圳市,南山区,南山区粤海街道大冲国际中心2栋B,广东深圳市南山区粤海街道大冲国际中心2栋B,广东深圳市南山区粤海街道大冲国际中心2栋B,113.944859,22.528137
新南山科技北,广东,深圳市,南山区,粤海街道大冲六路华润润玺2期花园4,广东深圳市南山区粤海街道大冲六路华润润玺2期花园4,广东深圳市南山区粤海街道大冲六路华润润玺2期花园4,113.944859,22.528137
新南山科技北,广东,深圳市,南山区,深南大道9672号附近大冲商务中心-D座红色小奥迪红紫一支红色小奥迪红橙一支红色小奥迪极速,广东深圳市南山区深南大道9672号附近大冲商务中心-D座,广东深圳市南山区深南大道9672号附近大冲商务中心-D座,113.953369,22.541351
新南山科技北,广东,深圳市,南山区,粤海街道铜鼓路28号华润城2期A,广东深圳市南山区粤海街道铜鼓路28号华润城2期A,广东深圳市南山区粤海街道铜鼓路28号华润城2期A,113.954441,22.541976
新南山科技北,广东,深圳市,南山区,粤海街道大冲城市花园4a,广东深圳市南山区粤海街道大冲城市花园4a,广东深圳市南山区粤海街道大冲城市花园4a,113.944859,22.528137
新南山科技北,广东,深圳市,南山区,北环大道南面琼玉路10号澳特科兴科学园C座楼前台快递收发室,广东深圳市南山区北环大道南面琼玉路10号澳特科兴科学园C座楼前台快递收发室,广东深圳市南山区北环大道南面琼玉路10号澳特科兴科学园C座楼前台快递收发室,113.944199,22.547553
新南山科技北,广东,深圳市,南山区,西丽街道山区清华信息港A栋负楼,广东深圳市南山区西丽街道山区清华信息港A栋负楼,广东深圳市南山区西丽街道山区清华信息港A栋负楼,113.947089,22.552983
新南山科技北,广东,深圳市,南山区,西丽街道松坪山乌石头路20号腾峰汽车有限公司,广东深圳市南山区西丽街道松坪山乌石头路20号腾峰汽车有限公司,广东深圳市南山区西丽街道松坪山乌石头路20号腾峰汽车有限公司,113.948882,22.560465
新南山科技北,广东,深圳市,南山区,粤海街道桑达科技大厦1502乾乾编程有限公司,广东深圳市南山区粤海街道桑达科技大厦1502乾乾编程有限公司,广东深圳市南山区粤海街道桑达科技大厦1502乾乾编程有限公司,113.949041,22.541159
新南山科技北,广东,深圳市,南山区,西丽街道朗山路16号华瀚创新园D座一单元室蓝,广东深圳市南山区西丽街道朗山路16号华瀚创新园D座一单元室蓝,广东深圳市南山区西丽街道朗山路16号华瀚创新园D座一单元室蓝,113.944609,22.55758
新南山科技北,广东,深圳市,南山区,粤海街道科技路654号大冲新城花园,广东深圳市南山区粤海街道科技路654号大冲新城花园,广东深圳市南山区粤海街道科技路654号大冲新城花园,113.93928,22.541147
新南山科技北,广东,深圳市,南山区,南山区润府一期2栋H,广东深圳市南山区润府一期2栋H,广东深圳市南山区润府一期2栋H,113.956798,22.549177
新南山科技北,广东,深圳市,南山区,西丽街道华瀚科技D座楼D608装,广东深圳市南山区西丽街道华瀚科技D座楼D608装,广东深圳市南山区西丽街道华瀚科技D座楼D608装,113.944315,22.557351
新南山科技北,广东,深圳市,南山区,科技园北区朗山路13号紫光信息港B,广东深圳市南山区科技园北区朗山路13号紫光信息港B,广东深圳市南山区科技园北区朗山路13号紫光信息港B,113.947066,22.554932
新南山科技北,广东,深圳市,南山区,粤海街道科技中一路招行研发中心,广东深圳市南山区粤海街道科技中一路招行研发中心,广东深圳市南山区粤海街道科技中一路招行研发中心,113.934359,22.541389
新南山科技北,广东,深圳市,南山区,讯美科技广场2号楼,广东深圳市南山区讯美科技广场2号楼,广东深圳市南山区讯美科技广场2号楼,113.946946,22.545605
新南山科技北,广东,深圳市,南山区,深圳南山区科技园汇景豪苑海欣阁,广东深圳市南山区深圳南山区科技园汇景豪苑海欣阁,广东深圳市南山区深圳南山区科技园汇景豪苑海欣阁,113.943436,22.541216
新南山科技北,广东,深圳市,南山区,粤海街道华润城润玺2期4栋,广东深圳市南山区粤海街道华润城润玺2期4栋,广东深圳市南山区粤海街道华润城润玺2期4栋,113.958634,22.545629
新南山科技北,广东,深圳市,南山区,粤海街道华润城润玺一期3栋,广东深圳市南山区粤海街道华润城润玺一期3栋,广东深圳市南山区粤海街道华润城润玺一期3栋,113.958378,22.544844
新南山科技北,广东,深圳市,南山区,华润城润府三期三栋,广东深圳市南山区华润城润府三期三栋,广东深圳市南山区华润城润府三期三栋,113.954898,22.546563
新南山科技北,广东,深圳市,南山区,润府一期3栋D,广东深圳市南山区润府一期3栋D,广东深圳市南山区润府一期3栋D,113.955109,22.548754
新南山科技北,广东,深圳市,南山区,粤海街道科技园社区高新中一道长园新材料港1栋楼室云庐粤菜,广东深圳市南山区粤海街道科技园社区高新中一道长园新材料港1栋楼室云庐粤菜,广东深圳市南山区粤海街道科技园社区高新中一道长园新材料港1栋楼室云庐粤菜,113.943329,22.550561
新南山科技北,广东,深圳市,南山区,西丽街道松坪村梅苑46栋,广东深圳市南山区西丽街道松坪村梅苑46栋,广东深圳市南山区西丽街道松坪村梅苑46栋,113.952054,22.558882
新南山科技北,广东,深圳市,南山区,粤海街道豪方现代豪园5栋,广东深圳市南山区粤海街道豪方现代豪园5栋,广东深圳市南山区粤海街道豪方现代豪园5栋,113.925845,22.528908
新南山科技北,广东,深圳市,南山区,粤海街道南山科兴科学园栋,广东深圳市南山区粤海街道南山科兴科学园栋,广东深圳市南山区粤海街道南山科兴科学园栋,113.942075,22.548328
新南山科技北,广东,深圳市,南山区,粤海街道华润城润玺二期4栋,广东深圳市南山区粤海街道华润城润玺二期4栋,广东深圳市南山区粤海街道华润城润玺二期4栋,113.958249,22.547618
新南山科技北,广东,深圳市,南山区,西丽街道松坪街5号松坪村3期西区三栋,广东深圳市南山区西丽街道松坪街5号松坪村3期西区三栋,广东深圳市南山区西丽街道松坪街5号松坪村3期西区三栋,113.955195,22.560355
新南山科技北,广东,深圳市,南山区,科技园讯美科技广场3号楼楼会议中心,广东深圳市南山区科技园讯美科技广场3号楼楼会议中心,广东深圳市南山区科技园讯美科技广场3号楼楼会议中心,113.946946,22.545605
新南山科技北,广东,深圳市,南山区,南山区科兴路汇景花园海逸阁,广东深圳市南山区科兴路汇景花园海逸阁,广东深圳市南山区科兴路汇景花园海逸阁,113.942371,22.540684
新南山科技北,广东,深圳市,南山区,粤海街道科技中一路创益科兴科学园B栋,广东深圳市南山区粤海街道科技中一路创益科兴科学园B栋,广东深圳市南山区粤海街道科技中一路创益科兴科学园B栋,113.944323,22.549287
新南山科技北,广东,深圳市,南山区,润府一期6栋,广东深圳市南山区润府一期6栋,广东深圳市南山区润府一期6栋,113.955109,22.548754
新南山科技北,广东,深圳市,南山区,南山区粤海街道深南大道9998号万利达科技大厦,广东深圳市南山区粤海街道深南大道9998号万利达科技大厦,广东深圳市南山区粤海街道深南大道9998号万利达科技大厦,113.933736,22.540547
新南山科技北,广东,深圳市,南山区,南山区粤海街道大冲六路华润城润玺1期花园1栋,广东深圳市南山区粤海街道大冲六路华润城润玺1期花园1栋,广东深圳市南山区粤海街道大冲六路华润城润玺1期花园1栋,113.958634,22.545629
新南山科技北,广东,深圳市,南山区,粤海街道铜鼓路168号大冲城市花园5栋楼c,广东深圳市南山区粤海街道铜鼓路168号大冲城市花园5栋楼c,广东深圳市南山区粤海街道铜鼓路168号大冲城市花园5栋楼c,113.955109,22.548754
新南山科技北,广东,深圳市,南山区,南山区西丽街道朗山路25号永合高分子研发大厦3栋,广东深圳市南山区西丽街道朗山路25号永合高分子研发大厦3栋,广东深圳市南山区西丽街道朗山路25号永合高分子研发大厦3栋,113.93619,22.556381
新南山科技北,广东,深圳市,南山区,粤海街道科技路2号朗景园A,广东深圳市南山区粤海街道科技路2号朗景园A,广东深圳市南山区粤海街道科技路2号朗景园A,113.950114,22.541165
新南山科技北,广东,深圳市,南山区,郎山路,广东深圳市南山区郎山路,广东深圳市南山区郎山路,113.930478,22.533191
新南山科技北,广东,深圳市,南山区,科发路3号中电嘉苑D栋,广东深圳市南山区科发路3号中电嘉苑D栋,广东深圳市南山区科发路3号中电嘉苑D栋,113.947175,22.541422
新南山科技北,广东,深圳市,南山区,粤海街道科慧路1号沛鸿大厦A2,广东深圳市南山区粤海街道科慧路1号沛鸿大厦A2,广东深圳市南山区粤海街道科慧路1号沛鸿大厦A2,113.948288,22.545565
新南山科技北,广东,深圳市,南山区,粤海街道麻雀岭工业区科文路2号M10栋楼华,广东深圳市南山区粤海街道麻雀岭工业区科文路2号M10栋楼华,广东深圳市南山区粤海街道麻雀岭工业区科文路2号M10栋楼华,113.940375,22.541254
新南山科技北,广东,深圳市,南山区,南山区华强高新发展大楼,广东深圳市南山区华强高新发展大楼,广东深圳市南山区华强高新发展大楼,113.935244,22.541668
新南山科技北,广东,深圳市,南山区,粤海街道铜鼓路28号华润城润府2期E栋,广东深圳市南山区粤海街道铜鼓路28号华润城润府2期E栋,广东深圳市南山区粤海街道铜鼓路28号华润城润府2期E栋,113.954948,22.543176
新南山科技北,广东,深圳市,南山区,大冲国际中心楼江南,广东深圳市南山区大冲国际中心楼江南,广东深圳市南山区大冲国际中心楼江南,113.930478,22.533191
新南山科技北,广东,深圳市,南山区,华润城润玺1期4栋,广东深圳市南山区华润城润玺1期4栋,广东深圳市南山区华润城润玺1期4栋,113.958634,22.545629
新南山科技北,广东,深圳市,南山区,粤海街道华润城润府一期2栋单元,广东深圳市南山区粤海街道华润城润府一期2栋单元,广东深圳市南山区粤海街道华润城润府一期2栋单元,113.954898,22.546563
新南山科技北,广东,深圳市,南山区,松坪村55栋,广东深圳市南山区松坪村55栋,广东深圳市南山区松坪村55栋,113.94957,22.556918
新南山科技北,广东,深圳市,南山区,粤海街道科发路222号康泰创新广场楼逸扉酒店前台,广东深圳市南山区粤海街道科发路222号康泰创新广场楼逸扉酒店前台,广东深圳市南山区粤海街道科发路222号康泰创新广场楼逸扉酒店前台,113.948426,22.54379
新南山科技北,广东,深圳市,南山区,铜鼓路56号华润城润府二期B,广东深圳市南山区铜鼓路56号华润城润府二期B,广东深圳市南山区铜鼓路56号华润城润府二期B,113.9547,22.543315
新南山科技北,广东,深圳市,南山区,科技园北区科陆大厦B座楼,广东深圳市南山区科技园北区科陆大厦B座楼,广东深圳市南山区科技园北区科陆大厦B座楼,113.941298,22.561212
新南山科技北,广东,深圳市,南山区,科技园中区科苑路15号科兴科学园D1栋邮件中心,广东深圳市南山区科技园中区科苑路15号科兴科学园D1栋邮件中心,广东深圳市南山区科技园中区科苑路15号科兴科学园D1栋邮件中心,113.943159,22.547253
新南山科技北,广东,深圳市,南山区,西丽街道朗山一路6号意中利科技园1号楼楼,广东深圳市南山区西丽街道朗山一路6号意中利科技园1号楼楼,广东深圳市南山区西丽街道朗山一路6号意中利科技园1号楼楼,113.937228,22.558355
新南山科技北,广东,深圳市,南山区,科发路91号华润置地大厦D座,广东深圳市南山区科发路91号华润置地大厦D座,广东深圳市南山区科发路91号华润置地大厦D座,113.954564,22.542543
新南山科技北,广东,深圳市,南山区,西丽街道松坪山千叶红美容养生馆,广东深圳市南山区西丽街道松坪山千叶红美容养生馆,广东深圳市南山区西丽街道松坪山千叶红美容养生馆,113.950456,22.558023
新南山科技北,广东,深圳市,南山区,青梧路科苑学里7栋,广东深圳市南山区青梧路科苑学里7栋,广东深圳市南山区青梧路科苑学里7栋,113.953211,22.549583
新南山科技北,广东,深圳市,南山区,高新中一道长园新材料港6栋楼,广东深圳市南山区高新中一道长园新材料港6栋楼,广东深圳市南山区高新中一道长园新材料港6栋楼,113.943329,22.550561
新南山科技北,广东,深圳市,南山区,西丽街道昱大顺科技园b栋farben,广东深圳市南山区西丽街道昱大顺科技园b栋farben,广东深圳市南山区西丽街道昱大顺科技园b栋farben,113.944764,22.552854
新南山科技北,广东,深圳市,南山区,西丽街道科技园高新北区松坪村13栋房,广东深圳市南山区西丽街道科技园高新北区松坪村13栋房,广东深圳市南山区西丽街道科技园高新北区松坪村13栋房,113.943208,22.555126
新南山科技北,广东,深圳市,南山区,大冲朗景园B栋,广东深圳市南山区大冲朗景园B栋,广东深圳市南山区大冲朗景园B栋,113.950558,22.540989
新南山科技北,广东,深圳市,南山区,南山区粤海街道汇园雅居A座,广东深圳市南山区粤海街道汇园雅居A座,广东深圳市南山区粤海街道汇园雅居A座,113.933932,22.543098
新南山科技北,广东,深圳市,南山区,西丽街道万兴街3号松坪山社区单身公寓16栋,广东深圳市南山区西丽街道万兴街3号松坪山社区单身公寓16栋,广东深圳市南山区西丽街道万兴街3号松坪山社区单身公寓16栋,113.949363,22.559356
新南山科技北,广东,深圳市,南山区,粤海街道华润城润府一期六栋,广东深圳市南山区粤海街道华润城润府一期六栋,广东深圳市南山区粤海街道华润城润府一期六栋,113.954898,22.546563
新南山科技北,广东,深圳市,南山区,大冲华润置地E座楼,广东深圳市南山区大冲华润置地E座楼,广东深圳市南山区大冲华润置地E座楼,113.952916,22.541716
新南山科技北,广东,深圳市,南山区,朗山二路富裕顶大厦,广东深圳市南山区朗山二路富裕顶大厦,广东深圳市南山区朗山二路富裕顶大厦,113.942738,22.558958
新南山科技北,广东,深圳市,南山区,深南大道9668号大冲万象天地SNIDEL,广东深圳市南山区深南大道9668号大冲万象天地SNIDEL,广东深圳市南山区深南大道9668号大冲万象天地SNIDEL,113.956245,22.541124
新南山科技北,广东,深圳市,南山区,南山区西丽街道深圳市南山区松坪村三期4栋,广东深圳市南山区西丽街道深圳市南山区松坪村三期4栋,广东深圳市南山区西丽街道深圳市南山区松坪村三期4栋,113.955878,22.559457
新南山科技北,广东,深圳市,南山区,粤海街道讯美科技广场7号楼中盈菁英公寓,广东深圳市南山区粤海街道讯美科技广场7号楼中盈菁英公寓,广东深圳市南山区粤海街道讯美科技广场7号楼中盈菁英公寓,113.947156,22.54653
新南山科技北,广东,深圳市,南山区,松坪村三期东区5栋,广东深圳市南山区松坪村三期东区5栋,广东深圳市南山区松坪村三期东区5栋,113.956992,22.558928
新南山科技北,广东,深圳市,南山区,科苑路15号科兴科学园C,广东深圳市南山区科苑路15号科兴科学园C,广东深圳市南山区科苑路15号科兴科学园C,113.94425,22.547379
新南山科技北,广东,深圳市,南山区,迅美科技广场楼良马律师事务所,广东深圳市南山区迅美科技广场楼良马律师事务所,广东深圳市南山区迅美科技广场楼良马律师事务所,113.930478,22.533191
新南山科技北,广东,深圳市,南山区,粤海街道科技园社区科苑路15号科兴科学园D2栋,广东深圳市南山区粤海街道科技园社区科苑路15号科兴科学园D2栋,广东深圳市南山区粤海街道科技园社区科苑路15号科兴科学园D2栋,113.942335,22.547125
新南山科技北,广东,深圳市,南山区,大冲都市花园G栋D,广东深圳市南山区大冲都市花园G栋D,广东深圳市南山区大冲都市花园G栋D,113.930478,22.533191
新南山科技北,广东,深圳市,南山区,粤海街道南海大道4050号上海汽车大厦1406,广东深圳市南山区粤海街道南海大道4050号上海汽车大厦1406,广东深圳市南山区粤海街道南海大道4050号上海汽车大厦1406,113.933688,22.544378
新南山科技北,广东,深圳市,南山区,粤海街道华润城润府一期6栋,广东深圳市南山区粤海街道华润城润府一期6栋,广东深圳市南山区粤海街道华润城润府一期6栋,113.954898,22.546563
新南山科技北,广东,深圳市,南山区,粤海街道文华路华润城润府1期1栋,广东深圳市南山区粤海街道文华路华润城润府1期1栋,广东深圳市南山区粤海街道文华路华润城润府1期1栋,113.95777,22.548613
新南山科技北,广东,深圳市,南山区,粤海街道汇园雅居A,广东深圳市南山区粤海街道汇园雅居A,广东深圳市南山区粤海街道汇园雅居A,113.933932,22.543098
新南山科技北,广东,深圳市,南山区,深圳南山润玺一期4栋,广东深圳市南山区深圳南山润玺一期4栋,广东深圳市南山区深圳南山润玺一期4栋,113.930478,22.533191
新南山科技北,广东,深圳市,南山区,科技园大冲都市花园B栋C,广东深圳市南山区科技园大冲都市花园B栋C,广东深圳市南山区科技园大冲都市花园B栋C,113.94604,22.54461
新南山科技北,广东,深圳市,南山区,松坪村48栋,广东深圳市南山区松坪村48栋,广东深圳市南山区松坪村48栋,113.94957,22.556918
新南山科技北,广东,深圳市,南山区,南山区粤海街道深圳市南山区粤海街道麻岭社区深南大道9988号大族科技中心,广东深圳市南山区粤海街道深圳市南山区粤海街道麻岭社区深南大道9988号大族科技中心,广东深圳市南山区粤海街道深圳市南山区粤海街道麻岭社区深南大道9988号大族科技中心,113.935251,22.540506
新南山科技北,广东,深圳市,南山区,科技中二路深圳软件园二期14栋北座504赖文英,广东深圳市南山区科技中二路深圳软件园二期14栋北座504,广东深圳市南山区科技中二路深圳软件园二期14栋北座504,113.936623,22.545552
新南山科技北,广东,深圳市,南山区,麻雀岭工业区M-8号楼西座211发中,广东深圳市南山区麻雀岭工业区M-8号楼西座211发中,广东深圳市南山区麻雀岭工业区M-8号楼西座211发中,113.940871,22.541273
新南山科技北,广东,深圳市,南山区,科苑路15号科兴科学园A1栋楼,广东深圳市南山区科苑路15号科兴科学园A1栋楼,广东深圳市南山区科苑路15号科兴科学园A1栋楼,113.9446,22.548337
新南山科技北,广东,深圳市,南山区,南山区科兴科学园d2栋散热磁吸支架苹果14promax,广东深圳市南山区科兴科学园d2栋,广东深圳市南山区科兴科学园d2栋,113.942335,22.547125
新南山科技北,广东,深圳市,南山区,粤海街道科技园中区麻雀岭工业区M10栋-3号楼J慧教科技,广东深圳市南山区粤海街道科技园中区麻雀岭工业区M10栋-3号楼J慧教科技,广东深圳市南山区粤海街道科技园中区麻雀岭工业区M10栋-3号楼J慧教科技,113.940929,22.541914
新南山科技北,广东,深圳市,南山区,特发信息科技园翠岭居A座3单元,广东深圳市南山区特发信息科技园翠岭居A座3单元,广东深圳市南山区特发信息科技园翠岭居A座3单元,113.948715,22.550176
新南山科技北,广东,深圳市,南山区,深南花园B,广东深圳市南山区深南花园B,广东深圳市南山区深南花园B,113.944674,22.541487
深圳华侨城,广东,深圳市,南山区,沙河街道天健创智中心A裙楼,广东深圳市南山区沙河街道天健创智中心A裙楼,广东深圳市南山区沙河街道天健创智中心A裙楼,113.985596,22.553279
深圳华侨城,广东,深圳市,南山区,沙河街道世界花园聚龙居7栋,广东深圳市南山区沙河街道世界花园聚龙居7栋,广东深圳市南山区沙河街道世界花园聚龙居7栋,113.976932,22.53827
深圳华侨城,广东,深圳市,南山区,深南大道9002号锦绣花园3期A座,广东深圳市南山区深南大道9002号锦绣花园3期A座,广东深圳市南山区深南大道9002号锦绣花园3期A座,113.947962,22.574458
深圳华侨城,广东,深圳市,南山区,沙河街道光华街社区香山东街1号华侨城东部工业区H2栋,广东深圳市南山区沙河街道光华街社区香山东街1号华侨城东部工业区H2栋,广东深圳市南山区沙河街道光华街社区香山东街1号华侨城东部工业区H2栋,113.987332,22.544352
深圳华侨城,广东,深圳市,南山区,广东省深圳市南山区沙河街道华侨城锦绣花园观海阁,广东深圳市南山区广东省深圳市南山区沙河街道华侨城锦绣花园观海阁,广东深圳市南山区广东省深圳市南山区沙河街道华侨城锦绣花园观海阁,113.979821,22.538544
深圳华侨城,广东,深圳市,南山区,沙河街道深南路9002号华侨城锦绣花园二期D栋,广东深圳市南山区沙河街道深南路9002号华侨城锦绣花园二期D栋,广东深圳市南山区沙河街道深南路9002号华侨城锦绣花园二期D栋,113.979821,22.538544
深圳华侨城,广东,深圳市,南山区,华侨城东部工业区栋,广东深圳市南山区华侨城东部工业区栋,广东深圳市南山区华侨城东部工业区栋,113.994238,22.538933
深圳华侨城,广东,深圳市,南山区,华侨城首地容御,广东深圳市南山区华侨城首地容御,广东深圳市南山区华侨城首地容御,113.974609,22.550847
深圳华侨城,广东,深圳市,南山区,香山西街纯水岸15期2栋单元,广东深圳市南山区香山西街纯水岸15期2栋单元,广东深圳市南山区香山西街纯水岸15期2栋单元,113.976704,22.546251
深圳华侨城,广东,深圳市,南山区,华侨城湖滨花园B栋保安室,广东深圳市南山区华侨城湖滨花园B栋保安室,广东深圳市南山区华侨城湖滨花园B栋保安室,113.979821,22.538544
深圳华侨城,广东,深圳市,南山区,华侨城美加广场B,广东深圳市南山区华侨城美加广场B,广东深圳市南山区华侨城美加广场B,113.97925,22.538568
深圳华侨城,广东,深圳市,南山区,侨城坊t楼,广东深圳市南山区侨城坊t楼,广东深圳市南山区侨城坊t楼,113.98048,22.552299
深圳华侨城,广东,深圳市,南山区,沙河街道深云村14A5A,广东深圳市南山区沙河街道深云村14A5A,广东深圳市南山区沙河街道深云村14A5A,113.992568,22.555244
深圳华侨城,广东,深圳市,南山区,侨城一号广场裙楼楼珍庭-庭礼记备注送,广东深圳市南山区侨城一号广场裙楼楼珍庭-庭礼记备注送,广东深圳市南山区侨城一号广场裙楼楼珍庭-庭礼记备注送,113.986106,22.547676
深圳华侨城,广东,深圳市,南山区,华侨城创意文化园栋门卫室,广东深圳市南山区华侨城创意文化园栋门卫室,广东深圳市南山区华侨城创意文化园栋门卫室,113.993477,22.537349
深圳华侨城,广东,深圳市,南山区,沙河街道深业世纪山谷1栋A座,广东深圳市南山区沙河街道深业世纪山谷1栋A座,广东深圳市南山区沙河街道深业世纪山谷1栋A座,113.924164,22.488255
深圳华侨城,广东,深圳市,南山区,沙河街道侨香路天鹅湖花园1期B,广东深圳市南山区沙河街道侨香路天鹅湖花园1期B,广东深圳市南山区沙河街道侨香路天鹅湖花园1期B,113.982988,22.54704
深圳华侨城,广东,深圳市,南山区,沙河街道世界花园米兰居3栋单元,广东深圳市南山区沙河街道世界花园米兰居3栋单元,广东深圳市南山区沙河街道世界花园米兰居3栋单元,113.972449,22.539912
深圳华侨城,广东,深圳市,南山区,南山区沙河街道开平街Loft公馆A栋单元,广东深圳市南山区沙河街道开平街Loft公馆A栋单元,广东深圳市南山区沙河街道开平街Loft公馆A栋单元,113.994181,22.538105
深圳华侨城,广东,深圳市,南山区,深安路深云村16A28D,广东深圳市南山区深安路深云村16A28D,广东深圳市南山区深安路深云村16A28D,113.995084,22.554845
深圳华侨城,广东,深圳市,南山区,沙河街道沙河东路338号碧茵园爱购生鲜超市,广东深圳市南山区沙河街道沙河东路338号碧茵园爱购生鲜超市,广东深圳市南山区沙河街道沙河东路338号碧茵园爱购生鲜超市,113.966635,22.549024
深圳华侨城,广东,深圳市,南山区,华侨城香山里七栋二单元,广东深圳市南山区华侨城香山里七栋二单元,广东深圳市南山区华侨城香山里七栋二单元,113.98998,22.539974
深圳华侨城,广东,深圳市,南山区,深南大道北世纪假日广场裙楼银行,广东深圳市南山区深南大道北世纪假日广场裙楼银行,广东深圳市南山区深南大道北世纪假日广场裙楼银行,113.972766,22.538297
深圳华侨城,广东,深圳市,南山区,香山东街8号燕晗山苑,广东深圳市南山区香山东街8号燕晗山苑,广东深圳市南山区香山东街8号燕晗山苑,113.99098,22.541131
深圳华侨城,广东,深圳市,南山区,南山区沙河街道中新街芳华苑玫瑰阁,广东深圳市南山区沙河街道中新街芳华苑玫瑰阁,广东深圳市南山区沙河街道中新街芳华苑玫瑰阁,113.981987,22.535149
深圳华侨城,广东,深圳市,南山区,沙河街道天鹅湖花园2期D栋单元,广东深圳市南山区沙河街道天鹅湖花园2期D栋单元,广东深圳市南山区沙河街道天鹅湖花园2期D栋单元,113.984875,22.546237
深圳华侨城,广东,深圳市,南山区,沙河街道华侨城海景花园海天阁,广东深圳市南山区沙河街道华侨城海景花园海天阁,广东深圳市南山区沙河街道华侨城海景花园海天阁,113.987955,22.535933
深圳华侨城,广东,深圳市,南山区,深云二路朗侨峰居A栋,广东深圳市南山区深云二路朗侨峰居A栋,广东深圳市南山区深云二路朗侨峰居A栋,113.986019,22.55343
深圳华侨城,广东,深圳市,南山区,南山区沙河街道欢,广东深圳市南山区沙河街道欢,广东深圳市南山区沙河街道欢,113.930478,22.533191
深圳华侨城,广东,深圳市,南山区,香山西街18号首地容御-1C栋,广东深圳市南山区香山西街18号首地容御-1C栋,广东深圳市南山区香山西街18号首地容御-1C栋,113.97323,22.551153
深圳华侨城,广东,深圳市,南山区,沙河街道高发社区深云路二号侨城一号广场主楼,广东深圳市南山区沙河街道高发社区深云路二号侨城一号广场主楼,广东深圳市南山区沙河街道高发社区深云路二号侨城一号广场主楼,113.986106,22.547676
深圳华侨城,广东,深圳市,南山区,沙河街道金迪世纪大厦B栋,广东深圳市南山区沙河街道金迪世纪大厦B栋,广东深圳市南山区沙河街道金迪世纪大厦B栋,113.993638,22.542019
深圳华侨城,广东,深圳市,南山区,智慧广场南门隔壁工地的铁门,广东深圳市南山区智慧广场南门隔壁工地的铁门,广东深圳市南山区智慧广场南门隔壁工地的铁门,113.981945,22.55027
深圳华侨城,广东,深圳市,南山区,沙河街道中海湾畔福伴超市后门进第二家店,广东深圳市南山区沙河街道中海湾畔福伴超市后门进第二家店,广东深圳市南山区沙河街道中海湾畔福伴超市后门进第二家店,113.979096,22.536816
深圳华侨城,广东,深圳市,南山区,华侨城香山美墅云邸三期2,广东深圳市南山区华侨城香山美墅云邸三期2,广东深圳市南山区华侨城香山美墅云邸三期2,113.971442,22.550666
深圳华侨城,广东,深圳市,南山区,沙河街道香山西街香山美墅云邸,广东深圳市南山区沙河街道香山西街香山美墅云邸,广东深圳市南山区沙河街道香山西街香山美墅云邸,113.970867,22.551598
深圳华侨城,广东,深圳市,南山区,华侨城香山东街8号燕晗山苑,广东深圳市南山区华侨城香山东街8号燕晗山苑,广东深圳市南山区华侨城香山东街8号燕晗山苑,113.99098,22.541131
深圳华侨城,广东,深圳市,南山区,沙河街道侨香深云路口深云村,广东深圳市南山区沙河街道侨香深云路口深云村,广东深圳市南山区沙河街道侨香深云路口深云村,113.992697,22.554538
深圳华侨城,广东,深圳市,南山区,沙河街道侨香路4088号绿景美景广场b栋,广东深圳市南山区沙河街道侨香路4088号绿景美景广场b栋,广东深圳市南山区沙河街道侨香路4088号绿景美景广场b栋,113.978675,22.552636
深圳华侨城,广东,深圳市,南山区,华侨城波托菲诺纯水岸四期s栋六单元,广东深圳市南山区华侨城波托菲诺纯水岸四期s栋六单元,广东深圳市南山区华侨城波托菲诺纯水岸四期s栋六单元,113.975005,22.548366
深圳华侨城,广东,深圳市,南山区,华侨城东部工业区东E3栋,广东深圳市南山区华侨城东部工业区东E3栋,广东深圳市南山区华侨城东部工业区东E3栋,113.992226,22.537693
深圳华侨城,广东,深圳市,南山区,沙河街道侨城东路12号燕晗花园A栋,广东深圳市南山区沙河街道侨城东路12号燕晗花园A栋,广东深圳市南山区沙河街道侨城东路12号燕晗花园A栋,113.989349,22.542744
深圳华侨城,广东,深圳市,南山区,深云村6栋,广东深圳市南山区深云村6栋,广东深圳市南山区深云村6栋,113.99337,22.554398
深圳华侨城,广东,深圳市,南山区,沙河街道香山西街18号首地容御6栋,广东深圳市南山区沙河街道香山西街18号首地容御6栋,广东深圳市南山区沙河街道香山西街18号首地容御6栋,113.971864,22.55055
深圳华侨城,广东,深圳市,南山区,塘头七坊三中,广东深圳市南山区塘头七坊三中,广东深圳市南山区塘头七坊三中,113.97389,22.541657
深圳华侨城,广东,深圳市,南山区,华侨城,广东深圳市南山区华侨城,广东深圳市南山区华侨城,113.979821,22.538544
深圳华侨城,广东,深圳市,南山区,沙河街道香山中街2号南山区华侨城天鹅堡G1栋,广东深圳市南山区沙河街道香山中街2号南山区华侨城天鹅堡G1栋,广东深圳市南山区沙河街道香山中街2号南山区华侨城天鹅堡G1栋,113.981441,22.545835
深圳华侨城,广东,深圳市,南山区,沙河街道华侨城中旅广场飞云阁13A416白,广东深圳市南山区沙河街道华侨城中旅广场飞云阁13A416白,广东深圳市南山区沙河街道华侨城中旅广场飞云阁13A416白,113.982523,22.536513
深圳华侨城,广东,深圳市,南山区,华侨城天鹅堡3期s栋,广东深圳市南山区华侨城天鹅堡3期s栋,广东深圳市南山区华侨城天鹅堡3期s栋,113.987544,22.544557
深圳华侨城,广东,深圳市,南山区,沙河街道深铁懿府2B栋,广东深圳市南山区沙河街道深铁懿府2B栋,广东深圳市南山区沙河街道深铁懿府2B栋,113.991824,22.552145
深圳华侨城,广东,深圳市,南山区,南山区沙河街道深业鹤塘岭花园1栋，蓝盖1瓶，樱花袋装1,广东深圳市南山区沙河街道深业鹤塘岭花园1栋，蓝盖1瓶，樱花袋装1,广东深圳市南山区沙河街道深业鹤塘岭花园1栋，蓝盖1瓶，樱花袋装1,113.973243,22.538684
深圳华侨城,广东,深圳市,南山区,深南大道9030号世纪假日广场D座,广东深圳市南山区深南大道9030号世纪假日广场D座,广东深圳市南山区深南大道9030号世纪假日广场D座,113.972064,22.538968
深圳华侨城,广东,深圳市,南山区,塘头七坊放三中队货架上,广东深圳市南山区塘头七坊放三中队货架上,广东深圳市南山区塘头七坊放三中队货架上,113.97389,22.541657
深圳华侨城,广东,深圳市,南山区,沙河街道办香山美墅花园三区20栋,广东深圳市南山区沙河街道办香山美墅花园三区20栋,广东深圳市南山区沙河街道办香山美墅花园三区20栋,113.969435,22.551092
深圳华侨城,广东,深圳市,南山区,香山里一期2栋单元,广东深圳市南山区香山里一期2栋单元,广东深圳市南山区香山里一期2栋单元,113.98998,22.539974
深圳华侨城,广东,深圳市,南山区,沙河街道深云村12A栋,广东深圳市南山区沙河街道深云村12A栋,广东深圳市南山区沙河街道深云村12A栋,113.990848,22.555068
深圳华侨城,广东,深圳市,南山区,沙河街道海景花园海韵阁,广东深圳市南山区沙河街道海景花园海韵阁,广东深圳市南山区沙河街道海景花园海韵阁,113.989122,22.535917
深圳华侨城,广东,深圳市,南山区,沙河街道深圳新南山酒店,广东深圳市南山区沙河街道深圳新南山酒店,广东深圳市南山区沙河街道深圳新南山酒店,113.979871,22.552609
深圳华侨城,广东,深圳市,南山区,华侨城潮州西街假日湾3栋,广东深圳市南山区华侨城潮州西街假日湾3栋,广东深圳市南山区华侨城潮州西街假日湾3栋,113.977431,22.53993
深圳华侨城,广东,深圳市,南山区,波托菲诺天鹅堡二期F-1栋,广东深圳市南山区波托菲诺天鹅堡二期F-1栋,广东深圳市南山区波托菲诺天鹅堡二期F-1栋,113.978298,22.547224
深圳华侨城,广东,深圳市,南山区,沙河街道深业鹤塘岭花园商业楼铺位,广东深圳市南山区沙河街道深业鹤塘岭花园商业楼铺位,广东深圳市南山区沙河街道深业鹤塘岭花园商业楼铺位,113.973128,22.539274
深圳华侨城,广东,深圳市,南山区,沙街道城纯水岸期单元,广东深圳市南山区沙街道城纯水岸期单元,广东深圳市南山区沙街道城纯水岸期单元,113.976704,22.546251
深圳华侨城,广东,深圳市,南山区,沙河街道华侨城中旅广场飞云阁,广东深圳市南山区沙河街道华侨城中旅广场飞云阁,广东深圳市南山区沙河街道华侨城中旅广场飞云阁,113.982523,22.536513
深圳华侨城,广东,深圳市,南山区,沙河街道纯水岸15期1栋,广东深圳市南山区沙河街道纯水岸15期1栋,广东深圳市南山区沙河街道纯水岸15期1栋,113.976704,22.546251
深圳华侨城,广东,深圳市,南山区,南山区沙河街道潮州西街荔园新村8栋,广东深圳市南山区沙河街道潮州西街荔园新村8栋,广东深圳市南山区沙河街道潮州西街荔园新村8栋,113.976646,22.540214
深圳华侨城,广东,深圳市,南山区,沙河街道沙河街道侨洲花园,广东深圳市南山区沙河街道沙河街道侨洲花园,广东深圳市南山区沙河街道沙河街道侨洲花园,113.966399,22.542783
深圳华侨城,广东,深圳市,南山区,华侨城深南大道9010黄金海岸美食水会安保处,广东深圳市南山区华侨城深南大道9010黄金海岸美食水会安保处,广东深圳市南山区华侨城深南大道9010黄金海岸美食水会安保处,114.121652,22.545023
深圳华侨城,广东,深圳市,南山区,沙河街道华侨城海景花园,广东深圳市南山区沙河街道华侨城海景花园,广东深圳市南山区沙河街道华侨城海景花园,113.987678,22.535631
深圳华侨城,广东,深圳市,南山区,锦绣花园四期,广东深圳市南山区锦绣花园四期,广东深圳市南山区锦绣花园四期,114.031805,22.626066
深圳华侨城,广东,深圳市,南山区,沙河街道华山村4栋,广东深圳市南山区沙河街道华山村4栋,广东深圳市南山区沙河街道华山村4栋,113.987578,22.541943
深圳华侨城,广东,深圳市,南山区,沙河街道香山西街18号首地容御二期3栋C座,广东深圳市南山区沙河街道香山西街18号首地容御二期3栋C座,广东深圳市南山区沙河街道香山西街18号首地容御二期3栋C座,113.973501,22.550609
深圳华侨城,广东,深圳市,南山区,沙河街道深安路33号深铁懿府3A,广东深圳市南山区沙河街道深安路33号深铁懿府3A,广东深圳市南山区沙河街道深安路33号深铁懿府3A,113.991824,22.552145
深圳华侨城,广东,深圳市,南山区,沙河街道首地容御1栋C座12D室,广东深圳市南山区沙河街道首地容御1栋C座12D室,广东深圳市南山区沙河街道首地容御1栋C座12D室,113.974165,22.550113
深圳华侨城,广东,深圳市,南山区,香山里花园一期二栋一单元,广东深圳市南山区香山里花园一期二栋一单元,广东深圳市南山区香山里花园一期二栋一单元,113.98998,22.539974
深圳华侨城,广东,深圳市,南山区,沙河街道南山区华侨城天鹅湖花园2期E1栋,广东深圳市南山区沙河街道南山区华侨城天鹅湖花园2期E1栋,广东深圳市南山区沙河街道南山区华侨城天鹅湖花园2期E1栋,113.984406,22.546907
深圳华侨城,广东,深圳市,南山区,香山东街华侨城创意园北区栋号Tree树冠酒馆,广东深圳市南山区香山东街华侨城创意园北区栋号Tree树冠酒馆,广东深圳市南山区香山东街华侨城创意园北区栋号Tree树冠酒馆,113.979821,22.538544
深圳华侨城,广东,深圳市,南山区,华侨城东组团9栋,广东深圳市南山区华侨城东组团9栋,广东深圳市南山区华侨城东组团9栋,113.99087,22.538343
深圳华侨城,广东,深圳市,南山区,南山区沙河街道新中路25号绿景公寓,广东深圳市南山区沙河街道新中路25号绿景公寓,广东深圳市南山区沙河街道新中路25号绿景公寓,113.966697,22.542479
深圳华侨城,广东,深圳市,南山区,侨城西街世界花园海华居2栋,广东深圳市南山区侨城西街世界花园海华居2栋,广东深圳市南山区侨城西街世界花园海华居2栋,113.974333,22.539637
深圳华侨城,广东,深圳市,南山区,沙河街道侨香路绿景美景广场A座楼富瑞斯国际公寓前台,广东深圳市南山区沙河街道侨香路绿景美景广场A座楼富瑞斯国际公寓前台,广东深圳市南山区沙河街道侨香路绿景美景广场A座楼富瑞斯国际公寓前台,113.978675,22.552636
深圳华侨城,广东,深圳市,南山区,侨城一号楼,广东深圳市南山区侨城一号楼,广东深圳市南山区侨城一号楼,113.930478,22.533191
深圳华侨城,广东,深圳市,南山区,沙河街道潮州西街荔园新村8栋房,广东深圳市南山区沙河街道潮州西街荔园新村8栋房,广东深圳市南山区沙河街道潮州西街荔园新村8栋房,113.976646,22.540214
深圳华侨城,广东,深圳市,南山区,智慧广场B栋,广东深圳市南山区智慧广场B栋,广东深圳市南山区智慧广场B栋,113.981436,22.550916
深圳华侨城,广东,深圳市,南山区,沙河街道深云村1栋D,广东深圳市南山区沙河街道深云村1栋D,广东深圳市南山区沙河街道深云村1栋D,113.995838,22.554468
深圳华侨城,广东,深圳市,南山区,华侨城光华街6栋三单位,广东深圳市南山区华侨城光华街6栋三单位,广东深圳市南山区华侨城光华街6栋三单位,113.989849,22.534686
深圳华侨城,广东,深圳市,南山区,南山区沙河街道香山美墅三期云邸20栋,广东深圳市南山区沙河街道香山美墅三期云邸20栋,广东深圳市南山区沙河街道香山美墅三期云邸20栋,113.969435,22.551092
深圳华侨城,广东,深圳市,南山区,沙河街道光华街社区锦绣北街8号-9号东部工业区F1栋,广东深圳市南山区沙河街道光华街社区锦绣北街8号-9号东部工业区F1栋,广东深圳市南山区沙河街道光华街社区锦绣北街8号-9号东部工业区F1栋,113.993069,22.53764
深圳华侨城,广东,深圳市,南山区,沙河街道中新街7栋,广东深圳市南山区沙河街道中新街7栋,广东深圳市南山区沙河街道中新街7栋,113.980743,22.536033
深圳华侨城,广东,深圳市,南山区,沙河街道中海深圳湾畔花园1栋,广东深圳市南山区沙河街道中海深圳湾畔花园1栋,广东深圳市南山区沙河街道中海深圳湾畔花园1栋,113.966985,22.540457
深圳华侨城,广东,深圳市,南山区,深南大道9030号瑞思中心A座809,广东深圳市南山区深南大道9030号瑞思中心A座809,广东深圳市南山区深南大道9030号瑞思中心A座809,113.973159,22.538168
深圳华侨城,广东,深圳市,南山区,深南大道9030号瑞思中心,广东深圳市南山区深南大道9030号瑞思中心,广东深圳市南山区深南大道9030号瑞思中心,113.972819,22.538294
深圳华侨城,广东,深圳市,南山区,南山区香山美墅云颂1C数量,广东深圳市南山区香山美墅云颂1C,广东深圳市南山区香山美墅云颂1C,113.969628,22.552557
深圳华侨城,广东,深圳市,南山区,侨洲花园13栋,广东深圳市南山区侨洲花园13栋,广东深圳市南山区侨洲花园13栋,113.966426,22.543175
深圳华侨城,广东,深圳市,南山区,沙河街道华侨城西组团10栋,广东深圳市南山区沙河街道华侨城西组团10栋,广东深圳市南山区沙河街道华侨城西组团10栋,113.982005,22.536921
深圳华侨城,广东,深圳市,南山区,汉唐大厦楼,广东深圳市南山区汉唐大厦楼,广东深圳市南山区汉唐大厦楼,113.984398,22.534818
深圳华侨城,广东,深圳市,南山区,沙河街道 康佳苑5栋,广东深圳市南山区沙河街道 康佳苑5栋,广东深圳市南山区沙河街道 康佳苑5栋,113.99192,22.53585
深圳华侨城,广东,深圳市,南山区,香山一街香山美墅,广东深圳市南山区香山一街香山美墅,广东深圳市南山区香山一街香山美墅,113.969435,22.551092
深圳华侨城,广东,深圳市,南山区,深南大道9018号华侨城大厦G层10B商铺,广东深圳市南山区深南大道9018号华侨城大厦G层10B商铺,广东深圳市南山区深南大道9018号华侨城大厦G层10B商铺,113.982354,22.534576
深圳华侨城,广东,深圳市,南山区,沙河街道香山西街首地容御2栋B座,广东深圳市南山区沙河街道香山西街首地容御2栋B座,广东深圳市南山区沙河街道香山西街首地容御2栋B座,113.974429,22.550872
深圳华侨城,广东,深圳市,南山区,沙河街道沙河街华侨城锦绣花园二期A栋二单元,广东深圳市南山区沙河街道沙河街华侨城锦绣花园二期A栋二单元,广东深圳市南山区沙河街道沙河街华侨城锦绣花园二期A栋二单元,113.979821,22.538544
深圳华侨城,广东,深圳市,南山区,香山西街香山美墅花园13栋单元,广东深圳市南山区香山西街香山美墅花园13栋单元,广东深圳市南山区香山西街香山美墅花园13栋单元,113.969435,22.551092
深圳华侨城,广东,深圳市,南山区,沙河街道光侨街光侨小区3栋,广东深圳市南山区沙河街道光侨街光侨小区3栋,广东深圳市南山区沙河街道光侨街光侨小区3栋,113.985822,22.535281
深圳华侨城,广东,深圳市,南山区,沙河街道佛山街西组团住宅区海棠阁,广东深圳市南山区沙河街道佛山街西组团住宅区海棠阁,广东深圳市南山区沙河街道佛山街西组团住宅区海棠阁,113.979191,22.536519
深圳华侨城,广东,深圳市,南山区,中海深圳湾畔花园2栋,广东深圳市南山区中海深圳湾畔花园2栋,广东深圳市南山区中海深圳湾畔花园2栋,113.967529,22.54034
深圳华侨城,广东,深圳市,南山区,沙河街道侨香路侨城坊10栋G层三人,广东深圳市南山区沙河街道侨香路侨城坊10栋G层三人,广东深圳市南山区沙河街道侨香路侨城坊10栋G层三人,113.981013,22.55202
深圳华侨城,广东,深圳市,南山区,沙河街道波托菲诺纯水岸16,广东深圳市南山区沙河街道波托菲诺纯水岸16,广东深圳市南山区沙河街道波托菲诺纯水岸16,113.975249,22.545894
深圳华侨城,广东,深圳市,南山区,波拖菲诺纯水岸一期F2栋,广东深圳市南山区波拖菲诺纯水岸一期F2栋,广东深圳市南山区波拖菲诺纯水岸一期F2栋,113.976704,22.546251
深圳华侨城,广东,深圳市,南山区,沙河华侨城光华街22栋中国银行沙,广东深圳市南山区沙河华侨城光华街22栋中国银行沙,广东深圳市南山区沙河华侨城光华街22栋中国银行沙,113.990025,22.534468
深圳华侨城,广东,深圳市,南山区,华侨城创意文化园康佳苑五栋裙楼,广东深圳市南山区华侨城创意文化园康佳苑五栋裙楼,广东深圳市南山区华侨城创意文化园康佳苑五栋裙楼,113.99192,22.53585
深圳华侨城,广东,深圳市,南山区,香山西街纯水岸十五期二栋,广东深圳市南山区香山西街纯水岸十五期二栋,广东深圳市南山区香山西街纯水岸十五期二栋,113.976704,22.546251
深圳华侨城,广东,深圳市,南山区,沙河街道波托菲诺香山里二期7栋单元,广东深圳市南山区沙河街道波托菲诺香山里二期7栋单元,广东深圳市南山区沙河街道波托菲诺香山里二期7栋单元,113.98998,22.539974
深圳华侨城,广东,深圳市,南山区,香山东街260号天鹅湖花园三期A栋,广东深圳市南山区香山东街260号天鹅湖花园三期A栋,广东深圳市南山区香山东街260号天鹅湖花园三期A栋,113.979821,22.545561
深圳华侨城,广东,深圳市,南山区,沙河街道香山中街1号波托菲诺纯水岸7期1-1,广东深圳市南山区沙河街道香山中街1号波托菲诺纯水岸7期1-1,广东深圳市南山区沙河街道香山中街1号波托菲诺纯水岸7期1-1,113.976786,22.54871
深圳华侨城,广东,深圳市,南山区,沙河街道沙河东路深圳湾花园鹏云阁,广东深圳市南山区沙河街道沙河东路深圳湾花园鹏云阁,广东深圳市南山区沙河街道沙河东路深圳湾花园鹏云阁,113.965569,22.542508
深圳华侨城,广东,深圳市,南山区,华侨城纯水岸一期G栋,广东深圳市南山区华侨城纯水岸一期G栋,广东深圳市南山区华侨城纯水岸一期G栋,113.976704,22.546251
深圳华侨城,广东,深圳市,南山区,华侨城湖滨花园滟翠阁,广东深圳市南山区华侨城湖滨花园滟翠阁,广东深圳市南山区华侨城湖滨花园滟翠阁,113.979821,22.538544
深圳华侨城,广东,深圳市,南山区,沙河街道佛山街4栋华,广东深圳市南山区沙河街道佛山街4栋华,广东深圳市南山区沙河街道佛山街4栋华,113.978576,22.537559
深圳华侨城,广东,深圳市,南山区,深铁懿府三期10栋,广东深圳市南山区深铁懿府三期10栋,广东深圳市南山区深铁懿府三期10栋,113.991506,22.550789
深圳华侨城,广东,深圳市,南山区,深圳市南山区创意园锦绣北街华里酒店,广东深圳市南山区深圳市南山区创意园锦绣北街华里酒店,广东深圳市南山区深圳市南山区创意园锦绣北街华里酒店,113.995917,22.536476
深圳华侨城,广东,深圳市,南山区,南山区沙河街道南山区沙河街道鹤塘岭花园二栋二单元,广东深圳市南山区沙河街道南山区沙河街道鹤塘岭花园二栋二单元,广东深圳市南山区沙河街道南山区沙河街道鹤塘岭花园二栋二单元,113.930478,22.533191
深圳华侨城,广东,深圳市,南山区,沙河西路侨城馨苑房门口,广东深圳市南山区沙河西路侨城馨苑房门口,广东深圳市南山区沙河西路侨城馨苑房门口,113.967112,22.548974
深圳华侨城,广东,深圳市,南山区,沙河街道香山西纯水岸15期2栋单元,广东深圳市南山区沙河街道香山西纯水岸15期2栋单元,广东深圳市南山区沙河街道香山西纯水岸15期2栋单元,113.976704,22.546251
深圳华侨城,广东,深圳市,南山区,沙河街道华侨城芳华苑,广东深圳市南山区沙河街道华侨城芳华苑,广东深圳市南山区沙河街道华侨城芳华苑,113.981546,22.534836
深圳华侨城,广东,深圳市,南山区,沙河街道华侨城西组团中新街2号栋有电梯放,广东深圳市南山区沙河街道华侨城西组团中新街2号栋,广东深圳市南山区沙河街道华侨城西组团中新街2号栋,113.979188,22.536826
深圳华侨城,广东,深圳市,南山区,白石洲中海深圳湾畔花园2栋A……,广东深圳市南山区白石洲中海深圳湾畔花园2栋A……,广东深圳市南山区白石洲中海深圳湾畔花园2栋A……,113.967529,22.54034
深圳华侨城,广东,深圳市,南山区,沙河街道白石洲侨洲花园13栋,广东深圳市南山区沙河街道白石洲侨洲花园13栋,广东深圳市南山区沙河街道白石洲侨洲花园13栋,113.966426,22.543175
深圳华侨城,广东,深圳市,南山区,沙河街道深云村7栋,广东深圳市南山区沙河街道深云村7栋,广东深圳市南山区沙河街道深云村7栋,113.991625,22.554531
深圳华侨城,广东,深圳市,南山区,香山西街首地容御1C栋,广东深圳市南山区香山西街首地容御1C栋,广东深圳市南山区香山西街首地容御1C栋,113.97323,22.551153
深圳华侨城,广东,深圳市,南山区,沙河街道杜鹃山东街8号汇文楼,广东深圳市南山区沙河街道杜鹃山东街8号汇文楼,广东深圳市南山区沙河街道杜鹃山东街8号汇文楼,113.983273,22.539314
深圳华侨城,广东,深圳市,南山区,沙河街道华侨城东部工业区H2栋蒙,广东深圳市南山区沙河街道华侨城东部工业区H2栋蒙,广东深圳市南山区沙河街道华侨城东部工业区H2栋蒙,113.995856,22.537599
深圳华侨城,广东,深圳市,南山区,沙河街道中国深云村13栋,广东深圳市南山区沙河街道中国深云村13栋,广东深圳市南山区沙河街道中国深云村13栋,113.991629,22.555079
深圳华侨城,广东,深圳市,南山区,沙河街道华侨城西部综合市场楼千,广东深圳市南山区沙河街道华侨城西部综合市场楼,广东深圳市南山区沙河街道华侨城西部综合市场楼,113.979821,22.538544
深圳华侨城,广东,深圳市,南山区,南山区沙河街道华侨城天鹅堡二期J1栋,广东深圳市南山区沙河街道华侨城天鹅堡二期J1栋,广东深圳市南山区沙河街道华侨城天鹅堡二期J1栋,113.97982,22.545645
深圳华侨城,广东,深圳市,南山区,深圳市广东省深圳市深圳市南山区侨城坊7栋A前台,广东深圳市南山区深圳市广东省深圳市深圳市南山区侨城坊7栋A前台,广东深圳市南山区深圳市广东省深圳市深圳市南山区侨城坊7栋A前台,113.981248,22.552856
深圳华侨城,广东,深圳市,南山区,华侨城天鹅堡G栋,广东深圳市南山区华侨城天鹅堡G栋,广东深圳市南山区华侨城天鹅堡G栋,113.978436,22.547208
深圳华侨城,广东,深圳市,南山区,华侨城香山美墅云颂,广东深圳市南山区华侨城香山美墅云颂,广东深圳市南山区华侨城香山美墅云颂,113.9704,22.552827
深圳华侨城,广东,深圳市,南山区,沙河街道锦绣花园倚海阁,广东深圳市南山区沙河街道锦绣花园倚海阁,广东深圳市南山区沙河街道锦绣花园倚海阁,113.930478,22.533191
深圳华侨城,广东,深圳市,南山区,沙河街道华侨城香山东街260号天鹅湖花园三期D,广东深圳市南山区沙河街道华侨城香山东街260号天鹅湖花园三期D,广东深圳市南山区沙河街道华侨城香山东街260号天鹅湖花园三期D,113.979821,22.545561
深圳华侨城,广东,深圳市,南山区,深云路深云村,广东深圳市南山区深云路深云村,广东深圳市南山区深云路深云村,113.991674,22.55399
深圳华侨城,广东,深圳市,南山区,华侨城天鹅堡E栋,广东深圳市南山区华侨城天鹅堡E栋,广东深圳市南山区华侨城天鹅堡E栋,113.977889,22.548304
深圳华侨城,广东,深圳市,南山区,华侨城天鹅堡A栋,广东深圳市南山区华侨城天鹅堡A栋,广东深圳市南山区华侨城天鹅堡A栋,113.97982,22.545645
深圳华侨城,广东,深圳市,南山区,龙珠八路西朗侨峰居B栋,广东深圳市南山区龙珠八路西朗侨峰居B栋,广东深圳市南山区龙珠八路西朗侨峰居B栋,113.983845,22.55604
深圳华侨城,广东,深圳市,南山区,沙河街道高发社区侨深路13号东方科技园2号厂房华展大厦2-1,广东深圳市南山区沙河街道高发社区侨深路13号东方科技园2号厂房华展大厦2-1,广东深圳市南山区沙河街道高发社区侨深路13号东方科技园2号厂房华展大厦2-1,113.982323,22.551309
深圳华侨城,广东,深圳市,南山区,沙河街道侨香路4018号中航沙河工业区内西北方向186米金迪世纪大厦B座,广东深圳市南山区沙河街道侨香路4018号中航沙河工业区内西北方向186米金迪世纪大厦B座,广东深圳市南山区沙河街道侨香路4018号中航沙河工业区内西北方向186米金迪世纪大厦B座,113.993533,22.542011
深圳华侨城,广东,深圳市,南山区,南山区深云路深云村10栋C,广东深圳市南山区深云路深云村10栋C,广东深圳市南山区深云路深云村10栋C,113.989942,22.554914
深圳华侨城,广东,深圳市,南山区,沙河街道华侨城香山里二期8栋一单元,广东深圳市南山区沙河街道华侨城香山里二期8栋一单元,广东深圳市南山区沙河街道华侨城香山里二期8栋一单元,113.98998,22.539974
深圳华侨城,广东,深圳市,南山区,沙河街道华侨城欢乐谷职工食堂,广东深圳市南山区沙河街道华侨城欢乐谷职工食堂,广东深圳市南山区沙河街道华侨城欢乐谷职工食堂,113.979821,22.538544
深圳华侨城,广东,深圳市,南山区,沙河街道商业街15号依贝佳养生美容生活馆波托菲诺店,广东深圳市南山区沙河街道商业街15号依贝佳养生美容生活馆波托菲诺店,广东深圳市南山区沙河街道商业街15号依贝佳养生美容生活馆波托菲诺店,113.95137,22.5769
深圳华侨城,广东,深圳市,南山区,沙河街道中新东街中旅广场飞云阁楼,广东深圳市南山区沙河街道中新东街中旅广场飞云阁楼,广东深圳市南山区沙河街道中新东街中旅广场飞云阁楼,113.982523,22.536513
深圳华侨城,广东,深圳市,南山区,香山东街260号天鹅湖花园三期d座,广东深圳市南山区香山东街260号天鹅湖花园三期d座,广东深圳市南山区香山东街260号天鹅湖花园三期d座,113.979821,22.545561
深圳华侨城,广东,深圳市,南山区,华侨城中旅广场枕荔楼,广东深圳市南山区华侨城中旅广场枕荔楼,广东深圳市南山区华侨城中旅广场枕荔楼,113.982657,22.537457
深圳华侨城,广东,深圳市,南山区,华侨城假日湾1栋,广东深圳市南山区华侨城假日湾1栋,广东深圳市南山区华侨城假日湾1栋,113.977798,22.539785
深圳华侨城,广东,深圳市,南山区,华侨城瑞思中心大厦A座楼,广东深圳市南山区华侨城瑞思中心大厦A座楼,广东深圳市南山区华侨城瑞思中心大厦A座楼,113.924164,22.488255
深圳华侨城,广东,深圳市,南山区,沙河街道侨城坊T6栋楼,广东深圳市南山区沙河街道侨城坊T6栋楼,广东深圳市南山区沙河街道侨城坊T6栋楼,113.98048,22.552299
深圳华侨城,广东,深圳市,南山区,沙河街道柒城影像婚纱摄影工作室华侨创意园锦绣北街,广东深圳市南山区沙河街道柒城影像婚纱摄影工作室华侨创意园锦绣北街,广东深圳市南山区沙河街道柒城影像婚纱摄影工作室华侨创意园锦绣北街,113.995635,22.536348
深圳华侨城,广东,深圳市,南山区,白石洲沙河塘头六坊16号室,广东深圳市南山区白石洲沙河塘头六坊16号室,广东深圳市南山区白石洲沙河塘头六坊16号室,113.968603,22.541786
深圳华侨城,广东,深圳市,南山区,香山中街2号深圳市华侨城天鹅堡二期T栋,广东深圳市南山区香山中街2号深圳市华侨城天鹅堡二期T栋,广东深圳市南山区香山中街2号深圳市华侨城天鹅堡二期T栋,113.981441,22.545835
深圳华侨城,广东,深圳市,南山区,沙河街道深圳市南山区沙河街道香山东街260号天鹅湖花园三期A座1106唐女士,广东深圳市南山区沙河街道深圳市南山区沙河街道香山东街260号天鹅湖花园三期A座1106,广东深圳市南山区沙河街道深圳市南山区沙河街道香山东街260号天鹅湖花园三期A座1106,113.979821,22.545561
深圳华侨城,广东,深圳市,南山区,南山区沙河街道香山中街波托菲诺水岸七期和悦荟翡翠珠宝美,广东深圳市南山区沙河街道香山中街波托菲诺水岸七期和悦荟翡翠珠宝,广东深圳市南山区沙河街道香山中街波托菲诺水岸七期和悦荟翡翠珠宝,113.977188,22.547283
深圳华侨城,广东,深圳市,南山区,华侨城波托菲诺15期1栋单元,广东深圳市南山区华侨城波托菲诺15期1栋单元,广东深圳市南山区华侨城波托菲诺15期1栋单元,113.977188,22.547283
深圳华侨城,广东,深圳市,南山区,沙河街道华侨城香山东街天鹅湖花园3期C栋房峰,广东深圳市南山区沙河街道华侨城香山东街天鹅湖花园3期C栋房峰,广东深圳市南山区沙河街道华侨城香山东街天鹅湖花园3期C栋房峰,113.979821,22.545561
深圳华侨城,广东,深圳市,南山区,沙河街道深圳盛捷侨城坊服务公寓T9栋楼,广东深圳市南山区沙河街道深圳盛捷侨城坊服务公寓T9栋楼,广东深圳市南山区沙河街道深圳盛捷侨城坊服务公寓T9栋楼,113.98048,22.552299
深圳华侨城,广东,深圳市,南山区,朗侨峰居A栋,广东深圳市南山区朗侨峰居A栋,广东深圳市南山区朗侨峰居A栋,113.986019,22.55343
深圳华侨城,广东,深圳市,南山区,沙河街道假日湾三栋,广东深圳市南山区沙河街道假日湾三栋,广东深圳市南山区沙河街道假日湾三栋,113.977757,22.539611
深圳华侨城,广东,深圳市,南山区,深安路33号深铁懿府三期13栋,广东深圳市南山区深安路33号深铁懿府三期13栋,广东深圳市南山区深安路33号深铁懿府三期13栋,113.993039,22.551485
深圳华侨城,广东,深圳市,南山区,沙河街道白石洲湾畔花园五栋,广东深圳市南山区沙河街道白石洲湾畔花园五栋,广东深圳市南山区沙河街道白石洲湾畔花园五栋,113.942199,22.492287
深圳华侨城,广东,深圳市,南山区,沙河街道沙河东路111号名商高尔夫球场,广东深圳市南山区沙河街道沙河东路111号名商高尔夫球场,广东深圳市南山区沙河街道沙河东路111号名商高尔夫球场,113.965221,22.547297
深圳华侨城,广东,深圳市,南山区,沙河街道香山街社区天鹅湖三期商场L2005秀可,广东深圳市南山区沙河街道香山街社区天鹅湖三期商场L2005秀可,广东深圳市南山区沙河街道香山街社区天鹅湖三期商场L2005秀可,113.987475,22.543875
深圳华侨城,广东,深圳市,南山区,沙河街道汕头街8号康佳苑4栋C,广东深圳市南山区沙河街道汕头街8号康佳苑4栋C,广东深圳市南山区沙河街道汕头街8号康佳苑4栋C,113.991968,22.535566
深圳华侨城,广东,深圳市,南山区,沙河街道侨城西街9号世界花园樱花居6栋一单元,广东深圳市南山区沙河街道侨城西街9号世界花园樱花居6栋一单元,广东深圳市南山区沙河街道侨城西街9号世界花园樱花居6栋一单元,113.975083,22.539005
深圳华侨城,广东,深圳市,南山区,沙河街道柒城影像婚纱摄影楼锦绣北街,广东深圳市南山区沙河街道柒城影像婚纱摄影楼锦绣北街,广东深圳市南山区沙河街道柒城影像婚纱摄影楼锦绣北街,113.995407,22.536749
深圳华侨城,广东,深圳市,南山区,沙河街道广东省深圳市南山区华侨城世界花园聚龙居1,广东深圳市南山区沙河街道广东省深圳市南山区华侨城世界花园聚龙居1,广东深圳市南山区沙河街道广东省深圳市南山区华侨城世界花园聚龙居1,113.976513,22.538033
深圳华侨城,广东,深圳市,南山区,侨城北路东方科技园6栋l单元,广东深圳市南山区侨城北路东方科技园6栋l单元,广东深圳市南山区侨城北路东方科技园6栋l单元,113.982952,22.550621
深圳华侨城,广东,深圳市,南山区,沙河街道深南大道9002号锦绣花园3期B栋,广东深圳市南山区沙河街道深南大道9002号锦绣花园3期B栋,广东深圳市南山区沙河街道深南大道9002号锦绣花园3期B栋,113.995515,22.534684
深圳华侨城,广东,深圳市,南山区,深云路16号深铁懿府二期睿印里楼光,广东深圳市南山区深云路16号深铁懿府二期睿印里楼光,广东深圳市南山区深云路16号深铁懿府二期睿印里楼光,113.989892,22.552055
深圳华侨城,广东,深圳市,南山区,深铁懿府二期E1902,广东深圳市南山区深铁懿府二期E1902,广东深圳市南山区深铁懿府二期E1902,113.989892,22.552055
深圳华侨城,广东,深圳市,南山区,南山区沙河东路376号香山里5期2a栋大堂,广东深圳市南山区沙河东路376号香山里5期2a栋大堂,广东深圳市南山区沙河东路376号香山里5期2a栋大堂,113.990375,22.540852
深圳华侨城,广东,深圳市,南山区,沙河街道华山村,广东深圳市南山区沙河街道华山村,广东深圳市南山区沙河街道华山村,113.987519,22.541956
深圳华侨城,广东,深圳市,南山区,南山区沙河街道华侨城纯水岸9期1,广东深圳市南山区沙河街道华侨城纯水岸9期1,广东深圳市南山区沙河街道华侨城纯水岸9期1,113.9754,22.549362
深圳华侨城,广东,深圳市,南山区,香山中街天鹅堡一期C栋,广东深圳市南山区香山中街天鹅堡一期C栋,广东深圳市南山区香山中街天鹅堡一期C栋,113.97982,22.545645
深圳华侨城,广东,深圳市,南山区,香山美墅云颂3A号楼,广东深圳市南山区香山美墅云颂3A号楼,广东深圳市南山区香山美墅云颂3A号楼,113.969628,22.552557
深圳华侨城,广东,深圳市,南山区,沙河街道沙河街沙河小学西塘头村七坊6-1号,广东深圳市南山区沙河街道沙河街沙河小学西塘头村七坊6-1号,广东深圳市南山区沙河街道沙河街沙河小学西塘头村七坊6-1号,113.97389,22.541657
深圳华侨城,广东,深圳市,南山区,沙河街道华侨城香山东街12号燕晗花园A栋,广东深圳市南山区沙河街道华侨城香山东街12号燕晗花园A栋,广东深圳市南山区沙河街道华侨城香山东街12号燕晗花园A栋,113.989608,22.542291
深圳华侨城,广东,深圳市,南山区,沙河街道南山区沙河街道华侨城创意园恩平街美林大厦403伊派设计,广东深圳市南山区沙河街道南山区沙河街道华侨城创意园恩平街美林大厦403伊派设计,广东深圳市南山区沙河街道南山区沙河街道华侨城创意园恩平街美林大厦403伊派设计,113.993182,22.535915
深圳华侨城,广东,深圳市,南山区,沙河街道沙河东路376号香山美墅20栋,广东深圳市南山区沙河街道沙河东路376号香山美墅20栋,广东深圳市南山区沙河街道沙河东路376号香山美墅20栋,113.969435,22.551092
深圳华侨城,广东,深圳市,南山区,香山西街侨城馨苑,广东深圳市南山区香山西街侨城馨苑,广东深圳市南山区香山西街侨城馨苑,113.967112,22.548974
深圳华侨城,广东,深圳市,南山区,侨城豪苑1期2栋楼,广东深圳市南山区侨城豪苑1期2栋楼,广东深圳市南山区侨城豪苑1期2栋楼,113.967888,22.541997
深圳华侨城,广东,深圳市,南山区,杜鹃山东街八号汇文楼,广东深圳市南山区杜鹃山东街八号汇文楼,广东深圳市南山区杜鹃山东街八号汇文楼,113.983273,22.539314
深圳华侨城,广东,深圳市,南山区,深圳市南山区华侨城香山八号西座,广东深圳市南山区深圳市南山区华侨城香山八号西座,广东深圳市南山区深圳市南山区华侨城香山八号西座,113.98998,22.539974
深圳华侨城,广东,深圳市,南山区,沙河街道中海深圳湾畔花园5栋BYolanda,广东深圳市南山区沙河街道中海深圳湾畔花园5栋BYolanda,广东深圳市南山区沙河街道中海深圳湾畔花园5栋BYolanda,113.966985,22.540457
深圳华侨城,广东,深圳市,南山区,沙河街道华侨城锦绣花园二期E栋,广东深圳市南山区沙河街道华侨城锦绣花园二期E栋,广东深圳市南山区沙河街道华侨城锦绣花园二期E栋,113.979821,22.538544
深圳华侨城,广东,深圳市,南山区,沙河街道世纪假日广场C座,广东深圳市南山区沙河街道世纪假日广场C座,广东深圳市南山区沙河街道世纪假日广场C座,113.972166,22.538819
深圳华侨城,广东,深圳市,南山区,世纪假日广场c座,广东深圳市南山区世纪假日广场c座,广东深圳市南山区世纪假日广场c座,113.972166,22.538819
深圳华侨城,广东,深圳市,南山区,沙河街道华侨城光侨街16栋,广东深圳市南山区沙河街道华侨城光侨街16栋,广东深圳市南山区沙河街道华侨城光侨街16栋,113.985722,22.53582
深圳华侨城,广东,深圳市,南山区,沙河街道香山西街香山美墅六期C栋房工厂,广东深圳市南山区沙河街道香山西街香山美墅六期C栋房工厂,广东深圳市南山区沙河街道香山西街香山美墅六期C栋房工厂,113.969435,22.551092
深圳华侨城,广东,深圳市,南山区,沙河街道华侨城天鹅堡E-29A唐笑阳0755,广东深圳市南山区沙河街道华侨城天鹅堡E-29A,广东深圳市南山区沙河街道华侨城天鹅堡E-29A,113.97982,22.545645
深圳华侨城,广东,深圳市,南山区,华侨城深业鹤塘岭花园1栋一单元,广东深圳市南山区华侨城深业鹤塘岭花园1栋一单元,广东深圳市南山区华侨城深业鹤塘岭花园1栋一单元,113.973243,22.538684
深圳华侨城,广东,深圳市,南山区,沙河街道世界花园海华居1栋,广东深圳市南山区沙河街道世界花园海华居1栋,广东深圳市南山区沙河街道世界花园海华居1栋,113.973944,22.539766
深圳华侨城,广东,深圳市,南山区,深铁懿府三期11栋,广东深圳市南山区深铁懿府三期11栋,广东深圳市南山区深铁懿府三期11栋,113.991868,22.551604
深圳华侨城,广东,深圳市,南山区,沙河街道香山东街13号燕晗山居2栋,广东深圳市南山区沙河街道香山东街13号燕晗山居2栋,广东深圳市南山区沙河街道香山东街13号燕晗山居2栋,113.988955,22.542218
深圳华侨城,广东,深圳市,南山区,侨香路4088号绿景美景广场A座,广东深圳市南山区侨香路4088号绿景美景广场A座,广东深圳市南山区侨香路4088号绿景美景广场A座,113.978675,22.552636
深圳华侨城,广东,深圳市,南山区,华侨城香山中街天鹅堡T栋B,广东深圳市南山区华侨城香山中街天鹅堡T栋B,广东深圳市南山区华侨城香山中街天鹅堡T栋B,113.97982,22.545645
深圳华侨城,广东,深圳市,南山区,深圳南山区香山美墅云颂,广东深圳市南山区深圳南山区香山美墅云颂,广东深圳市南山区深圳南山区香山美墅云颂,113.969628,22.552557
深圳华侨城,广东,深圳市,南山区,沙河街道高发社区深安路33号深铁懿府2A,广东深圳市南山区沙河街道高发社区深安路33号深铁懿府2A,广东深圳市南山区沙河街道高发社区深安路33号深铁懿府2A,113.991824,22.552145
深圳华侨城,广东,深圳市,南山区,沙河街道首地容御,广东深圳市南山区沙河街道首地容御,广东深圳市南山区沙河街道首地容御,113.973501,22.550609
深圳华侨城,广东,深圳市,南山区,沙河街道白石洲深业鹤塘岭花园2栋一单元,广东深圳市南山区沙河街道白石洲深业鹤塘岭花园2栋一单元,广东深圳市南山区沙河街道白石洲深业鹤塘岭花园2栋一单元,113.973232,22.539613
深圳华侨城,广东,深圳市,南山区,沙河街道锦绣花园3期D栋,广东深圳市南山区沙河街道锦绣花园3期D栋,广东深圳市南山区沙河街道锦绣花园3期D栋,114.029127,22.637856
深圳华侨城,广东,深圳市,南山区,沙河街道华侨城香山里1期1栋,广东深圳市南山区沙河街道华侨城香山里1期1栋,广东深圳市南山区沙河街道华侨城香山里1期1栋,113.990212,22.539593
深圳华侨城,广东,深圳市,南山区,侨城馨苑楼下,广东深圳市南山区侨城馨苑楼下,广东深圳市南山区侨城馨苑楼下,113.967112,22.548974
深圳华侨城,广东,深圳市,南山区,华侨城沃尔玛号简,广东深圳市南山区华侨城沃尔玛号简,广东深圳市南山区华侨城沃尔玛号简,113.981995,22.537009
深圳华侨城,广东,深圳市,南山区,华侨城西组团中新街7栋,广东深圳市南山区华侨城西组团中新街7栋,广东深圳市南山区华侨城西组团中新街7栋,113.980743,22.536033
深圳华侨城,广东,深圳市,南山区,首地容御森大,广东深圳市南山区首地容御森大,广东深圳市南山区首地容御森大,113.973501,22.550609
深圳华侨城,广东,深圳市,南山区,益田假日广场-41号商铺happysock,广东深圳市南山区益田假日广场-41号商铺happysock,广东深圳市南山区益田假日广场-41号商铺happysock,113.973609,22.537392
深圳华侨城,广东,深圳市,南山区,沙河街道天鹅堡C栋楼C姓名,广东深圳市南山区沙河街道天鹅堡C栋楼C姓名,广东深圳市南山区沙河街道天鹅堡C栋楼C姓名,113.97982,22.545645
深圳华侨城,广东,深圳市,南山区,深南大道9028号益田集,广东深圳市南山区深南大道9028号益田集,广东深圳市南山区深南大道9028号益田集,113.974853,22.537317
深圳华侨城,广东,深圳市,南山区,前海合作区深铁懿府一期2A栋,广东深圳市南山区前海合作区深铁懿府一期2A栋,广东深圳市南山区前海合作区深铁懿府一期2A栋,113.898314,22.517537
深圳华侨城,广东,深圳市,南山区,沙河街道侨香路深圳市侨城一号广场楼【13048875442】,广东深圳市南山区沙河街道侨香路深圳市侨城一号广场楼,广东深圳市南山区沙河街道侨香路深圳市侨城一号广场楼,113.986106,22.547676
深圳华侨城,广东,深圳市,南山区,沙河街道香山东街8号燕晗山苑2单元,广东深圳市南山区沙河街道香山东街8号燕晗山苑2单元,广东深圳市南山区沙河街道香山东街8号燕晗山苑2单元,113.99098,22.541131
深圳华侨城,广东,深圳市,南山区,深南大道世纪假日广场D座,广东深圳市南山区深南大道世纪假日广场D座,广东深圳市南山区深南大道世纪假日广场D座,113.972064,22.538968
深圳华侨城,广东,深圳市,南山区,华侨城创意园北区栋,广东深圳市南山区华侨城创意园北区栋,广东深圳市南山区华侨城创意园北区栋,113.979821,22.538544
深圳华侨城,广东,深圳市,南山区,华桥城世界花园聚龙居二栋,广东深圳市南山区华桥城世界花园聚龙居二栋,广东深圳市南山区华桥城世界花园聚龙居二栋,113.976932,22.53827
深圳华侨城,广东,深圳市,南山区,香山东街OCT文化创意园5号公寓楼,广东深圳市南山区香山东街OCT文化创意园5号公寓楼,广东深圳市南山区香山东街OCT文化创意园5号公寓楼,113.995705,22.536366
深圳华侨城,广东,深圳市,南山区,沙河街道深南大道华侨城大厦806单元,广东深圳市南山区沙河街道深南大道华侨城大厦806单元,广东深圳市南山区沙河街道深南大道华侨城大厦806单元,113.982354,22.534576
深圳华侨城,广东,深圳市,南山区,沙河街道香山东街天鹅湖花园3期D,广东深圳市南山区沙河街道香山东街天鹅湖花园3期D,广东深圳市南山区沙河街道香山东街天鹅湖花园3期D,113.987479,22.543867
深圳华侨城,广东,深圳市,南山区,侨深路东方科技园华兴大厦,广东深圳市南山区侨深路东方科技园华兴大厦,广东深圳市南山区侨深路东方科技园华兴大厦,113.98239,22.55083
深圳华侨城,广东,深圳市,南山区,南山区沙河街道纯水岸三期36栋,广东深圳市南山区沙河街道纯水岸三期36栋,广东深圳市南山区沙河街道纯水岸三期36栋,113.976704,22.546251
深圳华侨城,广东,深圳市,南山区,华侨城世界花园海华居4栋,广东深圳市南山区华侨城世界花园海华居4栋,广东深圳市南山区华侨城世界花园海华居4栋,113.975329,22.540008
深圳华侨城,广东,深圳市,南山区,华侨城锦绣花园期多层A栋,广东深圳市南山区华侨城锦绣花园期多层A栋,广东深圳市南山区华侨城锦绣花园期多层A栋,113.979821,22.538544
深圳华侨城,广东,深圳市,南山区,香山东街燕晗花园c栋,广东深圳市南山区香山东街燕晗花园c栋,广东深圳市南山区香山东街燕晗花园c栋,113.989349,22.542744
深圳华侨城,广东,深圳市,南山区,沙河街道南山区白石洲新中路明珠花园8栋卷jis,广东深圳市南山区沙河街道南山区白石洲新中路明珠花园8栋卷jis,广东深圳市南山区沙河街道南山区白石洲新中路明珠花园8栋卷jis,113.967349,22.544039
深圳华侨城,广东,深圳市,南山区,沙河街道华侨城创意文化园栋楼另空间,广东深圳市南山区沙河街道华侨城创意文化园栋楼另空间,广东深圳市南山区沙河街道华侨城创意文化园栋楼另空间,113.993618,22.539457
深圳华侨城,广东,深圳市,南山区,沙河街道新塘村一坊,广东深圳市南山区沙河街道新塘村一坊,广东深圳市南山区沙河街道新塘村一坊,113.92007,22.541604
深圳华侨城,广东,深圳市,南山区,沙河街道深圳市南山区白石洲绿景公寓丰巢快递柜,广东深圳市南山区沙河街道深圳市南山区白石洲绿景公寓丰巢快递柜,广东深圳市南山区沙河街道深圳市南山区白石洲绿景公寓丰巢快递柜,113.967465,22.538369
深圳华侨城,广东,深圳市,南山区,深安路深铁懿府二期D座,广东深圳市南山区深安路深铁懿府二期D座,广东深圳市南山区深安路深铁懿府二期D座,113.989892,22.552055
深圳华侨城,广东,深圳市,南山区,香山里花园五期3栋B座,广东深圳市南山区香山里花园五期3栋B座,广东深圳市南山区香山里花园五期3栋B座,113.98998,22.539974
深圳华侨城,广东,深圳市,南山区,南山区康佳苑4栋,广东深圳市南山区康佳苑4栋,广东深圳市南山区康佳苑4栋,113.991968,22.535566
深圳华侨城,广东,深圳市,南山区,广东省-深圳市-南山区-沙河街道侨城西街9号世界花园海华居2座,广东深圳市南山区广东省-深圳市-南山区-沙河街道侨城西街9号世界花园海华居2座,广东深圳市南山区广东省-深圳市-南山区-沙河街道侨城西街9号世界花园海华居2座,113.975434,22.539574
深圳华侨城,广东,深圳市,南山区,侨香路金迪世纪大厦A座,广东深圳市南山区侨香路金迪世纪大厦A座,广东深圳市南山区侨香路金迪世纪大厦A座,113.993533,22.542011
深圳华侨城,广东,深圳市,南山区,沙河街道世纪假日广场D座,广东深圳市南山区沙河街道世纪假日广场D座,广东深圳市南山区沙河街道世纪假日广场D座,113.972064,22.538968
深圳华侨城,广东,深圳市,南山区,沙河街道沙河东路186号中海深圳湾畔花园7栋,广东深圳市南山区沙河街道沙河东路186号中海深圳湾畔花园7栋,广东深圳市南山区沙河街道沙河东路186号中海深圳湾畔花园7栋,113.96754,22.540342
深圳华侨城,广东,深圳市,南山区,南山区沙河街道波托菲诺纯水岸七期2栋单元,广东深圳市南山区沙河街道波托菲诺纯水岸七期2栋单元,广东深圳市南山区沙河街道波托菲诺纯水岸七期2栋单元,113.976415,22.548796
深圳华侨城,广东,深圳市,南山区,华侨城创意园锦绣北街柒城影像婚,广东深圳市南山区华侨城创意园锦绣北街柒城影像婚,广东深圳市南山区华侨城创意园锦绣北街柒城影像婚,113.979821,22.538544
深圳华侨城,广东,深圳市,南山区,沙河街道侨城西街9号世界花园海华居5栋,广东深圳市南山区沙河街道侨城西街9号世界花园海华居5栋,广东深圳市南山区沙河街道侨城西街9号世界花园海华居5栋,113.975775,22.540038
深圳华侨城,广东,深圳市,南山区,中海深圳湾畔花园4栋 F,广东深圳市南山区中海深圳湾畔花园4栋 F,广东深圳市南山区中海深圳湾畔花园4栋 F,113.966985,22.540457
深圳华侨城,广东,深圳市,南山区,沙河街道侨城馨苑,广东深圳市南山区沙河街道侨城馨苑,广东深圳市南山区沙河街道侨城馨苑,113.967112,22.548974
深圳华侨城,广东,深圳市,南山区,沙河街道光华街社区3栋,广东深圳市南山区沙河街道光华街社区3栋,广东深圳市南山区沙河街道光华街社区3栋,113.989709,22.534281
深圳华侨城,广东,深圳市,南山区,南山区沙河街道益田假日广场ole超市入口,广东深圳市南山区沙河街道益田假日广场ole超市入口,广东深圳市南山区沙河街道益田假日广场ole超市入口,113.973609,22.537392
深圳华侨城,广东,深圳市,南山区,华侨城潮洲街西街假日湾3栋E,广东深圳市南山区华侨城潮洲街西街假日湾3栋E,广东深圳市南山区华侨城潮洲街西街假日湾3栋E,113.977431,22.53993
深圳华侨城,广东,深圳市,南山区,沙河街道香山美墅云邸20栋C,广东深圳市南山区沙河街道香山美墅云邸20栋C,广东深圳市南山区沙河街道香山美墅云邸20栋C,113.970867,22.551598
深圳华侨城,广东,深圳市,南山区,纯水岸九期二栋,广东深圳市南山区纯水岸九期二栋,广东深圳市南山区纯水岸九期二栋,113.975077,22.549444
深圳华侨城,广东,深圳市,南山区,侨城坊T3栋楼福,广东深圳市南山区侨城坊T3栋楼福,广东深圳市南山区侨城坊T3栋楼福,113.979569,22.552244
深圳华侨城,广东,深圳市,南山区,新中路天河花园二单元,广东深圳市南山区新中路天河花园二单元,广东深圳市南山区新中路天河花园二单元,113.966176,22.544308
深圳华侨城,广东,深圳市,南山区,沙河街道华侨城东部工业区东栋深圳市海外留学归国人,广东深圳市南山区沙河街道华侨城东部工业区东栋深圳市海外留学归国人,广东深圳市南山区沙河街道华侨城东部工业区东栋深圳市海外留学归国人,113.996312,22.538514
深圳华侨城,广东,深圳市,南山区,华侨城锦绣花园二期E栋,广东深圳市南山区华侨城锦绣花园二期E栋,广东深圳市南山区华侨城锦绣花园二期E栋,113.979821,22.538544
深圳华侨城,广东,深圳市,南山区,沙河街道首地客御,广东深圳市南山区沙河街道首地客御,广东深圳市南山区沙河街道首地客御,113.930478,22.533191
深圳华侨城,广东,深圳市,南山区,华侨城天鹅湖花园D栋一单元,广东深圳市南山区华侨城天鹅湖花园D栋一单元,广东深圳市南山区华侨城天鹅湖花园D栋一单元,113.979821,22.545561
深圳华侨城,广东,深圳市,南山区,华侨城中旅广场华生活馆,广东深圳市南山区华侨城中旅广场华生活馆,广东深圳市南山区华侨城中旅广场华生活馆,113.983533,22.535916
深圳华侨城,广东,深圳市,南山区,华侨城开平街锦绣花园四期a栋单元,广东深圳市南山区华侨城开平街锦绣花园四期a栋单元,广东深圳市南山区华侨城开平街锦绣花园四期a栋单元,114.031805,22.626066
深圳华侨城,广东,深圳市,南山区,华侨城中新街14栋二单元,广东深圳市南山区华侨城中新街14栋二单元,广东深圳市南山区华侨城中新街14栋二单元,113.983383,22.534693
深圳华侨城,广东,深圳市,南山区,沙河街道纯水岸16期,广东深圳市南山区沙河街道纯水岸16期,广东深圳市南山区沙河街道纯水岸16期,113.971014,22.546403
深圳华侨城,广东,深圳市,南山区,沙河街道香山西街8号香山里花园一期3栋单元,广东深圳市南山区沙河街道香山西街8号香山里花园一期3栋单元,广东深圳市南山区沙河街道香山西街8号香山里花园一期3栋单元,113.974362,22.553121
深圳华侨城,广东,深圳市,南山区,沙河街道深云村,广东深圳市南山区沙河街道深云村,广东深圳市南山区沙河街道深云村,113.991674,22.55399
深圳华侨城,广东,深圳市,南山区,沙河街道侨北一街富田创意园楼,广东深圳市南山区沙河街道侨北一街富田创意园楼,广东深圳市南山区沙河街道侨北一街富田创意园楼,113.972687,22.551861
深圳华侨城,广东,深圳市,南山区,华侨城天鹅湖花园E1栋,广东深圳市南山区华侨城天鹅湖花园E1栋,广东深圳市南山区华侨城天鹅湖花园E1栋,113.979821,22.545561
深圳华侨城,广东,深圳市,南山区,白石洲沙河观景阁放旁边丰巢,广东深圳市南山区白石洲沙河观景阁放旁边丰巢,广东深圳市南山区白石洲沙河观景阁放旁边丰巢,113.968603,22.541786
深圳华侨城,广东,深圳市,南山区,沙河街道侨城东街25号湖滨花园潋芳阁,广东深圳市南山区沙河街道侨城东街25号湖滨花园潋芳阁,广东深圳市南山区沙河街道侨城东街25号湖滨花园潋芳阁,113.984738,22.53626
深圳华侨城,广东,深圳市,南山区,光华街44号附近东组团住宅区,广东深圳市南山区光华街44号附近东组团住宅区,广东深圳市南山区光华街44号附近东组团住宅区,113.990544,22.535886
深圳华侨城,广东,深圳市,南山区,华侨城波托菲诺纯水岸七期3栋单元,广东深圳市南山区华侨城波托菲诺纯水岸七期3栋单元,广东深圳市南山区华侨城波托菲诺纯水岸七期3栋单元,113.976124,22.546718
深圳华侨城,广东,深圳市,南山区,深南大道沙河世纪假日广场星河美食城楼号英典美容院,广东深圳市南山区深南大道沙河世纪假日广场星河美食城楼号英典美容院,广东深圳市南山区深南大道沙河世纪假日广场星河美食城楼号英典美容院,113.972274,22.53841
深圳华侨城,广东,深圳市,南山区,沙河白石洲下白石一坊10号楼楼,广东深圳市南山区沙河白石洲下白石一坊10号楼楼,广东深圳市南山区沙河白石洲下白石一坊10号楼楼,113.969616,22.539944
深圳华侨城,广东,深圳市,南山区,白石洲沙河街侨城豪苑一期一栋,广东深圳市南山区白石洲沙河街侨城豪苑一期一栋,广东深圳市南山区白石洲沙河街侨城豪苑一期一栋,113.968603,22.541786
深圳华侨城,广东,深圳市,南山区,沙河街道新友路深铁懿府3期10栋,广东深圳市南山区沙河街道新友路深铁懿府3期10栋,广东深圳市南山区沙河街道新友路深铁懿府3期10栋,113.991824,22.552145
深圳华侨城,广东,深圳市,南山区,沙河街道南山区侨城豪宛二期B栋,广东深圳市南山区沙河街道南山区侨城豪宛二期B栋,广东深圳市南山区沙河街道南山区侨城豪宛二期B栋,113.930478,22.533191
深圳华侨城,广东,深圳市,南山区,沙河街道沙河街道-华侨城纯水岸九期一栋二单元3A,广东深圳市南山区沙河街道沙河街道-华侨城纯水岸九期一栋二单元3A,广东深圳市南山区沙河街道沙河街道-华侨城纯水岸九期一栋二单元3A,113.976704,22.546251
深圳华侨城,广东,深圳市,南山区,深圳市南山区波托菲诺纯水岸-七期波托菲诺纯水岸-七期1栋一单元,广东深圳市南山区深圳市南山区波托菲诺纯水岸-七期波托菲诺纯水岸-七期1栋一单元,广东深圳市南山区深圳市南山区波托菲诺纯水岸-七期波托菲诺纯水岸-七期1栋一单元,113.975249,22.545894
深圳华侨城,广东,深圳市,南山区,沙河街道假日湾华庭3,广东深圳市南山区沙河街道假日湾华庭3,广东深圳市南山区沙河街道假日湾华庭3,113.977643,22.539342
深圳华侨城,广东,深圳市,南山区,深云西二路朗,广东深圳市南山区深云西二路朗,广东深圳市南山区深云西二路朗,113.986208,22.552232
深圳华侨城,广东,深圳市,南山区,华侨城东组团25栋,广东深圳市南山区华侨城东组团25栋,广东深圳市南山区华侨城东组团25栋,113.989736,22.537779
深圳华侨城,广东,深圳市,南山区,华侨城新侨大厦楼华侨城,广东深圳市南山区华侨城新侨大厦楼华侨城,广东深圳市南山区华侨城新侨大厦楼华侨城,113.986828,22.53417
深圳华侨城,广东,深圳市,南山区,沙河街道光华街社区香山东街1号华侨城东部工业区H2栋格物空,广东深圳市南山区沙河街道光华街社区香山东街1号华侨城东部工业区H2栋格物空,广东深圳市南山区沙河街道光华街社区香山东街1号华侨城东部工业区H2栋格物空,113.987332,22.544352
深圳华侨城,广东,深圳市,南山区,沙河华侨城锦绣花园二期C栋,广东深圳市南山区沙河华侨城锦绣花园二期C栋,广东深圳市南山区沙河华侨城锦绣花园二期C栋,113.979821,22.538544
深圳华侨城,广东,深圳市,南山区,深南大道益田假日广场楼号铺新革丽奢侈,广东深圳市南山区深南大道益田假日广场楼号铺新革丽奢侈,广东深圳市南山区深南大道益田假日广场楼号铺新革丽奢侈,113.975117,22.537327
深圳华侨城,广东,深圳市,南山区,南山区沙河街道侨城东深南大道9002号锦绣花园倚海阁,广东深圳市南山区沙河街道侨城东深南大道9002号锦绣花园倚海阁,广东深圳市南山区沙河街道侨城东深南大道9002号锦绣花园倚海阁,113.995515,22.534684
深圳华侨城,广东,深圳市,南山区,沙河街道华侨城创意园文昌街4号C7栋玺程设计酒店楼上楼直走右转blackstudio,广东深圳市南山区沙河街道华侨城创意园文昌街4号C7栋玺程设计酒店楼上楼直走右转blackstudio,广东深圳市南山区沙河街道华侨城创意园文昌街4号C7栋玺程设计酒店楼上楼直走右转blackstudio,113.994195,22.540636
深圳华侨城,广东,深圳市,南山区,侨香路4060号香年广场A座,广东深圳市南山区侨香路4060号香年广场A座,广东深圳市南山区侨香路4060号香年广场A座,113.987326,22.547159
深圳华侨城,广东,深圳市,南山区,南山区沙河街道深云路3号东方科技园楼,广东深圳市南山区沙河街道深云路3号东方科技园楼,广东深圳市南山区沙河街道深云路3号东方科技园楼,113.982423,22.55131
深圳华侨城,广东,深圳市,南山区,南山街道深云6路博达大厦1607号MD,广东深圳市南山区南山街道深云6路博达大厦1607号MD,广东深圳市南山区南山街道深云6路博达大厦1607号MD,113.988445,22.551175
深圳华侨城,广东,深圳市,南山区,香山里花园二期7栋二单元,广东深圳市南山区香山里花园二期7栋二单元,广东深圳市南山区香山里花园二期7栋二单元,113.98998,22.539974
深圳华侨城,广东,深圳市,南山区,沙河街道锦绣花园二期E栋,广东深圳市南山区沙河街道锦绣花园二期E栋,广东深圳市南山区沙河街道锦绣花园二期E栋,113.930478,22.533191
深圳华侨城,广东,深圳市,南山区,华侨城一辉花园1C,广东深圳市南山区华侨城一辉花园1C,广东深圳市南山区华侨城一辉花园1C,113.972565,22.550539
深圳华侨城,广东,深圳市,南山区,沙河街道潮州西街6号假日湾2栋,广东深圳市南山区沙河街道潮州西街6号假日湾2栋,广东深圳市南山区沙河街道潮州西街6号假日湾2栋,113.977778,22.539325
深圳华侨城,广东,深圳市,南山区,南山区沙河街道香山东街燕晗花园快递柜,广东深圳市南山区沙河街道香山东街燕晗花园快递柜,广东深圳市南山区沙河街道香山东街燕晗花园快递柜,113.989349,22.542744
深圳华侨城,广东,深圳市,南山区,沙河街道深业鹤塘岭花园2栋单元,广东深圳市南山区沙河街道深业鹤塘岭花园2栋单元,广东深圳市南山区沙河街道深业鹤塘岭花园2栋单元,113.973232,22.539613
深圳华侨城,广东,深圳市,南山区,沙河街道沙河东路367号香山美墅香山里5期3a栋,广东深圳市南山区沙河街道沙河东路367号香山美墅香山里5期3a栋,广东深圳市南山区沙河街道沙河东路367号香山美墅香山里5期3a栋,113.990375,22.540852
深圳华侨城,广东,深圳市,南山区,侨香路4080号侨城坊7栋楼,广东深圳市南山区侨香路4080号侨城坊7栋楼,广东深圳市南山区侨香路4080号侨城坊7栋楼,113.981275,22.552951
深圳华侨城,广东,深圳市,南山区,华侨城创意文化园南山特色文化街区北区a3栋,广东深圳市南山区华侨城创意文化园南山特色文化街区北区a3栋,广东深圳市南山区华侨城创意文化园南山特色文化街区北区a3栋,113.993099,22.539795
深圳华侨城,广东,深圳市,南山区,沙河街道深云村深云村二栋,广东深圳市南山区沙河街道深云村深云村二栋,广东深圳市南山区沙河街道深云村深云村二栋,113.991674,22.55399
深圳华侨城,广东,深圳市,南山区,华侨城天鹅湖花园三期D栋,广东深圳市南山区华侨城天鹅湖花园三期D栋,广东深圳市南山区华侨城天鹅湖花园三期D栋,113.979821,22.545561
深圳华侨城,广东,深圳市,南山区,沙河街道塘头四坊22栋,广东深圳市南山区沙河街道塘头四坊22栋,广东深圳市南山区沙河街道塘头四坊22栋,113.924896,22.54461
深圳华侨城,广东,深圳市,南山区,侨香路4080号侨城坊1栋层,广东深圳市南山区侨香路4080号侨城坊1栋层,广东深圳市南山区侨香路4080号侨城坊1栋层,113.980149,22.551307
深圳华侨城,广东,深圳市,南山区,华侨城香山里1期1栋C,广东深圳市南山区华侨城香山里1期1栋C,广东深圳市南山区华侨城香山里1期1栋C,113.990212,22.539593
深圳华侨城,广东,深圳市,南山区,沙河街道深业鹤塘岭二栋一单元707.挂脖吊带蓝S,广东深圳市南山区沙河街道深业鹤塘岭二栋一单元707,广东深圳市南山区沙河街道深业鹤塘岭二栋一单元707,114.065918,22.546267
深圳华侨城,广东,深圳市,南山区,华侨城锦绣花园一期观海阁,广东深圳市南山区华侨城锦绣花园一期观海阁,广东深圳市南山区华侨城锦绣花园一期观海阁,113.979821,22.538544
深圳华侨城,广东,深圳市,南山区,沙河街道荔园新村9栋单元,广东深圳市南山区沙河街道荔园新村9栋单元,广东深圳市南山区沙河街道荔园新村9栋单元,113.928799,22.550045
深圳华侨城,广东,深圳市,南山区,首地·容御花园,广东深圳市南山区首地·容御花园,广东深圳市南山区首地·容御花园,113.974543,22.550344
深圳华侨城,广东,深圳市,南山区,沙河街道侨香路与侨城东路交口西北120米中铁隧道局项目部,广东深圳市南山区沙河街道侨香路与侨城东路交口西北120米中铁隧道局项目部,广东深圳市南山区沙河街道侨香路与侨城东路交口西北120米中铁隧道局项目部,113.994879,22.54165
深圳华侨城,广东,深圳市,南山区,华侨城锦绣花园滨海阁,广东深圳市南山区华侨城锦绣花园滨海阁,广东深圳市南山区华侨城锦绣花园滨海阁,113.979821,22.538544
深圳华侨城,广东,深圳市,南山区,侨城坊7,广东深圳市南山区侨城坊7,广东深圳市南山区侨城坊7,113.981275,22.552951
深圳华侨城,广东,深圳市,南山区,沙河街道暨南大学深圳校区华侨城侨城东街6号学院正门旁边快递站,广东深圳市南山区沙河街道暨南大学深圳校区华侨城侨城东街6号学院正门旁边快递站,广东深圳市南山区沙河街道暨南大学深圳校区华侨城侨城东街6号学院正门旁边快递站,113.979821,22.538544
深圳华侨城,广东,深圳市,南山区,香山美墅14栋d,广东深圳市南山区香山美墅14栋d,广东深圳市南山区香山美墅14栋d,113.968764,22.551337
深圳华侨城,广东,深圳市,南山区,沙河街道深圳市南山区深安路深铁懿府4B栋,广东深圳市南山区沙河街道深圳市南山区深安路深铁懿府4B栋,广东深圳市南山区沙河街道深圳市南山区深安路深铁懿府4B栋,113.991824,22.552145
深圳华侨城,广东,深圳市,南山区,南山区深安路28号深云村12A30D,广东深圳市南山区深安路28号深云村12A30D,广东深圳市南山区深安路28号深云村12A30D,113.990848,22.555068
深圳华侨城,广东,深圳市,南山区,香山西街香山美墅花园13,广东深圳市南山区香山西街香山美墅花园13,广东深圳市南山区香山西街香山美墅花园13,113.969435,22.551092
深圳华侨城,广东,深圳市,南山区,香山美墅5期,广东深圳市南山区香山美墅5期,广东深圳市南山区香山美墅5期,113.969435,22.551092
深圳华侨城,广东,深圳市,南山区,沙河街道沙河街33号侨城豪苑1期4栋门口,广东深圳市南山区沙河街道沙河街33号侨城豪苑1期4栋门口,广东深圳市南山区沙河街道沙河街33号侨城豪苑1期4栋门口,113.967888,22.541997
深圳华侨城,广东,深圳市,南山区,世界花园,广东深圳市南山区世界花园,广东深圳市南山区世界花园,113.974162,22.538775
深圳华侨城,广东,深圳市,南山区,沙河街道深云村12b-27D,广东深圳市南山区沙河街道深云村12b-27D,广东深圳市南山区沙河街道深云村12b-27D,113.990426,22.555054
深圳华侨城,广东,深圳市,南山区,沙河街道下白石一坊44号楼放楼下不要,广东深圳市南山区沙河街道下白石一坊44号楼,广东深圳市南山区沙河街道下白石一坊44号楼,113.970298,22.540126
深圳华侨城,广东,深圳市,南山区,华侨城华生活馆管理处,广东深圳市南山区华侨城华生活馆管理处,广东深圳市南山区华侨城华生活馆管理处,113.983533,22.535916
深圳华侨城,广东,深圳市,南山区,沙河街道香山东街天鹅湖花园三期A,广东深圳市南山区沙河街道香山东街天鹅湖花园三期A,广东深圳市南山区沙河街道香山东街天鹅湖花园三期A,113.983283,22.547415
深圳华侨城,广东,深圳市,南山区,沙河街道中海湾畔花园5栋F,广东深圳市南山区沙河街道中海湾畔花园5栋F,广东深圳市南山区沙河街道中海湾畔花园5栋F,113.942199,22.492287
深圳华侨城,广东,深圳市,南山区,沙河街道香山美墅19栋,广东深圳市南山区沙河街道香山美墅19栋,广东深圳市南山区沙河街道香山美墅19栋,113.968924,22.54917
深圳华侨城,广东,深圳市,南山区,南山区沙河街道光华街社区3栋,广东深圳市南山区沙河街道光华街社区3栋,广东深圳市南山区沙河街道光华街社区3栋,113.989709,22.534281
深圳华侨城,广东,深圳市,南山区,香山东街1号康佳之星K-parkH3栋,广东深圳市南山区香山东街1号康佳之星K-parkH3栋,广东深圳市南山区香山东街1号康佳之星K-parkH3栋,113.992256,22.538865
深圳华侨城,广东,深圳市,南山区,沙河街道侨北二街首地容御2栋赫本秀HBBEAUTY·疗愈SPA,广东深圳市南山区沙河街道侨北二街首地容御2栋赫本秀HBBEAUTY·疗愈SPA,广东深圳市南山区沙河街道侨北二街首地容御2栋赫本秀HBBEAUTY·疗愈SPA,113.974429,22.550872
深圳华侨城,广东,深圳市,南山区,南山区沙河街道侨城西街9号世界花园樱花居6栋单元,广东深圳市南山区沙河街道侨城西街9号世界花园樱花居6栋单元,广东深圳市南山区沙河街道侨城西街9号世界花园樱花居6栋单元,113.975083,22.539005
深圳华侨城,广东,深圳市,南山区,南山区沙河街道南山区华侨城纯水岸48栋,广东深圳市南山区沙河街道南山区华侨城纯水岸48栋,广东深圳市南山区沙河街道南山区华侨城纯水岸48栋,113.976704,22.546251
深圳华侨城,广东,深圳市,南山区,沙河街道沙河荔园新村三栋二单元504,广东深圳市南山区沙河街道沙河荔园新村三栋二单元504,广东深圳市南山区沙河街道沙河荔园新村三栋二单元504,113.928045,22.550409
深圳华侨城,广东,深圳市,南山区,沙河街道天鹅湖三期C栋,广东深圳市南山区沙河街道天鹅湖三期C栋,广东深圳市南山区沙河街道天鹅湖三期C栋,113.98774,22.543941
深圳华侨城,广东,深圳市,南山区,沙河街道香山东街栋嘉途酒店,广东深圳市南山区沙河街道香山东街栋嘉途酒店,广东深圳市南山区沙河街道香山东街栋嘉途酒店,113.991101,22.539325
深圳华侨城,广东,深圳市,南山区,沙河街道香山西街8号香山里二期9栋,广东深圳市南山区沙河街道香山西街8号香山里二期9栋,广东深圳市南山区沙河街道香山西街8号香山里二期9栋,113.974362,22.553121
深圳华侨城,广东,深圳市,南山区,沙河街道锦绣花园一期观海阁,广东深圳市南山区沙河街道锦绣花园一期观海阁,广东深圳市南山区沙河街道锦绣花园一期观海阁,113.930478,22.533191
深圳华侨城,广东,深圳市,南山区,沙河街道沙河医院楼,广东深圳市南山区沙河街道沙河医院楼,广东深圳市南山区沙河街道沙河医院楼,113.969237,22.541468
深圳华侨城,广东,深圳市,南山区,绿景美景广场A栋,广东深圳市南山区绿景美景广场A栋,广东深圳市南山区绿景美景广场A栋,113.978675,22.552636
深圳华侨城,广东,深圳市,南山区,南山区沙河街道香山中街波托菲诺纯水岸1期,广东深圳市南山区沙河街道香山中街波托菲诺纯水岸1期,广东深圳市南山区沙河街道香山中街波托菲诺纯水岸1期,113.978369,22.545462
深圳华侨城,广东,深圳市,南山区,南山区华侨城纯水岸三期27栋,广东深圳市南山区华侨城纯水岸三期27栋,广东深圳市南山区华侨城纯水岸三期27栋,113.976704,22.546251
深圳华侨城,广东,深圳市,南山区,沙河街道香山中街2号天鹅堡S栋,广东深圳市南山区沙河街道香山中街2号天鹅堡S栋,广东深圳市南山区沙河街道香山中街2号天鹅堡S栋,113.978222,22.546142
深圳华侨城,广东,深圳市,南山区,沙河街道侨香路侨城坊7栋,广东深圳市南山区沙河街道侨香路侨城坊7栋,广东深圳市南山区沙河街道侨香路侨城坊7栋,113.981248,22.552856
深圳华侨城,广东,深圳市,南山区,沙河街道深云村11栋F,广东深圳市南山区沙河街道深云村11栋F,广东深圳市南山区沙河街道深云村11栋F,113.989929,22.55482
深圳华侨城,广东,深圳市,南山区,华侨城香山美墅云颂2栋A座,广东深圳市南山区华侨城香山美墅云颂2栋A座,广东深圳市南山区华侨城香山美墅云颂2栋A座,113.9704,22.552827
深圳华侨城,广东,深圳市,南山区,沙河街道-深安路33号深铁懿府3A,广东深圳市南山区沙河街道-深安路33号深铁懿府3A,广东深圳市南山区沙河街道-深安路33号深铁懿府3A,113.991824,22.552145
深圳华侨城,广东,深圳市,南山区,沙街道城汕头号公寓,广东深圳市南山区沙街道城汕头号公寓,广东深圳市南山区沙街道城汕头号公寓,113.809529,22.743574
深圳华侨城,广东,深圳市,南山区,杜鹃山东街12号荔海楼,广东深圳市南山区杜鹃山东街12号荔海楼,广东深圳市南山区杜鹃山东街12号荔海楼,113.984222,22.540555
深圳华侨城,广东,深圳市,南山区,沙河街道华侨城东组团14栋,广东深圳市南山区沙河街道华侨城东组团14栋,广东深圳市南山区沙河街道华侨城东组团14栋,113.989736,22.537779
深圳华侨城,广东,深圳市,南山区,沙河街道香山美墅果岭1b,广东深圳市南山区沙河街道香山美墅果岭1b,广东深圳市南山区沙河街道香山美墅果岭1b,113.967229,22.550286
深圳华侨城,广东,深圳市,南山区,沙河街道高发社区侨香路4080号侨城坊2号楼,广东深圳市南山区沙河街道高发社区侨香路4080号侨城坊2号楼,广东深圳市南山区沙河街道高发社区侨香路4080号侨城坊2号楼,113.979311,22.551837
深圳华侨城,广东,深圳市,南山区,益田假日广场瑞思中心A座2605维纳斯一号沙龙蓝漂,广东深圳市南山区益田假日广场瑞思中心A座2605维纳斯一号沙龙蓝漂,广东深圳市南山区益田假日广场瑞思中心A座2605维纳斯一号沙龙蓝漂,113.973159,22.538168
深圳华侨城,广东,深圳市,南山区,南山区沙河街道西组团住宅区5栋,广东深圳市南山区沙河街道西组团住宅区5栋,广东深圳市南山区沙河街道西组团住宅区5栋,113.968593,22.544559
深圳华侨城,广东,深圳市,南山区,沙河街道深南大道锦绣花园1期观海阁6D蓝帽L,广东深圳市南山区沙河街道深南大道锦绣花园1期观海阁6D蓝帽L,广东深圳市南山区沙河街道深南大道锦绣花园1期观海阁6D蓝帽L,113.993509,22.533391
深圳华侨城,广东,深圳市,南山区,沙河街道锦绣花园二期A栋二单元,广东深圳市南山区沙河街道锦绣花园二期A栋二单元,广东深圳市南山区沙河街道锦绣花园二期A栋二单元,114.10904,22.593547
深圳华侨城,广东,深圳市,南山区,沙河街道南山区华侨城世界花园樱花居5栋二单元,广东深圳市南山区沙河街道南山区华侨城世界花园樱花居5栋二单元,广东深圳市南山区沙河街道南山区华侨城世界花园樱花居5栋二单元,113.975003,22.538797
深圳华侨城,广东,深圳市,南山区,南山区华侨城创意园北区栋,广东深圳市南山区华侨城创意园北区栋,广东深圳市南山区华侨城创意园北区栋,113.979821,22.538544
深圳华侨城,广东,深圳市,南山区,侨城西街9号世界花园香山居1栋,广东深圳市南山区侨城西街9号世界花园香山居1栋,广东深圳市南山区侨城西街9号世界花园香山居1栋,113.975473,22.539626
深圳华侨城,广东,深圳市,南山区,沙河街道深铁懿府一期4B,广东深圳市南山区沙河街道深铁懿府一期4B,广东深圳市南山区沙河街道深铁懿府一期4B,113.991891,22.552854
深圳华侨城,广东,深圳市,南山区,沙河街道南山区沙河街道深云路28号福到来购物中心楼号厅,广东深圳市南山区沙河街道南山区沙河街道深云路28号福到来购物中心楼号厅,广东深圳市南山区沙河街道南山区沙河街道深云路28号福到来购物中心楼号厅,113.992026,22.554115
深圳华侨城,广东,深圳市,南山区,沙河潮州西街8号栋单元,广东深圳市南山区沙河潮州西街8号栋单元,广东深圳市南山区沙河潮州西街8号栋单元,113.973758,22.5403
深圳华侨城,广东,深圳市,南山区,沙河街道东组团住宅区10栋四单元,广东深圳市南山区沙河街道东组团住宅区10栋四单元,广东深圳市南山区沙河街道东组团住宅区10栋四单元,113.968593,22.544559
深圳华侨城,广东,深圳市,南山区,沙河街道深铁懿府一期2A,广东深圳市南山区沙河街道深铁懿府一期2A,广东深圳市南山区沙河街道深铁懿府一期2A,113.991891,22.552854
深圳华侨城,广东,深圳市,南山区,深圳市南山区深安路深铁懿府一期2栋B座房,广东深圳市南山区深圳市南山区深安路深铁懿府一期2栋B座房,广东深圳市南山区深圳市南山区深安路深铁懿府一期2栋B座房,113.991599,22.552443
深圳华侨城,广东,深圳市,南山区,沙河街道华侨城中新街2栋菜鸟,广东深圳市南山区沙河街道华侨城中新街2栋菜鸟,广东深圳市南山区沙河街道华侨城中新街2栋菜鸟,113.979188,22.536826
深圳华侨城,广东,深圳市,南山区,沙河街道天鹅堡F2栋,广东深圳市南山区沙河街道天鹅堡F2栋,广东深圳市南山区沙河街道天鹅堡F2栋,113.97982,22.545645
深圳华侨城,广东,深圳市,南山区,沙河街道香山美墅云邸23栋,广东深圳市南山区沙河街道香山美墅云邸23栋,广东深圳市南山区沙河街道香山美墅云邸23栋,113.970867,22.551598
深圳华侨城,广东,深圳市,南山区,沙河街道深安路33号深铁懿府二期E,广东深圳市南山区沙河街道深安路33号深铁懿府二期E,广东深圳市南山区沙河街道深安路33号深铁懿府二期E,113.989892,22.552055
深圳华侨城,广东,深圳市,南山区,白石洲沙河街道塘三坊,广东深圳市南山区白石洲沙河街道塘三坊,广东深圳市南山区白石洲沙河街道塘三坊,113.968593,22.544559
深圳华侨城,广东,深圳市,南山区,香山中街华侨城纯水岸六期T南7组T,广东深圳市南山区香山中街华侨城纯水岸六期T南7组T,广东深圳市南山区香山中街华侨城纯水岸六期T南7组T,113.976704,22.546251
深圳华侨城,广东,深圳市,南山区,沙河街道北环大道与深云西二路交汇处,广东深圳市南山区沙河街道北环大道与深云西二路交汇处,广东深圳市南山区沙河街道北环大道与深云西二路交汇处,113.985929,22.552383
深圳华侨城,广东,深圳市,南山区,南山区沙河街道香山西街8号香山里花园8栋单元,广东深圳市南山区沙河街道香山西街8号香山里花园8栋单元,广东深圳市南山区沙河街道香山西街8号香山里花园8栋单元,113.974362,22.553121
深圳华侨城,广东,深圳市,南山区,香山西街首地容御6栋,广东深圳市南山区香山西街首地容御6栋,广东深圳市南山区香山西街首地容御6栋,113.971864,22.55055
深圳华侨城,广东,深圳市,南山区,华侨城中旅广场碧云阁管理处,广东深圳市南山区华侨城中旅广场碧云阁管理处,广东深圳市南山区华侨城中旅广场碧云阁管理处,113.982431,22.53576
深圳华侨城,广东,深圳市,南山区,沙河街道鹏翔阁鹏翔阁,广东深圳市南山区沙河街道鹏翔阁鹏翔阁,广东深圳市南山区沙河街道鹏翔阁鹏翔阁,114.127775,22.565125
深圳华侨城,广东,深圳市,南山区,南山区金河路114号,广东深圳市南山区金河路114号,广东深圳市南山区金河路114号,113.9735,22.541324
深圳华侨城,广东,深圳市,南山区,沙河街道光华街12栋一单元,广东深圳市南山区沙河街道光华街12栋一单元,广东深圳市南山区沙河街道光华街12栋一单元,113.989006,22.534952
深圳华侨城,广东,深圳市,南山区,沙河街道侨香路4080号侨城坊1栋楼D1E单元,广东深圳市南山区沙河街道侨香路4080号侨城坊1栋楼D1E单元,广东深圳市南山区沙河街道侨香路4080号侨城坊1栋楼D1E单元,113.980076,22.551958
深圳华侨城,广东,深圳市,南山区,沙河街道下白石新村1栋单元,广东深圳市南山区沙河街道下白石新村1栋单元,广东深圳市南山区沙河街道下白石新村1栋单元,113.968119,22.543804
深圳华侨城,广东,深圳市,南山区,华侨城香山街纯水岸综合市场101B银行,广东深圳市南山区华侨城香山街纯水岸综合市场101B银行,广东深圳市南山区华侨城香山街纯水岸综合市场101B银行,113.976704,22.546251
深圳华侨城,广东,深圳市,南山区,华侨城香山里花园二期6栋二单元,广东深圳市南山区华侨城香山里花园二期6栋二单元,广东深圳市南山区华侨城香山里花园二期6栋二单元,113.98998,22.539974
深圳华侨城,广东,深圳市,南山区,沙河街道荔园新村9栋楼菜鸟驿,广东深圳市南山区沙河街道荔园新村9栋楼菜鸟驿,广东深圳市南山区沙河街道荔园新村9栋楼菜鸟驿,113.929015,22.549957
深圳华侨城,广东,深圳市,南山区,沙河世纪假日广场C,广东深圳市南山区沙河世纪假日广场C,广东深圳市南山区沙河世纪假日广场C,113.972316,22.539296
深圳华侨城,广东,深圳市,南山区,沙河街道嘉应街2号暨南大学深圳校区,广东深圳市南山区沙河街道嘉应街2号暨南大学深圳校区,广东深圳市南山区沙河街道嘉应街2号暨南大学深圳校区,113.985902,22.539513
深圳华侨城,广东,深圳市,南山区,锦绣花园观海阁,广东深圳市南山区锦绣花园观海阁,广东深圳市南山区锦绣花园观海阁,113.930478,22.533191
深圳华侨城,广东,深圳市,南山区,白石州侨城豪苑2期B座,广东深圳市南山区白石州侨城豪苑2期B座,广东深圳市南山区白石州侨城豪苑2期B座,113.967802,22.542328
深圳华侨城,广东,深圳市,南山区,南山区沙河街道智慧广场B座2单元负层丰巢快递柜x黑色总成9,广东深圳市南山区沙河街道智慧广场B座2单元负层丰巢快递柜,广东深圳市南山区沙河街道智慧广场B座2单元负层丰巢快递柜,114.121775,22.541475
深圳华侨城,广东,深圳市,南山区,世界花园樱花居2栋单元,广东深圳市南山区世界花园樱花居2栋单元,广东深圳市南山区世界花园樱花居2栋单元,113.975066,22.538031
深圳华侨城,广东,深圳市,南山区,香山西街纯水岸15期1栋单元,广东深圳市南山区香山西街纯水岸15期1栋单元,广东深圳市南山区香山西街纯水岸15期1栋单元,113.976704,22.546251
深圳华侨城,广东,深圳市,南山区,沙河街道锦绣花园3期A栋华侨城锦绣花园三期A栋C佩红85g,广东深圳市南山区沙河街道锦绣花园3期A栋华侨城锦绣花园三期A栋,广东深圳市南山区沙河街道锦绣花园3期A栋华侨城锦绣花园三期A栋,113.995631,22.535698
深圳华侨城,广东,深圳市,南山区,沙河街道侨北三街香山美墅云邸,广东深圳市南山区沙河街道侨北三街香山美墅云邸,广东深圳市南山区沙河街道侨北三街香山美墅云邸,113.970867,22.551598
深圳华侨城,广东,深圳市,南山区,华侨城光侨街小区8栋,广东深圳市南山区华侨城光侨街小区8栋,广东深圳市南山区华侨城光侨街小区8栋,113.985621,22.534636
深圳华侨城,广东,深圳市,南山区,华侨城香山美墅果岭4期2栋c,广东深圳市南山区华侨城香山美墅果岭4期2栋c,广东深圳市南山区华侨城香山美墅果岭4期2栋c,113.967498,22.549536
深圳华侨城,广东,深圳市,南山区,香山美墅果岭IB,广东深圳市南山区香山美墅果岭IB,广东深圳市南山区香山美墅果岭IB,113.967229,22.550286
深圳华侨城,广东,深圳市,南山区,沙河街道欢乐谷大巴停车场大铁门处,广东深圳市南山区沙河街道欢乐谷大巴停车场大铁门处,广东深圳市南山区沙河街道欢乐谷大巴停车场大铁门处,113.976208,22.541246
深圳华侨城,广东,深圳市,南山区,沙河街道康佳苑4栋,广东深圳市南山区沙河街道康佳苑4栋,广东深圳市南山区沙河街道康佳苑4栋,113.991968,22.535566
深圳华侨城,广东,深圳市,南山区,沙河街道波托菲诺纯水岸3期28栋,广东深圳市南山区沙河街道波托菲诺纯水岸3期28栋,广东深圳市南山区沙河街道波托菲诺纯水岸3期28栋,113.976975,22.543183
深圳华侨城,广东,深圳市,南山区,沙河街道南山区华侨城天鹅湖花园三期B,广东深圳市南山区沙河街道南山区华侨城天鹅湖花园三期B,广东深圳市南山区沙河街道南山区华侨城天鹅湖花园三期B,113.979821,22.545561
深圳华侨城,广东,深圳市,南山区,华侨城湖滨花园涵晖阁,广东深圳市南山区华侨城湖滨花园涵晖阁,广东深圳市南山区华侨城湖滨花园涵晖阁,113.979821,22.538544
深圳华侨城,广东,深圳市,南山区,沙河街道世纪假日广场c,广东深圳市南山区沙河街道世纪假日广场c,广东深圳市南山区沙河街道世纪假日广场c,113.972316,22.539296
深圳华侨城,广东,深圳市,南山区,深云路博达大厦,广东深圳市南山区深云路博达大厦,广东深圳市南山区深云路博达大厦,113.988445,22.551175
深圳华侨城,广东,深圳市,南山区,沙河街道锦绣花园1期观海阁,广东深圳市南山区沙河街道锦绣花园1期观海阁,广东深圳市南山区沙河街道锦绣花园1期观海阁,113.930478,22.533191
深圳华侨城,广东,深圳市,南山区,波托菲诺纯水岸十五期三栋二单元,广东深圳市南山区波托菲诺纯水岸十五期三栋二单元,广东深圳市南山区波托菲诺纯水岸十五期三栋二单元,113.975249,22.545894
深圳华侨城,广东,深圳市,南山区,沙河街道华侨城光侨小区6栋单元,广东深圳市南山区沙河街道华侨城光侨小区6栋单元,广东深圳市南山区沙河街道华侨城光侨小区6栋单元,113.987031,22.535983
深圳华侨城,广东,深圳市,南山区,沙河街道沙河东路376号香山美墅,广东深圳市南山区沙河街道沙河东路376号香山美墅,广东深圳市南山区沙河街道沙河东路376号香山美墅,113.969435,22.551092
深圳华侨城,广东,深圳市,南山区,沙河街道华夏街社区深南大道益田假日广场楼山,广东深圳市南山区沙河街道华夏街社区深南大道益田假日广场楼山,广东深圳市南山区沙河街道华夏街社区深南大道益田假日广场楼山,113.975117,22.537327
深圳华侨城,广东,深圳市,南山区,华侨城锦绣花园4期A-2,广东深圳市南山区华侨城锦绣花园4期A-2,广东深圳市南山区华侨城锦绣花园4期A-2,113.979821,22.538544
深圳华侨城,广东,深圳市,南山区,沙河街道飞云阁,广东深圳市南山区沙河街道飞云阁,广东深圳市南山区沙河街道飞云阁,113.930478,22.533191
深圳华侨城,广东,深圳市,南山区,华侨城纯水岸七期三栋一单元,广东深圳市南山区华侨城纯水岸七期三栋一单元,广东深圳市南山区华侨城纯水岸七期三栋一单元,113.976704,22.546251
深圳华侨城,广东,深圳市,南山区,深铁懿府二期1D,广东深圳市南山区深铁懿府二期1D,广东深圳市南山区深铁懿府二期1D,113.989892,22.552055
深圳华侨城,广东,深圳市,南山区,沙河街道锦绣花园二期C栋,广东深圳市南山区沙河街道锦绣花园二期C栋,广东深圳市南山区沙河街道锦绣花园二期C栋,114.109014,22.593752
深圳华侨城,广东,深圳市,南山区,沙河街道世界花园米兰居2栋,广东深圳市南山区沙河街道世界花园米兰居2栋,广东深圳市南山区沙河街道世界花园米兰居2栋,113.972451,22.539733
深圳华侨城,广东,深圳市,南山区,华侨城锦绣花园,广东深圳市南山区华侨城锦绣花园,广东深圳市南山区华侨城锦绣花园,113.979821,22.538544
深圳华侨城,广东,深圳市,南山区,沙河街道华侨城锦绣花园二期D栋,广东深圳市南山区沙河街道华侨城锦绣花园二期D栋,广东深圳市南山区沙河街道华侨城锦绣花园二期D栋,113.979821,22.538544
深圳华侨城,广东,深圳市,南山区,沙河街道潮洲西街荔源新村12栋,广东深圳市南山区沙河街道潮洲西街荔源新村12栋,广东深圳市南山区沙河街道潮洲西街荔源新村12栋,114.090786,22.703329
深圳华侨城,广东,深圳市,南山区,沙河街道深安路33号深铁懿府二期A栋房,广东深圳市南山区沙河街道深安路33号深铁懿府二期A栋房,广东深圳市南山区沙河街道深安路33号深铁懿府二期A栋房,113.989892,22.552055
深圳华侨城,广东,深圳市,南山区,沙河街道华侨城锦绣花园观海阁,广东深圳市南山区沙河街道华侨城锦绣花园观海阁,广东深圳市南山区沙河街道华侨城锦绣花园观海阁,113.979821,22.538544
深圳华侨城,广东,深圳市,南山区,佛山街4栋华,广东深圳市南山区佛山街4栋华,广东深圳市南山区佛山街4栋华,113.978576,22.537559
深圳华侨城,广东,深圳市,南山区,南山区沙河街道华侨城天鹅堡R栋楼B室,广东深圳市南山区沙河街道华侨城天鹅堡R栋楼B室,广东深圳市南山区沙河街道华侨城天鹅堡R栋楼B室,113.97982,22.545645
深圳华侨城,广东,深圳市,南山区,侨城坊b座105良,广东深圳市南山区侨城坊b座105良,广东深圳市南山区侨城坊b座105良,113.980085,22.550967
深圳华侨城,广东,深圳市,南山区,世界花园海华居1栋楼,广东深圳市南山区世界花园海华居1栋楼,广东深圳市南山区世界花园海华居1栋楼,113.97379,22.539536
深圳华侨城,广东,深圳市,南山区,华侨城侨香诺园2,广东深圳市南山区华侨城侨香诺园2,广东深圳市南山区华侨城侨香诺园2,113.974434,22.54989
深圳华侨城,广东,深圳市,南山区,南山区沙河街道侨香路棒球场中铁隧道局侨城东路项目部,广东深圳市南山区沙河街道侨香路棒球场中铁隧道局侨城东路项目部,广东深圳市南山区沙河街道侨香路棒球场中铁隧道局侨城东路项目部,113.997298,22.535636
深圳华侨城,广东,深圳市,南山区,沙河街道高发社区侨香路4068号智慧广场B栋,广东深圳市南山区沙河街道高发社区侨香路4068号智慧广场B栋,广东深圳市南山区沙河街道高发社区侨香路4068号智慧广场B栋,113.981436,22.550916
深圳华侨城,广东,深圳市,南山区,华侨城杜鹃山东街荔海楼,广东深圳市南山区华侨城杜鹃山东街荔海楼,广东深圳市南山区华侨城杜鹃山东街荔海楼,113.984222,22.540555
深圳华侨城,广东,深圳市,南山区,华侨城松山村1栋,广东深圳市南山区华侨城松山村1栋,广东深圳市南山区华侨城松山村1栋,113.990366,22.53768
深圳华侨城,广东,深圳市,南山区,沙河街道塘头村七坊,广东深圳市南山区沙河街道塘头村七坊,广东深圳市南山区沙河街道塘头村七坊,113.97389,22.541657
深圳华侨城,广东,深圳市,南山区,沙河街道碧茵园,广东深圳市南山区沙河街道碧茵园,广东深圳市南山区沙河街道碧茵园,113.966635,22.549024
深圳华侨城,广东,深圳市,南山区,香山美墅云邸,广东深圳市南山区香山美墅云邸,广东深圳市南山区香山美墅云邸,113.970867,22.551598
深圳华侨城,广东,深圳市,南山区,沙河街道塘头七坊,广东深圳市南山区沙河街道塘头七坊,广东深圳市南山区沙河街道塘头七坊,113.97389,22.541657
深圳华侨城,广东,深圳市,南山区,南山区沙河街道华侨城西组团2号栋单元,广东深圳市南山区沙河街道华侨城西组团2号栋单元,广东深圳市南山区沙河街道华侨城西组团2号栋单元,113.982005,22.536921
深圳华侨城,广东,深圳市,南山区,华侨城创意文化园栋,广东深圳市南山区华侨城创意文化园栋,广东深圳市南山区华侨城创意文化园栋,113.993477,22.537349
深圳华侨城,广东,深圳市,南山区,沙河街道沙河东路111号名商园D栋,广东深圳市南山区沙河街道沙河东路111号名商园D栋,广东深圳市南山区沙河街道沙河东路111号名商园D栋,113.965256,22.546657
深圳华侨城,广东,深圳市,南山区,沙河街道侨城东路深南电路99号,广东深圳市南山区沙河街道侨城东路深南电路99号,广东深圳市南山区沙河街道侨城东路深南电路99号,113.995874,22.539656
深圳华侨城,广东,深圳市,南山区,南山区沙河街道华侨城天鹅湖花园3期B栋,广东深圳市南山区沙河街道华侨城天鹅湖花园3期B栋,广东深圳市南山区沙河街道华侨城天鹅湖花园3期B栋,113.987624,22.543148
深圳华侨城,广东,深圳市,南山区,沙河街道懿德轩玫瑰道,广东深圳市南山区沙河街道懿德轩玫瑰道,广东深圳市南山区沙河街道懿德轩玫瑰道,113.98384,22.548779
深圳华侨城,广东,深圳市,南山区,沙河街道深圳湾花园鹏翔阁602,广东深圳市南山区沙河街道深圳湾花园鹏翔阁602,广东深圳市南山区沙河街道深圳湾花园鹏翔阁602,113.965569,22.542508
深圳华侨城,广东,深圳市,南山区,华侨城锦绣花园三期A,广东深圳市南山区华侨城锦绣花园三期A,广东深圳市南山区华侨城锦绣花园三期A,113.979821,22.538544
深圳华侨城,广东,深圳市,南山区,沙河街道香山美墅云颂3B栋D【条纹直筒裤蓝M】,广东深圳市南山区沙河街道香山美墅云颂3B栋D,广东深圳市南山区沙河街道香山美墅云颂3B栋D,113.969628,22.552557
深圳华侨城,广东,深圳市,南山区,南山区沙河街道南山区沙河街道沙河东路376香山美墅五期,广东深圳市南山区沙河街道南山区沙河街道沙河东路376香山美墅五期,广东深圳市南山区沙河街道南山区沙河街道沙河东路376香山美墅五期,113.969709,22.552165
深圳华侨城,广东,深圳市,南山区,塘头七坊10号,广东深圳市南山区塘头七坊10号,广东深圳市南山区塘头七坊10号,113.97389,22.541657
深圳华侨城,广东,深圳市,南山区,深圳市南山区深圳湾花园鹏鸣阁7栋单元,广东深圳市南山区深圳市南山区深圳湾花园鹏鸣阁7栋单元,广东深圳市南山区深圳市南山区深圳湾花园鹏鸣阁7栋单元,113.965569,22.542508
深圳华侨城,广东,深圳市,南山区,沙河街道广东省深圳市南山区沙河东路与香山西街交叉口东北150米,广东深圳市南山区沙河街道广东省深圳市南山区沙河东路与香山西街交叉口东北150米,广东深圳市南山区沙河街道广东省深圳市南山区沙河东路与香山西街交叉口东北150米,113.980138,22.551448
深圳华侨城,广东,深圳市,南山区,华侨城天鹅湖花园三期A栋,广东深圳市南山区华侨城天鹅湖花园三期A栋,广东深圳市南山区华侨城天鹅湖花园三期A栋,113.979821,22.545561
深圳华侨城,广东,深圳市,南山区,华侨城天鹅堡一期C栋,广东深圳市南山区华侨城天鹅堡一期C栋,广东深圳市南山区华侨城天鹅堡一期C栋,113.97982,22.545645
深圳华侨城,广东,深圳市,南山区,华侨城香山美墅云邸香山里三期1栋A座,广东深圳市南山区华侨城香山美墅云邸香山里三期1栋A座,广东深圳市南山区华侨城香山美墅云邸香山里三期1栋A座,113.98998,22.539974
深圳华侨城,广东,深圳市,南山区,沙河街道天鹅堡T栋,广东深圳市南山区沙河街道天鹅堡T栋,广东深圳市南山区沙河街道天鹅堡T栋,113.97982,22.545645
深圳华侨城,广东,深圳市,南山区,沙河街道华侨城湖滨花园涵晖阁,广东深圳市南山区沙河街道华侨城湖滨花园涵晖阁,广东深圳市南山区沙河街道华侨城湖滨花园涵晖阁,113.979821,22.538544
深圳华侨城,广东,深圳市,南山区,香山东街260号OCTPARK华侨城欢乐时光L,广东深圳市南山区香山东街260号OCTPARK华侨城欢乐时光L,广东深圳市南山区香山东街260号OCTPARK华侨城欢乐时光L,113.988135,22.543682
深圳华侨城,广东,深圳市,南山区,沙河街道沙河东路338号碧茵苑一单元,广东深圳市南山区沙河街道沙河东路338号碧茵苑一单元,广东深圳市南山区沙河街道沙河东路338号碧茵苑一单元,113.966523,22.549241
深圳华侨城,广东,深圳市,南山区,南山区沙河街道深云西二路朗侨峰居A幢,广东深圳市南山区沙河街道深云西二路朗侨峰居A幢,广东深圳市南山区沙河街道深云西二路朗侨峰居A幢,113.985935,22.553847
深圳华侨城,广东,深圳市,南山区,沙河街道香山美墅果岭四期-1B号楼,广东深圳市南山区沙河街道香山美墅果岭四期-1B号楼,广东深圳市南山区沙河街道香山美墅果岭四期-1B号楼,114.03195,22.626432
深圳华侨城,广东,深圳市,南山区,南山区沙河街道假日湾1栋F,广东深圳市南山区沙河街道假日湾1栋F,广东深圳市南山区沙河街道假日湾1栋F,113.977798,22.539785
深圳华侨城,广东,深圳市,南山区,侨北三街香山里5期3A21A,广东深圳市南山区侨北三街香山里5期3A21A,广东深圳市南山区侨北三街香山里5期3A21A,113.990375,22.540852
深圳华侨城,广东,深圳市,南山区,华侨城天鹅湖花园二期E,广东深圳市南山区华侨城天鹅湖花园二期E,广东深圳市南山区华侨城天鹅湖花园二期E,113.979821,22.545561
深圳华侨城,广东,深圳市,南山区,沙河街道深圳南山区华侨城锦绣花园倚海阁,广东深圳市南山区沙河街道深圳南山区华侨城锦绣花园倚海阁,广东深圳市南山区沙河街道深圳南山区华侨城锦绣花园倚海阁,113.979821,22.538544
深圳华侨城,广东,深圳市,南山区,沙街道路号金迪世纪大栋西塔,广东深圳市南山区沙街道路号金迪世纪大栋西塔,广东深圳市南山区沙街道路号金迪世纪大栋西塔,113.930478,22.533191
深圳华侨城,广东,深圳市,南山区,华侨城松山村5栋,广东深圳市南山区华侨城松山村5栋,广东深圳市南山区华侨城松山村5栋,113.990044,22.539025
深圳华侨城,广东,深圳市,南山区,沙河街道深安路深铁懿府一期4,广东深圳市南山区沙河街道深安路深铁懿府一期4,广东深圳市南山区沙河街道深安路深铁懿府一期4,113.991891,22.552854
深圳华侨城,广东,深圳市,南山区,南山区沙河街道华侨城中旅广场碧云阁楼C室,广东深圳市南山区沙河街道华侨城中旅广场碧云阁楼C室,广东深圳市南山区沙河街道华侨城中旅广场碧云阁楼C室,113.982431,22.53576
深圳华侨城,广东,深圳市,南山区,沙河街道侨城坊11栋,广东深圳市南山区沙河街道侨城坊11栋,广东深圳市南山区沙河街道侨城坊11栋,113.980705,22.551722
深圳华侨城,广东,深圳市,南山区,沙河街道侨城西街世界花园雅兰居二栋单元,广东深圳市南山区沙河街道侨城西街世界花园雅兰居二栋单元,广东深圳市南山区沙河街道侨城西街世界花园雅兰居二栋单元,113.974162,22.538775
深圳华侨城,广东,深圳市,南山区,南山区沙河街道华侨城纯水岸十五期5栋二单元,广东深圳市南山区沙河街道华侨城纯水岸十五期5栋二单元,广东深圳市南山区沙河街道华侨城纯水岸十五期5栋二单元,113.976704,22.546251
深圳华侨城,广东,深圳市,南山区,沙河街道侨城西街9号世界花园海华居1,广东深圳市南山区沙河街道侨城西街9号世界花园海华居1,广东深圳市南山区沙河街道侨城西街9号世界花园海华居1,113.97379,22.539536
深圳华侨城,广东,深圳市,南山区,锦绣花园二期B栋楼C,广东深圳市南山区锦绣花园二期B栋楼C,广东深圳市南山区锦绣花园二期B栋楼C,113.930478,22.533191
深圳华侨城,广东,深圳市,南山区,沙河社区博达大厦,广东深圳市南山区沙河社区博达大厦,广东深圳市南山区沙河社区博达大厦,113.988445,22.551175
深圳华侨城,广东,深圳市,南山区,沙河街道博达大厦1705不要,广东深圳市南山区沙河街道博达大厦1705不要,广东深圳市南山区沙河街道博达大厦1705不要,113.988445,22.551175
深圳华侨城,广东,深圳市,南山区,沙河街道侨香路4018号金迪世纪大厦A栋,广东深圳市南山区沙河街道侨香路4018号金迪世纪大厦A栋,广东深圳市南山区沙河街道侨香路4018号金迪世纪大厦A栋,113.993533,22.542011
深圳华侨城,广东,深圳市,南山区,沙河街道潮州西街假日湾华庭2栋,广东深圳市南山区沙河街道潮州西街假日湾华庭2栋,广东深圳市南山区沙河街道潮州西街假日湾华庭2栋,113.977643,22.539342
深圳华侨城,广东,深圳市,南山区,沙河街道华侨城片区潮州西街假日湾花园一栋A416白,广东深圳市南山区沙河街道华侨城片区潮州西街假日湾花园一栋A416白,广东深圳市南山区沙河街道华侨城片区潮州西街假日湾花园一栋A416白,113.977811,22.539881
深圳华侨城,广东,深圳市,南山区,华侨城光侨街1栋,广东深圳市南山区华侨城光侨街1栋,广东深圳市南山区华侨城光侨街1栋,113.985292,22.534482
深圳华侨城,广东,深圳市,南山区,华侨城纯水岸五期T,广东深圳市南山区华侨城纯水岸五期T,广东深圳市南山区华侨城纯水岸五期T,113.976704,22.546251
深圳华侨城,广东,深圳市,南山区,华侨城天鹅堡一期D栋,广东深圳市南山区华侨城天鹅堡一期D栋,广东深圳市南山区华侨城天鹅堡一期D栋,113.97982,22.545645
深圳华侨城,广东,深圳市,南山区,深铁懿府二期1B,广东深圳市南山区深铁懿府二期1B,广东深圳市南山区深铁懿府二期1B,113.989892,22.552055
深圳华侨城,广东,深圳市,南山区,沙河街道354898光侨小区,广东深圳市南山区沙河街道354898光侨小区,广东深圳市南山区沙河街道354898光侨小区,113.986374,22.535765
深圳华侨城,广东,深圳市,南山区,沙河街道华侨城福清街18号高德菲五金建材有限公司二,广东深圳市南山区沙河街道华侨城福清街18号高德菲五金建材有限公司二,广东深圳市南山区沙河街道华侨城福清街18号高德菲五金建材有限公司二,113.982173,22.536862
深圳华侨城,广东,深圳市,南山区,沙河街道香山西街香山美墅果岭1-C座,广东深圳市南山区沙河街道香山西街香山美墅果岭1-C座,广东深圳市南山区沙河街道香山西街香山美墅果岭1-C座,113.967229,22.550286
深圳华侨城,广东,深圳市,南山区,华侨城纯水岸十五期4栋单元,广东深圳市南山区华侨城纯水岸十五期4栋单元,广东深圳市南山区华侨城纯水岸十五期4栋单元,113.976704,22.546251
深圳华侨城,广东,深圳市,南山区,沙河街道沙河街17号侨城豪苑一栋,广东深圳市南山区沙河街道沙河街17号侨城豪苑一栋,广东深圳市南山区沙河街道沙河街17号侨城豪苑一栋,113.968721,22.541437
深圳华侨城,广东,深圳市,南山区,香山西街18号首地容御1栋A座,广东深圳市南山区香山西街18号首地容御1栋A座,广东深圳市南山区香山西街18号首地容御1栋A座,113.974165,22.550113
深圳华侨城,广东,深圳市,南山区,沙河街道华侨城汇文楼,广东深圳市南山区沙河街道华侨城汇文楼,广东深圳市南山区沙河街道华侨城汇文楼,113.983273,22.539314
深圳华侨城,广东,深圳市,南山区,沙河街道绿景美景广场绿景美景A栋,广东深圳市南山区沙河街道绿景美景广场绿景美景A栋,广东深圳市南山区沙河街道绿景美景广场绿景美景A栋,113.978675,22.552636
深圳华侨城,广东,深圳市,南山区,沙河街道新塘村1坊14栋,广东深圳市南山区沙河街道新塘村1坊14栋,广东深圳市南山区沙河街道新塘村1坊14栋,113.9229,22.544361
深圳华侨城,广东,深圳市,南山区,南山区沙河街道详细星河街社区深南大道9030号沙河世纪假日广场负楼德赫棋牌会所所在地区,广东深圳市南山区沙河街道详细星河街社区深南大道9030号沙河世纪假日广场负楼德赫棋牌会所所在地区,广东深圳市南山区沙河街道详细星河街社区深南大道9030号沙河世纪假日广场负楼德赫棋牌会所所在地区,113.972714,22.538371
深圳华侨城,广东,深圳市,南山区,沙河街道天鹅湖花园3期d栋,广东深圳市南山区沙河街道天鹅湖花园3期d栋,广东深圳市南山区沙河街道天鹅湖花园3期d栋,113.987479,22.543867
深圳华侨城,广东,深圳市,南山区,华侨城香山里7栋,广东深圳市南山区华侨城香山里7栋,广东深圳市南山区华侨城香山里7栋,113.98998,22.539974
深圳华侨城,广东,深圳市,南山区,沙河街道侨香诺园1栋,广东深圳市南山区沙河街道侨香诺园1栋,广东深圳市南山区沙河街道侨香诺园1栋,113.974179,22.551861
深圳华侨城,广东,深圳市,南山区,沙河街道华侨城波托菲诺香山里二期六栋二单元,广东深圳市南山区沙河街道华侨城波托菲诺香山里二期六栋二单元,广东深圳市南山区沙河街道华侨城波托菲诺香山里二期六栋二单元,113.98998,22.539974
深圳华侨城,广东,深圳市,南山区,沙河街道香山西街首地容御小区4A栋A室,广东深圳市南山区沙河街道香山西街首地容御小区4A栋A室,广东深圳市南山区沙河街道香山西街首地容御小区4A栋A室,113.973501,22.550609
深圳华侨城,广东,深圳市,南山区,南山街道侨香路4080号侨城坊尔邸酒店式公寓,广东深圳市南山区南山街道侨香路4080号侨城坊尔邸酒店式公寓,广东深圳市南山区南山街道侨香路4080号侨城坊尔邸酒店式公寓,113.979311,22.551837
深圳华侨城,广东,深圳市,南山区,沙河街道深圳益田威斯汀酒店,广东深圳市南山区沙河街道深圳益田威斯汀酒店,广东深圳市南山区沙河街道深圳益田威斯汀酒店,113.976539,22.53736
深圳华侨城,广东,深圳市,南山区,沙河街道天鹅湖花园一期栋，蓝盖2瓶，湿巾1,广东深圳市南山区沙河街道天鹅湖花园一期,广东深圳市南山区沙河街道天鹅湖花园一期,113.983283,22.547415
深圳华侨城,广东,深圳市,南山区,深云村7,广东深圳市南山区深云村7,广东深圳市南山区深云村7,113.99168,22.555091
深圳华侨城,广东,深圳市,南山区,沙河街道纯水岸7期1栋单元,广东深圳市南山区沙河街道纯水岸7期1栋单元,广东深圳市南山区沙河街道纯水岸7期1栋单元,113.97654,22.546259
深圳华侨城,广东,深圳市,南山区,侨香路侨城坊A栋楼AL107(科洛塞批萨屋,广东深圳市南山区侨香路侨城坊A栋楼AL107(科洛塞批萨屋,广东深圳市南山区侨香路侨城坊A栋楼AL107(科洛塞批萨屋,113.98048,22.552299
深圳华侨城,广东,深圳市,南山区,沙河街道华侨城海景花园海韵阁,广东深圳市南山区沙河街道华侨城海景花园海韵阁,广东深圳市南山区沙河街道华侨城海景花园海韵阁,113.989122,22.535917
深圳华侨城,广东,深圳市,南山区,沙河街道香山西街纯水岸十五期4栋一单元,广东深圳市南山区沙河街道香山西街纯水岸十五期4栋一单元,广东深圳市南山区沙河街道香山西街纯水岸十五期4栋一单元,113.976704,22.546251
深圳华侨城,广东,深圳市,南山区,沙河街道侨香路4068号智慧广场A层,广东深圳市南山区沙河街道侨香路4068号智慧广场A层,广东深圳市南山区沙河街道侨香路4068号智慧广场A层,113.981945,22.55027
深圳华侨城,广东,深圳市,南山区,深圳市南山区白石洲中信花园17栋喜来乐商店,广东深圳市南山区深圳市南山区白石洲中信花园17栋喜来乐商店,广东深圳市南山区深圳市南山区白石洲中信花园17栋喜来乐商店,113.966275,22.543875
深圳华侨城,广东,深圳市,南山区,沙河街道荔枝苑6栋,广东深圳市南山区沙河街道荔枝苑6栋,广东深圳市南山区沙河街道荔枝苑6栋,113.979416,22.537297
深圳华侨城,广东,深圳市,南山区,沙河街道香山东街260号天鹅湖3期a栋,广东深圳市南山区沙河街道香山东街260号天鹅湖3期a栋,广东深圳市南山区沙河街道香山东街260号天鹅湖3期a栋,113.987524,22.543487
深圳华侨城,广东,深圳市,南山区,南山区沙河街道华侨城纯水岸15期4栋一单元,广东深圳市南山区沙河街道华侨城纯水岸15期4栋一单元,广东深圳市南山区沙河街道华侨城纯水岸15期4栋一单元,113.976704,22.546251
深圳华侨城,广东,深圳市,南山区,沙河街道南山区华侨城中新街6栋,广东深圳市南山区沙河街道南山区华侨城中新街6栋,广东深圳市南山区沙河街道南山区华侨城中新街6栋,113.981653,22.536156
深圳华侨城,广东,深圳市,南山区,华侨城锦绣花园二期c栋,广东深圳市南山区华侨城锦绣花园二期c栋,广东深圳市南山区华侨城锦绣花园二期c栋,113.979821,22.538544
深圳华侨城,广东,深圳市,南山区,南山区沙河街道锦绣花园四期A座一单元,广东深圳市南山区沙河街道锦绣花园四期A座一单元,广东深圳市南山区沙河街道锦绣花园四期A座一单元,113.924164,22.488255
深圳华侨城,广东,深圳市,南山区,益田假日广场层-M21转转二手店,广东深圳市南山区益田假日广场层-M21转转二手店,广东深圳市南山区益田假日广场层-M21转转二手店,113.973609,22.537392
深圳华侨城,广东,深圳市,南山区,白石洲农,广东深圳市南山区白石洲农,广东深圳市南山区白石洲农,113.967465,22.538369
深圳华侨城,广东,深圳市,南山区,南山区沙河街道锦绣花园一期观海阁15G,广东深圳市南山区沙河街道锦绣花园一期观海阁15G,广东深圳市南山区沙河街道锦绣花园一期观海阁15G,113.930478,22.533191
深圳华侨城,广东,深圳市,南山区,华侨城中旅广场华生活馆楼柏,广东深圳市南山区华侨城中旅广场华生活馆楼柏,广东深圳市南山区华侨城中旅广场华生活馆楼柏,113.983533,22.535916
深圳华侨城,广东,深圳市,南山区,1深圳南山华侨城光华街22栋,广东深圳市南山区1深圳南山华侨城光华街22栋,广东深圳市南山区1深圳南山华侨城光华街22栋,113.990025,22.534468
深圳华侨城,广东,深圳市,南山区,沙河街道天鹅湖花园3期a栋,广东深圳市南山区沙河街道天鹅湖花园3期a栋,广东深圳市南山区沙河街道天鹅湖花园3期a栋,113.987479,22.543867
深圳华侨城,广东,深圳市,南山区,沙河街道广东省深圳市南山区深南大道与深南沙河立交交叉口东,广东深圳市南山区沙河街道广东省深圳市南山区深南大道与深南沙河立交交叉口东,广东深圳市南山区沙河街道广东省深圳市南山区深南大道与深南沙河立交交叉口东,113.957259,22.537758
深圳华侨城,广东,深圳市,南山区,沙河街道深云村15栋,广东深圳市南山区沙河街道深云村15栋,广东深圳市南山区沙河街道深云村15栋,113.994037,22.554998
深圳华侨城,广东,深圳市,南山区,华侨城康佳苑4栋,广东深圳市南山区华侨城康佳苑4栋,广东深圳市南山区华侨城康佳苑4栋,113.991968,22.535566
深圳华侨城,广东,深圳市,南山区,外国语学校沙,广东深圳市南山区外国语学校沙,广东深圳市南山区外国语学校沙,113.930478,22.533191
深圳华侨城,广东,深圳市,南山区,沙河街道南山区沙河街道光华街社区锦绣北街东部工业区f3栋smoomarket-MMstore,广东深圳市南山区沙河街道南山区沙河街道光华街社区锦绣北街东部工业区f3栋smoomarket-MMstore,广东深圳市南山区沙河街道南山区沙河街道光华街社区锦绣北街东部工业区f3栋smoomarket-MMstore,113.994238,22.538933
深圳华侨城,广东,深圳市,南山区,广东省深圳市华侨城西组团荔香楼,广东深圳市南山区广东省深圳市华侨城西组团荔香楼,广东深圳市南山区广东省深圳市华侨城西组团荔香楼,113.981477,22.537714
深圳华侨城,广东,深圳市,南山区,沙河街道天鹅堡T栋B,广东深圳市南山区沙河街道天鹅堡T栋B,广东深圳市南山区沙河街道天鹅堡T栋B,113.97982,22.545645
深圳华侨城,广东,深圳市,南山区,南山区沙河东路天河花园-3号房,广东深圳市南山区沙河东路天河花园-3号房,广东深圳市南山区沙河东路天河花园-3号房,113.966176,22.544308
深圳华侨城,广东,深圳市,南山区,深云路28深云村3栋,广东深圳市南山区深云路28深云村3栋,广东深圳市南山区深云路28深云村3栋,113.994738,22.553877
深圳华侨城,广东,深圳市,南山区,南山区沙河街道沙祥街6号祥祺花园8,广东深圳市南山区沙河街道沙祥街6号祥祺花园8,广东深圳市南山区沙河街道沙祥街6号祥祺花园8,113.966835,22.541548
深圳华侨城,广东,深圳市,南山区,南山区沙河街道深圳市南山区华侨城光华街13栋,广东深圳市南山区沙河街道深圳市南山区华侨城光华街13栋,广东深圳市南山区沙河街道深圳市南山区华侨城光华街13栋,113.989182,22.535059
深圳华侨城,广东,深圳市,南山区,沙河东路186号中海深圳湾畔花园5栋,广东深圳市南山区沙河东路186号中海深圳湾畔花园5栋,广东深圳市南山区沙河东路186号中海深圳湾畔花园5栋,113.967224,22.540442
深圳华侨城,广东,深圳市,南山区,南山区沙河街道华侨城波托菲诺纯水岸15期五栋一单元,广东深圳市南山区沙河街道华侨城波托菲诺纯水岸15期五栋一单元,广东深圳市南山区沙河街道华侨城波托菲诺纯水岸15期五栋一单元,113.97217,22.54685
深圳华侨城,广东,深圳市,南山区,沙河街道佛山街4栋,广东深圳市南山区沙河街道佛山街4栋,广东深圳市南山区沙河街道佛山街4栋,113.978576,22.537559
深圳华侨城,广东,深圳市,南山区,开平街锦绣四期loft公馆A-2,广东深圳市南山区开平街锦绣四期loft公馆A-2,广东深圳市南山区开平街锦绣四期loft公馆A-2,113.994181,22.538105
深圳华侨城,广东,深圳市,南山区,沙河街道华侨城中新街7栋,广东深圳市南山区沙河街道华侨城中新街7栋,广东深圳市南山区沙河街道华侨城中新街7栋,113.980743,22.536033
深圳华侨城,广东,深圳市,南山区,沙河街道绿景美景广场A栋送门口,广东深圳市南山区沙河街道绿景美景广场A栋,广东深圳市南山区沙河街道绿景美景广场A栋,113.978675,22.552636
深圳华侨城,广东,深圳市,南山区,南山区香山美墅三期20栋,广东深圳市南山区香山美墅三期20栋,广东深圳市南山区香山美墅三期20栋,113.969435,22.551092
深圳华侨城,广东,深圳市,南山区,华侨城东组团21栋一单元,广东深圳市南山区华侨城东组团21栋一单元,广东深圳市南山区华侨城东组团21栋一单元,113.99035,22.539238
深圳华侨城,广东,深圳市,南山区,深云村7栋,广东深圳市南山区深云村7栋,广东深圳市南山区深云村7栋,113.991625,22.554531
深圳华侨城,广东,深圳市,南山区,沙河街道深云村12栋b,广东深圳市南山区沙河街道深云村12栋b,广东深圳市南山区沙河街道深云村12栋b,113.99095,22.555068
深圳华侨城,广东,深圳市,南山区,沙河街道香山中街1号华侨城波托菲诺纯水岸7期1栋楼,广东深圳市南山区沙河街道香山中街1号华侨城波托菲诺纯水岸7期1栋楼,广东深圳市南山区沙河街道香山中街1号华侨城波托菲诺纯水岸7期1栋楼,113.976285,22.547926
深圳华侨城,广东,深圳市,南山区,深圳侨香路4261号天鹅湖花园2期E2栋，老白,广东深圳市南山区深圳侨香路4261号天鹅湖花园2期E2栋，老白,广东深圳市南山区深圳侨香路4261号天鹅湖花园2期E2栋，老白,113.984936,22.545902
深圳华侨城,广东,深圳市,南山区,南山区沙河街道沙河东路,广东深圳市南山区沙河街道沙河东路,广东深圳市南山区沙河街道沙河东路,113.965479,22.546171
深圳华侨城,广东,深圳市,南山区,香山西街8号香山里二期八栋一单元,广东深圳市南山区香山西街8号香山里二期八栋一单元,广东深圳市南山区香山西街8号香山里二期八栋一单元,113.974362,22.553121
深圳华侨城,广东,深圳市,南山区,侨香路香年广场B,广东深圳市南山区侨香路香年广场B,广东深圳市南山区侨香路香年广场B,113.999294,22.542313
深圳华侨城,广东,深圳市,南山区,沙河街道深云西二路与深云西四路交叉口西北120米天健云途·创智中心A裙楼,广东深圳市南山区沙河街道深云西二路与深云西四路交叉口西北120米天健云途·创智中心A裙楼,广东深圳市南山区沙河街道深云西二路与深云西四路交叉口西北120米天健云途·创智中心A裙楼,113.985908,22.553241
深圳华侨城,广东,深圳市,南山区,沙河街道华侨城天鹅湖花园二期e2栋,广东深圳市南山区沙河街道华侨城天鹅湖花园二期e2栋,广东深圳市南山区沙河街道华侨城天鹅湖花园二期e2栋,113.979821,22.545561
深圳华侨城,广东,深圳市,南山区,深云村3栋E,广东深圳市南山区深云村3栋E,广东深圳市南山区深云村3栋E,113.994738,22.553877
深圳华侨城,广东,深圳市,南山区,华侨城海景花园海天阁3 0 F,广东深圳市南山区华侨城海景花园海天阁3 0 F,广东深圳市南山区华侨城海景花园海天阁3 0 F,113.987955,22.535933
深圳华侨城,广东,深圳市,南山区,沙河街道中新街社区商业街1号一1购物中心中旅广场裙楼B,广东深圳市南山区沙河街道中新街社区商业街1号一1购物中心中旅广场裙楼B,广东深圳市南山区沙河街道中新街社区商业街1号一1购物中心中旅广场裙楼B,113.983276,22.535811
深圳华侨城,广东,深圳市,南山区,华侨城香山里一期三栋单元,广东深圳市南山区华侨城香山里一期三栋单元,广东深圳市南山区华侨城香山里一期三栋单元,113.98998,22.539974
深圳华侨城,广东,深圳市,南山区,沙河街道深南大道沙河世纪假日广场D,广东深圳市南山区沙河街道深南大道沙河世纪假日广场D,广东深圳市南山区沙河街道深南大道沙河世纪假日广场D,113.972714,22.538371
深圳华侨城,广东,深圳市,南山区,沙河街道美加广场C栋,广东深圳市南山区沙河街道美加广场C栋,广东深圳市南山区沙河街道美加广场C栋,113.97784,22.538372
深圳华侨城,广东,深圳市,南山区,沙河街道侨香路智慧广场A2栋-楼TABIO抖音电商,广东深圳市南山区沙河街道侨香路智慧广场A2栋-楼,广东深圳市南山区沙河街道侨香路智慧广场A2栋-楼,113.982316,22.550235
深圳华侨城,广东,深圳市,南山区,南山区沙河街道生态广场东街,广东深圳市南山区沙河街道生态广场东街,广东深圳市南山区沙河街道生态广场东街,113.986007,22.53848
深圳华侨城,广东,深圳市,南山区,侨城东路99号深南电路大厦,广东深圳市南山区侨城东路99号深南电路大厦,广东深圳市南山区侨城东路99号深南电路大厦,113.995742,22.539449
深圳华侨城,广东,深圳市,南山区,沙河街道香山西街纯水岸四期四单元R,广东深圳市南山区沙河街道香山西街纯水岸四期四单元R,广东深圳市南山区沙河街道香山西街纯水岸四期四单元R,113.975005,22.548366
深圳华侨城,广东,深圳市,南山区,华侨城燕栖楼B,广东深圳市南山区华侨城燕栖楼B,广东深圳市南山区华侨城燕栖楼B,113.979821,22.538544
深圳华侨城,广东,深圳市,南山区,汕头街8号康佳苑1栋,广东深圳市南山区汕头街8号康佳苑1栋,广东深圳市南山区汕头街8号康佳苑1栋,113.992424,22.5356
深圳华侨城,广东,深圳市,南山区,沙河街道沙河东路186号中海深圳湾畔花园5栋E,广东深圳市南山区沙河街道沙河东路186号中海深圳湾畔花园5栋E,广东深圳市南山区沙河街道沙河东路186号中海深圳湾畔花园5栋E,113.967224,22.540442
深圳华侨城,广东,深圳市,南山区,沙河街道香山中街1号纯水岸七期3栋,广东深圳市南山区沙河街道香山中街1号纯水岸七期3栋,广东深圳市南山区沙河街道香山中街1号纯水岸七期3栋,113.975075,22.546255
深圳华侨城,广东,深圳市,南山区,深云村14B栋,广东深圳市南山区深云村14B栋,广东深圳市南山区深云村14B栋,113.992568,22.555244
深圳华侨城,广东,深圳市,南山区,南山区沙河街道深铁懿府一期北大门,广东深圳市南山区沙河街道深铁懿府一期北大门,广东深圳市南山区沙河街道深铁懿府一期北大门,113.991891,22.552854
深圳华侨城,广东,深圳市,南山区,朗桥峰居A栋一单元,广东深圳市南山区朗桥峰居A栋一单元,广东深圳市南山区朗桥峰居A栋一单元,114.10904,22.593547
深圳华侨城,广东,深圳市,南山区,华侨城湖滨广场113禧尚店,广东深圳市南山区华侨城湖滨广场113禧尚店,广东深圳市南山区华侨城湖滨广场113禧尚店,113.979821,22.538544
深圳华侨城,广东,深圳市,南山区,华侨城杜鹃山东街8号汇文楼楼A座,广东深圳市南山区华侨城杜鹃山东街8号汇文楼楼A座,广东深圳市南山区华侨城杜鹃山东街8号汇文楼楼A座,113.983273,22.539314
深圳华侨城,广东,深圳市,南山区,沙河街道华侨城锦绣花园一期倚海阁,广东深圳市南山区沙河街道华侨城锦绣花园一期倚海阁,广东深圳市南山区沙河街道华侨城锦绣花园一期倚海阁,113.979821,22.538544
深圳华侨城,广东,深圳市,南山区,白石洲湾畔花园7栋,广东深圳市南山区白石洲湾畔花园7栋,广东深圳市南山区白石洲湾畔花园7栋,113.942199,22.492287
深圳华侨城,广东,深圳市,南山区,香山西街18号华侨城首地容御花园一期一栋C座,广东深圳市南山区香山西街18号华侨城首地容御花园一期一栋C座,广东深圳市南山区香山西街18号华侨城首地容御花园一期一栋C座,113.973308,22.550056
深圳华侨城,广东,深圳市,南山区,香山美墅果岭1_A,广东深圳市南山区香山美墅果岭1_A,广东深圳市南山区香山美墅果岭1_A,113.967229,22.550286
深圳华侨城,广东,深圳市,南山区,沙河街道东方科技园三栋一单元,广东深圳市南山区沙河街道东方科技园三栋一单元,广东深圳市南山区沙河街道东方科技园三栋一单元,114.380835,22.711766
深圳华侨城,广东,深圳市,南山区,侨香路侨城坊T7栋楼大,广东深圳市南山区侨香路侨城坊T7栋楼大,广东深圳市南山区侨香路侨城坊T7栋楼大,113.980376,22.552274
深圳华侨城,广东,深圳市,南山区,沙河街道香山西街18号华侨城首地容御6栋,广东深圳市南山区沙河街道香山西街18号华侨城首地容御6栋,广东深圳市南山区沙河街道香山西街18号华侨城首地容御6栋,113.971864,22.55055
深圳华侨城,广东,深圳市,南山区,沙河街道东方科技园华展大厦淑女屋仓库楼,广东深圳市南山区沙河街道东方科技园华展大厦淑女屋仓库楼,广东深圳市南山区沙河街道东方科技园华展大厦淑女屋仓库楼,113.799238,22.708433
深圳华侨城,广东,深圳市,南山区,深圳市南山区侨北三街香山里花园5期,广东深圳市南山区深圳市南山区侨北三街香山里花园5期,广东深圳市南山区深圳市南山区侨北三街香山里花园5期,113.98998,22.539974
深圳华侨城,广东,深圳市,南山区,沙河街道深云村6,广东深圳市南山区沙河街道深云村6,广东深圳市南山区沙河街道深云村6,113.993346,22.555014
深圳华侨城,广东,深圳市,南山区,华侨城锦绣花园观海阁,广东深圳市南山区华侨城锦绣花园观海阁,广东深圳市南山区华侨城锦绣花园观海阁,113.979821,22.538544
深圳华侨城,广东,深圳市,南山区,沙河街道华侨城波托菲诺天鹅堡二期J1栋,广东深圳市南山区沙河街道华侨城波托菲诺天鹅堡二期J1栋,广东深圳市南山区沙河街道华侨城波托菲诺天鹅堡二期J1栋,113.978298,22.547224
深圳华侨城,广东,深圳市,南山区,白石洲沙河医院楼,广东深圳市南山区白石洲沙河医院楼,广东深圳市南山区白石洲沙河医院楼,113.969237,22.541468
深圳华侨城,广东,深圳市,南山区,沙河街道盛德苑4栋,广东深圳市南山区沙河街道盛德苑4栋,广东深圳市南山区沙河街道盛德苑4栋,113.965888,22.543965
深圳华侨城,广东,深圳市,南山区,沙河街道世界花园聚龙居丰巢柜,广东深圳市南山区沙河街道世界花园聚龙居丰巢柜,广东深圳市南山区沙河街道世界花园聚龙居丰巢柜,113.976932,22.53827
深圳华侨城,广东,深圳市,南山区,华侨城锦绣花园三期C栋,广东深圳市南山区华侨城锦绣花园三期C栋,广东深圳市南山区华侨城锦绣花园三期C栋,113.979821,22.538544
深圳华侨城,广东,深圳市,南山区,沙河街道世界花园樱花居2栋一单元,广东深圳市南山区沙河街道世界花园樱花居2栋一单元,广东深圳市南山区沙河街道世界花园樱花居2栋一单元,113.975066,22.538031
深圳华侨城,广东,深圳市,南山区,沙河街道华侨城香山西街侨香诺园1栋,广东深圳市南山区沙河街道华侨城香山西街侨香诺园1栋,广东深圳市南山区沙河街道华侨城香山西街侨香诺园1栋,113.974503,22.551494
深圳华侨城,广东,深圳市,南山区,南山区沙河街道华侨城海景花园海天阁,广东深圳市南山区沙河街道华侨城海景花园海天阁,广东深圳市南山区沙河街道华侨城海景花园海天阁,113.987955,22.535933
深圳华侨城,广东,深圳市,南山区,深安路深云村8栋,广东深圳市南山区深安路深云村8栋,广东深圳市南山区深安路深云村8栋,113.991092,22.553863
深圳华侨城,广东,深圳市,南山区,沙河街道香山美墅云邸20栋,广东深圳市南山区沙河街道香山美墅云邸20栋,广东深圳市南山区沙河街道香山美墅云邸20栋,113.970867,22.551598
深圳华侨城,广东,深圳市,南山区,侨香诺园3栋,广东深圳市南山区侨香诺园3栋,广东深圳市南山区侨香诺园3栋,113.974179,22.551861
深圳华侨城,广东,深圳市,南山区,沙河街道华侨城假日湾2栋,广东深圳市南山区沙河街道华侨城假日湾2栋,广东深圳市南山区沙河街道华侨城假日湾2栋,113.977778,22.539325
深圳华侨城,广东,深圳市,南山区,沙河街道世界花园樱花居4栋,广东深圳市南山区沙河街道世界花园樱花居4栋,广东深圳市南山区沙河街道世界花园樱花居4栋,113.974906,22.538581
深圳华侨城,广东,深圳市,南山区,深云路2号侨城一号广场1701,广东深圳市南山区深云路2号侨城一号广场1701,广东深圳市南山区深云路2号侨城一号广场1701,113.986106,22.547676
深圳华侨城,广东,深圳市,南山区,深南大道华侨城大厦,广东深圳市南山区深南大道华侨城大厦,广东深圳市南山区深南大道华侨城大厦,113.982354,22.534576
深圳华侨城,广东,深圳市,南山区,沙河街道荔园新村2栋单元,广东深圳市南山区沙河街道荔园新村2栋单元,广东深圳市南山区沙河街道荔园新村2栋单元,113.92844,22.5504
深圳华侨城,广东,深圳市,南山区,沙河街道世界花园樱花居8栋三单元,广东深圳市南山区沙河街道世界花园樱花居8栋三单元,广东深圳市南山区沙河街道世界花园樱花居8栋三单元,113.975617,22.538641
深圳华侨城,广东,深圳市,南山区,深云村4栋D,广东深圳市南山区深云村4栋D,广东深圳市南山区深云村4栋D,113.993895,22.553881
深圳华侨城,广东,深圳市,南山区,白石洲沙河东路308号东华楼B座,广东深圳市南山区白石洲沙河东路308号东华楼B座,广东深圳市南山区白石洲沙河东路308号东华楼B座,113.966555,22.546454
深圳华侨城,广东,深圳市,南山区,新中路2号天河花园一单元,广东深圳市南山区新中路2号天河花园一单元,广东深圳市南山区新中路2号天河花园一单元,113.966414,22.54425
深圳华侨城,广东,深圳市,南山区,沙河街道燕晗山苑一单元902沙河街道燕晗山苑一单元,广东深圳市南山区沙河街道燕晗山苑一单元902沙河街道燕晗山苑一单元,广东深圳市南山区沙河街道燕晗山苑一单元902沙河街道燕晗山苑一单元,113.9888,22.54218
深圳华侨城,广东,深圳市,南山区,南山区沙河街道深云村13栋,广东深圳市南山区沙河街道深云村13栋,广东深圳市南山区沙河街道深云村13栋,113.991629,22.555079
深圳华侨城,广东,深圳市,南山区,沙河街道深南大道9002号华侨城锦绣花园二期B栋,广东深圳市南山区沙河街道深南大道9002号华侨城锦绣花园二期B栋,广东深圳市南山区沙河街道深南大道9002号华侨城锦绣花园二期B栋,113.979821,22.538544
深圳华侨城,广东,深圳市,南山区,沙河街道潮州西街2号美加广场B,广东深圳市南山区沙河街道潮州西街2号美加广场B,广东深圳市南山区沙河街道潮州西街2号美加广场B,113.97925,22.538568
深圳华侨城,广东,深圳市,南山区,南山区沙河街道海景花园海虹阁,广东深圳市南山区沙河街道海景花园海虹阁,广东深圳市南山区沙河街道海景花园海虹阁,113.988298,22.536055
深圳华侨城,广东,深圳市,南山区,白洲石侨苑2期B座,广东深圳市南山区白洲石侨苑2期B座,广东深圳市南山区白洲石侨苑2期B座,114.074493,22.715207
深圳华侨城,广东,深圳市,南山区,世界花园雅兰居3栋,广东深圳市南山区世界花园雅兰居3栋,广东深圳市南山区世界花园雅兰居3栋,113.974376,22.538319
深圳华侨城,广东,深圳市,南山区,南山区沙河街道康佳之星K-ParkH2栋,广东深圳市南山区沙河街道康佳之星K-ParkH2栋,广东深圳市南山区沙河街道康佳之星K-ParkH2栋,113.930478,22.533191
深圳华侨城,广东,深圳市,南山区,侨北一街香山里二期9栋,广东深圳市南山区侨北一街香山里二期9栋,广东深圳市南山区侨北一街香山里二期9栋,113.98998,22.539974
深圳华侨城,广东,深圳市,南山区,沙河街道白石洲中海湾畔花园1栋,广东深圳市南山区沙河街道白石洲中海湾畔花园1栋,广东深圳市南山区沙河街道白石洲中海湾畔花园1栋,113.942199,22.492287
深圳华侨城,广东,深圳市,南山区,沙河街道侨香路与深云路交叉口西150米天鹅湖花园深云路天鹅湖花园1期栋,广东深圳市南山区沙河街道侨香路与深云路交叉口西150米天鹅湖花园深云路天鹅湖花园1期栋,广东深圳市南山区沙河街道侨香路与深云路交叉口西150米天鹅湖花园深云路天鹅湖花园1期栋,113.982988,22.54704
深圳华侨城,广东,深圳市,南山区,香山美墅果岭,广东深圳市南山区香山美墅果岭,广东深圳市南山区香山美墅果岭,113.967229,22.550286
深圳华侨城,广东,深圳市,南山区,白石洲明珠花园3栋单元,广东深圳市南山区白石洲明珠花园3栋单元,广东深圳市南山区白石洲明珠花园3栋单元,113.967465,22.538369
深圳华侨城,广东,深圳市,南山区,华侨城创意园栋东边,广东深圳市南山区华侨城创意园栋东边,广东深圳市南山区华侨城创意园栋东边,113.979821,22.538544
深圳华侨城,广东,深圳市,南山区,香山西街18号首地容御,广东深圳市南山区香山西街18号首地容御,广东深圳市南山区香山西街18号首地容御,113.97268,22.551044
深圳华侨城,广东,深圳市,南山区,白石洲塘头二访62号,广东深圳市南山区白石洲塘头二访62号,广东深圳市南山区白石洲塘头二访62号,113.971217,22.539953
深圳华侨城,广东,深圳市,南山区,兴隆西街2号华·生活馆北区F层,广东深圳市南山区兴隆西街2号华·生活馆北区F层,广东深圳市南山区兴隆西街2号华·生活馆北区F层,113.982742,22.536492
深圳华侨城,广东,深圳市,南山区,华侨城锦绣花园倚海阁,广东深圳市南山区华侨城锦绣花园倚海阁,广东深圳市南山区华侨城锦绣花园倚海阁,113.979821,22.538544
深圳华侨城,广东,深圳市,南山区,侨深路东方科技园兰,广东深圳市南山区侨深路东方科技园兰,广东深圳市南山区侨深路东方科技园兰,113.984301,22.549279
深圳华侨城,广东,深圳市,南山区,南山区沙河街道南山区沙河街道新中路中建三局世纪山谷项目部,广东深圳市南山区沙河街道南山区沙河街道新中路中建三局世纪山谷项目部,广东深圳市南山区沙河街道南山区沙河街道新中路中建三局世纪山谷项目部,113.967349,22.544039
深圳华侨城,广东,深圳市,南山区,华侨城东部工业区H2栋,广东深圳市南山区华侨城东部工业区H2栋,广东深圳市南山区华侨城东部工业区H2栋,113.995856,22.537599
深圳华侨城,广东,深圳市,南山区,沙河街道祥祺花园祥云阁E,广东深圳市南山区沙河街道祥祺花园祥云阁E,广东深圳市南山区沙河街道祥祺花园祥云阁E,113.966372,22.541949
深圳华侨城,广东,深圳市,南山区,沙河街道香山西街8号华侨城香山里2期10栋,广东深圳市南山区沙河街道香山西街8号华侨城香山里2期10栋,广东深圳市南山区沙河街道香山西街8号华侨城香山里2期10栋,113.990261,22.540164
深圳华侨城,广东,深圳市,南山区,沙河街道南山区沙河街道侨香诺园3栋,广东深圳市南山区沙河街道南山区沙河街道侨香诺园3栋,广东深圳市南山区沙河街道南山区沙河街道侨香诺园3栋,113.974179,22.551861
深圳华侨城,广东,深圳市,南山区,深云路3号东方科技园华兴大厦楼,广东深圳市南山区深云路3号东方科技园华兴大厦楼,广东深圳市南山区深云路3号东方科技园华兴大厦楼,113.98239,22.55083
深圳华侨城,广东,深圳市,南山区,白石洲沙河街道侨城豪苑1一期1栋,广东深圳市南山区白石洲沙河街道侨城豪苑1一期1栋,广东深圳市南山区白石洲沙河街道侨城豪苑1一期1栋,113.968721,22.541437
深圳华侨城,广东,深圳市,南山区,南山区沙河街道荔园新村6栋四单元,广东深圳市南山区沙河街道荔园新村6栋四单元,广东深圳市南山区沙河街道荔园新村6栋四单元,113.928608,22.550477
深圳华侨城,广东,深圳市,南山区,沙河街道深安路33号深铁懿府2B栋,广东深圳市南山区沙河街道深安路33号深铁懿府2B栋,广东深圳市南山区沙河街道深安路33号深铁懿府2B栋,113.991824,22.552145
深圳华侨城,广东,深圳市,南山区,沙街道深业鹤塘园单元,广东深圳市南山区沙街道深业鹤塘园单元,广东深圳市南山区沙街道深业鹤塘园单元,113.809529,22.743574
深圳华侨城,广东,深圳市,南山区,华侨城纯水岸15期3栋单元,广东深圳市南山区华侨城纯水岸15期3栋单元,广东深圳市南山区华侨城纯水岸15期3栋单元,113.976704,22.546251
深圳华侨城,广东,深圳市,南山区,沙河街道深业鹤塘岭花园1栋一单元,广东深圳市南山区沙河街道深业鹤塘岭花园1栋一单元,广东深圳市南山区沙河街道深业鹤塘岭花园1栋一单元,113.973243,22.538684
深圳华侨城,广东,深圳市,南山区,沙河街道湾畔花园5栋,广东深圳市南山区沙河街道湾畔花园5栋,广东深圳市南山区沙河街道湾畔花园5栋,113.942199,22.492287
深圳华侨城,广东,深圳市,南山区,沙河街道华侨城香山美墅果岭1A栋B,广东深圳市南山区沙河街道华侨城香山美墅果岭1A栋B,广东深圳市南山区沙河街道华侨城香山美墅果岭1A栋B,113.967498,22.549536
深圳华侨城,广东,深圳市,南山区,白石洲侨城豪苑二期B栋,广东深圳市南山区白石洲侨城豪苑二期B栋,广东深圳市南山区白石洲侨城豪苑二期B栋,113.967233,22.542446
深圳华侨城,广东,深圳市,南山区,沙河街道华侨城假日湾2栋C【131897小】,广东深圳市南山区沙河街道华侨城假日湾2栋C,广东深圳市南山区沙河街道华侨城假日湾2栋C,113.977778,22.539325
深圳华侨城,广东,深圳市,南山区,沙河街道华侨城世界花园海华居2栋,广东深圳市南山区沙河街道华侨城世界花园海华居2栋,广东深圳市南山区沙河街道华侨城世界花园海华居2栋,113.974333,22.539637
深圳华侨城,广东,深圳市,南山区,侨香路绿景美景广场A栋,广东深圳市南山区侨香路绿景美景广场A栋,广东深圳市南山区侨香路绿景美景广场A栋,113.978675,22.552636
深圳华侨城,广东,深圳市,南山区,沙河街道侨城东街,广东深圳市南山区沙河街道侨城东街,广东深圳市南山区沙河街道侨城东街,113.98744,22.536531
深圳华侨城,广东,深圳市,南山区,南山区沙河街道沙河街1号中海深圳湾畔花园2栋,广东深圳市南山区沙河街道沙河街1号中海深圳湾畔花园2栋,广东深圳市南山区沙河街道沙河街1号中海深圳湾畔花园2栋,113.967529,22.54034
深圳华侨城,广东,深圳市,南山区,金河路深业鹤塘岭花园项目1栋号商铺木,广东深圳市南山区金河路深业鹤塘岭花园项目1栋号商铺木,广东深圳市南山区金河路深业鹤塘岭花园项目1栋号商铺木,113.973128,22.539274
深圳华侨城,广东,深圳市,南山区,沙河街道深云村10栋,广东深圳市南山区沙河街道深云村10栋,广东深圳市南山区沙河街道深云村10栋,113.989778,22.554371
深圳华侨城,广东,深圳市,南山区,香山西街首地容御,广东深圳市南山区香山西街首地容御,广东深圳市南山区香山西街首地容御,113.973501,22.550609
深圳华侨城,广东,深圳市,南山区,沙河白石洲湾畔花园2栋,广东深圳市南山区沙河白石洲湾畔花园2栋,广东深圳市南山区沙河白石洲湾畔花园2栋,113.942199,22.492287
深圳华侨城,广东,深圳市,南山区,沙河街道华侨城波托菲诺纯水岸I,广东深圳市南山区沙河街道华侨城波托菲诺纯水岸I,广东深圳市南山区沙河街道华侨城波托菲诺纯水岸I,113.976124,22.546718
深圳华侨城,广东,深圳市,南山区,纱河西路香山美墅果岭,广东深圳市南山区纱河西路香山美墅果岭,广东深圳市南山区纱河西路香山美墅果岭,113.967229,22.550286
深圳华侨城,广东,深圳市,南山区,沙河街道-香山中街二号天鹅堡M3-8F,广东深圳市南山区沙河街道-香山中街二号天鹅堡M3-8F,广东深圳市南山区沙河街道-香山中街二号天鹅堡M3-8F,113.987544,22.544557
深圳华侨城,广东,深圳市,南山区,南山区沙河街道白石洲侨城豪苑一期1栋,广东深圳市南山区沙河街道白石洲侨城豪苑一期1栋,广东深圳市南山区沙河街道白石洲侨城豪苑一期1栋,113.96815,22.541769
深圳华侨城,广东,深圳市,南山区,白石洲湾畔花园五栋,广东深圳市南山区白石洲湾畔花园五栋,广东深圳市南山区白石洲湾畔花园五栋,113.942199,22.492287
深圳华侨城,广东,深圳市,南山区,沙河街道香山东街260号天鹅湖花园3期C座,广东深圳市南山区沙河街道香山东街260号天鹅湖花园3期C座,广东深圳市南山区沙河街道香山东街260号天鹅湖花园3期C座,113.987562,22.543264
深圳华侨城,广东,深圳市,南山区,沙河街道深云路12号博达大厦,广东深圳市南山区沙河街道深云路12号博达大厦,广东深圳市南山区沙河街道深云路12号博达大厦,113.988445,22.551175
深圳华侨城,广东,深圳市,南山区,-沙河街道华侨城纯水岸四期S栋,广东深圳市南山区-沙河街道华侨城纯水岸四期S栋,广东深圳市南山区-沙河街道华侨城纯水岸四期S栋,113.975005,22.548366
深圳华侨城,广东,深圳市,南山区,沙河街道绿景美景广场A栋,广东深圳市南山区沙河街道绿景美景广场A栋,广东深圳市南山区沙河街道绿景美景广场A栋,113.978675,22.552636
深圳华侨城,广东,深圳市,南山区,沙河街道绿景美景广场1栋L,广东深圳市南山区沙河街道绿景美景广场1栋L,广东深圳市南山区沙河街道绿景美景广场1栋L,113.978555,22.551802
深圳华侨城,广东,深圳市,南山区,南山区沙河街道布鲁盟室内设计有限公司侨香路智慧广场A座楼,广东深圳市南山区沙河街道布鲁盟室内设计有限公司侨香路智慧广场A座楼,广东深圳市南山区沙河街道布鲁盟室内设计有限公司侨香路智慧广场A座楼,113.982087,22.550313
深圳华侨城,广东,深圳市,南山区,华侨城东组团8栋,广东深圳市南山区华侨城东组团8栋,广东深圳市南山区华侨城东组团8栋,113.990992,22.537041
深圳华侨城,广东,深圳市,南山区,沙河街道香山中街1-6香山美墅云邸别墅区7栋C,广东深圳市南山区沙河街道香山中街1-6香山美墅云邸别墅区7栋C,广东深圳市南山区沙河街道香山中街1-6香山美墅云邸别墅区7栋C,113.971442,22.550666
深圳华侨城,广东,深圳市,南山区,南山区沙河街道深铁懿府三期13栋,广东深圳市南山区沙河街道深铁懿府三期13栋,广东深圳市南山区沙河街道深铁懿府三期13栋,113.993039,22.551485
深圳华侨城,广东,深圳市,南山区,华侨城纯水岸7期1栋,广东深圳市南山区华侨城纯水岸7期1栋,广东深圳市南山区华侨城纯水岸7期1栋,113.976704,22.546251
深圳华侨城,广东,深圳市,南山区,新中路与沙河街交叉口工地中建二局保,广东深圳市南山区新中路与沙河街交叉口工地中建二局保,广东深圳市南山区新中路与沙河街交叉口工地中建二局保,113.969718,22.539086
深圳华侨城,广东,深圳市,南山区,沙河街侨城豪苑一期一栋,广东深圳市南山区沙河街侨城豪苑一期一栋,广东深圳市南山区沙河街侨城豪苑一期一栋,113.930478,22.533191
深圳华侨城,广东,深圳市,南山区,沙河街道深云村13-23B,广东深圳市南山区沙河街道深云村13-23B,广东深圳市南山区沙河街道深云村13-23B,113.992262,22.555242
深圳华侨城,广东,深圳市,南山区,沙河街道香山西街纯水岸16期1栋,广东深圳市南山区沙河街道香山西街纯水岸16期1栋,广东深圳市南山区沙河街道香山西街纯水岸16期1栋,113.971014,22.546403
深圳华侨城,广东,深圳市,南山区,侨城西街世界花园,广东深圳市南山区侨城西街世界花园,广东深圳市南山区侨城西街世界花园,113.974162,22.538775
深圳华侨城,广东,深圳市,南山区,南山区锦绣花园二期D栋A活弯8,广东深圳市南山区锦绣花园二期D栋A活弯8,广东深圳市南山区锦绣花园二期D栋A活弯8,113.930478,22.533191
深圳华侨城,广东,深圳市,南山区,沙河街道华侨城香山东街260号天鹅湖花园三期B座,广东深圳市南山区沙河街道华侨城香山东街260号天鹅湖花园三期B座,广东深圳市南山区沙河街道华侨城香山东街260号天鹅湖花园三期B座,113.979821,22.545561
深圳华侨城,广东,深圳市,南山区,沙河街道中新街9栋保安室,广东深圳市南山区沙河街道中新街9栋保安室,广东深圳市南山区沙河街道中新街9栋保安室,113.979641,22.536812
深圳华侨城,广东,深圳市,南山区,深南大道9001号锦绣花园观海阁,广东深圳市南山区深南大道9001号锦绣花园观海阁,广东深圳市南山区深南大道9001号锦绣花园观海阁,113.997052,22.531542
深圳华侨城,广东,深圳市,南山区,华侨城香山里二期8栋二单元,广东深圳市南山区华侨城香山里二期8栋二单元,广东深圳市南山区华侨城香山里二期8栋二单元,113.98998,22.539974
深圳华侨城,广东,深圳市,南山区,香山美墅云颂,广东深圳市南山区香山美墅云颂,广东深圳市南山区香山美墅云颂,113.969628,22.552557
深圳华侨城,广东,深圳市,南山区,沙河街道深云村9B栋,广东深圳市南山区沙河街道深云村9B栋,广东深圳市南山区沙河街道深云村9B栋,113.989695,22.554309
深圳华侨城,广东,深圳市,南山区,沙河街道-338号-i购生鲜超市,广东深圳市南山区沙河街道-338号-i购生鲜超市,广东深圳市南山区沙河街道-338号-i购生鲜超市,113.930478,22.533191
深圳华侨城,广东,深圳市,南山区,沙河街道下白石新村1栋九号mz银面带字,广东深圳市南山区沙河街道下白石新村1栋九号mz银面带字,广东深圳市南山区沙河街道下白石新村1栋九号mz银面带字,113.968428,22.542771
深圳华侨城,广东,深圳市,南山区,华侨城香山西街香山里花园二期7栋F,广东深圳市南山区华侨城香山西街香山里花园二期7栋F,广东深圳市南山区华侨城香山西街香山里花园二期7栋F,113.98998,22.539974
深圳华侨城,广东,深圳市,南山区,深云村4栋,广东深圳市南山区深云村4栋,广东深圳市南山区深云村4栋,113.993895,22.553881
深圳华侨城,广东,深圳市,南山区,沙河街道侨香路4088号绿景美景广场A,广东深圳市南山区沙河街道侨香路4088号绿景美景广场A,广东深圳市南山区沙河街道侨香路4088号绿景美景广场A,113.978675,22.552636
深圳华侨城,广东,深圳市,南山区,沙河东路186号湾畔花园2栋,广东深圳市南山区沙河东路186号湾畔花园2栋,广东深圳市南山区沙河东路186号湾畔花园2栋,113.967224,22.540442
深圳华侨城,广东,深圳市,南山区,华侨城香山西街首地荣御5a,广东深圳市南山区华侨城香山西街首地荣御5a,广东深圳市南山区华侨城香山西街首地荣御5a,113.979821,22.538544
深圳华侨城,广东,深圳市,南山区,南山区沙河街道香山西街18号首地容御,广东深圳市南山区沙河街道香山西街18号首地容御,广东深圳市南山区沙河街道香山西街18号首地容御,113.973501,22.550609
深圳华侨城,广东,深圳市,南山区,沙河街道深云村4栋,广东深圳市南山区沙河街道深云村4栋,广东深圳市南山区沙河街道深云村4栋,113.993895,22.553881
深圳华侨城,广东,深圳市,南山区,南山区沙河街道白石洲香山美墅六期8栋,广东深圳市南山区沙河街道白石洲香山美墅六期8栋,广东深圳市南山区沙河街道白石洲香山美墅六期8栋,113.969435,22.551092
深圳华侨城,广东,深圳市,南山区,沙河街道香山东街13号燕晗山居5栋,广东深圳市南山区沙河街道香山东街13号燕晗山居5栋,广东深圳市南山区沙河街道香山东街13号燕晗山居5栋,113.988955,22.542218
深圳华侨城,广东,深圳市,南山区,广东省深圳市南山区北环大道天健创智中心A塔层,广东深圳市南山区广东省深圳市南山区北环大道天健创智中心A塔层,广东深圳市南山区广东省深圳市南山区北环大道天健创智中心A塔层,113.98393,22.553162
深圳华侨城,广东,深圳市,南山区,沙河街道白石洲湾畔花园七栋,广东深圳市南山区沙河街道白石洲湾畔花园七栋,广东深圳市南山区沙河街道白石洲湾畔花园七栋,113.942199,22.492287
深圳华侨城,广东,深圳市,南山区,深圳市南山区汕头街康佳苑五栋五d,广东深圳市南山区深圳市南山区汕头街康佳苑五栋五d,广东深圳市南山区深圳市南山区汕头街康佳苑五栋五d,113.99192,22.53585
深圳华侨城,广东,深圳市,南山区,南山区沙河街道华侨城佛山街3栋,广东深圳市南山区沙河街道华侨城佛山街3栋,广东深圳市南山区沙河街道华侨城佛山街3栋,113.978668,22.536695
深圳华侨城,广东,深圳市,南山区,沙河街道香山西街香山美墅分部幼儿园,广东深圳市南山区沙河街道香山西街香山美墅分部幼儿园,广东深圳市南山区沙河街道香山西街香山美墅分部幼儿园,113.969435,22.551092
深圳华侨城,广东,深圳市,南山区,沙河街道香山东街260号天鹅湖花园3期A,广东深圳市南山区沙河街道香山东街260号天鹅湖花园3期A,广东深圳市南山区沙河街道香山东街260号天鹅湖花园3期A,113.987624,22.543148
深圳华侨城,广东,深圳市,南山区,沙河街道沙河东路133号中交一航局沙河水质净化厂项目部,广东深圳市南山区沙河街道沙河东路133号中交一航局沙河水质净化厂项目部,广东深圳市南山区沙河街道沙河东路133号中交一航局沙河水质净化厂项目部,113.965491,22.551008
深圳华侨城,广东,深圳市,南山区,沙河街道侨城东街6号暨南大学深圳旅游学院,广东深圳市南山区沙河街道侨城东街6号暨南大学深圳旅游学院,广东深圳市南山区沙河街道侨城东街6号暨南大学深圳旅游学院,113.986056,22.53676
深圳华侨城,广东,深圳市,南山区,沙河街道侨城北路高发东方科技园1号厂房6-E,广东深圳市南山区沙河街道侨城北路高发东方科技园1号厂房6-E,广东深圳市南山区沙河街道侨城北路高发东方科技园1号厂房6-E,113.982952,22.550621
深圳华侨城,广东,深圳市,南山区,南山区沙河街道深南大道9026-1号玉湖冷链商务中心,广东深圳市南山区沙河街道深南大道9026-1号玉湖冷链商务中心,广东深圳市南山区沙河街道深南大道9026-1号玉湖冷链商务中心,113.977637,22.536379
深圳华侨城,广东,深圳市,南山区,沙河街道深铁懿府二期a座1703钟嘉燕,广东深圳市南山区沙河街道深铁懿府二期a座1703,广东深圳市南山区沙河街道深铁懿府二期a座1703,113.989892,22.552055
深圳华侨城,广东,深圳市,南山区,沙河街道中旅广场倚荔楼单元,广东深圳市南山区沙河街道中旅广场倚荔楼单元,广东深圳市南山区沙河街道中旅广场倚荔楼单元,113.981884,22.536974
深圳华侨城,广东,深圳市,南山区,康佳苑3栋,广东深圳市南山区康佳苑3栋,广东深圳市南山区康佳苑3栋,113.992203,22.535905
深圳华侨城,广东,深圳市,南山区,白石洲中海湾畔花园5栋B,广东深圳市南山区白石洲中海湾畔花园5栋B,广东深圳市南山区白石洲中海湾畔花园5栋B,113.942199,22.492287
深圳华侨城,广东,深圳市,南山区,沙河街道侨香路天鹅湖花园一期C1栋,广东深圳市南山区沙河街道侨香路天鹅湖花园一期C1栋,广东深圳市南山区沙河街道侨香路天鹅湖花园一期C1栋,113.983283,22.547415
深圳华侨城,广东,深圳市,南山区,沙河街侨城豪苑小区1期三栋,广东深圳市南山区沙河街侨城豪苑小区1期三栋,广东深圳市南山区沙河街侨城豪苑小区1期三栋,114.380835,22.711766
深圳华侨城,广东,深圳市,南山区,南山区沙河街道纯水岸14期2栋,广东深圳市南山区沙河街道纯水岸14期2栋,广东深圳市南山区沙河街道纯水岸14期2栋,113.976704,22.546251
深圳华侨城,广东,深圳市,南山区,金河路49号深业鹤塘岭花园2栋单元,广东深圳市南山区金河路49号深业鹤塘岭花园2栋单元,广东深圳市南山区金河路49号深业鹤塘岭花园2栋单元,113.973232,22.539613
深圳华侨城,广东,深圳市,南山区,沙河街道香山中街天鹅堡一期E栋,广东深圳市南山区沙河街道香山中街天鹅堡一期E栋,广东深圳市南山区沙河街道香山中街天鹅堡一期E栋,113.97982,22.545645
深圳华侨城,广东,深圳市,南山区,湾畔花园3橦,广东深圳市南山区湾畔花园3橦,广东深圳市南山区湾畔花园3橦,113.942199,22.492287
深圳华侨城,广东,深圳市,南山区,沙河街道深圳市南山区华侨城香山里花园五期3栋B座,广东深圳市南山区沙河街道深圳市南山区华侨城香山里花园五期3栋B座,广东深圳市南山区沙河街道深圳市南山区华侨城香山里花园五期3栋B座,113.98998,22.539974
深圳华侨城,广东,深圳市,南山区,沙河街道华侨城天鹅湖三期C栋,广东深圳市南山区沙河街道华侨城天鹅湖三期C栋,广东深圳市南山区沙河街道华侨城天鹅湖三期C栋,113.98774,22.543941
深圳华侨城,广东,深圳市,南山区,沙河街道深圳市南山区深南大道9010黄金海岸后门保安外,广东深圳市南山区沙河街道深圳市南山区深南大道9010黄金海岸后门保安外,广东深圳市南山区沙河街道深圳市南山区深南大道9010黄金海岸后门保安外,113.987494,22.534197
深圳华侨城,广东,深圳市,南山区,沙河街道深南大道益田假日广场负楼享得利名,广东深圳市南山区沙河街道深南大道益田假日广场负楼享得利名,广东深圳市南山区沙河街道深南大道益田假日广场负楼享得利名,113.975117,22.537327
深圳华侨城,广东,深圳市,南山区,沙河街道深圳市南山区华侨城兴隆街6号庭悦餐厅控制器S,广东深圳市南山区沙河街道深圳市南山区华侨城兴隆街6号庭悦餐厅控制器S,广东深圳市南山区沙河街道深圳市南山区华侨城兴隆街6号庭悦餐厅控制器S,113.985029,22.535239
深圳华侨城,广东,深圳市,南山区,沙河街道白石洲祥祺花园祺凌阁E座401-深圳市源,广东深圳市南山区沙河街道白石洲祥祺花园祺凌阁E座401-深圳市源,广东深圳市南山区沙河街道白石洲祥祺花园祺凌阁E座401-深圳市源,113.967122,22.542082
深圳华侨城,广东,深圳市,南山区,沙河街道华侨城海景花园海韵阁17F这个地址客户要方形方垫4545厘米数,广东深圳市南山区沙河街道华侨城海景花园海韵阁17F这个地址客户要方形方垫4545厘米数,广东深圳市南山区沙河街道华侨城海景花园海韵阁17F这个地址客户要方形方垫4545厘米数,113.989122,22.535917
深圳华侨城,广东,深圳市,南山区,中新街24栋 马蹄咖啡馆,广东深圳市南山区中新街24栋 马蹄咖啡馆,广东深圳市南山区中新街24栋 马蹄咖啡馆,113.979986,22.537067
深圳华侨城,广东,深圳市,南山区,华侨城中旅广场齐云阁9b,广东深圳市南山区华侨城中旅广场齐云阁9b,广东深圳市南山区华侨城中旅广场齐云阁9b,113.983293,22.536689
深圳华侨城,广东,深圳市,南山区,华侨城波托菲诺纯水岸9期2栋,广东深圳市南山区华侨城波托菲诺纯水岸9期2栋,广东深圳市南山区华侨城波托菲诺纯水岸9期2栋,113.975483,22.548525
深圳华侨城,广东,深圳市,南山区,益田假日广场-M,广东深圳市南山区益田假日广场-M,广东深圳市南山区益田假日广场-M,113.973609,22.537392
深圳华侨城,广东,深圳市,南山区,沙河街道华侨城华山村1,广东深圳市南山区沙河街道华侨城华山村1,广东深圳市南山区沙河街道华侨城华山村1,113.988,22.542697
深圳华侨城,广东,深圳市,南山区,沙河街道深云村13栋,广东深圳市南山区沙河街道深云村13栋,广东深圳市南山区沙河街道深云村13栋,113.991629,22.555079
深圳华侨城,广东,深圳市,南山区,沙河街道潮洲街西路假日湾华庭中间中间的1栋,广东深圳市南山区沙河街道潮洲街西路假日湾华庭中间中间的1栋,广东深圳市南山区沙河街道潮洲街西路假日湾华庭中间中间的1栋,113.977643,22.539342
深圳华侨城,广东,深圳市,南山区,白石洲祥祺花园祺梦C,广东深圳市南山区白石洲祥祺花园祺梦C,广东深圳市南山区白石洲祥祺花园祺梦C,113.966835,22.541548
深圳华侨城,广东,深圳市,南山区,世界花园海华居5栋,广东深圳市南山区世界花园海华居5栋,广东深圳市南山区世界花园海华居5栋,113.975775,22.540038
深圳华侨城,广东,深圳市,南山区,沙河街道香山美墅果岭1A,广东深圳市南山区沙河街道香山美墅果岭1A,广东深圳市南山区沙河街道香山美墅果岭1A,113.967229,22.550286
深圳华侨城,广东,深圳市,南山区,侨香路侨城坊T3栋楼,广东深圳市南山区侨香路侨城坊T3栋楼,广东深圳市南山区侨香路侨城坊T3栋楼,113.979569,22.552244
深圳华侨城,广东,深圳市,南山区,深铁懿府2期C座,广东深圳市南山区深铁懿府2期C座,广东深圳市南山区深铁懿府2期C座,113.991824,22.552145
深圳华侨城,广东,深圳市,南山区,沙河街道北环桃源天桥南侧郎桥峰居B栋,广东深圳市南山区沙河街道北环桃源天桥南侧郎桥峰居B栋,广东深圳市南山区沙河街道北环桃源天桥南侧郎桥峰居B栋,113.983368,22.554058
深圳华侨城,广东,深圳市,南山区,绿景美景广场A座,广东深圳市南山区绿景美景广场A座,广东深圳市南山区绿景美景广场A座,113.978675,22.552636
深圳华侨城,广东,深圳市,南山区,深安路33号深铁懿府2A栋,广东深圳市南山区深安路33号深铁懿府2A栋,广东深圳市南山区深安路33号深铁懿府2A栋,113.991824,22.552145
深圳华侨城,广东,深圳市,南山区,沙河街道深圳市深铁懿府三期深铁懿府3期10栋栋,广东深圳市南山区沙河街道深圳市深铁懿府三期深铁懿府3期10栋栋,广东深圳市南山区沙河街道深圳市深铁懿府三期深铁懿府3期10栋栋,113.993039,22.551485
深圳华侨城,广东,深圳市,南山区,香山社区东,广东深圳市南山区香山社区东,广东深圳市南山区香山社区东,113.98998,22.539974
深圳华侨城,广东,深圳市,南山区,白石洲中海深圳湾畔花园,广东深圳市南山区白石洲中海深圳湾畔花园,广东深圳市南山区白石洲中海深圳湾畔花园,113.966985,22.540457
深圳华侨城,广东,深圳市,南山区,沙河街道中海深圳湾畔花园6栋F,广东深圳市南山区沙河街道中海深圳湾畔花园6栋F,广东深圳市南山区沙河街道中海深圳湾畔花园6栋F,113.966985,22.540457
深圳华侨城,广东,深圳市,南山区,华侨城涵晖阁九D,广东深圳市南山区华侨城涵晖阁九D,广东深圳市南山区华侨城涵晖阁九D,113.979821,22.538544
深圳华侨城,广东,深圳市,南山区,天鹅湖花园二期E2栋,广东深圳市南山区天鹅湖花园二期E2栋,广东深圳市南山区天鹅湖花园二期E2栋,113.983283,22.547415
深圳华侨城,广东,深圳市,南山区,南山区沙河街道博达大厦旁边中建五局项目部,广东深圳市南山区沙河街道博达大厦旁边中建五局项目部,广东深圳市南山区沙河街道博达大厦旁边中建五局项目部,113.988445,22.551175
深圳华侨城,广东,深圳市,南山区,沙河街道潮洲西街荔园新村十三栋四单元,广东深圳市南山区沙河街道潮洲西街荔园新村十三栋四单元,广东深圳市南山区沙河街道潮洲西街荔园新村十三栋四单元,113.929323,22.550017
深圳华侨城,广东,深圳市,南山区,华侨城中旅广场飞云阁,广东深圳市南山区华侨城中旅广场飞云阁,广东深圳市南山区华侨城中旅广场飞云阁,113.982523,22.536513
深圳华侨城,广东,深圳市,南山区,沙河街道侨城豪苑1期2栋,广东深圳市南山区沙河街道侨城豪苑1期2栋,广东深圳市南山区沙河街道侨城豪苑1期2栋,113.967888,22.541997
深圳华侨城,广东,深圳市,南山区,沙河街道广东深圳南山区华侨城波托菲诺纯水岸七期三栋一单元5A请放,广东深圳市南山区沙河街道广东深圳南山区华侨城波托菲诺纯水岸七期三栋一单元5A请放,广东深圳市南山区沙河街道广东深圳南山区华侨城波托菲诺纯水岸七期三栋一单元5A请放,113.976124,22.546718
深圳华侨城,广东,深圳市,南山区,华侨城沃尔玛收货部,广东深圳市南山区华侨城沃尔玛收货部,广东深圳市南山区华侨城沃尔玛收货部,113.982845,22.53547
深圳华侨城,广东,深圳市,南山区,华侨城东组团14栋,广东深圳市南山区华侨城东组团14栋,广东深圳市南山区华侨城东组团14栋,113.989736,22.537779
深圳华侨城,广东,深圳市,南山区,沙河街道广东省深圳市南山区世界花园海华居3栋,广东深圳市南山区沙河街道广东省深圳市南山区世界花园海华居3栋,广东深圳市南山区沙河街道广东省深圳市南山区世界花园海华居3栋,113.974832,22.539801
深圳华侨城,广东,深圳市,南山区,华侨城纯水岸S栋,广东深圳市南山区华侨城纯水岸S栋,广东深圳市南山区华侨城纯水岸S栋,113.976704,22.546251
深圳华侨城,广东,深圳市,南山区,祥祺花园祺星阁A,广东深圳市南山区祥祺花园祺星阁A,广东深圳市南山区祥祺花园祺星阁A,113.966835,22.541548
深圳华侨城,广东,深圳市,南山区,侨香路4080号侨城坊T10栋楼,广东深圳市南山区侨香路4080号侨城坊T10栋楼,广东深圳市南山区侨香路4080号侨城坊T10栋楼,113.980508,22.552193
深圳华侨城,广东,深圳市,南山区,沙河街道高发社区侨香路4080号侨城坊12栋B座BL118,广东深圳市南山区沙河街道高发社区侨香路4080号侨城坊12栋B座BL118,广东深圳市南山区沙河街道高发社区侨香路4080号侨城坊12栋B座BL118,113.980058,22.551992
深圳华侨城,广东,深圳市,南山区,沙河街道深云西二路朗侨峰居B栋,广东深圳市南山区沙河街道深云西二路朗侨峰居B栋,广东深圳市南山区沙河街道深云西二路朗侨峰居B栋,113.985595,22.553999
深圳华侨城,广东,深圳市,南山区,沙河街道安托山公园西侧深铁懿府二期1栋C座,广东深圳市南山区沙河街道安托山公园西侧深铁懿府二期1栋C座,广东深圳市南山区沙河街道安托山公园西侧深铁懿府二期1栋C座,113.989892,22.552055
深圳华侨城,广东,深圳市,南山区,沙河街道暨南大学深圳校区侨城东街6,广东深圳市南山区沙河街道暨南大学深圳校区侨城东街6,广东深圳市南山区沙河街道暨南大学深圳校区侨城东街6,113.985902,22.539513
深圳华侨城,广东,深圳市,南山区,华侨城中新街24栋,广东深圳市南山区华侨城中新街24栋,广东深圳市南山区华侨城中新街24栋,113.979986,22.537067
深圳华侨城,广东,深圳市,南山区,沙河街道白石洲新塘村1坊,广东深圳市南山区沙河街道白石洲新塘村1坊,广东深圳市南山区沙河街道白石洲新塘村1坊,113.92007,22.541604
深圳华侨城,广东,深圳市,南山区,沙河街道侨城西街荔园新村14-603，15Pro-黑色1,广东深圳市南山区沙河街道侨城西街荔园新村14-603,广东深圳市南山区沙河街道侨城西街荔园新村14-603,113.928306,22.550097
深圳华侨城,广东,深圳市,南山区,沙河街道首地容御3B栋,广东深圳市南山区沙河街道首地容御3B栋,广东深圳市南山区沙河街道首地容御3B栋,113.974075,22.550941
深圳华侨城,广东,深圳市,南山区,沙河街道华侨城天鹅堡一期E栋,广东深圳市南山区沙河街道华侨城天鹅堡一期E栋,广东深圳市南山区沙河街道华侨城天鹅堡一期E栋,113.97982,22.545645
深圳华侨城,广东,深圳市,南山区,沙河街道深南大道鹤塘岭花园1栋,广东深圳市南山区沙河街道深南大道鹤塘岭花园1栋,广东深圳市南山区沙河街道深南大道鹤塘岭花园1栋,113.993509,22.533391
深圳华侨城,广东,深圳市,南山区,沙河街道华侨城香山里一期3栋单元,广东深圳市南山区沙河街道华侨城香山里一期3栋单元,广东深圳市南山区沙河街道华侨城香山里一期3栋单元,113.98998,22.539974
深圳华侨城,广东,深圳市,南山区,侨城北路东方科技园6栋单元,广东深圳市南山区侨城北路东方科技园6栋单元,广东深圳市南山区侨城北路东方科技园6栋单元,113.982952,22.550621
深圳华侨城,广东,深圳市,南山区,沙河街道湾畔花园商业区深圳湾畔花园商业街店,广东深圳市南山区沙河街道湾畔花园商业区深圳湾畔花园商业街店,广东深圳市南山区沙河街道湾畔花园商业区深圳湾畔花园商业街店,113.963809,22.583801
深圳华侨城,广东,深圳市,南山区,沙河街道潮州西街8号荔园新村6栋,广东深圳市南山区沙河街道潮州西街8号荔园新村6栋,广东深圳市南山区沙河街道潮州西街8号荔园新村6栋,113.976567,22.540752
深圳华侨城,广东,深圳市,南山区,沙河街道纯水岸1期3单元P栋,广东深圳市南山区沙河街道纯水岸1期3单元P栋,广东深圳市南山区沙河街道纯水岸1期3单元P栋,113.976208,22.54653
深圳华侨城,广东,深圳市,南山区,侨香路4080号层C区宝源行宝马4S店,广东深圳市南山区侨香路4080号层C区宝源行宝马4S店,广东深圳市南山区侨香路4080号层C区宝源行宝马4S店,113.980507,22.55226
深圳华侨城,广东,深圳市,南山区,南山区沙河街道汕头街8号康佳苑4栋,广东深圳市南山区沙河街道汕头街8号康佳苑4栋,广东深圳市南山区沙河街道汕头街8号康佳苑4栋,113.991968,22.535566
深圳华侨城,广东,深圳市,南山区,沙河街道美加广场南门保安亭【v23】,广东深圳市南山区沙河街道美加广场南门保安亭,广东深圳市南山区沙河街道美加广场南门保安亭,113.978145,22.537894
深圳华侨城,广东,深圳市,南山区,汕头街19-7号南山区华侨城东组团住宅区,广东深圳市南山区汕头街19-7号南山区华侨城东组团住宅区,广东深圳市南山区汕头街19-7号南山区华侨城东组团住宅区,113.990544,22.535886
深圳华侨城,广东,深圳市,南山区,益田假日广场楼四海一家自助餐号工通道,广东深圳市南山区益田假日广场楼四海一家自助餐号工通道,广东深圳市南山区益田假日广场楼四海一家自助餐号工通道,113.976016,22.537227
深圳华侨城,广东,深圳市,南山区,华侨城锦绣花园一期倚海阁29A,广东深圳市南山区华侨城锦绣花园一期倚海阁29A,广东深圳市南山区华侨城锦绣花园一期倚海阁29A,113.979821,22.538544
深圳华侨城,广东,深圳市,南山区,沙河街道深云路6号博达大厦,广东深圳市南山区沙河街道深云路6号博达大厦,广东深圳市南山区沙河街道深云路6号博达大厦,113.988445,22.551175
深圳华侨城,广东,深圳市,南山区,深铁懿府2期1A座,广东深圳市南山区深铁懿府2期1A座,广东深圳市南山区深铁懿府2期1A座,113.991824,22.552145
深圳华侨城,广东,深圳市,南山区,沙河街道纯水岸九期1栋单元,广东深圳市南山区沙河街道纯水岸九期1栋单元,广东深圳市南山区沙河街道纯水岸九期1栋单元,113.9754,22.549362
深圳华侨城,广东,深圳市,南山区,华侨城松山村6栋快递柜,广东深圳市南山区华侨城松山村6栋快递柜,广东深圳市南山区华侨城松山村6栋快递柜,113.989515,22.538135
深圳华侨城,广东,深圳市,南山区,中海深圳湾畔花园8栋D,广东深圳市南山区中海深圳湾畔花园8栋D,广东深圳市南山区中海深圳湾畔花园8栋D,113.966986,22.540174
深圳华侨城,广东,深圳市,南山区,香山东路华侨城创意园北区A4栋,广东深圳市南山区香山东路华侨城创意园北区A4栋,广东深圳市南山区香山东路华侨城创意园北区A4栋,113.979821,22.538544
深圳华侨城,广东,深圳市,南山区,深圳市南山区侨城坊7栋A前台,广东深圳市南山区深圳市南山区侨城坊7栋A前台,广东深圳市南山区深圳市南山区侨城坊7栋A前台,113.981248,22.552856
深圳华侨城,广东,深圳市,南山区,香山中街1号波托菲诺纯水岸7期3栋单元,广东深圳市南山区香山中街1号波托菲诺纯水岸7期3栋单元,广东深圳市南山区香山中街1号波托菲诺纯水岸7期3栋单元,113.975939,22.548948
深圳华侨城,广东,深圳市,南山区,沙河东路376号香山美墅四期果岭2栋,广东深圳市南山区沙河东路376号香山美墅四期果岭2栋,广东深圳市南山区沙河东路376号香山美墅四期果岭2栋,113.969435,22.551092
深圳华侨城,广东,深圳市,南山区,沙河街道沙河街道锦绣北街3号美林大厦,广东深圳市南山区沙河街道沙河街道锦绣北街3号美林大厦,广东深圳市南山区沙河街道沙河街道锦绣北街3号美林大厦,113.9932,22.535966
深圳华侨城,广东,深圳市,南山区,华侨城中旅广场碧云阁31D,广东深圳市南山区华侨城中旅广场碧云阁31D,广东深圳市南山区华侨城中旅广场碧云阁31D,113.982431,22.53576
深圳华侨城,广东,深圳市,南山区,沙河街道香山东街12号燕晗花园B栋,广东深圳市南山区沙河街道香山东街12号燕晗花园B栋,广东深圳市南山区沙河街道香山东街12号燕晗花园B栋,113.989608,22.542291
深圳华侨城,广东,深圳市,南山区,沙河街道深云路28号深云村9栋快递柜,广东深圳市南山区沙河街道深云路28号深云村9栋快递柜,广东深圳市南山区沙河街道深云路28号深云村9栋快递柜,113.990258,22.553778
深圳华侨城,广东,深圳市,南山区,侨北一街12号香山道公馆室,广东深圳市南山区侨北一街12号香山道公馆室,广东深圳市南山区侨北一街12号香山道公馆室,113.972304,22.549644
深圳华侨城,广东,深圳市,南山区,香山里二期8栋,广东深圳市南山区香山里二期8栋,广东深圳市南山区香山里二期8栋,113.98998,22.539974
深圳华侨城,广东,深圳市,南山区,恩平街道华侨城创意文化园东F1栋号之103星图书店,广东深圳市南山区恩平街道华侨城创意文化园东F1栋号之103星图书店,广东深圳市南山区恩平街道华侨城创意文化园东F1栋号之103星图书店,113.993477,22.537349
深圳华侨城,广东,深圳市,南山区,沙河街道潮州西街8号荔园新村11号楼二单元,广东深圳市南山区沙河街道潮州西街8号荔园新村11号楼二单元,广东深圳市南山区沙河街道潮州西街8号荔园新村11号楼二单元,113.973774,22.5403
深圳华侨城,广东,深圳市,南山区,侨香路4080号侨城坊T1栋B,广东深圳市南山区侨香路4080号侨城坊T1栋B,广东深圳市南山区侨香路4080号侨城坊T1栋B,113.980578,22.552048
深圳华侨城,广东,深圳市,南山区,白石洲明珠花园二栋二单元102元,广东深圳市南山区白石洲明珠花园二栋二单元102元,广东深圳市南山区白石洲明珠花园二栋二单元102元,113.967465,22.538369
深圳华侨城,广东,深圳市,南山区,沙河街道中海深圳湾畔花园8栋,广东深圳市南山区沙河街道中海深圳湾畔花园8栋,广东深圳市南山区沙河街道中海深圳湾畔花园8栋,113.966986,22.540174
深圳华侨城,广东,深圳市,南山区,沙河街道深云路三号华科大厦楼B,广东深圳市南山区沙河街道深云路三号华科大厦楼B,广东深圳市南山区沙河街道深云路三号华科大厦楼B,113.982423,22.55131
深圳华侨城,广东,深圳市,南山区,沙河街道新中路24号明珠花园7栋,广东深圳市南山区沙河街道新中路24号明珠花园7栋,广东深圳市南山区沙河街道新中路24号明珠花园7栋,113.967445,22.544235
深圳华侨城,广东,深圳市,南山区,沙河街道侨城坊1号楼,广东深圳市南山区沙河街道侨城坊1号楼,广东深圳市南山区沙河街道侨城坊1号楼,113.980216,22.551394
深圳华侨城,广东,深圳市,南山区,南山区沙河街道沙河观景阁,广东深圳市南山区沙河街道沙河观景阁,广东深圳市南山区沙河街道沙河观景阁,113.966931,22.543797
深圳华侨城,广东,深圳市,南山区,华侨城香山里五栋,广东深圳市南山区华侨城香山里五栋,广东深圳市南山区华侨城香山里五栋,113.98998,22.539974
深圳华侨城,广东,深圳市,南山区,华侨城侨香路美景广场2330,广东深圳市南山区华侨城侨香路美景广场2330,广东深圳市南山区华侨城侨香路美景广场2330,113.979821,22.538544
深圳华侨城,广东,深圳市,南山区,香山西街纯水岸14期二栋一单元,广东深圳市南山区香山西街纯水岸14期二栋一单元,广东深圳市南山区香山西街纯水岸14期二栋一单元,113.976704,22.546251
深圳华侨城,广东,深圳市,南山区,沙河街道侨城馨苑c,广东深圳市南山区沙河街道侨城馨苑c,广东深圳市南山区沙河街道侨城馨苑c,113.967112,22.548974
深圳华侨城,广东,深圳市,南山区,沙河街道汕头街8号一栋,广东深圳市南山区沙河街道汕头街8号一栋,广东深圳市南山区沙河街道汕头街8号一栋,113.992367,22.536202
深圳华侨城,广东,深圳市,南山区,南山区沙河街道沙河世纪假日广场d栋,广东深圳市南山区沙河街道沙河世纪假日广场d栋,广东深圳市南山区沙河街道沙河世纪假日广场d栋,113.972714,22.538371
深圳华侨城,广东,深圳市,南山区,沙河街道西组团社区佛山街2栋楼,广东深圳市南山区沙河街道西组团社区佛山街2栋楼,广东深圳市南山区沙河街道西组团社区佛山街2栋楼,113.978376,22.537046
深圳华侨城,广东,深圳市,南山区,南山区沙河街道创意园南,广东深圳市南山区沙河街道创意园南,广东深圳市南山区沙河街道创意园南,113.930478,22.533191
深圳华侨城,广东,深圳市,南山区,侨香路天鹅湖花园三期D栋,广东深圳市南山区侨香路天鹅湖花园三期D栋,广东深圳市南山区侨香路天鹅湖花园三期D栋,113.983283,22.547415
深圳华侨城,广东,深圳市,南山区,香山美墅五期3栋A座,广东深圳市南山区香山美墅五期3栋A座,广东深圳市南山区香山美墅五期3栋A座,113.924164,22.488255
深圳华侨城,广东,深圳市,南山区,沙河白石洲下白石一坊10号楼楼王,广东深圳市南山区沙河白石洲下白石一坊10号楼,广东深圳市南山区沙河白石洲下白石一坊10号楼,113.969616,22.539944
深圳华侨城,广东,深圳市,南山区,南山区沙河街道华侨城香山西街8号香山里二期9栋,广东深圳市南山区沙河街道华侨城香山西街8号香山里二期9栋,广东深圳市南山区沙河街道华侨城香山西街8号香山里二期9栋,113.98998,22.539974
深圳华侨城,广东,深圳市,南山区,香山东街17号华侨城园林山庄纯水岸护管宿舍303,广东深圳市南山区香山东街17号华侨城园林山庄纯水岸护管宿舍303,广东深圳市南山区香山东街17号华侨城园林山庄纯水岸护管宿舍303,113.976704,22.546251
深圳华侨城,广东,深圳市,南山区,南山区深云村2栋,广东深圳市南山区深云村2栋,广东深圳市南山区深云村2栋,113.995382,22.554152
深圳华侨城,广东,深圳市,南山区,沙河街道绿景美景广场A栋送门口取件,广东深圳市南山区沙河街道绿景美景广场A栋,广东深圳市南山区沙河街道绿景美景广场A栋,113.978675,22.552636
深圳华侨城,广东,深圳市,南山区,沙河街道沙河街下白石新村百勤园林板房7栋办公室,广东深圳市南山区沙河街道沙河街下白石新村百勤园林板房7栋办公室,广东深圳市南山区沙河街道沙河街下白石新村百勤园林板房7栋办公室,113.968625,22.542786
深圳华侨城,广东,深圳市,南山区,香山西街8号香山里一期2,广东深圳市南山区香山西街8号香山里一期2,广东深圳市南山区香山西街8号香山里一期2,113.974362,22.553121
深圳华侨城,广东,深圳市,南山区,沙河街道纯水岸14期2栋,广东深圳市南山区沙河街道纯水岸14期2栋,广东深圳市南山区沙河街道纯水岸14期2栋,113.976704,22.546251
深圳南山,广东,深圳市,南山区,登良路26号公园道大厦B座,广东深圳市南山区登良路26号公园道大厦B座,广东深圳市南山区登良路26号公园道大厦B座,113.92301,22.520049
深圳南山,广东,深圳市,南山区,东滨路,广东深圳市南山区东滨路,广东深圳市南山区东滨路,113.927369,22.504894
深圳南山,广东,深圳市,南山区,中泰南,广东深圳市南山区中泰南,广东深圳市南山区中泰南,113.930478,22.533191
深圳南山,广东,深圳市,南山区,南山村,广东深圳市南山区南山村,广东深圳市南山区南山村,113.911858,22.51407
深圳南山,广东,深圳市,南山区,东滨路中,广东深圳市南山区东滨路中,广东深圳市南山区东滨路中,113.930478,22.533191
深圳南山,广东,深圳市,南山区,南油工业区,广东深圳市南山区南油工业区,广东深圳市南山区南油工业区,113.922088,22.508576
深圳南山,广东,深圳市,南山区,村正巷230号南山区陈,广东深圳市南山区村正巷230号南山区陈,广东深圳市南山区村正巷230号南山区陈,113.91165,22.513708
深圳南山,广东,深圳市,南山区,南山村正巷,广东深圳市南山区南山村正巷,广东深圳市南山区南山村正巷,113.911858,22.51407
深圳南山,广东,深圳市,南山区,南山街道天安工业区第一座天安南油工业区1座,广东深圳市南山区南山街道天安工业区第一座天安南油工业区1座,广东深圳市南山区南山街道天安工业区第一座天安南油工业区1座,113.921723,22.512132
深圳南山,广东,深圳市,南山区,南油第一工业区110栋,广东深圳市南山区南油第一工业区110栋,广东深圳市南山区南油第一工业区110栋,113.921475,22.507875
深圳南山,广东,深圳市,南山区,东滨路4287号南山区绿云大厦(东滨路南,广东深圳市南山区东滨路4287号南山区绿云大厦(东滨路南,广东深圳市南山区东滨路4287号南山区绿云大厦(东滨路南,113.920982,22.50596
深圳南山,广东,深圳市,南山区,南油第一工业区110栋楼F01B收运费自理拒绝到,广东深圳市南山区南油第一工业区110栋楼F01B收运费自理拒绝到,广东深圳市南山区南油第一工业区110栋楼F01B收运费自理拒绝到,113.922957,22.506981
深圳南山,广东,深圳市,南山区,东滨路339号华联城市山林22单元,广东深圳市南山区东滨路339号华联城市山林22单元,广东深圳市南山区东滨路339号华联城市山林22单元,113.91547,22.511415
深圳南山,广东,深圳市,南山区,向南路贵航大厦楼北区,广东深圳市南山区向南路贵航大厦楼北区,广东深圳市南山区向南路贵航大厦楼北区,113.922566,22.510032
深圳南山,广东,深圳市,南山区,南山大道1124号南油第四工业区1栋层201同晖医疗器械,广东深圳市南山区南山大道1124号南油第四工业区1栋层201同晖医疗器械,广东深圳市南山区南山大道1124号南油第四工业区1栋层201同晖医疗器械,113.92406,22.521641
深圳南山,广东,深圳市,南山区,登良路天安工业区,广东深圳市南山区登良路天安工业区,广东深圳市南山区登良路天安工业区,113.936324,22.51003
深圳南山,广东,深圳市,南山区,南油工业区天安8栋楼D811花沐内衣店,广东深圳市南山区南油工业区天安8栋楼,广东深圳市南山区南油工业区天安8栋楼,113.922088,22.508576
深圳南山,广东,深圳市,南山区,前海路阳光花地苑C,广东深圳市南山区前海路阳光花地苑C,广东深圳市南山区前海路阳光花地苑C,113.913541,22.5185
深圳南山,广东,深圳市,南山区,南光路126号鹏都大厦A座,广东深圳市南山区南光路126号鹏都大厦A座,广东深圳市南山区南光路126号鹏都大厦A座,113.92811,22.522348
深圳南山,广东,深圳市,南山区,粤海街道后海村139栋,广东深圳市南山区粤海街道后海村139栋,广东深圳市南山区粤海街道后海村139栋,113.931001,22.510117
深圳南山,广东,深圳市,南山区,南油市场,广东深圳市南山区南油市场,广东深圳市南山区南油市场,113.926287,22.519559
深圳南山,广东,深圳市,南山区,南山街道福满园笛亚,广东深圳市南山区南山街道福满园笛亚,广东深圳市南山区南山街道福满园笛亚,113.91767,22.506
深圳南山,广东,深圳市,南山区,南油第一工业区尚荣1618,广东深圳市南山区南油第一工业区尚荣1618,广东深圳市南山区南油第一工业区尚荣1618,113.922278,22.507902
深圳南山,广东,深圳市,南山区,沿山路18号中建工业大厦,广东深圳市南山区沿山路18号中建工业大厦,广东深圳市南山区沿山路18号中建工业大厦,113.915988,22.49369
深圳南山,广东,深圳市,南山区,南山区国兴苑一单元妈妈,广东深圳市南山区国兴苑一单元,广东深圳市南山区国兴苑一单元,113.919714,22.528349
深圳南山,广东,深圳市,南山区,南山街道东滨路天宏时装一号楼楼,广东深圳市南山区南山街道东滨路天宏时装一号楼楼,广东深圳市南山区南山街道东滨路天宏时装一号楼楼,113.927369,22.504894
深圳南山,广东,深圳市,南山区,南山街道南油天安工业区5栋A-B,广东深圳市南山区南山街道南油天安工业区5栋A-B,广东深圳市南山区南山街道南油天安工业区5栋A-B,113.923095,22.511576
深圳南山,广东,深圳市,南山区,南山街道广东省深圳市南山区南山街道南山大道1092号亿利达大厦1栋楼,广东深圳市南山区南山街道广东省深圳市南山区南山街道南山大道1092号亿利达大厦1栋楼,广东深圳市南山区南山街道广东省深圳市南山区南山街道南山大道1092号亿利达大厦1栋楼,113.922283,22.517718
深圳南山,广东,深圳市,南山区,南山街道,广东深圳市南山区南山街道,广东深圳市南山区南山街道,113.930478,22.533191
深圳南山,广东,深圳市,南山区,南油生活A区16栋,广东深圳市南山区南油生活A区16栋,广东深圳市南山区南油生活A区16栋,113.926287,22.519559
深圳南山,广东,深圳市,南山区,南山街道荔秀街泰荣服装城,广东深圳市南山区南山街道荔秀街泰荣服装城,广东深圳市南山区南山街道荔秀街泰荣服装城,113.922285,22.507182
深圳南山,广东,深圳市,南山区,向南路泰力服装城楼C,广东深圳市南山区向南路泰力服装城楼C,广东深圳市南山区向南路泰力服装城楼C,113.919984,22.506416
深圳南山,广东,深圳市,南山区,第一工业区,广东深圳市南山区第一工业区,广东深圳市南山区第一工业区,113.884896,22.788518
深圳南山,广东,深圳市,南山区,南油时装111栋,广东深圳市南山区南油时装111栋,广东深圳市南山区南油时装111栋,113.926287,22.519559
深圳南山,广东,深圳市,南山区,南油巿场,广东深圳市南山区南油巿场,广东深圳市南山区南油巿场,113.926287,22.519559
深圳南山,广东,深圳市,南山区,前海路,广东深圳市南山区前海路,广东深圳市南山区前海路,113.914927,22.525524
深圳南山,广东,深圳市,南山区,迪亚,广东深圳市南山区迪亚,广东深圳市南山区迪亚,113.930478,22.533191
深圳南山,广东,深圳市,南山区,南山街道荔秀服饰文化街区,广东深圳市南山区南山街道荔秀服饰文化街区,广东深圳市南山区南山街道荔秀服饰文化街区,113.930478,22.533191
深圳南山,广东,深圳市,南山区,南山大道1175号新绿岛大厦楼B区,广东深圳市南山区南山大道1175号新绿岛大厦楼B区,广东深圳市南山区南山大道1175号新绿岛大厦楼B区,113.922949,22.523547
深圳南山,广东,深圳市,南山区,迪雅大厦楼 C,广东深圳市南山区迪雅大厦楼 C,广东深圳市南山区迪雅大厦楼 C,113.920635,22.506663
深圳南山,广东,深圳市,南山区,尚荣1618-B,广东深圳市南山区尚荣1618-B,广东深圳市南山区尚荣1618-B,113.930478,22.533191
深圳南山,广东,深圳市,南山区,南油第一工业区,广东深圳市南山区南油第一工业区,广东深圳市南山区南油第一工业区,113.922278,22.507902
深圳南山,广东,深圳市,南山区,南油第一工业区101栋楼二,广东深圳市南山区南油第一工业区101栋楼二,广东深圳市南山区南油第一工业区101栋楼二,113.923919,22.507155
深圳南山,广东,深圳市,南山区,南油工业区向南路,广东深圳市南山区南油工业区向南路,广东深圳市南山区南油工业区向南路,113.919984,22.506416
深圳南山,广东,深圳市,南山区,南油第一工业区106,广东深圳市南山区南油第一工业区106,广东深圳市南山区南油第一工业区106,113.922386,22.508581
深圳南山,广东,深圳市,南山区,向南路48号中国通飞贵航大厦,广东深圳市南山区向南路48号中国通飞贵航大厦,广东深圳市南山区向南路48号中国通飞贵航大厦,113.922566,22.510032
深圳南山,广东,深圳市,南山区,世纪广场,广东深圳市南山区世纪广场,广东深圳市南山区世纪广场,113.930478,22.533191
深圳南山,广东,深圳市,南山区,泰力服装市场,广东深圳市南山区泰力服装市场,广东深圳市南山区泰力服装市场,113.930478,22.533191
深圳南山,广东,深圳市,南山区,联合宠物医院·YY骨外科·齿科·友好猫科yy,广东深圳市南山区联合宠物医院·YY骨外科·齿科·友好猫科yy,广东深圳市南山区联合宠物医院·YY骨外科·齿科·友好猫科yy,114.123425,22.596125
深圳南山,广东,深圳市,南山区,东滨路4287号天宏尾货楼,广东深圳市南山区东滨路4287号天宏尾货楼,广东深圳市南山区东滨路4287号天宏尾货楼,113.920475,22.505987
深圳南山,广东,深圳市,南山区,康桥花园,广东深圳市南山区康桥花园,广东深圳市南山区康桥花园,113.930478,22.533191
深圳南山,广东,深圳市,南山区,天宏大楼,广东深圳市南山区天宏大楼,广东深圳市南山区天宏大楼,113.930478,22.533191
深圳南山,广东,深圳市,南山区,南山街道兰兹酒店,广东深圳市南山区南山街道兰兹酒店,广东深圳市南山区南山街道兰兹酒店,113.930478,22.533191
深圳南山,广东,深圳市,南山区,深圳南山海德二道鸿瑞花园22栋,广东深圳市南山区深圳南山海德二道鸿瑞花园22栋,广东深圳市南山区深圳南山海德二道鸿瑞花园22栋,113.925661,22.520602
深圳南山,广东,深圳市,南山区,南油第二工业区,广东深圳市南山区南油第二工业区,广东深圳市南山区南油第二工业区,113.974343,22.561516
深圳南山,广东,深圳市,南山区,南山街道华联花园,广东深圳市南山区南山街道华联花园,广东深圳市南山区南山街道华联花园,113.920419,22.520239
深圳南山,广东,深圳市,南山区,迪雅楼,广东深圳市南山区迪雅楼,广东深圳市南山区迪雅楼,113.930478,22.533191
深圳南山,广东,深圳市,南山区,南山区南油第一工业110栋F,广东深圳市南山区南油第一工业110栋F,广东深圳市南山区南油第一工业110栋F,113.926287,22.519559
深圳南山,广东,深圳市,南山区,深圳,广东深圳市南山区深圳,广东深圳市南山区深圳,113.930478,22.533191
深圳南山,广东,深圳市,南山区,东滨路世纪广场楼,广东深圳市南山区东滨路世纪广场楼,广东深圳市南山区东滨路世纪广场楼,113.927369,22.504894
深圳南山,广东,深圳市,南山区,南山天,广东深圳市南山区南山天,广东深圳市南山区南山天,113.930478,22.533191
深圳南山,广东,深圳市,南山区,南山街道南油第一工业区一零八栋泰荣服装城,广东深圳市南山区南山街道南油第一工业区一零八栋泰荣服装城,广东深圳市南山区南山街道南油第一工业区一零八栋泰荣服装城,113.922285,22.507182
深圳南山,广东,深圳市,南山区,南油第一工业区108栋C,广东深圳市南山区南油第一工业区108栋C,广东深圳市南山区南油第一工业区108栋C,113.922312,22.507534
深圳南山,广东,深圳市,南山区,南油第一工业区106栋楼,广东深圳市南山区南油第一工业区106栋楼,广东深圳市南山区南油第一工业区106栋楼,113.922386,22.508581
深圳南山,广东,深圳市,南山区,登良,广东深圳市南山区登良,广东深圳市南山区登良,113.937602,22.509146
深圳南山,广东,深圳市,南山区,登良路,广东深圳市南山区登良路,广东深圳市南山区登良路,113.936324,22.51003
深圳南山,广东,深圳市,南山区,快递点,广东深圳市南山区快递点,广东深圳市南山区快递点,113.930478,22.533191
深圳南山,广东,深圳市,南山区,南山街,广东深圳市南山区南山街,广东深圳市南山区南山街,113.924196,22.535715
深圳南山,广东,深圳市,南山区,南油天天开心收货,广东深圳市南山区南油天天开心收货,广东深圳市南山区南油天天开心收货,113.926287,22.519559
深圳南山,广东,深圳市,南山区,东滨路迪雅大厦,广东深圳市南山区东滨路迪雅大厦,广东深圳市南山区东滨路迪雅大厦,113.920635,22.506663
深圳南山,广东,深圳市,南山区,南山街道南油工业区天安8栋楼B,广东深圳市南山区南山街道南油工业区天安8栋楼B,广东深圳市南山区南山街道南油工业区天安8栋楼B,113.922088,22.508576
深圳南山,广东,深圳市,南山区,南山街道深圳市南山区南山街道南山社区南新路阳光科创中心B座楼S,广东深圳市南山区南山街道深圳市南山区南山街道南山社区南新路阳光科创中心B座楼S,广东深圳市南山区南山街道深圳市南山区南山街道南山社区南新路阳光科创中心B座楼S,113.914441,22.513769
深圳南山,广东,深圳市,南山区,向南路112C,广东深圳市南山区向南路112C,广东深圳市南山区向南路112C,113.919984,22.506416
深圳南山,广东,深圳市,南山区,好时年楼,广东深圳市南山区好时年楼,广东深圳市南山区好时年楼,113.920437,22.506375
深圳南山,广东,深圳市,南山区,天安4栋楼,广东深圳市南山区天安4栋楼,广东深圳市南山区天安4栋楼,113.930478,22.533191
深圳南山,广东,深圳市,南山区,荔秀文化街,广东深圳市南山区荔秀文化街,广东深圳市南山区荔秀文化街,113.920689,22.506664
深圳南山,广东,深圳市,南山区,前海诚进大厦,广东深圳市南山区前海诚进大厦,广东深圳市南山区前海诚进大厦,113.89913,22.507919
深圳南山,广东,深圳市,南山区,美少女工作室,广东深圳市南山区美少女工作室,广东深圳市南山区美少女工作室,113.930478,22.533191
深圳南山,广东,深圳市,南山区,南油批发市场,广东深圳市南山区南油批发市场,广东深圳市南山区南油批发市场,113.926287,22.519559
深圳南山,广东,深圳市,南山区,南油批发市场新街口楼,广东深圳市南山区南油批发市场新街口楼,广东深圳市南山区南油批发市场新街口楼,113.923323,22.505442
深圳南山,广东,深圳市,南山区,阳光科创中心A座,广东深圳市南山区阳光科创中心A座,广东深圳市南山区阳光科创中心A座,113.914097,22.512541
深圳南山,广东,深圳市,南山区,泰荣·尚道中心,广东深圳市南山区泰荣·尚道中心,广东深圳市南山区泰荣·尚道中心,113.922088,22.508576
深圳南山,广东,深圳市,南山区,南山村正巷230号八零九零碳烤肥牛(南山店,广东深圳市南山区南山村正巷230号八零九零碳烤肥牛(南山店,广东深圳市南山区南山村正巷230号八零九零碳烤肥牛(南山店,113.930299,22.519306
深圳南山,广东,深圳市,南山区,南油工业区天安8栋,广东深圳市南山区南油工业区天安8栋,广东深圳市南山区南油工业区天安8栋,113.922088,22.508576
深圳南山,广东,深圳市,南山区,东滨路与向南路交接口迪雅大厦,广东深圳市南山区东滨路与向南路交接口迪雅大厦,广东深圳市南山区东滨路与向南路交接口迪雅大厦,113.920635,22.506663
深圳南山,广东,深圳市,南山区,南山村南巷,广东深圳市南山区南山村南巷,广东深圳市南山区南山村南巷,113.911271,22.513714
深圳南山,广东,深圳市,南山区,天安8栋楼B,广东深圳市南山区天安8栋楼B,广东深圳市南山区天安8栋楼B,113.930478,22.533191
深圳南山,广东,深圳市,南山区,前海路心语家园A,广东深圳市南山区前海路心语家园A,广东深圳市南山区前海路心语家园A,113.910224,22.514574
深圳南山,广东,深圳市,南山区,南油第一工业区110栋南油第一工业区,广东深圳市南山区南油第一工业区110栋南油第一工业区,广东深圳市南山区南油第一工业区110栋南油第一工业区,113.92142,22.507505
深圳南山,广东,深圳市,南山区,南油服装城,广东深圳市南山区南油服装城,广东深圳市南山区南油服装城,113.926287,22.519559
深圳南山,广东,深圳市,南山区,南油第一工业区尚道,广东深圳市南山区南油第一工业区尚道,广东深圳市南山区南油第一工业区尚道,113.922278,22.507902
深圳南山,广东,深圳市,南山区,南油第二工业区向南路天安8栋楼D,广东深圳市南山区南油第二工业区向南路天安8栋楼D,广东深圳市南山区南油第二工业区向南路天安8栋楼D,113.922506,22.511118
深圳南山,广东,深圳市,南山区,尚道,广东深圳市南山区尚道,广东深圳市南山区尚道,113.930478,22.533191
深圳南山,广东,深圳市,南山区,东滨路大鹏仓,广东深圳市南山区东滨路大鹏仓,广东深圳市南山区东滨路大鹏仓,113.927369,22.504894
深圳南山,广东,深圳市,南山区,南山街道向南路,广东深圳市南山区南山街道向南路,广东深圳市南山区南山街道向南路,113.919984,22.506416
深圳南山,广东,深圳市,南山区,东滨路世纪广场楼丰,广东深圳市南山区东滨路世纪广场楼丰,广东深圳市南山区东滨路世纪广场楼丰,113.927369,22.504894
深圳南山,广东,深圳市,南山区,南油第一工业区109-3-C,广东深圳市南山区南油第一工业区109-3-C,广东深圳市南山区南油第一工业区109-3-C,113.921747,22.506867
深圳南山,广东,深圳市,南山区,桂庙路29-31枫叶桂花苑商务公寓,广东深圳市南山区桂庙路29-31枫叶桂花苑商务公寓,广东深圳市南山区桂庙路29-31枫叶桂花苑商务公寓,113.925194,22.523129
深圳南山,广东,深圳市,南山区,来福士广场,广东深圳市南山区来福士广场,广东深圳市南山区来福士广场,113.930478,22.533191
深圳南山,广东,深圳市,南山区,天宏尾货2号楼,广东深圳市南山区天宏尾货2号楼,广东深圳市南山区天宏尾货2号楼,113.930478,22.533191
深圳南山,广东,深圳市,南山区,南山街道南光路鸿瑞花园21,广东深圳市南山区南山街道南光路鸿瑞花园21,广东深圳市南山区南山街道南光路鸿瑞花园21,113.926598,22.521384
深圳南山,广东,深圳市,南山区,南油第二工业区204-2,广东深圳市南山区南油第二工业区204-2,广东深圳市南山区南油第二工业区204-2,113.923358,22.510199
深圳南山,广东,深圳市,南山区,前海花园,广东深圳市南山区前海花园,广东深圳市南山区前海花园,113.912424,22.533685
深圳南山,广东,深圳市,南山区,南山街道广东省深圳市南山区商华路与南新路交叉口东南100米,广东深圳市南山区南山街道广东省深圳市南山区商华路与南新路交叉口东南100米,广东深圳市南山区南山街道广东省深圳市南山区商华路与南新路交叉口东南100米,113.92062,22.538835
深圳南山,广东,深圳市,南山区,南光商业街,广东深圳市南山区南光商业街,广东深圳市南山区南光商业街,113.925017,22.519389
深圳南山,广东,深圳市,南山区,南油第一工业区尚道中心楼,广东深圳市南山区南油第一工业区尚道中心楼,广东深圳市南山区南油第一工业区尚道中心楼,113.922278,22.507902
深圳南山,广东,深圳市,南山区,南油荔秀文化街,广东深圳市南山区南油荔秀文化街,广东深圳市南山区南油荔秀文化街,113.920689,22.506664
深圳南山,广东,深圳市,南山区,南山街道阳光科创中心B座,广东深圳市南山区南山街道阳光科创中心B座,广东深圳市南山区南山街道阳光科创中心B座,113.914441,22.513769
深圳南山,广东,深圳市,南山区,南山街道世纪南,广东深圳市南山区南山街道世纪南,广东深圳市南山区南山街道世纪南,113.930478,22.533191
深圳南山,广东,深圳市,南山区,南油市场111栋,广东深圳市南山区南油市场111栋,广东深圳市南山区南油市场111栋,113.926287,22.519559
深圳南山,广东,深圳市,南山区,时代骄子A,广东深圳市南山区时代骄子A,广东深圳市南山区时代骄子A,113.930478,22.533191
深圳南山,广东,深圳市,南山区,天安8栋楼D,广东深圳市南山区天安8栋楼D,广东深圳市南山区天安8栋楼D,113.930478,22.533191
深圳南山,广东,深圳市,南山区,天安南油工业区3栋楼D,广东深圳市南山区天安南油工业区3栋楼D,广东深圳市南山区天安南油工业区3栋楼D,113.922618,22.51223
深圳南山,广东,深圳市,南山区,南山街道创业路98号南光城市花园2栋,广东深圳市南山区南山街道创业路98号南光城市花园2栋,广东深圳市南山区南山街道创业路98号南光城市花园2栋,113.923976,22.518365
深圳南山,广东,深圳市,南山区,南油泰力楼童装D,广东深圳市南山区南油泰力楼童装D,广东深圳市南山区南油泰力楼童装D,113.926287,22.519559
深圳南山,广东,深圳市,南山区,登良路南油天安工业区1栋楼,广东深圳市南山区登良路南油天安工业区1栋楼,广东深圳市南山区登良路南油天安工业区1栋楼,113.923095,22.511576
深圳南山,广东,深圳市,南山区,南光,广东深圳市南山区南光,广东深圳市南山区南光,113.923899,22.518561
深圳南山,广东,深圳市,南山区,-向南路南油第二工业区天安8栋,广东深圳市南山区-向南路南油第二工业区天安8栋,广东深圳市南山区-向南路南油第二工业区天安8栋,113.923872,22.510174
深圳南山,广东,深圳市,南山区,光彩新世纪家园B座,广东深圳市南山区光彩新世纪家园B座,广东深圳市南山区光彩新世纪家园B座,113.924161,22.523281
深圳南山,广东,深圳市,南山区,东滨路迪雅大厦楼C,广东深圳市南山区东滨路迪雅大厦楼C,广东深圳市南山区东滨路迪雅大厦楼C,113.920635,22.506663
深圳南山,广东,深圳市,南山区,南油第三工业区外贸城,广东深圳市南山区南油第三工业区外贸城,广东深圳市南山区南油第三工业区外贸城,113.919493,22.514576
深圳南山,广东,深圳市,南山区,一号楼,广东深圳市南山区一号楼,广东深圳市南山区一号楼,113.930478,22.533191
深圳南山,广东,深圳市,南山区,东滨路54号南山区南油第一工业区110栋正门kiki,广东深圳市南山区东滨路54号南山区南油第一工业区110栋正门,广东深圳市南山区东滨路54号南山区南油第一工业区110栋正门,113.92142,22.507505
深圳南山,广东,深圳市,南山区,南山街道南山大道,广东深圳市南山区南山街道南山大道,广东深圳市南山区南山街道南山大道,113.924196,22.535715
深圳南山,广东,深圳市,南山区,圳南山区南油第一工业区,广东深圳市南山区圳南山区南油第一工业区,广东深圳市南山区圳南山区南油第一工业区,113.922278,22.507902
深圳南山,广东,深圳市,南山区,街道向南路,广东深圳市南山区街道向南路,广东深圳市南山区街道向南路,113.919984,22.506416
深圳南山,广东,深圳市,南山区,南山街道南油东滨路外贸仓,广东深圳市南山区南山街道南油东滨路外贸仓,广东深圳市南山区南山街道南油东滨路外贸仓,113.929601,22.506083
深圳南山,广东,深圳市,南山区,粤海街道登良路南油生活b区69栋楼货架上,广东深圳市南山区粤海街道登良路南油生活b区69栋楼货架上,广东深圳市南山区粤海街道登良路南油生活b区69栋楼货架上,113.929375,22.510747
深圳南山,广东,深圳市,南山区,村西巷87-2号号南山区辉,广东深圳市南山区村西巷87-2号号南山区辉,广东深圳市南山区村西巷87-2号号南山区辉,113.930478,22.533191
深圳南山,广东,深圳市,南山区,南油荔秀文化节110栋,广东深圳市南山区南油荔秀文化节110栋,广东深圳市南山区南油荔秀文化节110栋,113.926287,22.519559
深圳南山,广东,深圳市,南山区,南山街道向南路与粤海路交叉口北100米天安南油工业区8座D,广东深圳市南山区南山街道向南路与粤海路交叉口北100米天安南油工业区8座D,广东深圳市南山区南山街道向南路与粤海路交叉口北100米天安南油工业区8座D,113.92237,22.511104
深圳南山,广东,深圳市,南山区,南油工业区112栋,广东深圳市南山区南油工业区112栋,广东深圳市南山区南油工业区112栋,113.922088,22.508576
深圳南山,广东,深圳市,南山区,南油第二工业区203栋楼恒力服装城,广东深圳市南山区南油第二工业区203栋楼恒力服装城,广东深圳市南山区南油第二工业区203栋楼恒力服装城,113.923234,22.510889
深圳南山,广东,深圳市,南山区,南山街道向南路商服大厦,广东深圳市南山区南山街道向南路商服大厦,广东深圳市南山区南山街道向南路商服大厦,113.923766,22.511231
深圳南山,广东,深圳市,南山区,荔秀街,广东深圳市南山区荔秀街,广东深圳市南山区荔秀街,113.922798,22.507324
深圳南山,广东,深圳市,南山区,南山街道南油市场泰力服装城外围,广东深圳市南山区南山街道南油市场泰力服装城外围,广东深圳市南山区南山街道南油市场泰力服装城外围,113.926287,22.519559
深圳南山,广东,深圳市,南山区,天安工业区,广东深圳市南山区天安工业区,广东深圳市南山区天安工业区,114.031449,22.53307
深圳南山,广东,深圳市,南山区,东滨路天宏2号楼,广东深圳市南山区东滨路天宏2号楼,广东深圳市南山区东滨路天宏2号楼,113.927369,22.504894
深圳南山,广东,深圳市,南山区,南油第一工业区110栋楼,广东深圳市南山区南油第一工业区110栋楼,广东深圳市南山区南油第一工业区110栋楼,113.92142,22.507505
深圳南山,广东,深圳市,南山区,泰力方技大楼楼,广东深圳市南山区泰力方技大楼楼,广东深圳市南山区泰力方技大楼楼,113.922425,22.508817
深圳南山,广东,深圳市,南山区,一号楼楼,广东深圳市南山区一号楼楼,广东深圳市南山区一号楼楼,113.930478,22.533191
深圳南山,广东,深圳市,南山区,绿云大厦,广东深圳市南山区绿云大厦,广东深圳市南山区绿云大厦,113.920982,22.50596
深圳南山,广东,深圳市,南山区,南山街道东滨路天宏尾货二号楼楼,广东深圳市南山区南山街道东滨路天宏尾货二号楼楼,广东深圳市南山区南山街道东滨路天宏尾货二号楼楼,113.927369,22.504894
深圳南山,广东,深圳市,南山区,荔秀街与东滨路交叉口西南100米天宏尾货市场 1号楼,广东深圳市南山区荔秀街与东滨路交叉口西南100米天宏尾货市场 1号楼,广东深圳市南山区荔秀街与东滨路交叉口西南100米天宏尾货市场 1号楼,113.921257,22.505498
深圳南山,广东,深圳市,南山区,东滨路阳光科创中心A,广东深圳市南山区东滨路阳光科创中心A,广东深圳市南山区东滨路阳光科创中心A,113.914631,22.513432
深圳南山,广东,深圳市,南山区,粤海路动漫园1栋,广东深圳市南山区粤海路动漫园1栋,广东深圳市南山区粤海路动漫园1栋,113.923574,22.508795
深圳南山,广东,深圳市,南山区,登良路南油汉,广东深圳市南山区登良路南油汉,广东深圳市南山区登良路南油汉,113.926287,22.519559
深圳南山,广东,深圳市,南山区,龙佳园,广东深圳市南山区龙佳园,广东深圳市南山区龙佳园,113.922297,22.512783
深圳南山,广东,深圳市,南山区,南油106栋,广东深圳市南山区南油106栋,广东深圳市南山区南油106栋,113.926287,22.519559
深圳南山,广东,深圳市,南山区,天宏尾货,广东深圳市南山区天宏尾货,广东深圳市南山区天宏尾货,113.930478,22.533191
深圳南山,广东,深圳市,南山区,南山村西苑小区10栋一单元,广东深圳市南山区南山村西苑小区10栋一单元,广东深圳市南山区南山村西苑小区10栋一单元,113.911858,22.51407
深圳南山,广东,深圳市,南山区,南山街道南油工业园区,广东深圳市南山区南山街道南油工业园区,广东深圳市南山区南山街道南油工业园区,113.926287,22.519559
深圳南山,广东,深圳市,南山区,荔秀街南山区南油第一工业区,广东深圳市南山区荔秀街南山区南油第一工业区,广东深圳市南山区荔秀街南山区南油第一工业区,113.922688,22.507766
深圳南山,广东,深圳市,南山区,天安南油工业区,广东深圳市南山区天安南油工业区,广东深圳市南山区天安南油工业区,113.922664,22.511832
深圳南山,广东,深圳市,南山区,南油大厦A座,广东深圳市南山区南油大厦A座,广东深圳市南山区南油大厦A座,113.924164,22.488255
深圳南山,广东,深圳市,南山区,南山街道南山村西苑小区,广东深圳市南山区南山街道南山村西苑小区,广东深圳市南山区南山街道南山村西苑小区,113.911858,22.51407
深圳南山,广东,深圳市,南山区,绿云大,广东深圳市南山区绿云大,广东深圳市南山区绿云大,113.930478,22.533191
深圳南山,广东,深圳市,南山区,南油第一工业区110栋b座楼C,广东深圳市南山区南油第一工业区110栋b座楼C,广东深圳市南山区南油第一工业区110栋b座楼C,113.925541,22.504472
深圳南山,广东,深圳市,南山区,登良路公园道大厦B座13A楼,广东深圳市南山区登良路公园道大厦B座13A楼,广东深圳市南山区登良路公园道大厦B座13A楼,113.92301,22.520049
深圳南山,广东,深圳市,南山区,南油第一工业区110栋B座泰荣F区02铺奥格奈深圳国际时尚控股有限公司,广东深圳市南山区南油第一工业区110栋B座泰荣F区02铺奥格奈深圳国际时尚控股有限公司,广东深圳市南山区南油第一工业区110栋B座泰荣F区02铺奥格奈深圳国际时尚控股有限公司,113.922957,22.506981
深圳南山,广东,深圳市,南山区,天安公寓1栋,广东深圳市南山区天安公寓1栋,广东深圳市南山区天安公寓1栋,114.363804,22.700856
深圳南山,广东,深圳市,南山区,南油第一工业区泰菜服装城110-E,广东深圳市南山区南油第一工业区泰菜服装城110-E,广东深圳市南山区南油第一工业区泰菜服装城110-E,113.922278,22.507902
深圳南山,广东,深圳市,南山区,后海村S,广东深圳市南山区后海村S,广东深圳市南山区后海村S,113.931192,22.509822
深圳南山,广东,深圳市,南山区,南油东滨路,广东深圳市南山区南油东滨路,广东深圳市南山区南油东滨路,113.929601,22.506083
深圳南山,广东,深圳市,南山区,太平镇会昌村8组柴,广东深圳市南山区太平镇会昌村8组柴,广东深圳市南山区太平镇会昌村8组柴,113.930478,22.533191
深圳南山,广东,深圳市,南山区,东滨路54号南山区南油第一工业区110栋正门(向南路东,广东深圳市南山区东滨路54号南山区南油第一工业区110栋正门(向南路东,广东深圳市南山区东滨路54号南山区南油第一工业区110栋正门(向南路东,113.92142,22.507505
深圳南山,广东,深圳市,南山区,南新路南山村,广东深圳市南山区南新路南山村,广东深圳市南山区南新路南山村,113.911858,22.51407
深圳南山,广东,深圳市,南山区,东滨路4024号世纪广场,广东深圳市南山区东滨路4024号世纪广场,广东深圳市南山区东滨路4024号世纪广场,113.922702,22.506216
深圳南山,广东,深圳市,南山区,南油第一工业区108栋,广东深圳市南山区南油第一工业区108栋,广东深圳市南山区南油第一工业区108栋,113.922312,22.507534
深圳南山,广东,深圳市,南山区,南山街道创业路现代城华庭1栋,广东深圳市南山区南山街道创业路现代城华庭1栋,广东深圳市南山区南山街道创业路现代城华庭1栋,113.923632,22.517817
深圳南山,广东,深圳市,南山区,锦都服装城109栋楼C,广东深圳市南山区锦都服装城109栋楼C,广东深圳市南山区锦都服装城109栋楼C,113.922023,22.50687
深圳南山,广东,深圳市,南山区,登良路23号汉京国际,广东深圳市南山区登良路23号汉京国际,广东深圳市南山区登良路23号汉京国际,113.924034,22.511633
深圳南山,广东,深圳市,南山区,南油工业园区,广东深圳市南山区南油工业园区,广东深圳市南山区南油工业园区,113.926287,22.519559
深圳南山,广东,深圳市,南山区,南山街道登良路天安3栋,广东深圳市南山区南山街道登良路天安3栋,广东深圳市南山区南山街道登良路天安3栋,113.936324,22.51003
深圳南山,广东,深圳市,南山区,广东省深圳市南山区南油三工业区302栋,广东深圳市南山区广东省深圳市南山区南油三工业区302栋,广东深圳市南山区广东省深圳市南山区南油三工业区302栋,113.926287,22.519559
深圳南山,广东,深圳市,南山区,村东巷68号南山区南园村东巷40号,广东深圳市南山区村东巷68号南山区南园村东巷40号,广东深圳市南山区村东巷68号南山区南园村东巷40号,113.916875,22.517465
深圳南山,广东,深圳市,南山区,村西苑小,广东深圳市南山区村西苑,广东深圳市南山区村西苑,113.930478,22.533191
深圳南山,广东,深圳市,南山区,登良路10-16号南山区南油广都宾馆(华兴北街店,广东深圳市南山区登良路10-16号南山区南油广都宾馆(华兴北街店,广东深圳市南山区登良路10-16号南山区南油广都宾馆(华兴北街店,113.93052,22.509995
深圳南山,广东,深圳市,南山区,泰力B,广东深圳市南山区泰力B,广东深圳市南山区泰力B,113.930478,22.533191
深圳南山,广东,深圳市,南山区,南山区南园村新园路59号钟杰口,广东深圳市南山区南园村新园路59号钟杰口,广东深圳市南山区南园村新园路59号钟杰口,113.916875,22.517465
深圳南山,广东,深圳市,南山区,南油第一工业区泰力泰力服装城A,广东深圳市南山区南油第一工业区泰力泰力服装城A,广东深圳市南山区南油第一工业区泰力泰力服装城A,113.922278,22.507902
深圳南山,广东,深圳市,南山区,南油东滨路迪雅大厦B,广东深圳市南山区南油东滨路迪雅大厦B,广东深圳市南山区南油东滨路迪雅大厦B,113.920635,22.506663
深圳南山,广东,深圳市,南山区,南山街道东滨路29号绿云大厦,广东深圳市南山区南山街道东滨路29号绿云大厦,广东深圳市南山区南山街道东滨路29号绿云大厦,113.920982,22.50596
深圳南山,广东,深圳市,南山区,南山街道南油市场泰力服装城,广东深圳市南山区南山街道南油市场泰力服装城,广东深圳市南山区南山街道南油市场泰力服装城,113.926287,22.519559
深圳南山,广东,深圳市,南山区,南山街道东滨路,广东深圳市南山区南山街道东滨路,广东深圳市南山区南山街道东滨路,113.927369,22.504894
深圳南山,广东,深圳市,南山区,东巷,广东深圳市南山区东巷,广东深圳市南山区东巷,113.930478,22.533191
深圳南山,广东,深圳市,南山区,东滨路锦都服装城,广东深圳市南山区东滨路锦都服装城,广东深圳市南山区东滨路锦都服装城,113.922023,22.50687
深圳南山,广东,深圳市,南山区,天虹尾货市场,广东深圳市南山区天虹尾货市场,广东深圳市南山区天虹尾货市场,113.968552,22.530807
深圳南山,广东,深圳市,南山区,南油第一工业区荔秀文化街108栋D,广东深圳市南山区南油第一工业区荔秀文化街108栋D,广东深圳市南山区南油第一工业区荔秀文化街108栋D,113.920689,22.506664
深圳南山,广东,深圳市,南山区,粤海街道登良路23号汉京国际,广东深圳市南山区粤海街道登良路23号汉京国际,广东深圳市南山区粤海街道登良路23号汉京国际,113.924034,22.511633
深圳南山,广东,深圳市,南山区,南山街道南油,广东深圳市南山区南山街道南油,广东深圳市南山区南山街道南油,113.926287,22.519559
深圳南山,广东,深圳市,南山区,南山街道南山大道1001号华联城市中心u舍,广东深圳市南山区南山街道南山大道1001号华联城市中心u舍,广东深圳市南山区南山街道南山大道1001号华联城市中心u舍,113.917167,22.514789
深圳南山,广东,深圳市,南山区,北头,广东深圳市南山区北头,广东深圳市南山区北头,113.916449,22.521976
深圳南山,广东,深圳市,南山区,市场,广东深圳市南山区市场,广东深圳市南山区市场,113.930478,22.533191
深圳南山,广东,深圳市,南山区,东滨路锦都服装城锦都服装城109栋,广东深圳市南山区东滨路锦都服装城锦都服装城109栋,广东深圳市南山区东滨路锦都服装城锦都服装城109栋,113.921699,22.507169
深圳南山,广东,深圳市,南山区,天安八栋,广东深圳市南山区天安八栋,广东深圳市南山区天安八栋,113.930478,22.533191
深圳南山,广东,深圳市,南山区,南海大道2163号深圳来福士广场,广东深圳市南山区南海大道2163号深圳来福士广场,广东深圳市南山区南海大道2163号深圳来福士广场,113.926003,22.512778
深圳南山,广东,深圳市,南山区,东滨路天宏尾货2号楼,广东深圳市南山区东滨路天宏尾货2号楼,广东深圳市南山区东滨路天宏尾货2号楼,113.927369,22.504894
深圳南山,广东,深圳市,南山区,东滨路迪雅大厦楼,广东深圳市南山区东滨路迪雅大厦楼,广东深圳市南山区东滨路迪雅大厦楼,113.920635,22.506663
深圳南山,广东,深圳市,南山区,南海大道2039号南山区南油新街口大楼,广东深圳市南山区南海大道2039号南山区南油新街口大楼,广东深圳市南山区南海大道2039号南山区南油新街口大楼,113.924364,22.50708
深圳南山,广东,深圳市,南山区,南山街道南山村西巷11-1新大众百货,广东深圳市南山区南山街道南山村西巷11-1新大众百货,广东深圳市南山区南山街道南山村西巷11-1新大众百货,113.91125,22.513947
深圳南山,广东,深圳市,南山区,金晖大厦服装原创中心,广东深圳市南山区金晖大厦服装原创中心,广东深圳市南山区金晖大厦服装原创中心,113.924786,22.509137
深圳南山,广东,深圳市,南山区,商福大厦楼欧米,广东深圳市南山区商福大厦楼,广东深圳市南山区商福大厦楼,113.930478,22.533191
深圳南山,广东,深圳市,南山区,南山街道南山村南巷,广东深圳市南山区南山街道南山村南巷,广东深圳市南山区南山街道南山村南巷,113.911271,22.513714
深圳南山,广东,深圳市,南山区,南山街道105B一D,广东深圳市南山区南山街道105B一D,广东深圳市南山区南山街道105B一D,113.930478,22.533191
深圳南山,广东,深圳市,南山区,南山南油第一工业区天安6栋,广东深圳市南山区南山南油第一工业区天安6栋,广东深圳市南山区南山南油第一工业区天安6栋,113.922278,22.507902
深圳南山,广东,深圳市,南山区,南山街道现代城华庭3栋,广东深圳市南山区南山街道现代城华庭3栋,广东深圳市南山区南山街道现代城华庭3栋,113.924376,22.517369
深圳南山,广东,深圳市,南山区,南油荔秀服饰文化街区泰力楼号伊心,广东深圳市南山区南油荔秀服饰文化街区泰力楼号伊心,广东深圳市南山区南油荔秀服饰文化街区泰力楼号伊心,113.926287,22.519559
深圳南山,广东,深圳市,南山区,粤海街道登良路,广东深圳市南山区粤海街道登良路,广东深圳市南山区粤海街道登良路,113.936324,22.51003
深圳南山,广东,深圳市,南山区,登良路23号南山区南油汉,广东深圳市南山区登良路23号南山区南油汉,广东深圳市南山区登良路23号南山区南油汉,113.925215,22.512894
深圳南山,广东,深圳市,南山区,南油大厦,广东深圳市南山区南油大厦,广东深圳市南山区南油大厦,113.923901,22.511196
深圳南山,广东,深圳市,南山区,南山村南巷91号,广东深圳市南山区南山村南巷91号,广东深圳市南山区南山村南巷91号,113.910753,22.513786
深圳南山,广东,深圳市,南山区,南山街道阳光科创中心,广东深圳市南山区南山街道阳光科创中心,广东深圳市南山区南山街道阳光科创中心,113.914631,22.513432
深圳南山,广东,深圳市,南山区,蛇口港湾创业大厦,广东深圳市南山区蛇口港湾创业大厦,广东深圳市南山区蛇口港湾创业大厦,113.906546,22.468127
深圳南山,广东,深圳市,南山区,南油第一工业区尚道楼,广东深圳市南山区南油第一工业区尚道楼,广东深圳市南山区南油第一工业区尚道楼,113.922278,22.507902
深圳南山,广东,深圳市,南山区,南油第一工业区110栋E,广东深圳市南山区南油第一工业区110栋E,广东深圳市南山区南油第一工业区110栋E,113.92142,22.507505
深圳南山,广东,深圳市,南山区,东滨路天宏楼,广东深圳市南山区东滨路天宏楼,广东深圳市南山区东滨路天宏楼,113.927369,22.504894
深圳南山,广东,深圳市,南山区,南山街道荔秀服饰城106,广东深圳市南山区南山街道荔秀服饰城106,广东深圳市南山区南山街道荔秀服饰城106,113.930478,22.533191
深圳南山,广东,深圳市,南山区,南山街道华联城市商务中心T2栋楼,广东深圳市南山区南山街道华联城市商务中心T2栋楼,广东深圳市南山区南山街道华联城市商务中心T2栋楼,113.930478,22.533191
深圳南山,广东,深圳市,南山区,粤海大厦,广东深圳市南山区粤海大厦,广东深圳市南山区粤海大厦,113.927313,22.513059
深圳南山,广东,深圳市,南山区,南油第一工业区108栋楼,广东深圳市南山区南油第一工业区108栋楼,广东深圳市南山区南油第一工业区108栋楼,113.921941,22.507139
深圳南山,广东,深圳市,南山区,腾创未来项目生活区,广东深圳市南山区腾创未来项目生活区,广东深圳市南山区腾创未来项目生活区,113.943263,22.513722
深圳南山,广东,深圳市,南山区,南商路龙城花园大厦龙华阁3B,广东深圳市南山区南商路龙城花园大厦龙华阁3B,广东深圳市南山区南商路龙城花园大厦龙华阁3B,113.928965,22.511716
深圳南山,广东,深圳市,南山区,东滨路4024号世纪广场西座,广东深圳市南山区东滨路4024号世纪广场西座,广东深圳市南山区东滨路4024号世纪广场西座,113.922317,22.506422
深圳南山,广东,深圳市,南山区,东滨路迪雅大厦后面好时年楼快,广东深圳市南山区东滨路迪雅大厦后面好时年楼,广东深圳市南山区东滨路迪雅大厦后面好时年楼,113.920437,22.506375
深圳南山,广东,深圳市,南山区,泰力方技大厦,广东深圳市南山区泰力方技大厦,广东深圳市南山区泰力方技大厦,113.930478,22.533191
深圳南山,广东,深圳市,南山区,南山大道阳光科创A座,广东深圳市南山区南山大道阳光科创A座,广东深圳市南山区南山大道阳光科创A座,113.914234,22.513963
深圳南山,广东,深圳市,南山区,登良路南油天安工业区4栋楼号J.G,广东深圳市南山区登良路南油天安工业区4栋楼号J.G,广东深圳市南山区登良路南油天安工业区4栋楼号J.G,113.923201,22.512441
深圳南山,广东,深圳市,南山区,南山街道南山村西巷,广东深圳市南山区南山街道南山村西巷,广东深圳市南山区南山街道南山村西巷,113.911666,22.514791
深圳南山,广东,深圳市,南山区,南山街道南油工业区,广东深圳市南山区南山街道南油工业区,广东深圳市南山区南山街道南油工业区,113.922088,22.508576
深圳南山,广东,深圳市,南山区,南油第一工业区111栋,广东深圳市南山区南油第一工业区111栋,广东深圳市南山区南油第一工业区111栋,113.921663,22.509004
深圳南山,广东,深圳市,南山区,深圳湾深圳,广东深圳市南山区深圳湾深圳,广东深圳市南山区深圳湾深圳,113.950183,22.519126
深圳南山,广东,深圳市,南山区,南山街道南山大道1092号亿利达大厦3栋B,广东深圳市南山区南山街道南山大道1092号亿利达大厦3栋B,广东深圳市南山区南山街道南山大道1092号亿利达大厦3栋B,113.922041,22.516387
深圳南山,广东,深圳市,南山区,登良路天安工业区大大,广东深圳市南山区登良路天安工业区大大,广东深圳市南山区登良路天安工业区大大,113.936324,22.51003
深圳南山,广东,深圳市,南山区,南油荔秀文化街104栋楼E319,广东深圳市南山区南油荔秀文化街104栋楼E319,广东深圳市南山区南油荔秀文化街104栋楼E319,113.920689,22.506664
深圳南山,广东,深圳市,南山区,南山街道东滨路天宏尾货一号楼,广东深圳市南山区南山街道东滨路天宏尾货一号楼,广东深圳市南山区南山街道东滨路天宏尾货一号楼,113.927369,22.504894
深圳南山,广东,深圳市,南山区,南山街道东滨路4255号怡丰大厦,广东深圳市南山区南山街道东滨路4255号怡丰大厦,广东深圳市南山区南山街道东滨路4255号怡丰大厦,113.922063,22.505351
深圳南山,广东,深圳市,南山区,南油第一工业区贵航大厦,广东深圳市南山区南油第一工业区贵航大厦,广东深圳市南山区南油第一工业区贵航大厦,113.922566,22.510032
深圳南山,广东,深圳市,南山区,南油第二工业区207栋号电梯,广东深圳市南山区南油第二工业区207栋号电梯,广东深圳市南山区南油第二工业区207栋号电梯,113.923846,22.510343
深圳南山,广东,深圳市,南山区,天安工业区8栋楼A555加菲,广东深圳市南山区天安工业区8栋楼A555,广东深圳市南山区天安工业区8栋楼A555,114.031449,22.53307
深圳南山,广东,深圳市,南山区,南山街道雷圳07552-3,广东深圳市南山区南山街道雷圳07552-3,广东深圳市南山区南山街道雷圳07552-3,113.930478,22.533191
深圳南山,广东,深圳市,南山区,南油第二工业区204栋楼,广东深圳市南山区南油第二工业区204栋楼,广东深圳市南山区南油第二工业区204栋楼,113.923358,22.510199
深圳南山,广东,深圳市,南山区,南油第一工业区105栋B楼H,广东深圳市南山区南油第一工业区105栋B楼H,广东深圳市南山区南油第一工业区105栋B楼H,113.923637,22.508127
深圳南山,广东,深圳市,南山区,南山街道南山村韵达,广东深圳市南山区南山街道南山村韵达,广东深圳市南山区南山街道南山村韵达,113.930516,22.553792
深圳南山,广东,深圳市,南山区,荔绣服装城楼,广东深圳市南山区荔绣服装城楼,广东深圳市南山区荔绣服装城楼,113.930478,22.533191
深圳南山,广东,深圳市,南山区,南山工业区109栋,广东深圳市南山区南山工业区109栋,广东深圳市南山区南山工业区109栋,113.937244,22.633142
深圳南山,广东,深圳市,南山区,濠盛商务中心楼,广东深圳市南山区濠盛商务中心楼,广东深圳市南山区濠盛商务中心楼,113.912381,22.512392
深圳南山,广东,深圳市,南山区,东滨路天宏批发市场一号楼楼,广东深圳市南山区东滨路天宏批发市场一号楼楼,广东深圳市南山区东滨路天宏批发市场一号楼楼,113.927369,22.504894
深圳南山,广东,深圳市,南山区,向南路与东滨路交叉路口往东南约100米南油第一工业区南油第一工业区-106栋,广东深圳市南山区向南路与东滨路交叉路口往东南约100米南油第一工业区南油第一工业区-106栋,广东深圳市南山区向南路与东滨路交叉路口往东南约100米南油第一工业区南油第一工业区-106栋,113.922278,22.507902
深圳南山,广东,深圳市,南山区,东滨路迪雅,广东深圳市南山区东滨路迪雅,广东深圳市南山区东滨路迪雅,113.927369,22.504894
深圳南山,广东,深圳市,南山区,北头村西街,广东深圳市南山区北头村西街,广东深圳市南山区北头村西街,113.914917,22.521036
深圳南山,广东,深圳市,南山区,南山,广东深圳市南山区南山,广东深圳市南山区南山,113.930478,22.533191
深圳南山,广东,深圳市,南山区,前海,广东深圳市南山区前海,广东深圳市南山区前海,113.899621,22.529463
深圳南山,广东,深圳市,南山区,南油工业区天安5栋楼,广东深圳市南山区南油工业区天安5栋楼,广东深圳市南山区南油工业区天安5栋楼,113.922088,22.508576
深圳南山,广东,深圳市,南山区,南油第一工业区泰力服装城楼,广东深圳市南山区南油第一工业区泰力服装城楼,广东深圳市南山区南油第一工业区泰力服装城楼,113.922278,22.507902
深圳南山,广东,深圳市,南山区,南山茂业百货商场楼,广东深圳市南山区南山茂业百货商场楼,广东深圳市南山区南山茂业百货商场楼,113.930478,22.533191
深圳南山,广东,深圳市,南山区,向南路111栋一,广东深圳市南山区向南路111栋一,广东深圳市南山区向南路111栋一,113.922903,22.510626
深圳南山,广东,深圳市,南山区,粤海街道南油第二工业区207栋东段2号电梯上楼,广东深圳市南山区粤海街道南油第二工业区207栋东段2号电梯上楼,广东深圳市南山区粤海街道南油第二工业区207栋东段2号电梯上楼,113.923853,22.509985
深圳南山,广东,深圳市,南山区,天安7栋楼,广东深圳市南山区天安7栋楼,广东深圳市南山区天安7栋楼,113.930478,22.533191
深圳南山,广东,深圳市,南山区,华兴北街3号南山区南油广都宾馆(华兴北街店,广东深圳市南山区华兴北街3号南山区南油广都宾馆(华兴北街店,广东深圳市南山区华兴北街3号南山区南油广都宾馆(华兴北街店,113.93052,22.509995
深圳南山,广东,深圳市,南山区,南油第一工业区107栋楼,广东深圳市南山区南油第一工业区107栋楼,广东深圳市南山区南油第一工业区107栋楼,113.922684,22.507635
深圳南山,广东,深圳市,南山区,你心里,广东深圳市南山区你心里,广东深圳市南山区你心里,113.930478,22.533191
深圳南山,广东,深圳市,南山区,深圳南山区南山阳光科创c座,广东深圳市南山区深圳南山区南山阳光科创c座,广东深圳市南山区深圳南山区南山阳光科创c座,113.914234,22.513963
深圳南山,广东,深圳市,南山区,荔秀服装城110栋A区,广东深圳市南山区荔秀服装城110栋A区,广东深圳市南山区荔秀服装城110栋A区,113.921661,22.506543
深圳南山,广东,深圳市,南山区,南海大道新一代国际公寓B,广东深圳市南山区南海大道新一代国际公寓B,广东深圳市南山区南海大道新一代国际公寓B,113.924866,22.505232
深圳南山,广东,深圳市,南山区,南山大道艾尚酒店,广东深圳市南山区南山大道艾尚酒店,广东深圳市南山区南山大道艾尚酒店,113.921083,22.51758
深圳南山,广东,深圳市,南山区,南油东滨路天宏一号楼楼,广东深圳市南山区南油东滨路天宏一号楼楼,广东深圳市南山区南油东滨路天宏一号楼楼,113.929601,22.506083
深圳南山,广东,深圳市,南山区,南山街道向南东村2栋号,广东深圳市南山区南山街道向南东村2栋号,广东深圳市南山区南山街道向南东村2栋号,113.921896,22.522359
深圳南山,广东,深圳市,南山区,正一坊,广东深圳市南山区正一坊,广东深圳市南山区正一坊,113.914661,22.515608
深圳南山,广东,深圳市,南山区,东滨路天宏服装批发市场楼,广东深圳市南山区东滨路天宏服装批发市场楼,广东深圳市南山区东滨路天宏服装批发市场楼,113.927369,22.504894
深圳南山,广东,深圳市,南山区,东滨路口南油第一工业区111栋楼,广东深圳市南山区东滨路口南油第一工业区111栋楼,广东深圳市南山区东滨路口南油第一工业区111栋楼,113.921663,22.509004
深圳南山,广东,深圳市,南山区,登良路恒裕中心楼快递货品放置区,广东深圳市南山区登良路恒裕中心楼快递货品放置区,广东深圳市南山区登良路恒裕中心楼快递货品放置区,113.936324,22.51003
深圳南山,广东,深圳市,南山区,贵航大厦,广东深圳市南山区贵航大厦,广东深圳市南山区贵航大厦,113.922566,22.510032
深圳南山,广东,深圳市,南山区,东滨路4287号天宏时装尾货市场,广东深圳市南山区东滨路4287号天宏时装尾货市场,广东深圳市南山区东滨路4287号天宏时装尾货市场,113.920475,22.505987
深圳南山,广东,深圳市,南山区,荔秀街南油第一工业区106,广东深圳市南山区荔秀街南油第一工业区106,广东深圳市南山区荔秀街南油第一工业区106,113.924057,22.507287
深圳南山,广东,深圳市,南山区,天安工业区6栋楼F,广东深圳市南山区天安工业区6栋楼F,广东深圳市南山区天安工业区6栋楼F,114.031449,22.53307
深圳南山,广东,深圳市,南山区,兰芝酒店,广东深圳市南山区兰芝酒店,广东深圳市南山区兰芝酒店,113.930478,22.533191
深圳南山,广东,深圳市,南山区,南油第二工业区天安八栋楼D,广东深圳市南山区南油第二工业区天安八栋楼D,广东深圳市南山区南油第二工业区天安八栋楼D,113.974343,22.561516
深圳南山,广东,深圳市,南山区,半到花园B区4栋二单元,广东深圳市南山区半到花园B区4栋二单元,广东深圳市南山区半到花园B区4栋二单元,113.930478,22.533191
深圳南山,广东,深圳市,南山区,南山大道亿利达大厦,广东深圳市南山区南山大道亿利达大厦,广东深圳市南山区南山大道亿利达大厦,113.922257,22.51728
深圳南山,广东,深圳市,南山区,向南路泰力服装城楼,广东深圳市南山区向南路泰力服装城楼,广东深圳市南山区向南路泰力服装城楼,113.919984,22.506416
深圳南山,广东,深圳市,南山区,粤海街道恒大天璟B座楼,广东深圳市南山区粤海街道恒大天璟B座楼,广东深圳市南山区粤海街道恒大天璟B座楼,113.926852,22.509387
深圳南山,广东,深圳市,南山区,桃源商务酒店,广东深圳市南山区桃源商务酒店,广东深圳市南山区桃源商务酒店,113.964844,22.589104
深圳南山,广东,深圳市,南山区,丰滢世纪104C,广东深圳市南山区丰滢世纪104C,广东深圳市南山区丰滢世纪104C,113.922707,22.506212
深圳南山,广东,深圳市,南山区,南油工业区鑫水工作室,广东深圳市南山区南油工业区鑫水工作室,广东深圳市南山区南油工业区鑫水工作室,113.922088,22.508576
深圳南山,广东,深圳市,南山区,前海诚进大厦 12 楼,广东深圳市南山区前海诚进大厦 12 楼,广东深圳市南山区前海诚进大厦 12 楼,113.89913,22.507919
深圳南山,广东,深圳市,南山区,天安一栋,广东深圳市南山区天安一栋,广东深圳市南山区天安一栋,113.930478,22.533191
深圳南山,广东,深圳市,南山区,向南路南油第一工业区,广东深圳市南山区向南路南油第一工业区,广东深圳市南山区向南路南油第一工业区,113.922278,22.507902
深圳南山,广东,深圳市,南山区,南山村正一坊86号,广东深圳市南山区南山村正一坊86号,广东深圳市南山区南山村正一坊86号,113.914661,22.515608
深圳南山,广东,深圳市,南山区,南油第一工业区109栋楼,广东深圳市南山区南油第一工业区109栋楼,广东深圳市南山区南油第一工业区109栋楼,113.921747,22.506867
深圳南山,广东,深圳市,南山区,迪雅大厦A,广东深圳市南山区迪雅大厦A,广东深圳市南山区迪雅大厦A,113.920635,22.506663
深圳南山,广东,深圳市,南山区,南油第二工业区天安八栋B,广东深圳市南山区南油第二工业区天安八栋B,广东深圳市南山区南油第二工业区天安八栋B,113.974343,22.561516
深圳南山,广东,深圳市,南山区,第一工业区108栋楼,广东深圳市南山区第一工业区108栋楼,广东深圳市南山区第一工业区108栋楼,113.884896,22.788518
深圳南山,广东,深圳市,南山区,南油天安工业区6栋楼B,广东深圳市南山区南油天安工业区6栋楼B,广东深圳市南山区南油天安工业区6栋楼B,113.92222,22.511548
深圳南山,广东,深圳市,南山区,向南路12号缤纷c,广东深圳市南山区向南路12号缤纷c,广东深圳市南山区向南路12号缤纷c,113.921097,22.508139
深圳南山,广东,深圳市,南山区,南海大道2163号深圳来福士广场B广东深圳来福士广场,广东深圳市南山区南海大道2163号深圳来福士广场B广东深圳来福士广场,广东深圳市南山区南海大道2163号深圳来福士广场B广东深圳来福士广场,113.926003,22.512778
深圳南山,广东,深圳市,南山区,南山街道1092号亿利达大厦2栋,广东深圳市南山区南山街道1092号亿利达大厦2栋,广东深圳市南山区南山街道1092号亿利达大厦2栋,113.922125,22.517072
深圳南山,广东,深圳市,南山区,南光路天安工业区,广东深圳市南山区南光路天安工业区,广东深圳市南山区南光路天安工业区,113.927811,22.523719
深圳南山,广东,深圳市,南山区,南山街道登良路龙佳园首层112号海,广东深圳市南山区南山街道登良路龙佳园首层112号海,广东深圳市南山区南山街道登良路龙佳园首层112号海,113.922312,22.513175
深圳南山,广东,深圳市,南山区,中泰南山主角9号便利店楼,广东深圳市南山区中泰南山主角9号便利店楼,广东深圳市南山区中泰南山主角9号便利店楼,113.921497,22.505811
深圳南山,广东,深圳市,南山区,东滨路迪雅大厦泰晟峰服装城楼C,广东深圳市南山区东滨路迪雅大厦泰晟峰服装城楼C,广东深圳市南山区东滨路迪雅大厦泰晟峰服装城楼C,113.920689,22.506664
深圳南山,广东,深圳市,南山区,南新路阳,广东深圳市南山区南新路阳,广东深圳市南山区南新路阳,113.919408,22.523736
深圳南山,广东,深圳市,南山区,南山街道登良路天安工业区四栋楼,广东深圳市南山区南山街道登良路天安工业区四栋楼,广东深圳市南山区南山街道登良路天安工业区四栋楼,113.936324,22.51003
深圳南山,广东,深圳市,南山区,南山街道登良路恒裕中心B座,广东深圳市南山区南山街道登良路恒裕中心B座,广东深圳市南山区南山街道登良路恒裕中心B座,113.924628,22.510743
深圳南山,广东,深圳市,南山区,向南路202栋,广东深圳市南山区向南路202栋,广东深圳市南山区向南路202栋,113.922107,22.510086
深圳南山,广东,深圳市,南山区,南油第一工业区108栋东门门口韵,广东深圳市南山区南油第一工业区108栋,广东深圳市南山区南油第一工业区108栋,113.922312,22.507534
深圳南山,广东,深圳市,南山区,南油108楼,广东深圳市南山区南油108楼,广东深圳市南山区南油108楼,113.926287,22.519559
深圳南山,广东,深圳市,南山区,向南路荔秀服饰文化街区108栋D,广东深圳市南山区向南路荔秀服饰文化街区108栋D,广东深圳市南山区向南路荔秀服饰文化街区108栋D,113.919984,22.506416
深圳南山,广东,深圳市,南山区,南山大道交汇处,广东深圳市南山区南山大道交汇处,广东深圳市南山区南山大道交汇处,113.924196,22.535715
深圳南山,广东,深圳市,南山区,绿云大夏,广东深圳市南山区绿云大夏,广东深圳市南山区绿云大夏,113.930478,22.533191
深圳南山,广东,深圳市,南山区,大道亿利达大厦3栋,广东深圳市南山区大道亿利达大厦3栋,广东深圳市南山区大道亿利达大厦3栋,113.922041,22.516387
深圳南山,广东,深圳市,南山区,南油时装市场111栋,广东深圳市南山区南油时装市场111栋,广东深圳市南山区南油时装市场111栋,113.926287,22.519559
深圳南山,广东,深圳市,南山区,向南路贵航大厦A,广东深圳市南山区向南路贵航大厦A,广东深圳市南山区向南路贵航大厦A,113.922566,22.510032
深圳南山,广东,深圳市,南山区,东滨路4289号迪雅大厦A,广东深圳市南山区东滨路4289号迪雅大厦A,广东深圳市南山区东滨路4289号迪雅大厦A,113.920635,22.506663
深圳南山,广东,深圳市,南山区,东滨路天宏一号,广东深圳市南山区东滨路天宏一号,广东深圳市南山区东滨路天宏一号,113.927369,22.504894
深圳南山,广东,深圳市,南山区,金晖大厦A区,广东深圳市南山区金晖大厦A区,广东深圳市南山区金晖大厦A区,113.924786,22.509137
深圳南山,广东,深圳市,南山区,南山村东巷,广东深圳市南山区南山村东巷,广东深圳市南山区南山村东巷,113.911858,22.51407
深圳南山,广东,深圳市,南山区,"东滨路，南油第一工业区,迪雅A","广东深圳市南山区东滨路，南油第一工业区,迪雅A","广东深圳市南山区东滨路，南油第一工业区,迪雅A",113.922688,22.507766
深圳南山,广东,深圳市,南山区,内环路与月亮湾大道交叉口东100米前海诚进大厦楼,广东深圳市南山区内环路与月亮湾大道交叉口东100米前海诚进大厦楼,广东深圳市南山区内环路与月亮湾大道交叉口东100米前海诚进大厦楼,113.89913,22.507919
深圳南山,广东,深圳市,南山区,中瀚羽毛球馆,广东深圳市南山区中瀚羽毛球馆,广东深圳市南山区中瀚羽毛球馆,113.930478,22.533191
深圳南山,广东,深圳市,南山区,南油第一工业区101-2,广东深圳市南山区南油第一工业区101-2,广东深圳市南山区南油第一工业区101-2,113.923919,22.507155
深圳南山,广东,深圳市,南山区,粤海街道东滨路86号裕发商务园区2栋c,广东深圳市南山区粤海街道东滨路86号裕发商务园区2栋c,广东深圳市南山区粤海街道东滨路86号裕发商务园区2栋c,113.9188,22.51254
深圳南山,广东,深圳市,南山区,后海,广东深圳市南山区后海,广东深圳市南山区后海,113.93164,22.507712
深圳南山,广东,深圳市,南山区,南油第一工业区 108 栋楼 B,广东深圳市南山区南油第一工业区 108 栋楼 B,广东深圳市南山区南油第一工业区 108 栋楼 B,113.921941,22.507139
深圳南山,广东,深圳市,南山区,深圳市南山区迪雅大厦泰晟峰服装城楼c,广东深圳市南山区深圳市南山区迪雅大厦泰晟峰服装城楼c,广东深圳市南山区深圳市南山区迪雅大厦泰晟峰服装城楼c,113.920689,22.506664
深圳南山,广东,深圳市,南山区,创美精品时尚馆楼B,广东深圳市南山区创美精品时尚馆楼B,广东深圳市南山区创美精品时尚馆楼B,113.922246,22.509816
深圳南山,广东,深圳市,南山区,荔林路中𤋮君南山4栋,广东深圳市南山区荔林路中𤋮君南山4栋,广东深圳市南山区荔林路中𤋮君南山4栋,113.930478,22.533191
深圳南山,广东,深圳市,南山区,南山街道深圳市南山区南山街道登良路天安工业区4栋楼号一号店,广东深圳市南山区南山街道深圳市南山区南山街道登良路天安工业区4栋楼号一号店,广东深圳市南山区南山街道深圳市南山区南山街道登良路天安工业区4栋楼号一号店,113.936324,22.51003
深圳南山,广东,深圳市,南山区,南山街道登良路62号南园综合大楼,广东深圳市南山区南山街道登良路62号南园综合大楼,广东深圳市南山区南山街道登良路62号南园综合大楼,113.921841,22.514028
深圳南山,广东,深圳市,南山区,南油第一工业区蛇口街道泰晟峰迪雅大厦,广东深圳市南山区南油第一工业区蛇口街道泰晟峰迪雅大厦,广东深圳市南山区南油第一工业区蛇口街道泰晟峰迪雅大厦,113.920635,22.506663
深圳南山,广东,深圳市,南山区,向南商业街,广东深圳市南山区向南商业街,广东深圳市南山区向南商业街,113.919781,22.525579
深圳南山,广东,深圳市,南山区,第二工业区,广东深圳市南山区第二工业区,广东深圳市南山区第二工业区,113.974343,22.561516
深圳南山,广东,深圳市,南山区,佳和富,广东深圳市南山区佳和富,广东深圳市南山区佳和富,114.0852,22.541171
深圳南山,广东,深圳市,南山区,南油生活B区,广东深圳市南山区南油生活B区,广东深圳市南山区南油生活B区,113.928969,22.510272
深圳南山,广东,深圳市,南山区,深圳市南山区南山大道1001华联城市中心T3座楼,广东深圳市南山区深圳市南山区南山大道1001华联城市中心T3座楼,广东深圳市南山区深圳市南山区南山大道1001华联城市中心T3座楼,113.916718,22.514237
深圳南山,广东,深圳市,南山区,南油第一工业区yanmi,广东深圳市南山区南油第一工业区,广东深圳市南山区南油第一工业区,113.922278,22.507902
深圳南山,广东,深圳市,南山区,南油天安5栋楼,广东深圳市南山区南油天安5栋楼,广东深圳市南山区南油天安5栋楼,113.926287,22.519559
深圳南山,广东,深圳市,南山区,中泰南山主角,广东深圳市南山区中泰南山主角,广东深圳市南山区中泰南山主角,113.921497,22.505811
深圳南山,广东,深圳市,南山区,南山街道东滨路4096-2濠盛商务中心,广东深圳市南山区南山街道东滨路4096-2濠盛商务中心,广东深圳市南山区南山街道东滨路4096-2濠盛商务中心,113.912381,22.512392
深圳南山,广东,深圳市,南山区,向南路南油第一工业区111栋号铺,广东深圳市南山区向南路南油第一工业区111栋号铺,广东深圳市南山区向南路南油第一工业区111栋号铺,113.921663,22.509004
深圳南山,广东,深圳市,南山区,深圳市南山区,广东深圳市南山区深圳市南山区,广东深圳市南山区深圳市南山区,113.930478,22.533191
深圳南山,广东,深圳市,南山区,南油第一工业区108西门帽,广东深圳市南山区南油第一工业区108西门帽,广东深圳市南山区南油第一工业区108西门帽,113.921941,22.507139
深圳南山,广东,深圳市,南山区,南山街道南山村正巷185号,广东深圳市南山区南山街道南山村正巷185号,广东深圳市南山区南山街道南山村正巷185号,113.911858,22.51407
深圳南山,广东,深圳市,南山区,南油工业园,广东深圳市南山区南油工业园,广东深圳市南山区南油工业园,113.926287,22.519559
深圳南山,广东,深圳市,南山区,南油世纪广场,广东深圳市南山区南油世纪广场,广东深圳市南山区南油世纪广场,113.926287,22.519559
深圳南山,广东,深圳市,南山区,南油向南路天安工业区6栋,广东深圳市南山区南油向南路天安工业区6栋,广东深圳市南山区南油向南路天安工业区6栋,113.922506,22.511118
深圳南山,广东,深圳市,南山区,阳光科创中心,广东深圳市南山区阳光科创中心,广东深圳市南山区阳光科创中心,113.914631,22.513432
深圳南山,广东,深圳市,南山区,东滨路迪雅大厦A,广东深圳市南山区东滨路迪雅大厦A,广东深圳市南山区东滨路迪雅大厦A,113.920635,22.506663
深圳南山,广东,深圳市,南山区,南山一品1栋,广东深圳市南山区南山一品1栋,广东深圳市南山区南山一品1栋,113.930478,22.533191
深圳南山,广东,深圳市,南山区,南园枫叶公寓b座,广东深圳市南山区南园枫叶公寓b座,广东深圳市南山区南园枫叶公寓b座,113.92133,22.516001
深圳南山,广东,深圳市,南山区,第一工业区107栋,广东深圳市南山区第一工业区107栋,广东深圳市南山区第一工业区107栋,113.884896,22.788518
深圳南山,广东,深圳市,南山区,粤海街道恒大天璟B做楼,广东深圳市南山区粤海街道恒大天璟B做楼,广东深圳市南山区粤海街道恒大天璟B做楼,113.926852,22.509387
深圳南山,广东,深圳市,南山区,月亮湾花园栋,广东深圳市南山区月亮湾花园栋,广东深圳市南山区月亮湾花园栋,114.488516,22.537024
深圳南山,广东,深圳市,南山区,南山街道南油东滨路天宏一号楼楼,广东深圳市南山区南山街道南油东滨路天宏一号楼楼,广东深圳市南山区南山街道南油东滨路天宏一号楼楼,113.929601,22.506083
深圳南山,广东,深圳市,南山区,金晖大厦A座楼,广东深圳市南山区金晖大厦A座楼,广东深圳市南山区金晖大厦A座楼,113.924164,22.488255
深圳南山,广东,深圳市,南山区,：深圳市南山区，东滨路迪雅大厦楼,广东深圳市南山区：深圳市南山区，东滨路迪雅大厦楼,广东深圳市南山区：深圳市南山区，东滨路迪雅大厦楼,113.920635,22.506663
深圳南山,广东,深圳市,南山区,世纪广场外围13号，欧,广东深圳市南山区世纪广场外围13号，欧,广东深圳市南山区世纪广场外围13号，欧,113.930478,22.533191
深圳南山,广东,深圳市,南山区,南油第一工业区102楼c,广东深圳市南山区南油第一工业区102楼c,广东深圳市南山区南油第一工业区102楼c,113.923793,22.506988
深圳南山,广东,深圳市,南山区,东滨路4269号中泰南,广东深圳市南山区东滨路4269号中泰南,广东深圳市南山区东滨路4269号中泰南,113.921501,22.505876
深圳南山,广东,深圳市,南山区,汉京国际A,广东深圳市南山区汉京国际A,广东深圳市南山区汉京国际A,113.924034,22.511633
深圳南山,广东,深圳市,南山区,南山街道南海大道2160号来福士地下层,广东深圳市南山区南山街道南海大道2160号来福士地下层,广东深圳市南山区南山街道南海大道2160号来福士地下层,113.925928,22.512432
深圳南山,广东,深圳市,南山区,东滨路第一工业区111栋,广东深圳市南山区东滨路第一工业区111栋,广东深圳市南山区东滨路第一工业区111栋,113.927369,22.504894
深圳南山,广东,深圳市,南山区,南山大道枫叶公寓A座楼快递柜,广东深圳市南山区南山大道枫叶公寓A座楼快递柜,广东深圳市南山区南山大道枫叶公寓A座楼快递柜,113.920873,22.515836
深圳南山,广东,深圳市,南山区,南油迪雅大厦后面好时年楼楼,广东深圳市南山区南油迪雅大厦后面好时年楼楼,广东深圳市南山区南油迪雅大厦后面好时年楼楼,113.920635,22.506663
深圳南山,广东,深圳市,南山区,南油第一工业区104栋楼,广东深圳市南山区南油第一工业区104栋楼,广东深圳市南山区南油第一工业区104栋楼,113.92324,22.507598
深圳南山,广东,深圳市,南山区,深圳南山,广东深圳市南山区深圳南山,广东深圳市南山区深圳南山,113.930478,22.533191
深圳南山,广东,深圳市,南山区,服装城,广东深圳市南山区服装城,广东深圳市南山区服装城,113.930478,22.533191
深圳南山,广东,深圳市,南山区,东滨路南油第一工业区109栋楼,广东深圳市南山区东滨路南油第一工业区109栋楼,广东深圳市南山区东滨路南油第一工业区109栋楼,113.921747,22.506867
深圳南山,广东,深圳市,南山区,南油第一工业区111-2-a,广东深圳市南山区南油第一工业区111-2-a,广东深圳市南山区南油第一工业区111-2-a,113.921663,22.509004
深圳南山,广东,深圳市,南山区,南油上上城A座楼小,广东深圳市南山区南油上上城A座楼,广东深圳市南山区南油上上城A座楼,113.926849,22.509391
深圳南山,广东,深圳市,南山区,南山街道天安工业区四栋楼,广东深圳市南山区南山街道天安工业区四栋楼,广东深圳市南山区南山街道天安工业区四栋楼,114.031449,22.53307
深圳南山,广东,深圳市,南山区,南山街道天安海港服装城7栋,广东深圳市南山区南山街道天安海港服装城7栋,广东深圳市南山区南山街道天安海港服装城7栋,113.922954,22.511502
深圳南山,广东,深圳市,南山区,南油第一工业区锦都服装城,广东深圳市南山区南油第一工业区锦都服装城,广东深圳市南山区南油第一工业区锦都服装城,113.922023,22.50687
深圳南山,广东,深圳市,南山区,南山街道南新路1024号阳光科创中心A座,广东深圳市南山区南山街道南新路1024号阳光科创中心A座,广东深圳市南山区南山街道南新路1024号阳光科创中心A座,113.914097,22.512541
深圳南山,广东,深圳市,南山区,南山村正一坊一号店,广东深圳市南山区南山村正一坊一号店,广东深圳市南山区南山村正一坊一号店,113.914661,22.515608
深圳南山,广东,深圳市,南山区,南山街道鹏都大厦B座902,广东深圳市南山区南山街道鹏都大厦B座902,广东深圳市南山区南山街道鹏都大厦B座902,113.927815,22.522585
深圳南山,广东,深圳市,南山区,兴南路48号京光海景B座,广东深圳市南山区兴南路48号京光海景B座,广东深圳市南山区兴南路48号京光海景B座,113.9303,22.505929
深圳南山,广东,深圳市,南山区,鸿丰大酒,广东深圳市南山区鸿丰大酒,广东深圳市南山区鸿丰大酒,113.930478,22.533191
深圳南山,广东,深圳市,南山区,东滨路荔秀服装批发市场109,广东深圳市南山区东滨路荔秀服装批发市场109,广东深圳市南山区东滨路荔秀服装批发市场109,113.927369,22.504894
深圳南山,广东,深圳市,南山区,南山街道南油第一工业区105栋A座楼E,广东深圳市南山区南山街道南油第一工业区105栋A座楼E,广东深圳市南山区南山街道南油第一工业区105栋A座楼E,113.923637,22.508127
深圳南山,广东,深圳市,南山区,天宏尾货市场2号楼,广东深圳市南山区天宏尾货市场2号楼,广东深圳市南山区天宏尾货市场2号楼,113.921257,22.505498
深圳南山,广东,深圳市,南山区,圳市南山区南山街道南油天安工业区7栋,广东深圳市南山区圳市南山区南山街道南油天安工业区7栋,广东深圳市南山区圳市南山区南山街道南油天安工业区7栋,113.923033,22.511685
深圳南山,广东,深圳市,南山区,向南路南油服装城天安6栋,广东深圳市南山区向南路南油服装城天安6栋,广东深圳市南山区向南路南油服装城天安6栋,113.926287,22.519559
深圳南山,广东,深圳市,南山区,南海大道2061号新保辉大厦,广东深圳市南山区南海大道2061号新保辉大厦,广东深圳市南山区南海大道2061号新保辉大厦,113.9245,22.508294
深圳南山,广东,深圳市,南山区,南新路阳光科创中心,广东深圳市南山区南新路阳光科创中心,广东深圳市南山区南新路阳光科创中心,113.914631,22.513432
深圳南山,广东,深圳市,南山区,南油快递站,广东深圳市南山区南油快递站,广东深圳市南山区南油快递站,113.926287,22.519559
深圳南山,广东,深圳市,南山区,南山区,广东深圳市南山区,广东深圳市南山区,113.930478,22.533191
深圳南山,广东,深圳市,南山区,南山区南商路23-21号南门一坊铺杨,广东深圳市南山区南商路23-21号南门一坊铺杨,广东深圳市南山区南商路23-21号南门一坊铺杨,113.927297,22.505006
深圳南山,广东,深圳市,南山区,南山街道南油第四工业区2栋楼,广东深圳市南山区南山街道南油第四工业区2栋楼,广东深圳市南山区南山街道南油第四工业区2栋楼,113.923737,22.522085
深圳南山,广东,深圳市,南山区,东滨路天宏尾货,广东深圳市南山区东滨路天宏尾货,广东深圳市南山区东滨路天宏尾货,113.927369,22.504894
深圳南山,广东,深圳市,南山区,南山街道广东省深圳市南山区天宏档口 中,广东深圳市南山区南山街道广东省深圳市南山区天宏档口 中,广东深圳市南山区南山街道广东省深圳市南山区天宏档口 中,113.930478,22.533191
深圳南山,广东,深圳市,南山区,西海湾幼儿园,广东深圳市南山区西海湾幼儿园,广东深圳市南山区西海湾幼儿园,113.929301,22.513792
深圳南山,广东,深圳市,南山区,南油第一工业区105栋楼E,广东深圳市南山区南油第一工业区105栋楼E,广东深圳市南山区南油第一工业区105栋楼E,113.923637,22.508127
深圳南山,广东,深圳市,南山区,南油第一工业区110,广东深圳市南山区南油第一工业区110,广东深圳市南山区南油第一工业区110,113.921648,22.507916
深圳南山,广东,深圳市,南山区,南油金辉档口,广东深圳市南山区南油金辉档口,广东深圳市南山区南油金辉档口,113.926287,22.519559
深圳南山,广东,深圳市,南山区,南山街道前海路北头西苑,广东深圳市南山区南山街道前海路北头西苑,广东深圳市南山区南山街道前海路北头西苑,113.912884,22.517446
深圳南山,广东,深圳市,南山区,华联花园6栋楼店,广东深圳市南山区华联花园6栋楼店,广东深圳市南山区华联花园6栋楼店,113.91991,22.519753
深圳南山,广东,深圳市,南山区,南油第一工业区尚道中心,广东深圳市南山区南油第一工业区尚道中心,广东深圳市南山区南油第一工业区尚道中心,113.922278,22.507902
深圳南山,广东,深圳市,南山区,南油第一工业区105栋B座,广东深圳市南山区南油第一工业区105栋B座,广东深圳市南山区南油第一工业区105栋B座,113.924829,22.506512
深圳南山,广东,深圳市,南山区,前海诚进大厦附楼,广东深圳市南山区前海诚进大厦附楼,广东深圳市南山区前海诚进大厦附楼,113.89913,22.507919
深圳南山,广东,深圳市,南山区,南油第一个工业区,广东深圳市南山区南油第一个工业区,广东深圳市南山区南油第一个工业区,113.926287,22.519559
深圳南山,广东,深圳市,南山区,南山街道南山村正一坊一号店,广东深圳市南山区南山街道南山村正一坊一号店,广东深圳市南山区南山街道南山村正一坊一号店,113.914661,22.515608
深圳南山,广东,深圳市,南山区,荔秀服饰文化街区,广东深圳市南山区荔秀服饰文化街区,广东深圳市南山区荔秀服饰文化街区,113.930478,22.533191
深圳南山,广东,深圳市,南山区,南油第一工业区108楼,广东深圳市南山区南油第一工业区108楼,广东深圳市南山区南油第一工业区108楼,113.921941,22.507139
深圳南山,广东,深圳市,南山区,迪雅大厦,广东深圳市南山区迪雅大厦,广东深圳市南山区迪雅大厦,113.920635,22.506663
深圳南山,广东,深圳市,南山区,南山区南油荔秀文化街104栋楼E319,广东深圳市南山区南油荔秀文化街104栋楼E319,广东深圳市南山区南油荔秀文化街104栋楼E319,113.920689,22.506664
深圳南山,广东,深圳市,南山区,南巷,广东深圳市南山区南巷,广东深圳市南山区南巷,113.930478,22.533191
深圳南山,广东,深圳市,南山区,南山街道南山大道1092号亿利达大厦3栋,广东深圳市南山区南山街道南山大道1092号亿利达大厦3栋,广东深圳市南山区南山街道南山大道1092号亿利达大厦3栋,113.922041,22.516387
深圳南山,广东,深圳市,南山区,深圳南,广东深圳市南山区深圳南,广东深圳市南山区深圳南,114.196109,22.638937
深圳南山,广东,深圳市,南山区,南油工业区107栋楼F03,广东深圳市南山区南油工业区107栋楼F03,广东深圳市南山区南油工业区107栋楼F03,113.922088,22.508576
深圳南山,广东,深圳市,南山区,南山街道南油粤海路2号四达大厦B座快递柜,广东深圳市南山区南山街道南油粤海路2号四达大厦B座快递柜,广东深圳市南山区南山街道南油粤海路2号四达大厦B座快递柜,113.925261,22.509787
深圳南山,广东,深圳市,南山区,南油第一工业区102,广东深圳市南山区南油第一工业区102,广东深圳市南山区南油第一工业区102,113.923793,22.506988
深圳南山,广东,深圳市,南山区,南油第一工业区后南路尚荣1618大门口,广东深圳市南山区南油第一工业区后南路尚荣1618大门口,广东深圳市南山区南油第一工业区后南路尚荣1618大门口,113.922278,22.507902
深圳南山,广东,深圳市,南山区,南油第一工业园,广东深圳市南山区南油第一工业园,广东深圳市南山区南油第一工业园,113.926287,22.519559
深圳南山,广东,深圳市,南山区,深圳市南山区东滨路南,广东深圳市南山区深圳市南山区东滨路南,广东深圳市南山区深圳市南山区东滨路南,113.927369,22.504894
深圳南山,广东,深圳市,南山区,南山街前海路,广东深圳市南山区南山街前海路,广东深圳市南山区南山街前海路,113.924196,22.535715
深圳南山,广东,深圳市,南山区,南山街道南山大道1092号亿利达大厦2栋,广东深圳市南山区南山街道南山大道1092号亿利达大厦2栋,广东深圳市南山区南山街道南山大道1092号亿利达大厦2栋,113.922125,22.517072
深圳南山,广东,深圳市,南山区,迪雅楼B,广东深圳市南山区迪雅楼B,广东深圳市南山区迪雅楼B,113.930478,22.533191
深圳南山,广东,深圳市,南山区,村南巷92号南山区忠勇新旧,广东深圳市南山区村南巷92号南山区忠勇新旧,广东深圳市南山区村南巷92号南山区忠勇新旧,113.930478,22.533191
深圳南山,广东,深圳市,南山区,向南路南油第一工业区南油第一工业区102栋,广东深圳市南山区向南路南油第一工业区南油第一工业区102栋,广东深圳市南山区向南路南油第一工业区南油第一工业区102栋,113.923594,22.506758
深圳南山,广东,深圳市,南山区,南山街道南新路1046号城家公寓,广东深圳市南山区南山街道南新路1046号城家公寓,广东深圳市南山区南山街道南新路1046号城家公寓,113.917837,22.5172
深圳南山,广东,深圳市,南山区,前海诚进大厦楼,广东深圳市南山区前海诚进大厦楼,广东深圳市南山区前海诚进大厦楼,113.89913,22.507919
深圳南山,广东,深圳市,南山区,东滨路 世纪 亚特兰蒂斯 蒂亚a,广东深圳市南山区东滨路 世纪 亚特兰蒂斯 蒂亚a,广东深圳市南山区东滨路 世纪 亚特兰蒂斯 蒂亚a,113.927369,22.504894
深圳南山,广东,深圳市,南山区,村西巷11-1号南山区南山村西巷,广东深圳市南山区村西巷11-1号南山区南山村西巷,广东深圳市南山区村西巷11-1号南山区南山村西巷,113.911666,22.514791
深圳南山,广东,深圳市,南山区,南山街道向南路2-1号南油第一工业区世纪广场,广东深圳市南山区南山街道向南路2-1号南油第一工业区世纪广场,广东深圳市南山区南山街道向南路2-1号南油第一工业区世纪广场,113.925215,22.512894
深圳南山,广东,深圳市,南山区,南山街道东滨路48号丰,广东深圳市南山区南山街道东滨路48号,广东深圳市南山区南山街道东滨路48号,113.923152,22.51157
深圳南山,广东,深圳市,南山区,粤海街道恒大天璟B座,广东深圳市南山区粤海街道恒大天璟B座,广东深圳市南山区粤海街道恒大天璟B座,113.926852,22.509387
深圳南山,广东,深圳市,南山区,南山村东巷38号,广东深圳市南山区南山村东巷38号,广东深圳市南山区南山村东巷38号,113.911858,22.51407
深圳南山,广东,深圳市,南山区,南油第一工业区101栋F,广东深圳市南山区南油第一工业区101栋F,广东深圳市南山区南油第一工业区101栋F,113.924049,22.50729
深圳南山,广东,深圳市,南山区,迪亚大厦C,广东深圳市南山区迪亚大厦C,广东深圳市南山区迪亚大厦C,113.930478,22.533191
深圳南山,广东,深圳市,南山区,第一工业区108,广东深圳市南山区第一工业区108,广东深圳市南山区第一工业区108,113.884896,22.788518
深圳南山,广东,深圳市,南山区,南油第一工业区105栋B座楼H,广东深圳市南山区南油第一工业区105栋B座楼H,广东深圳市南山区南油第一工业区105栋B座楼H,113.924829,22.506512
深圳南山,广东,深圳市,南山区,向南路南油第一工业区-西北门,广东深圳市南山区向南路南油第一工业区-西北门,广东深圳市南山区向南路南油第一工业区-西北门,113.922278,22.507902
深圳南山,广东,深圳市,南山区,东滨路4283号天宏一号楼服装批发城楼档,广东深圳市南山区东滨路4283号天宏一号楼服装批发城楼档,广东深圳市南山区东滨路4283号天宏一号楼服装批发城楼档,113.921099,22.50594
深圳南山,广东,深圳市,南山区,南山街道南山村东巷40号,广东深圳市南山区南山街道南山村东巷40号,广东深圳市南山区南山街道南山村东巷40号,113.911858,22.51407
深圳南山,广东,深圳市,南山区,南山街道向南路汉,广东深圳市南山区南山街道向南路汉,广东深圳市南山区南山街道向南路汉,113.919984,22.506416
深圳南山,广东,深圳市,南山区,南山街道阳光科创中心A座,广东深圳市南山区南山街道阳光科创中心A座,广东深圳市南山区南山街道阳光科创中心A座,113.914097,22.512541
深圳南山,广东,深圳市,南山区,街道,广东深圳市南山区街道,广东深圳市南山区街道,113.930478,22.533191
深圳南山,广东,深圳市,南山区,方技大楼,广东深圳市南山区方技大楼,广东深圳市南山区方技大楼,113.922425,22.508817
深圳南山,广东,深圳市,南山区,南海大道海王大厦B座,广东深圳市南山区南海大道海王大厦B座,广东深圳市南山区南海大道海王大厦B座,113.926181,22.515944
深圳南山,广东,深圳市,南山区,新街口,广东深圳市南山区新街口,广东深圳市南山区新街口,113.923323,22.505442
深圳南山,广东,深圳市,南山区,南油第二工业区天安8栋楼D,广东深圳市南山区南油第二工业区天安8栋楼D,广东深圳市南山区南油第二工业区天安8栋楼D,113.974343,22.561516
深圳南山,广东,深圳市,南山区,南油第一工业区时尚馆103栋,广东深圳市南山区南油第一工业区时尚馆103栋,广东深圳市南山区南油第一工业区时尚馆103栋,113.922278,22.507902
深圳南山,广东,深圳市,南山区,南山区南园村正街37栋号祠堂店,广东深圳市南山区南园村正街37栋号祠堂店,广东深圳市南山区南园村正街37栋号祠堂店,113.916875,22.517465
深圳南山,广东,深圳市,南山区,东滨路4024号南油服,广东深圳市南山区东滨路4024号南油服,广东深圳市南山区东滨路4024号南油服,113.925215,22.512894
深圳南山,广东,深圳市,南山区,南油天安2栋,广东深圳市南山区南油天安2栋,广东深圳市南山区南油天安2栋,113.926287,22.519559
深圳南山,广东,深圳市,南山区,南山街道登良路26号公园道B座,广东深圳市南山区南山街道登良路26号公园道B座,广东深圳市南山区南山街道登良路26号公园道B座,113.924648,22.512046
深圳南山,广东,深圳市,南山区,南海大道,广东深圳市南山区南海大道,广东深圳市南山区南海大道,113.929153,22.525524
深圳南山,广东,深圳市,南山区,迪雅大厦泰晟峰服装城楼c13,广东深圳市南山区迪雅大厦泰晟峰服装城楼c13,广东深圳市南山区迪雅大厦泰晟峰服装城楼c13,113.920689,22.506664
深圳新西丽,广东,深圳市,南山区,桃源街道深圳大学丽湖校区冬青树,广东深圳市南山区桃源街道深圳大学丽湖校区冬青树,广东深圳市南山区桃源街道深圳大学丽湖校区冬青树,113.992239,22.598417
深圳新西丽,广东,深圳市,南山区,西丽金众麒麟公馆2,广东深圳市南山区西丽金众麒麟公馆2,广东深圳市南山区西丽金众麒麟公馆2,113.967878,22.596065
深圳新西丽,广东,深圳市,南山区,冠铭花园7B,广东深圳市南山区冠铭花园7B,广东深圳市南山区冠铭花园7B,113.94982,22.567276
深圳新西丽,广东,深圳市,南山区,福光社区学苑大道南方科技大学深圳建工2号门,广东深圳市南山区福光社区学苑大道南方科技大学深圳建工2号门,广东深圳市南山区福光社区学苑大道南方科技大学深圳建工2号门,113.989775,22.594875
深圳新西丽,广东,深圳市,南山区,西丽街道石鼓路4003号早安商务中心c座,广东深圳市南山区西丽街道石鼓路4003号早安商务中心c座,广东深圳市南山区西丽街道石鼓路4003号早安商务中心c座,113.947803,22.585093
深圳新西丽,广东,深圳市,南山区,西丽街道西丽南路74号永标大厦105-108号坎普自行车专卖店,广东深圳市南山区西丽街道西丽南路74号永标大厦105-108号坎普自行车专卖店,广东深圳市南山区西丽街道西丽南路74号永标大厦105-108号坎普自行车专卖店,113.953776,22.575339
深圳新西丽,广东,深圳市,南山区,西丽街道泰易公寓E栋蓝色的,广东深圳市南山区西丽街道泰易公寓E栋蓝色的,广东深圳市南山区西丽街道泰易公寓E栋蓝色的,113.945208,22.585564
深圳新西丽,广东,深圳市,南山区,西丽街道中兴人才公寓3期栋,广东深圳市南山区西丽街道中兴人才公寓3期栋,广东深圳市南山区西丽街道中兴人才公寓3期栋,113.934563,22.579188
深圳新西丽,广东,深圳市,南山区,创研路2号中兴通讯深圳西,广东深圳市南山区创研路2号中兴通讯深圳西,广东深圳市南山区创研路2号中兴通讯深圳西,113.933327,22.577152
深圳新西丽,广东,深圳市,南山区,西丽街道大磡村工业二路东段2 号楼,广东深圳市南山区西丽街道大磡村工业二路东段2 号楼,广东深圳市南山区西丽街道大磡村工业二路东段2 号楼,113.977036,22.617512
深圳新西丽,广东,深圳市,南山区,南山村南山村,广东深圳市南山区南山村南山村,广东深圳市南山区南山村南山村,113.911858,22.51407
深圳新西丽,广东,深圳市,南山区,创智云城A7栋,广东深圳市南山区创智云城A7栋,广东深圳市南山区创智云城A7栋,113.937931,22.579361
深圳新西丽,广东,深圳市,南山区,牛成路64号汇聚鲜生活超市(牛成村路店,广东深圳市南山区牛成路64号汇聚鲜生活超市(牛成村路店,广东深圳市南山区牛成路64号汇聚鲜生活超市(牛成村路店,113.928655,22.614581
深圳新西丽,广东,深圳市,南山区,桃源街道平山社区留仙大道4168号众冠时代广场A座1702余廷洁,广东深圳市南山区桃源街道平山社区留仙大道4168号众冠时代广场A座1702余廷洁,广东深圳市南山区桃源街道平山社区留仙大道4168号众冠时代广场A座1702余廷洁,113.963451,22.582671
深圳新西丽,广东,深圳市,南山区,西丽街道留仙大道1311号众冠花园众安,广东深圳市南山区西丽街道留仙大道1311号众冠花园众安,广东深圳市南山区西丽街道留仙大道1311号众冠花园众安,113.95802,22.580299
深圳新西丽,广东,深圳市,南山区,西丽镇龙都花园,广东深圳市南山区西丽镇龙都花园,广东深圳市南山区西丽镇龙都花园,113.95963,22.569356
深圳新西丽,广东,深圳市,南山区,南山区西丽街道鹏城实验室石壁龙园区1期项目部3栋,广东深圳市南山区西丽街道鹏城实验室石壁龙园区1期项目部3栋,广东深圳市南山区西丽街道鹏城实验室石壁龙园区1期项目部3栋,113.940969,22.572357
深圳新西丽,广东,深圳市,南山区,麻磡村南89栋,广东深圳市南山区麻磡村南89栋,广东深圳市南山区麻磡村南89栋,113.949716,22.634698
深圳新西丽,广东,深圳市,南山区,打石一路中兴人才公寓三期D栋,广东深圳市南山区打石一路中兴人才公寓三期D栋,广东深圳市南山区打石一路中兴人才公寓三期D栋,113.934563,22.579188
深圳新西丽,广东,深圳市,南山区,西丽留仙大道中兴通讯人才公寓3期C栋单元,广东深圳市南山区西丽留仙大道中兴通讯人才公寓3期C栋单元,广东深圳市南山区西丽留仙大道中兴通讯人才公寓3期C栋单元,113.977716,22.584693
深圳新西丽,广东,深圳市,南山区,西丽街道万科云城兴科一街深圳国际创新谷1A,广东深圳市南山区西丽街道万科云城兴科一街深圳国际创新谷1A,广东深圳市南山区西丽街道万科云城兴科一街深圳国际创新谷1A,113.939325,22.574534
深圳新西丽,广东,深圳市,南山区,西丽街道丽苑路与新光路,广东深圳市南山区西丽街道丽苑路与新光路,广东深圳市南山区西丽街道丽苑路与新光路,113.951709,22.576022
深圳新西丽,广东,深圳市,南山区,南山区西丽街道打石一路22号中兴人才公寓3期A2栋,广东深圳市南山区西丽街道打石一路22号中兴人才公寓3期A2栋,广东深圳市南山区西丽街道打石一路22号中兴人才公寓3期A2栋,113.938273,22.57371
深圳新西丽,广东,深圳市,南山区,西丽街道官龙名苑2号楼,广东深圳市南山区西丽街道官龙名苑2号楼,广东深圳市南山区西丽街道官龙名苑2号楼,113.946147,22.589913
深圳新西丽,广东,深圳市,南山区,西丽花半里,广东深圳市南山区西丽花半里,广东深圳市南山区西丽花半里,113.934962,22.497535
深圳新西丽,广东,深圳市,南山区,西丽天虹,广东深圳市南山区西丽天虹,广东深圳市南山区西丽天虹,113.968552,22.530807
深圳新西丽,广东,深圳市,南山区,珠光社区新屋村中区130号,广东深圳市南山区珠光社区新屋村中区130号,广东深圳市南山区珠光社区新屋村中区130号,113.966474,22.568748
深圳新西丽,广东,深圳市,南山区,大学城地铁站C出口美康百货,广东深圳市南山区大学城地铁站C出口美康百货,广东深圳市南山区大学城地铁站C出口美康百货,113.965515,22.583388
深圳新西丽,广东,深圳市,南山区,西丽街道大碪村工业一路16号和丰公寓,广东深圳市南山区西丽街道大碪村工业一路16号和丰公寓,广东深圳市南山区西丽街道大碪村工业一路16号和丰公寓,113.976761,22.619793
深圳新西丽,广东,深圳市,南山区,南山区西丽九祥岭东区,广东深圳市南山区西丽九祥岭东区,广东深圳市南山区西丽九祥岭东区,113.957184,22.583749
深圳新西丽,广东,深圳市,南山区,九祥岭东区,广东深圳市南山区九祥岭东区,广东深圳市南山区九祥岭东区,113.957184,22.583749
深圳新西丽,广东,深圳市,南山区,西丽街道官龙第二工业区10栋希创空间410,广东深圳市南山区西丽街道官龙第二工业区10栋希创空间410,广东深圳市南山区西丽街道官龙第二工业区10栋希创空间410,113.946573,22.585151
深圳新西丽,广东,深圳市,南山区,西丽圳宝花园,广东深圳市南山区西丽圳宝花园,广东深圳市南山区西丽圳宝花园,113.957685,22.576273
深圳新西丽,广东,深圳市,南山区,西丽金盛苑金辉阁,广东深圳市南山区西丽金盛苑金辉阁,广东深圳市南山区西丽金盛苑金辉阁,113.955025,22.578581
深圳新西丽,广东,深圳市,南山区,丽兰苑1栋C座,广东深圳市南山区丽兰苑1栋C座,广东深圳市南山区丽兰苑1栋C座,113.951724,22.577655
深圳新西丽,广东,深圳市,南山区,南山,广东深圳市南山区南山,广东深圳市南山区南山,113.930478,22.533191
深圳新西丽,广东,深圳市,南山区,西丽街道百旺社区白芒村北50号祥昭物流园B区,广东深圳市南山区西丽街道百旺社区白芒村北50号祥昭物流园B区,广东深圳市南山区西丽街道百旺社区白芒村北50号祥昭物流园B区,113.940676,22.625421
深圳新西丽,广东,深圳市,南山区,桃源街道深圳市南山区留仙大道2032号清华大学深圳国际校区一期,广东深圳市南山区桃源街道深圳市南山区留仙大道2032号清华大学深圳国际校区一期,广东深圳市南山区桃源街道深圳市南山区留仙大道2032号清华大学深圳国际校区一期,113.980898,22.585287
深圳新西丽,广东,深圳市,南山区,西丽街道中山园路1001号TCL科学园E2栋A单元楼,广东深圳市南山区西丽街道中山园路1001号TCL科学园E2栋A单元楼,广东深圳市南山区西丽街道中山园路1001号TCL科学园E2栋A单元楼,113.928061,22.571848
深圳新西丽,广东,深圳市,南山区,西丽镇丽新大厦白,广东深圳市南山区西丽镇丽新大厦白,广东深圳市南山区西丽镇丽新大厦白,113.955789,22.579372
深圳新西丽,广东,深圳市,南山区,珠光路,广东深圳市南山区珠光路,广东深圳市南山区珠光路,113.960203,22.570437
深圳新西丽,广东,深圳市,南山区,西丽镇新图村36栋楼,广东深圳市南山区西丽镇新图村36栋楼,广东深圳市南山区西丽镇新图村36栋楼,113.9573,22.579904
深圳新西丽,广东,深圳市,南山区,桃源街道珠光社区珠光路252号丽珠花园8A,广东深圳市南山区桃源街道珠光社区珠光路252号丽珠花园8A,广东深圳市南山区桃源街道珠光社区珠光路252号丽珠花园8A,113.958113,22.574071
深圳新西丽,广东,深圳市,南山区,西丽街道旺棠公寓,广东深圳市南山区西丽街道旺棠公寓,广东深圳市南山区西丽街道旺棠公寓,113.949373,22.585174
深圳新西丽,广东,深圳市,南山区,桃源街道学苑大道1066号深圳大学丽湖校区冬青树,广东深圳市南山区桃源街道学苑大道1066号深圳大学丽湖校区冬青树,广东深圳市南山区桃源街道学苑大道1066号深圳大学丽湖校区冬青树,113.992239,22.598417
深圳新西丽,广东,深圳市,南山区,桃源街道送至北京大学深圳研究生院燕园6A号楼房间,广东深圳市南山区桃源街道送至北京大学深圳研究生院燕园6A号楼房间,广东深圳市南山区桃源街道送至北京大学深圳研究生院燕园6A号楼房间,113.974052,22.592318
深圳新西丽,广东,深圳市,南山区,珠光花半里1E,广东深圳市南山区珠光花半里1E,广东深圳市南山区珠光花半里1E,113.961425,22.570223
深圳新西丽,广东,深圳市,南山区,西丽同发路6号官龙名苑,广东深圳市南山区西丽同发路6号官龙名苑,广东深圳市南山区西丽同发路6号官龙名苑,113.945306,22.589404
深圳新西丽,广东,深圳市,南山区,西丽街道丽苑路与新光路交叉口西北方向90米榆峰公寓9幢,广东深圳市南山区西丽街道丽苑路与新光路交叉口西北方向90米榆峰公寓9幢,广东深圳市南山区西丽街道丽苑路与新光路交叉口西北方向90米榆峰公寓9幢,113.95131,22.576548
深圳新西丽,广东,深圳市,南山区,西丽博林天瑞2,广东深圳市南山区西丽博林天瑞2,广东深圳市南山区西丽博林天瑞2,113.972906,22.583766
深圳新西丽,广东,深圳市,南山区,云科技大厦,广东深圳市南山区云科技大厦,广东深圳市南山区云科技大厦,113.919524,22.496283
深圳新西丽,广东,深圳市,南山区,西丽街道丽新办公楼,广东深圳市南山区西丽街道丽新办公楼,广东深圳市南山区西丽街道丽新办公楼,113.95506,22.582029
深圳新西丽,广东,深圳市,南山区,桃源街道清华大学深圳国际研究生院能源楼,广东深圳市南山区桃源街道清华大学深圳国际研究生院能源楼,广东深圳市南山区桃源街道清华大学深圳国际研究生院能源楼,113.970741,22.590652
深圳新西丽,广东,深圳市,南山区,桃源街道新屋村,广东深圳市南山区桃源街道新屋村,广东深圳市南山区桃源街道新屋村,113.96793,22.567584
深圳新西丽,广东,深圳市,南山区,龙祥苑,广东深圳市南山区龙祥苑,广东深圳市南山区龙祥苑,113.966362,22.567964
深圳新西丽,广东,深圳市,南山区,西丽街道留仙村路81号有巢公寓,广东深圳市南山区西丽街道留仙村路81号有巢公寓,广东深圳市南山区西丽街道留仙村路81号有巢公寓,113.927549,22.585862
深圳新西丽,广东,深圳市,南山区,南方科技大学2号门深,广东深圳市南山区南方科技大学2号门深,广东深圳市南山区南方科技大学2号门深,114.001635,22.594018
深圳新西丽,广东,深圳市,南山区,南山区西丽九祥岭西区43-1群英共创体育发衣服手,广东深圳市南山区西丽九祥岭西区43-1群英共创体育发衣服手,广东深圳市南山区西丽九祥岭西区43-1群英共创体育发衣服手,113.955026,22.584399
深圳新西丽,广东,深圳市,南山区,西丽街道聚创金谷创意园A,广东深圳市南山区西丽街道聚创金谷创意园A,广东深圳市南山区西丽街道聚创金谷创意园A,113.951327,22.576018
深圳新西丽,广东,深圳市,南山区,西丽街道牛成村路路源通充电站隔壁水泥罐车停车场橙色大门进来右手边小卖店,广东深圳市南山区西丽街道牛成村路路源通充电站隔壁水泥罐车停车场橙色大门进来右手边小卖店,广东深圳市南山区西丽街道牛成村路路源通充电站隔壁水泥罐车停车场橙色大门进来右手边小卖店,113.928858,22.614359
深圳新西丽,广东,深圳市,南山区,西丽街道国际创新谷三期7D,广东深圳市南山区西丽街道国际创新谷三期7D,广东深圳市南山区西丽街道国际创新谷三期7D,113.944698,22.573622
深圳新西丽,广东,深圳市,南山区,西丽镇同沙路27,广东深圳市南山区西丽镇同沙路27,广东深圳市南山区西丽镇同沙路27,113.949344,22.583901
深圳新西丽,广东,深圳市,南山区,村北56栋唯美造型唯美形,广东深圳市南山区村北56栋唯美造型唯美形,广东深圳市南山区村北56栋唯美造型唯美形,113.930478,22.533191
深圳新西丽,广东,深圳市,南山区,西丽留仙居13栋-12精功眼镜商铺,广东深圳市南山区西丽留仙居13栋-12精功眼镜商铺,广东深圳市南山区西丽留仙居13栋-12精功眼镜商铺,113.949556,22.583281
深圳新西丽,广东,深圳市,南山区,桃源街道平山村,广东深圳市南山区桃源街道平山村,广东深圳市南山区桃源街道平山村,113.966996,22.584159
深圳新西丽,广东,深圳市,南山区,桃源街道德意名居1期1,广东深圳市南山区桃源街道德意名居1期1,广东深圳市南山区桃源街道德意名居1期1,113.961196,22.591021
深圳新西丽,广东,深圳市,南山区,桃源街道学城绿园1栋,广东深圳市南山区桃源街道学城绿园1栋,广东深圳市南山区桃源街道学城绿园1栋,113.965141,22.592378
深圳新西丽,广东,深圳市,南山区,南山区桃源街道学苑大道1066号深圳大学丽湖校区二期冬青树楼顺丰,广东深圳市南山区桃源街道学苑大道1066号深圳大学丽湖校区二期冬青树楼顺丰,广东深圳市南山区桃源街道学苑大道1066号深圳大学丽湖校区二期冬青树楼顺丰,113.992239,22.598417
深圳新西丽,广东,深圳市,南山区,西丽王京坑工业区24栋楼,广东深圳市南山区西丽王京坑工业区24栋楼,广东深圳市南山区西丽王京坑工业区24栋楼,113.969955,22.631762
深圳新西丽,广东,深圳市,南山区,西丽街道西丽南支路97号电信宿舍,广东深圳市南山区西丽街道西丽南支路97号电信宿舍,广东深圳市南山区西丽街道西丽南支路97号电信宿舍,113.952105,22.573107
深圳新西丽,广东,深圳市,南山区,西丽天虹商场楼,广东深圳市南山区西丽天虹商场楼,广东深圳市南山区西丽天虹商场楼,113.943867,22.568801
深圳新西丽,广东,深圳市,南山区,西丽社区西丽南支路4-2号扶贫产品展销店,广东深圳市南山区西丽社区西丽南支路4-2号扶贫产品展销店,广东深圳市南山区西丽社区西丽南支路4-2号扶贫产品展销店,113.953281,22.573312
深圳新西丽,广东,深圳市,南山区,西丽街道大磡社区大磡一村180栋,广东深圳市南山区西丽街道大磡社区大磡一村180栋,广东深圳市南山区西丽街道大磡社区大磡一村180栋,113.976096,22.622047
深圳新西丽,广东,深圳市,南山区,南山区西丽街道松白路1055号丽河工业园5栋楼,广东深圳市南山区西丽街道松白路1055号丽河工业园5栋楼,广东深圳市南山区西丽街道松白路1055号丽河工业园5栋楼,113.932037,22.632988
深圳新西丽,广东,深圳市,南山区,西丽街道中兴人才公寓三期A栋单元,广东深圳市南山区西丽街道中兴人才公寓三期A栋单元,广东深圳市南山区西丽街道中兴人才公寓三期A栋单元,113.934563,22.579188
深圳新西丽,广东,深圳市,南山区,冠铭花园,广东深圳市南山区冠铭花园,广东深圳市南山区冠铭花园,113.950378,22.567052
深圳新西丽,广东,深圳市,南山区,西丽街道西丽街道松白路1002号百旺信高科技工业园11栋,广东深圳市南山区西丽街道西丽街道松白路1002号百旺信高科技工业园11栋,广东深圳市南山区西丽街道西丽街道松白路1002号百旺信高科技工业园11栋,113.940445,22.627189
深圳新西丽,广东,深圳市,南山区,西丽镇大磡工业一路23栋,广东深圳市南山区西丽镇大磡工业一路23栋,广东深圳市南山区西丽镇大磡工业一路23栋,113.978236,22.620396
深圳新西丽,广东,深圳市,南山区,西丽镇西丽湖平丽花园旁商业街德福记,广东深圳市南山区西丽镇西丽湖平丽花园旁商业街德福记,广东深圳市南山区西丽镇西丽湖平丽花园旁商业街德福记,113.963809,22.583801
深圳新西丽,广东,深圳市,南山区,龙珠大道106号工,广东深圳市南山区龙珠大道106号工,广东深圳市南山区龙珠大道106号工,113.968499,22.567341
深圳新西丽,广东,深圳市,南山区,松白路1026号南岗第二工业区12栋楼,广东深圳市南山区松白路1026号南岗第二工业区12栋楼,广东深圳市南山区松白路1026号南岗第二工业区12栋楼,113.91929,22.728224
深圳新西丽,广东,深圳市,南山区,西丽街道深港花卉中心A,广东深圳市南山区西丽街道深港花卉中心A,广东深圳市南山区西丽街道深港花卉中心A,113.944097,22.533265
深圳新西丽,广东,深圳市,南山区,西丽街道沙坑路伟豪科技园3栋楼,广东深圳市南山区西丽街道沙坑路伟豪科技园3栋楼,广东深圳市南山区西丽街道沙坑路伟豪科技园3栋楼,113.934951,22.636388
深圳新西丽,广东,深圳市,南山区,西丽街道官龙名苑一栋E诚品超市,广东深圳市南山区西丽街道官龙名苑一栋E诚品超市,广东深圳市南山区西丽街道官龙名苑一栋E诚品超市,113.946014,22.589826
深圳新西丽,广东,深圳市,南山区,桃源街道学苑大道1088号南方科技大学工学院,广东深圳市南山区桃源街道学苑大道1088号南方科技大学工学院,广东深圳市南山区桃源街道学苑大道1088号南方科技大学工学院,113.996072,22.60051
深圳新西丽,广东,深圳市,南山区,平山村330栋,广东深圳市南山区平山村330栋,广东深圳市南山区平山村330栋,113.966534,22.586096
深圳新西丽,广东,深圳市,南山区,西丽街道新光路105号银港公寓银港公寓b栋不用打在家直接,广东深圳市南山区西丽街道新光路105号银港公寓银港公寓b栋,广东深圳市南山区西丽街道新光路105号银港公寓银港公寓b栋,113.952511,22.57663
深圳新西丽,广东,深圳市,南山区,西丽街道创智云城2期c1栋单元深圳科创学院,广东深圳市南山区西丽街道创智云城2期c1栋单元深圳科创学院,广东深圳市南山区西丽街道创智云城2期c1栋单元深圳科创学院,113.940712,22.578253
深圳新西丽,广东,深圳市,南山区,西丽镇南国丽城1F-24号铺班尼小,广东深圳市南山区西丽镇南国丽城1F-24号铺班尼小,广东深圳市南山区西丽镇南国丽城1F-24号铺班尼小,113.957261,22.581265
深圳新西丽,广东,深圳市,南山区,西丽中兴人才公寓,广东深圳市南山区西丽中兴人才公寓,广东深圳市南山区西丽中兴人才公寓,113.934563,22.579188
深圳新西丽,广东,深圳市,南山区,南天路4-4号南山区西丽九祥岭东区,广东深圳市南山区南天路4-4号南山区西丽九祥岭东区,广东深圳市南山区南天路4-4号南山区西丽九祥岭东区,113.956166,22.58274
深圳新西丽,广东,深圳市,南山区,桃源街道平山一路2号南山云谷创业园二期9栋楼B,广东深圳市南山区桃源街道平山一路2号南山云谷创业园二期9栋楼B,广东深圳市南山区桃源街道平山一路2号南山云谷创业园二期9栋楼B,113.97004,22.584241
深圳新西丽,广东,深圳市,南山区,丽新大厦,广东深圳市南山区丽新大厦,广东深圳市南山区丽新大厦,113.955789,22.579372
深圳新西丽,广东,深圳市,南山区,九祥岭西区12栋,广东深圳市南山区九祥岭西区12栋,广东深圳市南山区九祥岭西区12栋,113.956061,22.583856
深圳新西丽,广东,深圳市,南山区,南山区西丽街道留仙洞工业区7栋楼,广东深圳市南山区西丽街道留仙洞工业区7栋楼,广东深圳市南山区西丽街道留仙洞工业区7栋楼,113.928493,22.587086
深圳新西丽,广东,深圳市,南山区,广东省深圳市南山区 新围社区南天路味琪蒸饭九祥岭店,广东深圳市南山区广东省深圳市南山区 新围社区南天路味琪蒸饭九祥岭店,广东深圳市南山区广东省深圳市南山区 新围社区南天路味琪蒸饭九祥岭店,113.955854,22.584849
深圳新西丽,广东,深圳市,南山区,珠光路宝珠花园,广东深圳市南山区珠光路宝珠花园,广东深圳市南山区珠光路宝珠花园,113.957847,22.571047
深圳新西丽,广东,深圳市,南山区,南山区桃源街道留仙大道大园工业区北区3栋,广东深圳市南山区桃源街道留仙大道大园工业区北区3栋,广东深圳市南山区桃源街道留仙大道大园工业区北区3栋,113.977716,22.584693
深圳新西丽,广东,深圳市,南山区,留仙大道1380号西丽天虹楼播元素L,广东深圳市南山区留仙大道1380号西丽天虹楼播元素L,广东深圳市南山区留仙大道1380号西丽天虹楼播元素L,113.952169,22.581163
深圳新西丽,广东,深圳市,南山区,沿河路9号九祥岭工业园,广东深圳市南山区沿河路9号九祥岭工业园,广东深圳市南山区沿河路9号九祥岭工业园,113.956166,22.58274
深圳新西丽,广东,深圳市,南山区,西丽街道百旺文明大厦楼朗利建设股份有限公司,广东深圳市南山区西丽街道百旺文明大厦楼朗利建设股份有限公司,广东深圳市南山区西丽街道百旺文明大厦楼朗利建设股份有限公司,113.936998,22.627941
深圳新西丽,广东,深圳市,南山区,西丽街道林喜公寓,广东深圳市南山区西丽街道林喜公寓,广东深圳市南山区西丽街道林喜公寓,113.951872,22.577467
深圳新西丽,广东,深圳市,南山区,桃源街道学苑大道1066号深圳大学丽湖校区,广东深圳市南山区桃源街道学苑大道1066号深圳大学丽湖校区,广东深圳市南山区桃源街道学苑大道1066号深圳大学丽湖校区,113.992239,22.598417
深圳新西丽,广东,深圳市,南山区,桃源街道西丽大学城哈工大校区荔园设寓,广东深圳市南山区桃源街道西丽大学城哈工大校区荔园设寓,广东深圳市南山区桃源街道西丽大学城哈工大校区荔园设寓,113.968612,22.586238
深圳新西丽,广东,深圳市,南山区,西丽街道西丽社区同发南路天珑移动总部大厦,广东深圳市南山区西丽街道西丽社区同发南路天珑移动总部大厦,广东深圳市南山区西丽街道西丽社区同发南路天珑移动总部大厦,113.94413,22.575464
深圳新西丽,广东,深圳市,南山区,西丽街道南岗第二工业园8栋楼,广东深圳市南山区西丽街道南岗第二工业园8栋楼,广东深圳市南山区西丽街道南岗第二工业园8栋楼,113.951872,22.577467
深圳新西丽,广东,深圳市,南山区,南山新屋村中路116栋,广东深圳市南山区南山新屋村中路116栋,广东深圳市南山区南山新屋村中路116栋,113.96793,22.567584
深圳新西丽,广东,深圳市,南山区,新屋村东区,广东深圳市南山区新屋村东区,广东深圳市南山区新屋村东区,113.967277,22.567767
深圳新西丽,广东,深圳市,南山区,留仙大道1380号天虹商场,广东深圳市南山区留仙大道1380号天虹商场,广东深圳市南山区留仙大道1380号天虹商场,113.955222,22.581328
深圳新西丽,广东,深圳市,南山区,西丽街道沙河西路4089号西丽湖校区快递,广东深圳市南山区西丽街道沙河西路4089号西丽湖校区快递,广东深圳市南山区西丽街道沙河西路4089号西丽湖校区快递,113.965648,22.593567
深圳新西丽,广东,深圳市,南山区,中兴人才公寓1A栋,广东深圳市南山区中兴人才公寓1A栋,广东深圳市南山区中兴人才公寓1A栋,113.934563,22.579188
深圳新西丽,广东,深圳市,南山区,新屋村,广东深圳市南山区新屋村,广东深圳市南山区新屋村,113.96793,22.567584
深圳新西丽,广东,深圳市,南山区,留仙大道138号西丽天虹楼panpankids童装,广东深圳市南山区留仙大道138号西丽天虹楼panpankids童装,广东深圳市南山区留仙大道138号西丽天虹楼panpankids童装,113.943867,22.568801
深圳新西丽,广东,深圳市,南山区,桃源街道龙珠大道龙祥苑c座,广东深圳市南山区桃源街道龙珠大道龙祥苑c座,广东深圳市南山区桃源街道龙珠大道龙祥苑c座,113.966083,22.567885
深圳新西丽,广东,深圳市,南山区,九祥岭东区63栋,广东深圳市南山区九祥岭东区63栋,广东深圳市南山区九祥岭东区63栋,113.957542,22.583634
深圳新西丽,广东,深圳市,南山区,桃源街道西丽春园路北京大学深圳研究生院燕园2号楼,广东深圳市南山区桃源街道西丽春园路北京大学深圳研究生院燕园2号楼,广东深圳市南山区桃源街道西丽春园路北京大学深圳研究生院燕园2号楼,113.979616,22.59172
深圳新西丽,广东,深圳市,南山区,西丽街道留仙居北区13号楼BC单元门口保安处消,广东深圳市南山区西丽街道留仙居北区13号楼BC单元门口保安处消,广东深圳市南山区西丽街道留仙居北区13号楼BC单元门口保安处消,113.94987,22.583439
深圳新西丽,广东,深圳市,南山区,西丽南国丽城1F-24号铺班尼小,广东深圳市南山区西丽南国丽城1F-24号铺班尼小,广东深圳市南山区西丽南国丽城1F-24号铺班尼小,113.957261,22.581265
深圳新西丽,广东,深圳市,南山区,桃源街道深圳市南山区云谷创新产业园二期10栋,广东深圳市南山区桃源街道深圳市南山区云谷创新产业园二期10栋,广东深圳市南山区桃源街道深圳市南山区云谷创新产业园二期10栋,113.970601,22.584048
深圳新西丽,广东,深圳市,南山区,西丽镇茂硕电源科技股份有限公司,广东深圳市南山区西丽镇茂硕电源科技股份有限公司,广东深圳市南山区西丽镇茂硕电源科技股份有限公司,113.931339,22.633836
深圳新西丽,广东,深圳市,南山区,西丽街道大磡二村203号,广东深圳市南山区西丽街道大磡二村203号,广东深圳市南山区西丽街道大磡二村203号,113.979963,22.622546
深圳新西丽,广东,深圳市,南山区,桃源街道塘朗村93号朗轩楼,广东深圳市南山区桃源街道塘朗村93号朗轩楼,广东深圳市南山区桃源街道塘朗村93号朗轩楼,113.988581,22.590419
深圳新西丽,广东,深圳市,南山区,西丽街道松柏路1049号大视野智慧园11栋,广东深圳市南山区西丽街道松柏路1049号大视野智慧园11栋,广东深圳市南山区西丽街道松柏路1049号大视野智慧园11栋,113.951872,22.577467
深圳新西丽,广东,深圳市,南山区,西丽街道打石一路深圳泊寓南山云城旗舰店,广东深圳市南山区西丽街道打石一路深圳泊寓南山云城旗舰店,广东深圳市南山区西丽街道打石一路深圳泊寓南山云城旗舰店,113.943325,22.574575
深圳新西丽,广东,深圳市,南山区,打石一路深圳万科云城泊寓,广东深圳市南山区打石一路深圳万科云城泊寓,广东深圳市南山区打石一路深圳万科云城泊寓,113.943325,22.574575
深圳新西丽,广东,深圳市,南山区,西丽天虹楼佰草集专柜,广东深圳市南山区西丽天虹楼佰草集专柜,广东深圳市南山区西丽天虹楼佰草集专柜,113.943867,22.568801
深圳新西丽,广东,深圳市,南山区,福利中心二期,广东深圳市南山区福利中心二期,广东深圳市南山区福利中心二期,114.219733,22.552493
深圳新西丽,广东,深圳市,南山区,西丽街道聚创金谷1栋,广东深圳市南山区西丽街道聚创金谷1栋,广东深圳市南山区西丽街道聚创金谷1栋,113.950977,22.575953
深圳新西丽,广东,深圳市,南山区,西丽街道打石一路泊寓南山云城旗舰店,广东深圳市南山区西丽街道打石一路泊寓南山云城旗舰店,广东深圳市南山区西丽街道打石一路泊寓南山云城旗舰店,113.943122,22.573959
深圳新西丽,广东,深圳市,南山区,沙河街道沙河西路4087号西丽湖校区快递丰巢快递柜,广东深圳市南山区沙河街道沙河西路4087号西丽湖校区快递丰巢快递柜,广东深圳市南山区沙河街道沙河西路4087号西丽湖校区快递丰巢快递柜,113.965648,22.593567
深圳新西丽,广东,深圳市,南山区,西丽九祥岭东区4号楼,广东深圳市南山区西丽九祥岭东区4号楼,广东深圳市南山区西丽九祥岭东区4号楼,113.956935,22.583052
深圳新西丽,广东,深圳市,南山区,西丽社区沙河西路3217号丽居委综合楼-112八喜蛋糕店,广东深圳市南山区西丽社区沙河西路3217号丽居委综合楼-112八喜蛋糕店,广东深圳市南山区西丽社区沙河西路3217号丽居委综合楼-112八喜蛋糕店,113.953828,22.574737
深圳新西丽,广东,深圳市,南山区,西丽街道石鼓路一本电子商务大厦中建二局西丽综合交通枢纽工程施工总承包I标一工区项目部丰巢柜,广东深圳市南山区西丽街道石鼓路一本电子商务大厦中建二局西丽综合交通枢纽工程施工总承包I标一工区项目部丰巢柜,广东深圳市南山区西丽街道石鼓路一本电子商务大厦中建二局西丽综合交通枢纽工程施工总承包I标一工区项目部丰巢柜,113.948394,22.572602
深圳新西丽,广东,深圳市,南山区,深圳市南山区西丽街道南岗第二工业园8栋楼,广东深圳市南山区深圳市南山区西丽街道南岗第二工业园8栋楼,广东深圳市南山区深圳市南山区西丽街道南岗第二工业园8栋楼,113.951872,22.577467
深圳新西丽,广东,深圳市,南山区,深圳市南山区西丽沙河新光路文苑街,广东深圳市南山区深圳市南山区西丽沙河新光路文苑街,广东深圳市南山区深圳市南山区西丽沙河新光路文苑街,113.951773,22.577581
深圳新西丽,广东,深圳市,南山区,西丽街道西丽茶光村,广东深圳市南山区西丽街道西丽茶光村,广东深圳市南山区西丽街道西丽茶光村,113.950579,22.565654
深圳新西丽,广东,深圳市,南山区,西丽南国丽城,广东深圳市南山区西丽南国丽城,广东深圳市南山区西丽南国丽城,113.9572,22.581957
深圳新西丽,广东,深圳市,南山区,王京坑村32号店,广东深圳市南山区王京坑村32号店,广东深圳市南山区王京坑村32号店,113.971308,22.628038
深圳新西丽,广东,深圳市,南山区,西丽社区大磡科技园一期A栋楼飞亚斯商城,广东深圳市南山区西丽社区大磡科技园一期A栋楼飞亚斯商城,广东深圳市南山区西丽社区大磡科技园一期A栋楼飞亚斯商城,113.977859,22.617786
深圳新西丽,广东,深圳市,南山区,仙鼓路云城万科里东里停车场麦当劳旁停车场入口下左转C区,广东深圳市南山区仙鼓路云城万科里东里停车场麦当劳旁停车场入口下左转C区,广东深圳市南山区仙鼓路云城万科里东里停车场麦当劳旁停车场入口下左转C区,113.945936,22.573488
深圳新西丽,广东,深圳市,南山区,中山园路1001号TCL科学园G2栋一902－,广东深圳市南山区中山园路1001号TCL科学园G2栋一902－,广东深圳市南山区中山园路1001号TCL科学园G2栋一902－,113.928061,22.571848
深圳新西丽,广东,深圳市,南山区,广东省深圳市南山区沙河西路4089号西丽湖校区丰巢快递柜,广东深圳市南山区广东省深圳市南山区沙河西路4089号西丽湖校区丰巢快递柜,广东深圳市南山区广东省深圳市南山区沙河西路4089号西丽湖校区丰巢快递柜,113.939225,22.630775
深圳新西丽,广东,深圳市,南山区,南山区桃源街道清华大学深圳国际研究生院能源环境大楼,广东深圳市南山区桃源街道清华大学深圳国际研究生院能源环境大楼,广东深圳市南山区桃源街道清华大学深圳国际研究生院能源环境大楼,113.973424,22.58839
深圳新西丽,广东,深圳市,南山区,西丽街道南国丽城2栋F-23号铺YONEX华星体育网羽专卖店,广东深圳市南山区西丽街道南国丽城2栋F-23号铺YONEX华星体育网羽专卖店,广东深圳市南山区西丽街道南国丽城2栋F-23号铺YONEX华星体育网羽专卖店,113.957661,22.581212
深圳新西丽,广东,深圳市,南山区,桃源街道新屋村中区5栋,广东深圳市南山区桃源街道新屋村中区5栋,广东深圳市南山区桃源街道新屋村中区5栋,113.966474,22.568748
深圳新西丽,广东,深圳市,南山区,南山区西丽街道创智云城一期A2栋楼,广东深圳市南山区西丽街道创智云城一期A2栋楼,广东深圳市南山区西丽街道创智云城一期A2栋楼,113.939828,22.578449
深圳新西丽,广东,深圳市,南山区,留仙大道远洋天著3B,广东深圳市南山区留仙大道远洋天著3B,广东深圳市南山区留仙大道远洋天著3B,113.977716,22.584693
深圳新西丽,广东,深圳市,南山区,西丽街道曙光社区冠铭花园1栋,广东深圳市南山区西丽街道曙光社区冠铭花园1栋,广东深圳市南山区西丽街道曙光社区冠铭花园1栋,113.94989,22.566373
深圳新西丽,广东,深圳市,南山区,西丽镇麻勘村麻勘南路29号栋楼0755,广东深圳市南山区西丽镇麻勘村麻勘南路29号栋楼0755,广东深圳市南山区西丽镇麻勘村麻勘南路29号栋楼0755,113.952919,22.633866
深圳新西丽,广东,深圳市,南山区,南山区桃源街道珠光村西区67栋,广东深圳市南山区桃源街道珠光村西区67栋,广东深圳市南山区桃源街道珠光村西区67栋,113.960723,22.571672
深圳新西丽,广东,深圳市,南山区,西丽街道九祥岭西区65号,广东深圳市南山区西丽街道九祥岭西区65号,广东深圳市南山区西丽街道九祥岭西区65号,113.955294,22.584623
深圳新西丽,广东,深圳市,南山区,乾丰三路和乾丰二路交界处社会捐助管理服务中心门口水泥路向西直走400米左右华杰宿舍区,广东深圳市南山区乾丰三路和乾丰二路交界处社会捐助管理服务中心门口水泥路向西直走400米左右华杰宿舍区,广东深圳市南山区乾丰三路和乾丰二路交界处社会捐助管理服务中心门口水泥路向西直走400米左右华杰宿舍区,113.941676,22.565903
深圳新西丽,广东,深圳市,南山区,留仙大道与创科路交叉口东南角创智云城A7栋,广东深圳市南山区留仙大道与创科路交叉口东南角创智云城A7栋,广东深圳市南山区留仙大道与创科路交叉口东南角创智云城A7栋,113.937931,22.579361
深圳新西丽,广东,深圳市,南山区,工业区路南山区亿莱工业大厦,广东深圳市南山区工业区路南山区亿莱工业大厦,广东深圳市南山区工业区路南山区亿莱工业大厦,113.929808,22.615206
深圳新西丽,广东,深圳市,南山区,桃源街道平山社区平山一路南山云谷创业园2期一栋宿舍楼湘肴世家鲜炒湖南,广东深圳市南山区桃源街道平山社区平山一路南山云谷创业园2期一栋宿舍楼湘肴世家鲜炒湖南,广东深圳市南山区桃源街道平山社区平山一路南山云谷创业园2期一栋宿舍楼湘肴世家鲜炒湖南,113.970601,22.584048
深圳新西丽,广东,深圳市,南山区,西丽南国丽城2栋B,广东深圳市南山区西丽南国丽城2栋B,广东深圳市南山区西丽南国丽城2栋B,113.957359,22.581271
深圳新西丽,广东,深圳市,南山区,西丽街道同发路6号官龙名苑2栋,广东深圳市南山区西丽街道同发路6号官龙名苑2栋,广东深圳市南山区西丽街道同发路6号官龙名苑2栋,113.946281,22.589655
深圳新西丽,广东,深圳市,南山区,西丽街道深圳职业技术大学留仙洞园区快递,广东深圳市南山区西丽街道深圳职业技术大学留仙洞园区快递,广东深圳市南山区西丽街道深圳职业技术大学留仙洞园区快递,113.930801,22.586521
深圳新西丽,广东,深圳市,南山区,西丽街道阳光社区力合紫荆科创产业园楼服装公司,广东深圳市南山区西丽街道阳光社区力合紫荆科创产业园楼服装公司,广东深圳市南山区西丽街道阳光社区力合紫荆科创产业园楼服装公司,113.938417,22.638904
深圳新西丽,广东,深圳市,南山区,桃源街道南山区集悦城红花岭4栋,广东深圳市南山区桃源街道南山区集悦城红花岭4栋,广东深圳市南山区桃源街道南山区集悦城红花岭4栋,113.968899,22.576823
深圳新西丽,广东,深圳市,南山区,打石一路22号中兴人才公寓1A,广东深圳市南山区打石一路22号中兴人才公寓1A,广东深圳市南山区打石一路22号中兴人才公寓1A,113.938273,22.57371
深圳新西丽,广东,深圳市,南山区,中兴人才公寓7栋,广东深圳市南山区中兴人才公寓7栋,广东深圳市南山区中兴人才公寓7栋,113.934563,22.579188
深圳新西丽,广东,深圳市,南山区,西丽街道西丽镇打石一路中兴人才公寓2B栋,广东深圳市南山区西丽街道西丽镇打石一路中兴人才公寓2B栋,广东深圳市南山区西丽街道西丽镇打石一路中兴人才公寓2B栋,113.934563,22.579188
深圳新西丽,广东,深圳市,南山区,西丽王京坑村32,广东深圳市南山区西丽王京坑村32,广东深圳市南山区西丽王京坑村32,113.971308,22.628038
深圳新西丽,广东,深圳市,南山区,天虹商场,广东深圳市南山区天虹商场,广东深圳市南山区天虹商场,113.930478,22.533191
深圳新西丽,广东,深圳市,南山区,西丽街道天悦湾花园A,广东深圳市南山区西丽街道天悦湾花园A,广东深圳市南山区西丽街道天悦湾花园A,113.945312,22.581348
深圳新西丽,广东,深圳市,南山区,西丽街道打石一路万科云城泊,广东深圳市南山区西丽街道打石一路万科云城泊,广东深圳市南山区西丽街道打石一路万科云城泊,113.943361,22.574414
深圳新西丽,广东,深圳市,南山区,南天路4-4号南山区西丽九祥岭东区(南天路东,广东深圳市南山区南天路4-4号南山区西丽九祥岭东区(南天路东,广东深圳市南山区南天路4-4号南山区西丽九祥岭东区(南天路东,113.956166,22.58274
深圳新西丽,广东,深圳市,南山区,西丽南国丽城3栋H,广东深圳市南山区西丽南国丽城3栋H,广东深圳市南山区西丽南国丽城3栋H,113.9582,22.582146
深圳新西丽,广东,深圳市,南山区,留仙大道博林天瑞3栋,广东深圳市南山区留仙大道博林天瑞3栋,广东深圳市南山区留仙大道博林天瑞3栋,113.972906,22.583766
深圳新西丽,广东,深圳市,南山区,南山区西丽街道深圳市南山区西丽街道伟豪科技园鼎升韵科技有限公司,广东深圳市南山区西丽街道深圳市南山区西丽街道伟豪科技园鼎升韵科技有限公司,广东深圳市南山区西丽街道深圳市南山区西丽街道伟豪科技园鼎升韵科技有限公司,113.934951,22.636388
深圳新西丽,广东,深圳市,南山区,西丽镇西丽天虹楼伏龙专柜,广东深圳市南山区西丽镇西丽天虹楼伏龙专柜,广东深圳市南山区西丽镇西丽天虹楼伏龙专柜,113.943867,22.568801
深圳新西丽,广东,深圳市,南山区,文光村b座,广东深圳市南山区文光村b座,广东深圳市南山区文光村b座,113.950348,22.570372
深圳新西丽,广东,深圳市,南山区,西丽街道丽苑二村西丽工业区,广东深圳市南山区西丽街道丽苑二村西丽工业区,广东深圳市南山区西丽街道丽苑二村西丽工业区,113.951915,22.576759
深圳新西丽,广东,深圳市,南山区,西丽街道牛成村,广东深圳市南山区西丽街道牛成村,广东深圳市南山区西丽街道牛成村,113.928858,22.614359
深圳新西丽,广东,深圳市,南山区,西丽镇文苑街103号瀚琳,广东深圳市南山区西丽镇文苑街103号瀚琳,广东深圳市南山区西丽镇文苑街103号瀚琳,113.952508,22.575478
深圳新西丽,广东,深圳市,南山区,西丽天虹楼蔻,广东深圳市南山区西丽天虹楼蔻,广东深圳市南山区西丽天虹楼蔻,113.943867,22.568801
深圳新西丽,广东,深圳市,南山区,深圳职业技术大学西丽湖校区快递,广东深圳市南山区深圳职业技术大学西丽湖校区快递,广东深圳市南山区深圳职业技术大学西丽湖校区快递,113.949845,22.5894
深圳新西丽,广东,深圳市,南山区,西丽街道西丽镇大磡一村68号大依马打红花油1,广东深圳市南山区西丽街道西丽镇大磡一村68号大依马打红花油1,广东深圳市南山区西丽街道西丽镇大磡一村68号大依马打红花油1,113.976096,22.622047
深圳新西丽,广东,深圳市,南山区,西丽街道新围社区同沙路28号互通新城园区C座,广东深圳市南山区西丽街道新围社区同沙路28号互通新城园区C座,广东深圳市南山区西丽街道新围社区同沙路28号互通新城园区C座,113.948426,22.58423
深圳新西丽,广东,深圳市,南山区,天虹商场 楼,广东深圳市南山区天虹商场 楼,广东深圳市南山区天虹商场 楼,113.930478,22.533191
深圳新西丽,广东,深圳市,南山区,西丽街道松柏路1008号军威物业楼D,广东深圳市南山区西丽街道松柏路1008号军威物业楼D,广东深圳市南山区西丽街道松柏路1008号军威物业楼D,113.936586,22.629863
深圳新西丽,广东,深圳市,南山区,西丽镇九祥岭东区83栋,广东深圳市南山区西丽镇九祥岭东区83栋,广东深圳市南山区西丽镇九祥岭东区83栋,113.95664,22.583947
深圳新西丽,广东,深圳市,南山区,中兴人才公寓,广东深圳市南山区中兴人才公寓,广东深圳市南山区中兴人才公寓,113.934563,22.579188
深圳新西丽,广东,深圳市,南山区,哈尔滨工业大学荔园10号楼 沈腾是辣妹,广东深圳市南山区哈尔滨工业大学荔园10号楼 沈腾是辣妹,广东深圳市南山区哈尔滨工业大学荔园10号楼 沈腾是辣妹,113.917815,22.488816
深圳新西丽,广东,深圳市,南山区,西丽街道万科云城万科里B座B,广东深圳市南山区西丽街道万科云城万科里B座B,广东深圳市南山区西丽街道万科云城万科里B座B,113.943122,22.574699
深圳新西丽,广东,深圳市,南山区,桃源街道平山一路大园工业北区14栋楼,广东深圳市南山区桃源街道平山一路大园工业北区14栋楼,广东深圳市南山区桃源街道平山一路大园工业北区14栋楼,113.967129,22.586582
深圳新西丽,广东,深圳市,南山区,打石一路丹华公馆1栋,广东深圳市南山区打石一路丹华公馆1栋,广东深圳市南山区打石一路丹华公馆1栋,113.935647,22.572505
深圳新西丽,广东,深圳市,南山区,西丽街道南国丽城花园6栋N单元,广东深圳市南山区西丽街道南国丽城花园6栋N单元,广东深圳市南山区西丽街道南国丽城花园6栋N单元,113.951872,22.577467
深圳新西丽,广东,深圳市,南山区,西丽街道同沙路城市公寓,广东深圳市南山区西丽街道同沙路城市公寓,广东深圳市南山区西丽街道同沙路城市公寓,113.950605,22.583724
深圳新西丽,广东,深圳市,南山区,西丽街道新光路豪丽公寓菜鸟驿,广东深圳市南山区西丽街道新光路豪丽公寓菜鸟驿,广东深圳市南山区西丽街道新光路豪丽公寓菜鸟驿,113.952785,22.576731
深圳新西丽,广东,深圳市,南山区,西丽镇珠光公寓A,广东深圳市南山区西丽镇珠光公寓A,广东深圳市南山区西丽镇珠光公寓A,113.960701,22.571329
深圳新西丽,广东,深圳市,南山区,西丽打石一路,广东深圳市南山区西丽打石一路,广东深圳市南山区西丽打石一路,113.939325,22.574534
深圳新西丽,广东,深圳市,南山区,西丽街道创智云城2期三栋逸居B座,广东深圳市南山区西丽街道创智云城2期三栋逸居B座,广东深圳市南山区西丽街道创智云城2期三栋逸居B座,113.939375,22.577673
深圳新西丽,广东,深圳市,南山区,西丽街道丽苑路与新光路交叉口,广东深圳市南山区西丽街道丽苑路与新光路交叉口,广东深圳市南山区西丽街道丽苑路与新光路交叉口,113.951403,22.575224
深圳新西丽,广东,深圳市,南山区,西丽街道阳光社区松白路1008号企航科创研发产业园F栋楼,广东深圳市南山区西丽街道阳光社区松白路1008号企航科创研发产业园F栋楼,广东深圳市南山区西丽街道阳光社区松白路1008号企航科创研发产业园F栋楼,113.936681,22.630603
深圳新西丽,广东,深圳市,南山区,南国丽城,广东深圳市南山区南国丽城,广东深圳市南山区南国丽城,113.9572,22.581957
深圳新西丽,广东,深圳市,南山区,西丽街道白路1049号百旺兴大视野智慧园11栋,广东深圳市南山区西丽街道白路1049号百旺兴大视野智慧园11栋,广东深圳市南山区西丽街道白路1049号百旺兴大视野智慧园11栋,113.935347,22.629383
深圳新西丽,广东,深圳市,南山区,西丽街道新高路前沿商务空间A612,广东深圳市南山区西丽街道新高路前沿商务空间A612,广东深圳市南山区西丽街道新高路前沿商务空间A612,113.949454,22.585918
深圳新西丽,广东,深圳市,南山区,桃源街道珠光村西区67栋快递站点,广东深圳市南山区桃源街道珠光村西区67栋快递站点,广东深圳市南山区桃源街道珠光村西区67栋快递站点,113.960723,22.571672
深圳新西丽,广东,深圳市,南山区,大磡社区王京坑26栋新壹佳烟,广东深圳市南山区大磡社区王京坑26栋新壹佳烟,广东深圳市南山区大磡社区王京坑26栋新壹佳烟,113.971783,22.627704
深圳新西丽,广东,深圳市,南山区,西丽街道九祥岭东区45栋,广东深圳市南山区西丽街道九祥岭东区45栋,广东深圳市南山区西丽街道九祥岭东区45栋,113.957366,22.583363
深圳新西丽,广东,深圳市,南山区,西丽街道打石二路万科云城三期南区6-2601,广东深圳市南山区西丽街道打石二路万科云城三期南区6-2601,广东深圳市南山区西丽街道打石二路万科云城三期南区6-2601,113.946629,22.573259
深圳新西丽,广东,深圳市,南山区,西丽街道新围社区九祥岭工业区9栋楼深圳市绿恩环保技术有限公司,广东深圳市南山区西丽街道新围社区九祥岭工业区9栋楼深圳市绿恩环保技术有限公司,广东深圳市南山区西丽街道新围社区九祥岭工业区9栋楼深圳市绿恩环保技术有限公司,113.958544,22.583483
深圳新西丽,广东,深圳市,南山区,西丽街道松白路1008号栋圣诺医疗楼,广东深圳市南山区西丽街道松白路1008号栋圣诺医疗楼,广东深圳市南山区西丽街道松白路1008号栋圣诺医疗楼,113.936562,22.629957
深圳新西丽,广东,深圳市,南山区,珠光村,广东深圳市南山区珠光村,广东深圳市南山区珠光村,113.960701,22.571329
深圳新西丽,广东,深圳市,南山区,松白路1026号南岗第二工业园11栋楼,广东深圳市南山区松白路1026号南岗第二工业园11栋楼,广东深圳市南山区松白路1026号南岗第二工业园11栋楼,113.933159,22.635843
深圳新西丽,广东,深圳市,南山区,西丽街道创智云城A5栋A座,广东深圳市南山区西丽街道创智云城A5栋A座,广东深圳市南山区西丽街道创智云城A5栋A座,113.939435,22.578903
深圳新西丽,广东,深圳市,南山区,西丽街道留仙洞工业区北区20栋室一七八七区可达亚STBHJHED室,广东深圳市南山区西丽街道留仙洞工业区北区20栋室一七八七区可达亚STBHJHED室,广东深圳市南山区西丽街道留仙洞工业区北区20栋室一七八七区可达亚STBHJHED室,113.927087,22.58716
深圳新西丽,广东,深圳市,南山区,西丽街道旺棠学生公寓,广东深圳市南山区西丽街道旺棠学生公寓,广东深圳市南山区西丽街道旺棠学生公寓,113.951872,22.577467
深圳新西丽,广东,深圳市,南山区,桃源街道哈尔滨工业大学荔园8栋未,广东深圳市南山区桃源街道哈尔滨工业大学荔园8栋,广东深圳市南山区桃源街道哈尔滨工业大学荔园8栋,113.970869,22.58679
深圳新西丽,广东,深圳市,南山区,西丽街道石鼓路南山区文理实验学校文理二小,广东深圳市南山区西丽街道石鼓路南山区文理实验学校文理二小,广东深圳市南山区西丽街道石鼓路南山区文理实验学校文理二小,113.949228,22.571035
深圳新西丽,广东,深圳市,南山区,打石一路22号中兴人才公寓5B,广东深圳市南山区打石一路22号中兴人才公寓5B,广东深圳市南山区打石一路22号中兴人才公寓5B,113.938273,22.57371
深圳新西丽,广东,深圳市,南山区,桃源街道深圳大学丽湖校区惟品门风信子,广东深圳市南山区桃源街道深圳大学丽湖校区惟品门风信子,广东深圳市南山区桃源街道深圳大学丽湖校区惟品门风信子,113.989264,22.597188
深圳新西丽,广东,深圳市,南山区,西丽街道沙河西路3157号南山智谷产业园-A座,广东深圳市南山区西丽街道沙河西路3157号南山智谷产业园-A座,广东深圳市南山区西丽街道沙河西路3157号南山智谷产业园-A座,113.924164,22.488255
深圳新西丽,广东,深圳市,南山区,西丽街道大磡二村202号楼左边,广东深圳市南山区西丽街道大磡二村202号楼左边,广东深圳市南山区西丽街道大磡二村202号楼左边,113.979072,22.623073
深圳新西丽,广东,深圳市,南山区,南方科技大学理学院c,广东深圳市南山区南方科技大学理学院c,广东深圳市南山区南方科技大学理学院c,113.99927,22.5941
深圳新西丽,广东,深圳市,南山区,西丽天虹楼,广东深圳市南山区西丽天虹楼,广东深圳市南山区西丽天虹楼,113.943867,22.568801
深圳新西丽,广东,深圳市,南山区,西丽街道大磡工业区二路10号优谨B楼,广东深圳市南山区西丽街道大磡工业区二路10号优谨B楼,广东深圳市南山区西丽街道大磡工业区二路10号优谨B楼,113.951872,22.577467
深圳新西丽,广东,深圳市,南山区,南天路4-2号南山区铂曼轻雅酒店,广东深圳市南山区南天路4-2号南山区铂曼轻雅酒店,广东深圳市南山区南天路4-2号南山区铂曼轻雅酒店,113.956466,22.583295
深圳新西丽,广东,深圳市,南山区,西丽街道工业一路大磡二村131栋,广东深圳市南山区西丽街道工业一路大磡二村131栋,广东深圳市南山区西丽街道工业一路大磡二村131栋,113.98053,22.623143
深圳新西丽,广东,深圳市,南山区,西丽街道九祥岭东区,广东深圳市南山区西丽街道九祥岭东区,广东深圳市南山区西丽街道九祥岭东区,113.957184,22.583749
深圳新西丽,广东,深圳市,南山区,新屋村中区21栋,广东深圳市南山区新屋村中区21栋,广东深圳市南山区新屋村中区21栋,113.966474,22.568748
深圳新西丽,广东,深圳市,南山区,西丽镇打石一路中兴通讯人才公寓三期C栋二单元,广东深圳市南山区西丽镇打石一路中兴通讯人才公寓三期C栋二单元,广东深圳市南山区西丽镇打石一路中兴通讯人才公寓三期C栋二单元,113.936813,22.572923
深圳新西丽,广东,深圳市,南山区,南天路南山区西丽南国丽城6栋N,广东深圳市南山区南天路南山区西丽南国丽城6栋N,广东深圳市南山区南天路南山区西丽南国丽城6栋N,113.956693,22.582873
深圳新西丽,广东,深圳市,南山区,兴科一街与打石二路设计公社C区B,广东深圳市南山区兴科一街与打石二路设计公社C区B,广东深圳市南山区兴科一街与打石二路设计公社C区B,113.940544,22.575124
深圳新西丽,广东,深圳市,南山区,学苑大道南方科技大学工学院,广东深圳市南山区学苑大道南方科技大学工学院,广东深圳市南山区学苑大道南方科技大学工学院,113.996072,22.60051
深圳新西丽,广东,深圳市,南山区,打石二路万科云城东里商业区客家汇酒楼,广东深圳市南山区打石二路万科云城东里商业区客家汇酒楼,广东深圳市南山区打石二路万科云城东里商业区客家汇酒楼,113.945802,22.573726
深圳新西丽,广东,深圳市,南山区,西丽366大街,广东深圳市南山区西丽366大街,广东深圳市南山区西丽366大街,113.951186,22.58258
深圳新西丽,广东,深圳市,南山区,西丽九祥岭东区6栋,广东深圳市南山区西丽九祥岭东区6栋,广东深圳市南山区西丽九祥岭东区6栋,113.957436,22.583004
深圳新西丽,广东,深圳市,南山区,社会福利中心2期楼,广东深圳市南山区社会福利中心2期楼,广东深圳市南山区社会福利中心2期楼,114.493216,22.53418
深圳新西丽,广东,深圳市,南山区,西丽街道打石一路泊寓深圳云城,广东深圳市南山区西丽街道打石一路泊寓深圳云城,广东深圳市南山区西丽街道打石一路泊寓深圳云城,113.943122,22.573959
深圳新西丽,广东,深圳市,南山区,西丽街道麻磡南路63号深圳市拓普威节能建设有限公司,广东深圳市南山区西丽街道麻磡南路63号深圳市拓普威节能建设有限公司,广东深圳市南山区西丽街道麻磡南路63号深圳市拓普威节能建设有限公司,113.951305,22.633741
深圳新西丽,广东,深圳市,南山区,西丽街道商贸城,广东深圳市南山区西丽街道商贸城,广东深圳市南山区西丽街道商贸城,113.951872,22.577467
深圳新西丽,广东,深圳市,南山区,西丽中兴人才公寓5A,广东深圳市南山区西丽中兴人才公寓5A,广东深圳市南山区西丽中兴人才公寓5A,113.934563,22.579188
深圳新西丽,广东,深圳市,南山区,西丽新屋村中区125栋,广东深圳市南山区西丽新屋村中区125栋,广东深圳市南山区西丽新屋村中区125栋,113.965722,22.569325
深圳新西丽,广东,深圳市,南山区,平山一路云谷创新产业园2期10栋,广东深圳市南山区平山一路云谷创新产业园2期10栋,广东深圳市南山区平山一路云谷创新产业园2期10栋,113.970601,22.584048
深圳新西丽,广东,深圳市,南山区,南山区西丽街道打石一路深圳国际创新谷1栋A座,广东深圳市南山区西丽街道打石一路深圳国际创新谷1栋A座,广东深圳市南山区西丽街道打石一路深圳国际创新谷1栋A座,113.939325,22.574528
深圳新西丽,广东,深圳市,南山区,南山街道西丽新华大厦2栋,广东深圳市南山区南山街道西丽新华大厦2栋,广东深圳市南山区南山街道西丽新华大厦2栋,113.95025,22.580378
深圳新西丽,广东,深圳市,南山区,南天路东侧九祥岭东区,广东深圳市南山区南天路东侧九祥岭东区,广东深圳市南山区南天路东侧九祥岭东区,113.957591,22.583286
深圳新西丽,广东,深圳市,南山区,桃源街道南方科技大学工学院南楼,广东深圳市南山区桃源街道南方科技大学工学院南楼,广东深圳市南山区桃源街道南方科技大学工学院南楼,113.995768,22.599687
深圳新西丽,广东,深圳市,南山区,南山区西丽街道留仙村路81号华润有巢公寓快递服务中心,广东深圳市南山区西丽街道留仙村路81号华润有巢公寓快递服务中心,广东深圳市南山区西丽街道留仙村路81号华润有巢公寓快递服务中心,113.926925,22.586875
深圳新西丽,广东,深圳市,南山区,西丽街道大疆天空之城T1栋楼,广东深圳市南山区西丽街道大疆天空之城T1栋楼,广东深圳市南山区西丽街道大疆天空之城T1栋楼,113.942888,22.577473
深圳新西丽,广东,深圳市,南山区,西丽街道广东省深圳市南山区西丽街道阳光工业区企航科创园F栋层,广东深圳市南山区西丽街道广东省深圳市南山区西丽街道阳光工业区企航科创园F栋层,广东深圳市南山区西丽街道广东省深圳市南山区西丽街道阳光工业区企航科创园F栋层,113.934352,22.634035
深圳新西丽,广东,深圳市,南山区,南国丽城班尼小,广东深圳市南山区南国丽城班尼小,广东深圳市南山区南国丽城班尼小,113.9572,22.581957
深圳新西丽,广东,深圳市,南山区,西丽街道西丽南路50号珠光公寓A单位,广东深圳市南山区西丽街道西丽南路50号珠光公寓A单位,广东深圳市南山区西丽街道西丽南路50号珠光公寓A单位,113.960701,22.571329
深圳新西丽,广东,深圳市,南山区,西丽街道南山区西丽镇九祥岭东区,广东深圳市南山区西丽街道南山区西丽镇九祥岭东区,广东深圳市南山区西丽街道南山区西丽镇九祥岭东区,113.957184,22.583749
深圳新西丽,广东,深圳市,南山区,西丽镇九祥岭东区101栋,广东深圳市南山区西丽镇九祥岭东区101栋,广东深圳市南山区西丽镇九祥岭东区101栋,113.956882,22.58405
深圳新西丽,广东,深圳市,南山区,西丽镇官龙村第二工业区希创产业园楼,广东深圳市南山区西丽镇官龙村第二工业区希创产业园楼,广东深圳市南山区西丽镇官龙村第二工业区希创产业园楼,113.945564,22.585437
深圳新西丽,广东,深圳市,南山区,西丽众望楼栋,广东深圳市南山区西丽众望楼栋,广东深圳市南山区西丽众望楼栋,113.943867,22.568801
深圳新西丽,广东,深圳市,南山区,留仙二路TcL科学园国际E城F3栋负楼,广东深圳市南山区留仙二路TcL科学园国际E城F3栋负楼,广东深圳市南山区留仙二路TcL科学园国际E城F3栋负楼,113.922686,22.578176
深圳新西丽,广东,深圳市,南山区,南山区西丽九祥岭东区4号,广东深圳市南山区西丽九祥岭东区4号,广东深圳市南山区西丽九祥岭东区4号,113.957085,22.583024
深圳新西丽,广东,深圳市,南山区,西丽街道南国丽城,广东深圳市南山区西丽街道南国丽城,广东深圳市南山区西丽街道南国丽城,113.9572,22.581957
深圳新西丽,广东,深圳市,南山区,桃源街道龙珠大道142号龙祥苑,广东深圳市南山区桃源街道龙珠大道142号龙祥苑,广东深圳市南山区桃源街道龙珠大道142号龙祥苑,113.96575,22.567898
深圳新西丽,广东,深圳市,南山区,西丽街道留仙洞万科云城深圳国际创新谷1栋B座,广东深圳市南山区西丽街道留仙洞万科云城深圳国际创新谷1栋B座,广东深圳市南山区西丽街道留仙洞万科云城深圳国际创新谷1栋B座,113.939873,22.57473
深圳新西丽,广东,深圳市,南山区,西丽街道南山西丽留仙居城市公寓,广东深圳市南山区西丽街道南山西丽留仙居城市公寓,广东深圳市南山区西丽街道南山西丽留仙居城市公寓,113.950605,22.583724
深圳新西丽,广东,深圳市,南山区,天虹商场UIOK,广东深圳市南山区天虹商场UIOK,广东深圳市南山区天虹商场UIOK,113.930478,22.533191
深圳新西丽,广东,深圳市,南山区,桃源街道深圳市南山区西丽镇丽山路民企科技园4栋楼,广东深圳市南山区桃源街道深圳市南山区西丽镇丽山路民企科技园4栋楼,广东深圳市南山区桃源街道深圳市南山区西丽镇丽山路民企科技园4栋楼,113.963478,22.586415
深圳新西丽,广东,深圳市,南山区,西丽街道兴科路66号乐普大厦西塔楼,广东深圳市南山区西丽街道兴科路66号乐普大厦西塔楼,广东深圳市南山区西丽街道兴科路66号乐普大厦西塔楼,113.94528,22.57744
深圳新西丽,广东,深圳市,南山区,西丽街道丽雅苑1栋,广东深圳市南山区西丽街道丽雅苑1栋,广东深圳市南山区西丽街道丽雅苑1栋,113.945852,22.58273
深圳新西丽,广东,深圳市,南山区,南山区西丽街道百旺社区白芒村北50号祥昭物流园B区,广东深圳市南山区西丽街道百旺社区白芒村北50号祥昭物流园B区,广东深圳市南山区西丽街道百旺社区白芒村北50号祥昭物流园B区,113.940676,22.625421
深圳新西丽,广东,深圳市,南山区,珠光路新屋村,广东深圳市南山区珠光路新屋村,广东深圳市南山区珠光路新屋村,113.96793,22.567584
深圳新西丽,广东,深圳市,南山区,西丽街道南支路珠光大楼楼,广东深圳市南山区西丽街道南支路珠光大楼楼,广东深圳市南山区西丽街道南支路珠光大楼楼,113.952394,22.573139
深圳新西丽,广东,深圳市,南山区,西丽官龙名苑4栋A单元,广东深圳市南山区西丽官龙名苑4栋A单元,广东深圳市南山区西丽官龙名苑4栋A单元,113.945648,22.589871
深圳新西丽,广东,深圳市,南山区,西丽街道万科云城公社A区,广东深圳市南山区西丽街道万科云城公社A区,广东深圳市南山区西丽街道万科云城公社A区,113.943361,22.574414
深圳新西丽,广东,深圳市,南山区,西丽街道创智云城二期C1栋单元,广东深圳市南山区西丽街道创智云城二期C1栋单元,广东深圳市南山区西丽街道创智云城二期C1栋单元,113.939828,22.578449
深圳新西丽,广东,深圳市,南山区,西丽街道王京坑工业区34栋,广东深圳市南山区西丽街道王京坑工业区34栋,广东深圳市南山区西丽街道王京坑工业区34栋,113.9693,22.632987
深圳新西丽,广东,深圳市,南山区,智谷产业园c坐一单元,广东深圳市南山区智谷产业园c坐一单元,广东深圳市南山区智谷产业园c坐一单元,113.858223,22.583093
深圳新西丽,广东,深圳市,南山区,西丽街道牛成村203号楼室，深圳松日智能装备有限公司,广东深圳市南山区西丽街道牛成村203号楼室，深圳松日智能装备有限公司,广东深圳市南山区西丽街道牛成村203号楼室，深圳松日智能装备有限公司,113.928858,22.614359
深圳新西丽,广东,深圳市,南山区,西丽街道茶光村,广东深圳市南山区西丽街道茶光村,广东深圳市南山区西丽街道茶光村,113.953401,22.566841
深圳新西丽,广东,深圳市,南山区,西丽万科云城三期1栋,广东深圳市南山区西丽万科云城三期1栋,广东深圳市南山区西丽万科云城三期1栋,113.947142,22.573752
深圳新西丽,广东,深圳市,南山区,广东省深圳市南山区松白路1026南岗第二工业园5栋楼【麻烦包裹里写上自己的淘宝名和订单编号亲和素】,广东深圳市南山区广东省深圳市南山区松白路1026南岗第二工业园5栋楼,广东深圳市南山区广东省深圳市南山区松白路1026南岗第二工业园5栋楼,113.931506,22.635674
深圳新西丽,广东,深圳市,南山区,创智云城A2栋楼,广东深圳市南山区创智云城A2栋楼,广东深圳市南山区创智云城A2栋楼,113.939152,22.579829
深圳新西丽,广东,深圳市,南山区,西丽街道大磡村怡华工业区巴士公寓大门丰巢快递柜【25款ae4坐桶垫】,广东深圳市南山区西丽街道大磡村怡华工业区巴士公寓大门丰巢快递柜,广东深圳市南山区西丽街道大磡村怡华工业区巴士公寓大门丰巢快递柜,113.98408,22.621637
深圳新西丽,广东,深圳市,南山区,西丽街道九祥岭东区67-2栋,广东深圳市南山区西丽街道九祥岭东区67-2栋,广东深圳市南山区西丽街道九祥岭东区67-2栋,113.958015,22.583655
深圳新西丽,广东,深圳市,南山区,西丽街道国际创新谷6栋A座,广东深圳市南山区西丽街道国际创新谷6栋A座,广东深圳市南山区西丽街道国际创新谷6栋A座,113.944804,22.573837
深圳新西丽,广东,深圳市,南山区,深圳南山区沙河西路白芒百旺硏发大厦3栋a座,广东深圳市南山区深圳南山区沙河西路白芒百旺硏发大厦3栋a座,广东深圳市南山区深圳南山区沙河西路白芒百旺硏发大厦3栋a座,113.939782,22.622307
深圳新西丽,广东,深圳市,南山区,西丽街道深圳环保产业园1栋层,广东深圳市南山区西丽街道深圳环保产业园1栋层,广东深圳市南山区西丽街道深圳环保产业园1栋层,113.954752,22.632237
深圳新西丽,广东,深圳市,南山区,南天路南山区西丽九祥岭东区,广东深圳市南山区南天路南山区西丽九祥岭东区,广东深圳市南山区南天路南山区西丽九祥岭东区,113.957184,22.583749
深圳新西丽,广东,深圳市,南山区,西丽街道万科云城泊寓亚朵酒店侧面L1-4346号,广东深圳市南山区西丽街道万科云城泊寓亚朵酒店侧面L1-4346号,广东深圳市南山区西丽街道万科云城泊寓亚朵酒店侧面L1-4346号,113.91595,22.540837
深圳新西丽,广东,深圳市,南山区,西丽街道大疆天空之城西塔T1-楼,广东深圳市南山区西丽街道大疆天空之城西塔T1-楼,广东深圳市南山区西丽街道大疆天空之城西塔T1-楼,113.942888,22.577473
深圳新西丽,广东,深圳市,南山区,南山区桃源街道平山一路2号南山云谷创业园二期7栋楼,广东深圳市南山区桃源街道平山一路2号南山云谷创业园二期7栋楼,广东深圳市南山区桃源街道平山一路2号南山云谷创业园二期7栋楼,113.97004,22.584241
深圳新西丽,广东,深圳市,南山区,西丽同乐路留仙茗苑C,广东深圳市南山区西丽同乐路留仙茗苑C,广东深圳市南山区西丽同乐路留仙茗苑C,113.929011,22.583622
深圳新西丽,广东,深圳市,南山区,南山区西丽街道广东省深圳市南山区西丽街道1026号阳光工业区伟豪科技园2栋西侧楼,广东深圳市南山区西丽街道广东省深圳市南山区西丽街道1026号阳光工业区伟豪科技园2栋西侧楼,广东深圳市南山区西丽街道广东省深圳市南山区西丽街道1026号阳光工业区伟豪科技园2栋西侧楼,113.934951,22.636388
深圳新西丽,广东,深圳市,南山区,西丽街道深圳国际创新谷一期一栋A座楼,广东深圳市南山区西丽街道深圳国际创新谷一期一栋A座楼,广东深圳市南山区西丽街道深圳国际创新谷一期一栋A座楼,113.924164,22.488255
深圳新西丽,广东,深圳市,南山区,西丽街道西丽医院改扩建项目桂庆元,广东深圳市南山区西丽街道西丽医院改扩建项目桂庆元,广东深圳市南山区西丽街道西丽医院改扩建项目桂庆元,113.931669,22.636382
深圳新西丽,广东,深圳市,南山区,西丽镇打石一路22号中兴人才公寓5B,广东深圳市南山区西丽镇打石一路22号中兴人才公寓5B,广东深圳市南山区西丽镇打石一路22号中兴人才公寓5B,113.938273,22.57371
深圳新西丽,广东,深圳市,南山区,茶光路健兴科技大厦B座,广东深圳市南山区茶光路健兴科技大厦B座,广东深圳市南山区茶光路健兴科技大厦B座,113.95354,22.569173
深圳新西丽,广东,深圳市,南山区,西丽街道牛成村125栋,广东深圳市南山区西丽街道牛成村125栋,广东深圳市南山区西丽街道牛成村125栋,113.928858,22.614359
深圳新西丽,广东,深圳市,南山区,西阳光工业翻身小区五栋楼,广东深圳市南山区西阳光工业翻身小区五栋楼,广东深圳市南山区西阳光工业翻身小区五栋楼,113.935657,22.634232
深圳新西丽,广东,深圳市,南山区,南山区西丽街道深圳科创学院创智云城二期C1栋单元,广东深圳市南山区西丽街道深圳科创学院创智云城二期C1栋单元,广东深圳市南山区西丽街道深圳科创学院创智云城二期C1栋单元,113.939828,22.578449
深圳新西丽,广东,深圳市,南山区,西丽街道西丽社区打石一路深圳国际创新谷六栋B座楼,广东深圳市南山区西丽街道西丽社区打石一路深圳国际创新谷六栋B座楼,广东深圳市南山区西丽街道西丽社区打石一路深圳国际创新谷六栋B座楼,113.945044,22.573559
深圳新西丽,广东,深圳市,南山区,西丽百旺第二工业园八栋吕豪,广东深圳市南山区西丽百旺第二工业园八栋吕豪,广东深圳市南山区西丽百旺第二工业园八栋吕豪,113.931634,22.632049
深圳新西丽,广东,深圳市,南山区,广东省深圳市南山区西丽镇九祥岭西区19栋,广东深圳市南山区广东省深圳市南山区西丽镇九祥岭西区19栋,广东深圳市南山区广东省深圳市南山区西丽镇九祥岭西区19栋,113.955642,22.583923
深圳新西丽,广东,深圳市,南山区,桃源街道珠光路,广东深圳市南山区桃源街道珠光路,广东深圳市南山区桃源街道珠光路,113.960203,22.570437
深圳新西丽,广东,深圳市,南山区,桃源街道深圳大学丽湖校区宿舍一期,广东深圳市南山区桃源街道深圳大学丽湖校区宿舍一期,广东深圳市南山区桃源街道深圳大学丽湖校区宿舍一期,113.992239,22.598417
深圳新西丽,广东,深圳市,南山区,西丽镇丽兰苑1栋,广东深圳市南山区西丽镇丽兰苑1栋,广东深圳市南山区西丽镇丽兰苑1栋,113.951724,22.577655
深圳新西丽,广东,深圳市,南山区,西丽街道办留仙居南区6,广东深圳市南山区西丽街道办留仙居南区6,广东深圳市南山区西丽街道办留仙居南区6,113.94999,22.582568
深圳新西丽,广东,深圳市,南山区,王京坑路星空公寓,广东深圳市南山区王京坑路星空公寓,广东深圳市南山区王京坑路星空公寓,113.973296,22.625917
深圳新西丽,广东,深圳市,南山区,哈尔滨工业大学深圳校区荔园9号楼,广东深圳市南山区哈尔滨工业大学深圳校区荔园9号楼,广东深圳市南山区哈尔滨工业大学深圳校区荔园9号楼,113.969819,22.585867
深圳新西丽,广东,深圳市,南山区,南山区西丽街道玖裕茗院2栋,广东深圳市南山区西丽街道玖裕茗院2栋,广东深圳市南山区西丽街道玖裕茗院2栋,113.93444,22.571976
深圳新西丽,广东,深圳市,南山区,好多多商场楼泡,广东深圳市南山区好多多商场楼,广东深圳市南山区好多多商场楼,113.930478,22.533191
深圳新西丽,广东,深圳市,南山区,西丽街道西丽南支路18号华城公寓,广东深圳市南山区西丽街道西丽南支路18号华城公寓,广东深圳市南山区西丽街道西丽南支路18号华城公寓,113.953181,22.573907
深圳新西丽,广东,深圳市,南山区,学院大道1088号南方科技大学学生宿舍十二栋,广东深圳市南山区学院大道1088号南方科技大学学生宿舍十二栋,广东深圳市南山区学院大道1088号南方科技大学学生宿舍十二栋,113.998739,22.599732
深圳新西丽,广东,深圳市,南山区,留仙大道1380号西丽天虹楼,广东深圳市南山区留仙大道1380号西丽天虹楼,广东深圳市南山区留仙大道1380号西丽天虹楼,113.952169,22.581163
深圳新西丽,广东,深圳市,南山区,西丽街道西丽大学城哈工大深圳校区平山一路路四栋,广东深圳市南山区西丽街道西丽大学城哈工大深圳校区平山一路路四栋,广东深圳市南山区西丽街道西丽大学城哈工大深圳校区平山一路路四栋,113.967129,22.586582
深圳新西丽,广东,深圳市,南山区,西丽街道九祥岭东区129栋,广东深圳市南山区西丽街道九祥岭东区129栋,广东深圳市南山区西丽街道九祥岭东区129栋,113.95679,22.584685
深圳新西丽,广东,深圳市,南山区,西丽镇留仙洞村,广东深圳市南山区西丽镇留仙洞村,广东深圳市南山区西丽镇留仙洞村,113.930679,22.585494
深圳新西丽,广东,深圳市,南山区,九祥岭东区46栋,广东深圳市南山区九祥岭东区46栋,广东深圳市南山区九祥岭东区46栋,113.957257,22.583369
深圳新西丽,广东,深圳市,南山区,桃源街道云谷二期11幢可口可乐隆江,广东深圳市南山区桃源街道云谷二期11幢可口可乐隆江,广东深圳市南山区桃源街道云谷二期11幢可口可乐隆江,113.970601,22.584048
深圳新西丽,广东,深圳市,南山区,西丽街道茶光路波顿科技园A座楼,广东深圳市南山区西丽街道茶光路波顿科技园A座楼,广东深圳市南山区西丽街道茶光路波顿科技园A座楼,113.939991,22.567597
深圳新西丽,广东,深圳市,南山区,西丽南国丽城6栋快递柜,广东深圳市南山区西丽南国丽城6栋快递柜,广东深圳市南山区西丽南国丽城6栋快递柜,113.956693,22.582873
深圳新西丽,广东,深圳市,南山区,南山区西丽街道留仙大道中兴人才公寓6栋,广东深圳市南山区西丽街道留仙大道中兴人才公寓6栋,广东深圳市南山区西丽街道留仙大道中兴人才公寓6栋,113.934563,22.579188
深圳新西丽,广东,深圳市,南山区,南国丽城2栋F单元,广东深圳市南山区南国丽城2栋F单元,广东深圳市南山区南国丽城2栋F单元,113.957487,22.581211
深圳新西丽,广东,深圳市,南山区,南山区西丽街道一本大厦原执法队楼,广东深圳市南山区西丽街道一本大厦原执法队楼,广东深圳市南山区西丽街道一本大厦原执法队楼,113.949049,22.567575
深圳新西丽,广东,深圳市,南山区,西丽街道石鼓路深圳国际创新谷三期7,广东深圳市南山区西丽街道石鼓路深圳国际创新谷三期7,广东深圳市南山区西丽街道石鼓路深圳国际创新谷三期7,113.944698,22.573622
深圳新西丽,广东,深圳市,南山区,西丽街道TCL国际E城栋,广东深圳市南山区西丽街道TCL国际E城栋,广东深圳市南山区西丽街道TCL国际E城栋,113.994237,22.590116
深圳新西丽,广东,深圳市,南山区,桃源街道平山一路云谷二期3栋,广东深圳市南山区桃源街道平山一路云谷二期3栋,广东深圳市南山区桃源街道平山一路云谷二期3栋,113.970601,22.584048
深圳新西丽,广东,深圳市,南山区,西丽街道前沿商务空间楼雅尚前台不,广东深圳市南山区西丽街道前沿商务空间楼雅尚前台,广东深圳市南山区西丽街道前沿商务空间楼雅尚前台,113.949454,22.585918
深圳新西丽,广东,深圳市,南山区,西丽街道九祥岭街九祥岭西区九祥岭西区,广东深圳市南山区西丽街道九祥岭街九祥岭西区九祥岭西区,广东深圳市南山区西丽街道九祥岭街九祥岭西区九祥岭西区,113.955792,22.584474
深圳新西丽,广东,深圳市,南山区,南山区西丽镇新屋村中区116栋,广东深圳市南山区西丽镇新屋村中区116栋,广东深圳市南山区西丽镇新屋村中区116栋,113.966474,22.568748
深圳新西丽,广东,深圳市,南山区,西丽街道留仙洞村66号,广东深圳市南山区西丽街道留仙洞村66号,广东深圳市南山区西丽街道留仙洞村66号,113.930847,22.584524
深圳新西丽,广东,深圳市,南山区,南山区西丽街道南岗第二工业区15栋,广东深圳市南山区西丽街道南岗第二工业区15栋,广东深圳市南山区西丽街道南岗第二工业区15栋,113.974343,22.561516
深圳新西丽,广东,深圳市,南山区,西丽小白芒翻身旭生工业区三栋-楼东迪欣科技有限公司,广东深圳市南山区西丽小白芒翻身旭生工业区三栋-楼东迪欣科技有限公司,广东深圳市南山区西丽小白芒翻身旭生工业区三栋-楼东迪欣科技有限公司,113.8627,22.585924
深圳新西丽,广东,深圳市,南山区,西丽街道九祥岭西区,广东深圳市南山区西丽街道九祥岭西区,广东深圳市南山区西丽街道九祥岭西区,113.955792,22.584474
深圳新西丽,广东,深圳市,南山区,西丽街道宝安区西丽街道麻磡村35号卡士办公室,广东深圳市南山区西丽街道宝安区西丽街道麻磡村35号卡士办公室,广东深圳市南山区西丽街道宝安区西丽街道麻磡村35号卡士办公室,113.949716,22.634698
深圳新西丽,广东,深圳市,南山区,南山区石鼓路富盛大楼,广东深圳市南山区石鼓路富盛大楼,广东深圳市南山区石鼓路富盛大楼,113.948547,22.58532
深圳新西丽,广东,深圳市,南山区,西丽街道南山区西丽镇官龙村第二工业区超,广东深圳市南山区西丽街道南山区西丽镇官龙村第二工业区超,广东深圳市南山区西丽街道南山区西丽镇官龙村第二工业区超,113.945564,22.585437
深圳新西丽,广东,深圳市,南山区,同发路6号T6艺术中心楼B,广东深圳市南山区同发路6号T6艺术中心楼B,广东深圳市南山区同发路6号T6艺术中心楼B,113.945576,22.589733
深圳新西丽,广东,深圳市,南山区,西丽镇,广东深圳市南山区西丽镇,广东深圳市南山区西丽镇,113.9573,22.579904
深圳新西丽,广东,深圳市,南山区,西丽街道旺棠工业区丽兹公寓D13栋,广东深圳市南山区西丽街道旺棠工业区丽兹公寓D13栋,广东深圳市南山区西丽街道旺棠工业区丽兹公寓D13栋,113.948825,22.586619
深圳新西丽,广东,深圳市,南山区,西丽镇学苑大道水木丹华A,广东深圳市南山区西丽镇学苑大道水木丹华A,广东深圳市南山区西丽镇学苑大道水木丹华A,113.989479,22.591584
深圳新西丽,广东,深圳市,南山区,桃源街道南方科技大学学生宿舍8栋收发室,广东深圳市南山区桃源街道南方科技大学学生宿舍8栋收发室,广东深圳市南山区桃源街道南方科技大学学生宿舍8栋收发室,113.998739,22.599732
深圳新西丽,广东,深圳市,南山区,南山区桃源街道南方科技大学慧园7栋,广东深圳市南山区桃源街道南方科技大学慧园7栋,广东深圳市南山区桃源街道南方科技大学慧园7栋,114.003009,22.603331
深圳新西丽,广东,深圳市,南山区,桃源街道北京大学深圳研究生院燕园6号楼B座公寓,广东深圳市南山区桃源街道北京大学深圳研究生院燕园6号楼B座公寓,广东深圳市南山区桃源街道北京大学深圳研究生院燕园6号楼B座公寓,113.980018,22.591116
深圳新西丽,广东,深圳市,南山区,自己街道新围村72号,广东深圳市南山区自己街道新围村72号,广东深圳市南山区自己街道新围村72号,113.952591,22.582192
深圳新西丽,广东,深圳市,南山区,西丽街道打石一路国际创新谷1楼Q,广东深圳市南山区西丽街道打石一路国际创新谷1楼Q,广东深圳市南山区西丽街道打石一路国际创新谷1楼Q,113.944698,22.573622
深圳新西丽,广东,深圳市,南山区,石鼓路3036号菁英家园c栋,广东深圳市南山区石鼓路3036号菁英家园c栋,广东深圳市南山区石鼓路3036号菁英家园c栋,113.948579,22.582049
深圳新西丽,广东,深圳市,南山区,深信服科技大厦,广东深圳市南山区深信服科技大厦,广东深圳市南山区深信服科技大厦,113.946661,22.579208
深圳新西丽,广东,深圳市,南山区,西丽镇新高路华纵科技楼楼岳,广东深圳市南山区西丽镇新高路华纵科技楼楼岳,广东深圳市南山区西丽镇新高路华纵科技楼楼岳,113.9573,22.579904
深圳新西丽,广东,深圳市,南山区,南方科技大学学生宿舍8栋,广东深圳市南山区南方科技大学学生宿舍8栋,广东深圳市南山区南方科技大学学生宿舍8栋,113.997393,22.601251
深圳新西丽,广东,深圳市,南山区,西丽九祥岭西区7号楼,广东深圳市南山区西丽九祥岭西区7号楼,广东深圳市南山区西丽九祥岭西区7号楼,113.955483,22.583831
深圳新西丽,广东,深圳市,南山区,西丽街道留仙大道创智云城A5栋B座,广东深圳市南山区西丽街道留仙大道创智云城A5栋B座,广东深圳市南山区西丽街道留仙大道创智云城A5栋B座,113.940075,22.578922
深圳新西丽,广东,深圳市,南山区,留仙大道创智云城A2栋,广东深圳市南山区留仙大道创智云城A2栋,广东深圳市南山区留仙大道创智云城A2栋,113.939152,22.579829
深圳新西丽,广东,深圳市,南山区,西丽镇丽水路西湖林语,广东深圳市南山区西丽镇丽水路西湖林语,广东深圳市南山区西丽镇丽水路西湖林语,113.974477,22.593133
深圳新西丽,广东,深圳市,南山区,桃源街道哈尔滨工业大学荔园3栋,广东深圳市南山区桃源街道哈尔滨工业大学荔园3栋,广东深圳市南山区桃源街道哈尔滨工业大学荔园3栋,113.970869,22.58679
深圳新西丽,广东,深圳市,南山区,留仙大道南国丽城2栋F-23号,广东深圳市南山区留仙大道南国丽城2栋F-23号,广东深圳市南山区留仙大道南国丽城2栋F-23号,113.957293,22.58268
深圳新西丽,广东,深圳市,南山区,九祥岭西区93栋,广东深圳市南山区九祥岭西区93栋,广东深圳市南山区九祥岭西区93栋,113.956056,22.585051
深圳新西丽,广东,深圳市,南山区,西丽街道九祥岭东区63,广东深圳市南山区西丽街道九祥岭东区63,广东深圳市南山区西丽街道九祥岭东区63,113.957542,22.583634
深圳新西丽,广东,深圳市,南山区,桃源街道博林天瑞2栋E，资生堂生机洗发水，代码,广东深圳市南山区桃源街道博林天瑞2栋E，资生堂生机洗发水，代码,广东深圳市南山区桃源街道博林天瑞2栋E，资生堂生机洗发水，代码,113.972906,22.583766
深圳新西丽,广东,深圳市,南山区,西丽冠名花园2栋,广东深圳市南山区西丽冠名花园2栋,广东深圳市南山区西丽冠名花园2栋,113.943867,22.568801
深圳新西丽,广东,深圳市,南山区,西丽街道官龙村32栋楼,广东深圳市南山区西丽街道官龙村32栋楼,广东深圳市南山区西丽街道官龙村32栋楼,113.946771,22.587641
深圳新西丽,广东,深圳市,南山区,西丽街道官龙村东区,广东深圳市南山区西丽街道官龙村东区,广东深圳市南山区西丽街道官龙村东区,113.947039,22.588155
深圳新西丽,广东,深圳市,南山区,西丽天虹楼天使韩城,广东深圳市南山区西丽天虹楼天使韩城,广东深圳市南山区西丽天虹楼天使韩城,113.943867,22.568801
深圳新西丽,广东,深圳市,南山区,南天路4-4号南山区西丽九祥岭东区(南国丽城北,广东深圳市南山区南天路4-4号南山区西丽九祥岭东区(南国丽城北,广东深圳市南山区南天路4-4号南山区西丽九祥岭东区(南国丽城北,113.957442,22.582659
深圳新西丽,广东,深圳市,南山区,学苑大道1088号南方科技大学教师公寓3栋,广东深圳市南山区学苑大道1088号南方科技大学教师公寓3栋,广东深圳市南山区学苑大道1088号南方科技大学教师公寓3栋,114.002328,22.599545
深圳新西丽,广东,深圳市,南山区,西丽镇茶光村91栋,广东深圳市南山区西丽镇茶光村91栋,广东深圳市南山区西丽镇茶光村91栋,113.95366,22.567653
深圳新西丽,广东,深圳市,南山区,西丽镇留仙洞工业区皓源公寓,广东深圳市南山区西丽镇留仙洞工业区皓源公寓,广东深圳市南山区西丽镇留仙洞工业区皓源公寓,113.928493,22.587086
深圳新西丽,广东,深圳市,南山区,西丽街道西丽社区文光路14号A栋楼,广东深圳市南山区西丽街道西丽社区文光路14号A栋楼,广东深圳市南山区西丽街道西丽社区文光路14号A栋楼,113.95379,22.574597
深圳新西丽,广东,深圳市,南山区,西丽街道聚创金谷1栋白色毛,广东深圳市南山区西丽街道聚创金谷1栋白色毛,广东深圳市南山区西丽街道聚创金谷1栋白色毛,113.950977,22.575953
深圳新西丽,广东,深圳市,南山区,新屋村有友店,广东深圳市南山区新屋村有友店,广东深圳市南山区新屋村有友店,113.96793,22.567584
深圳新西丽,广东,深圳市,南山区,留仙公馆3栋,广东深圳市南山区留仙公馆3栋,广东深圳市南山区留仙公馆3栋,113.926698,22.587641
深圳新西丽,广东,深圳市,南山区,西丽街道新高路366大街城市公寓楼监控室,广东深圳市南山区西丽街道新高路366大街城市公寓楼监控室,广东深圳市南山区西丽街道新高路366大街城市公寓楼监控室,113.951186,22.58258
深圳新西丽,广东,深圳市,南山区,西丽大磡科技园F栋,广东深圳市南山区西丽大磡科技园F栋,广东深圳市南山区西丽大磡科技园F栋,113.977859,22.617786
深圳新西丽,广东,深圳市,南山区,Maria饰品工作室,广东深圳市南山区Maria饰品工作室,广东深圳市南山区Maria饰品工作室,113.930478,22.533191
深圳新西丽,广东,深圳市,南山区,桃源街道学苑大道1088号南方科技大学13栋学生宿舍快递收发室,广东深圳市南山区桃源街道学苑大道1088号南方科技大学13栋学生宿舍快递收发室,广东深圳市南山区桃源街道学苑大道1088号南方科技大学13栋学生宿舍快递收发室,114.002365,22.599631
深圳新西丽,广东,深圳市,南山区,南山区珠光公寓B,广东深圳市南山区珠光公寓B,广东深圳市南山区珠光公寓B,113.960701,22.571329
深圳新西丽,广东,深圳市,南山区,南山区西丽街道石鼓路中国民,广东深圳市南山区西丽街道石鼓路中国民,广东深圳市南山区西丽街道石鼓路中国民,113.948394,22.572602
深圳新西丽,广东,深圳市,南山区,南山区桃源街道深圳大学丽湖校区冬青树,广东深圳市南山区桃源街道深圳大学丽湖校区冬青树,广东深圳市南山区桃源街道深圳大学丽湖校区冬青树,113.992239,22.598417
深圳新西丽,广东,深圳市,南山区,西丽街道沙河西路3015号丰泽园仓储中心2栋楼,广东深圳市南山区西丽街道沙河西路3015号丰泽园仓储中心2栋楼,广东深圳市南山区西丽街道沙河西路3015号丰泽园仓储中心2栋楼,113.953917,22.565525
深圳新西丽,广东,深圳市,南山区,西丽街道新锋路30号荣城科研小镇E2栋楼,广东深圳市南山区西丽街道新锋路30号荣城科研小镇E2栋楼,广东深圳市南山区西丽街道新锋路30号荣城科研小镇E2栋楼,113.932789,22.629179
深圳新西丽,广东,深圳市,南山区,西丽大磡二村,广东深圳市南山区西丽大磡二村,广东深圳市南山区西丽大磡二村,113.979423,22.62248
深圳新西丽,广东,深圳市,南山区,新屋村东区55栋,广东深圳市南山区新屋村东区55栋,广东深圳市南山区新屋村东区55栋,113.967277,22.567767
深圳新西丽,广东,深圳市,南山区,西丽街道新光路24号西丽楼小区A栋,广东深圳市南山区西丽街道新光路24号西丽楼小区A栋,广东深圳市南山区西丽街道新光路24号西丽楼小区A栋,113.953649,22.577497
深圳新西丽,广东,深圳市,南山区,桃源街道-深圳大学城哈尔滨工业大学g号楼哈尔滨工业大学g栋号,广东深圳市南山区桃源街道-深圳大学城哈尔滨工业大学g号楼哈尔滨工业大学g栋号,广东深圳市南山区桃源街道-深圳大学城哈尔滨工业大学g号楼哈尔滨工业大学g栋号,113.970869,22.58679
深圳新西丽,广东,深圳市,南山区,桃源街道福光社区学苑大道1088号南方科技大学13栋快递收发室,广东深圳市南山区桃源街道福光社区学苑大道1088号南方科技大学13栋快递收发室,广东深圳市南山区桃源街道福光社区学苑大道1088号南方科技大学13栋快递收发室,114.002365,22.599631
深圳新西丽,广东,深圳市,南山区,西丽街道石鼓路2012号石景湾花园管理处右侧丰巢柜,广东深圳市南山区西丽街道石鼓路2012号石景湾花园管理处右侧丰巢柜,广东深圳市南山区西丽街道石鼓路2012号石景湾花园管理处右侧丰巢柜,113.950115,22.576955
深圳新西丽,广东,深圳市,南山区,桃源街道平山村312栋,广东深圳市南山区桃源街道平山村312栋,广东深圳市南山区桃源街道平山村312栋,113.967266,22.584729
深圳新西丽,广东,深圳市,南山区,平山一路云谷二期9栋,广东深圳市南山区平山一路云谷二期9栋,广东深圳市南山区平山一路云谷二期9栋,113.970601,22.584048
深圳新西丽,广东,深圳市,南山区,新屋村中路与珠光路交叉口北40米新屋村西区,广东深圳市南山区新屋村中路与珠光路交叉口北40米新屋村西区,广东深圳市南山区新屋村中路与珠光路交叉口北40米新屋村西区,113.966956,22.568264
深圳新西丽,广东,深圳市,南山区,西丽街道广东省深圳市南山区西丽街道办沙河西路丽苑阁3302号商铺西丽地铁C出口宝,广东深圳市南山区西丽街道广东省深圳市南山区西丽街道办沙河西路丽苑阁3302号商铺西丽地铁C出口宝,广东深圳市南山区西丽街道广东省深圳市南山区西丽街道办沙河西路丽苑阁3302号商铺西丽地铁C出口宝,113.954917,22.579945
深圳新西丽,广东,深圳市,南山区,西丽街道打石一路中建五局生活区,广东深圳市南山区西丽街道打石一路中建五局生活区,广东深圳市南山区西丽街道打石一路中建五局生活区,113.946869,22.570106
深圳新西丽,广东,深圳市,南山区,西丽街道中兴人才公寓1B,广东深圳市南山区西丽街道中兴人才公寓1B,广东深圳市南山区西丽街道中兴人才公寓1B,113.934563,22.579188
深圳新西丽,广东,深圳市,南山区,茶光路健兴科技大厦c座楼,广东深圳市南山区茶光路健兴科技大厦c座楼,广东深圳市南山区茶光路健兴科技大厦c座楼,113.952757,22.568965
深圳新西丽,广东,深圳市,南山区,西丽街道官龙村综合C栋悦安居公寓314A房,广东深圳市南山区西丽街道官龙村综合C栋悦安居公寓314A房,广东深圳市南山区西丽街道官龙村综合C栋悦安居公寓314A房,113.946771,22.587641
深圳新西丽,广东,深圳市,南山区,中兴人才公寓三期C2中兴人才公寓三期C2,广东深圳市南山区中兴人才公寓三期C2中兴人才公寓三期C2,广东深圳市南山区中兴人才公寓三期C2中兴人才公寓三期C2,113.934563,22.579188
深圳新西丽,广东,深圳市,南山区,西丽街道西丽百旺第二工业园四栋楼,广东深圳市南山区西丽街道西丽百旺第二工业园四栋楼,广东深圳市南山区西丽街道西丽百旺第二工业园四栋楼,113.931634,22.632049
深圳新西丽,广东,深圳市,南山区,西丽街道松白路1026号南岗第二工业园13栋楼,广东深圳市南山区西丽街道松白路1026号南岗第二工业园13栋楼,广东深圳市南山区西丽街道松白路1026号南岗第二工业园13栋楼,113.933159,22.635843
深圳新西丽,广东,深圳市,南山区,西丽街道南国丽城班尼小,广东深圳市南山区西丽街道南国丽城班尼小,广东深圳市南山区西丽街道南国丽城班尼小,113.9572,22.581957
深圳新西丽,广东,深圳市,南山区,同沙路19-3新围村171栋颂心便利店,广东深圳市南山区同沙路19-3新围村171栋颂心便利店,广东深圳市南山区同沙路19-3新围村171栋颂心便利店,113.952561,22.583425
深圳新西丽,广东,深圳市,南山区,满天红旅馆,广东深圳市南山区满天红旅馆,广东深圳市南山区满天红旅馆,113.930478,22.533191
深圳新西丽,广东,深圳市,南山区,桃源街道西丽珠光村西区67栋,广东深圳市南山区桃源街道西丽珠光村西区67栋,广东深圳市南山区桃源街道西丽珠光村西区67栋,113.960723,22.571672
深圳新西丽,广东,深圳市,南山区,西丽街道泊寓南山云城旗舰店,广东深圳市南山区西丽街道泊寓南山云城旗舰店,广东深圳市南山区西丽街道泊寓南山云城旗舰店,113.968426,22.584473
深圳新西丽,广东,深圳市,南山区,西丽街道松白路1049号安居公寓B栋B,广东深圳市南山区西丽街道松白路1049号安居公寓B栋B,广东深圳市南山区西丽街道松白路1049号安居公寓B栋B,113.935277,22.629491
深圳新西丽,广东,深圳市,南山区,西丽街道中兴人才公寓7栋,广东深圳市南山区西丽街道中兴人才公寓7栋,广东深圳市南山区西丽街道中兴人才公寓7栋,113.934563,22.579188
深圳新西丽,广东,深圳市,南山区,沁园二路金众麒麟公馆5栋,广东深圳市南山区沁园二路金众麒麟公馆5栋,广东深圳市南山区沁园二路金众麒麟公馆5栋,113.9687,22.595781
深圳新西丽,广东,深圳市,南山区,西丽街道南山智谷产业园A座深圳交易集团总部大楼楼建设分公司,广东深圳市南山区西丽街道南山智谷产业园A座深圳交易集团总部大楼楼建设分公司,广东深圳市南山区西丽街道南山智谷产业园A座深圳交易集团总部大楼楼建设分公司,113.953668,22.570187
深圳新西丽,广东,深圳市,南山区,南方科技大学2号门深圳建工项目部,广东深圳市南山区南方科技大学2号门深圳建工项目部,广东深圳市南山区南方科技大学2号门深圳建工项目部,113.989775,22.594875
深圳新西丽,广东,深圳市,南山区,冠铭花园1栋,广东深圳市南山区冠铭花园1栋,广东深圳市南山区冠铭花园1栋,113.94989,22.566373
深圳新西丽,广东,深圳市,南山区,西丽街道西丽鹤祥苑四栋,广东深圳市南山区西丽街道西丽鹤祥苑四栋,广东深圳市南山区西丽街道西丽鹤祥苑四栋,113.962704,22.593419
深圳新西丽,广东,深圳市,南山区,西丽街道新围社区留仙大道腾飞苑6012-22号商铺出库给西丽店,广东深圳市南山区西丽街道新围社区留仙大道腾飞苑6012-22号商铺出库给西丽店,广东深圳市南山区西丽街道新围社区留仙大道腾飞苑6012-22号商铺出库给西丽店,113.951923,22.581105
深圳新西丽,广东,深圳市,南山区,西丽街道南山区西丽百旺村南岗第一工业区十七栋,广东深圳市南山区西丽街道南山区西丽百旺村南岗第一工业区十七栋,广东深圳市南山区西丽街道南山区西丽百旺村南岗第一工业区十七栋,113.939782,22.622307
深圳新西丽,广东,深圳市,南山区,牛成村路,广东深圳市南山区牛成村路,广东深圳市南山区牛成村路,113.930641,22.612379
深圳新西丽,广东,深圳市,南山区,桃源街道民企科技园2栋东座,广东深圳市南山区桃源街道民企科技园2栋东座,广东深圳市南山区桃源街道民企科技园2栋东座,113.962567,22.585488
深圳新西丽,广东,深圳市,南山区,西丽街道鼎新大厦东座508西,广东深圳市南山区西丽街道鼎新大厦东座508西,广东深圳市南山区西丽街道鼎新大厦东座508西,113.953612,22.581189
深圳新西丽,广东,深圳市,南山区,桃源街道哈尔滨工业大学深圳校区荔园6,广东深圳市南山区桃源街道哈尔滨工业大学深圳校区荔园6,广东深圳市南山区桃源街道哈尔滨工业大学深圳校区荔园6,113.969819,22.585867
深圳新西丽,广东,深圳市,南山区,桃源街道珠光西区94栋,广东深圳市南山区桃源街道珠光西区94栋,广东深圳市南山区桃源街道珠光西区94栋,113.960374,22.571275
深圳新西丽,广东,深圳市,南山区,南山区西丽街道同沙路168号凯达尔集团中心大厦B栋楼,广东深圳市南山区西丽街道同沙路168号凯达尔集团中心大厦B栋楼,广东深圳市南山区西丽街道同沙路168号凯达尔集团中心大厦B栋楼,113.945242,22.584324
深圳新西丽,广东,深圳市,南山区,桃源街道远洋天柱华府1A栋,广东深圳市南山区桃源街道远洋天柱华府1A栋,广东深圳市南山区桃源街道远洋天柱华府1A栋,113.964844,22.589104
深圳新西丽,广东,深圳市,南山区,丽山路6号桑泰丹华园二期2栋D,广东深圳市南山区丽山路6号桑泰丹华园二期2栋D,广东深圳市南山区丽山路6号桑泰丹华园二期2栋D,113.965614,22.588527
深圳新西丽,广东,深圳市,南山区,西丽冠铭雅苑2栋,广东深圳市南山区西丽冠铭雅苑2栋,广东深圳市南山区西丽冠铭雅苑2栋,113.951523,22.567303
深圳新西丽,广东,深圳市,南山区,南天路2-31号南国丽城,广东深圳市南山区南天路2-31号南国丽城,广东深圳市南山区南天路2-31号南国丽城,113.957442,22.582659
深圳新西丽,广东,深圳市,南山区,西丽九祥岭西区22栋,广东深圳市南山区西丽九祥岭西区22栋,广东深圳市南山区西丽九祥岭西区22栋,113.955416,22.583962
深圳新西丽,广东,深圳市,南山区,新屋中区,广东深圳市南山区新屋中区,广东深圳市南山区新屋中区,113.930478,22.533191
深圳新西丽,广东,深圳市,南山区,南山区西丽街道深圳市南山区西丽街道西丽社区文光路14号A栋优购哆,广东深圳市南山区西丽街道深圳市南山区西丽街道西丽社区文光路14号A栋优购哆,广东深圳市南山区西丽街道深圳市南山区西丽街道西丽社区文光路14号A栋优购哆,113.95379,22.574597
深圳新西丽,广东,深圳市,南山区,西丽街道深圳市南山区西丽街道万科云设计公社b区柴火创客空间B,广东深圳市南山区西丽街道深圳市南山区西丽街道万科云设计公社b区柴火创客空间B,广东深圳市南山区西丽街道深圳市南山区西丽街道万科云设计公社b区柴火创客空间B,113.941432,22.575711
深圳新西丽,广东,深圳市,南山区,西丽九祥岭东区35栋楼,广东深圳市南山区西丽九祥岭东区35栋楼,广东深圳市南山区西丽九祥岭东区35栋楼,113.957033,22.583237
深圳新西丽,广东,深圳市,南山区,西丽街道南天路33-4号九祥岭西区,广东深圳市南山区西丽街道南天路33-4号九祥岭西区,广东深圳市南山区西丽街道南天路33-4号九祥岭西区,113.955978,22.585515
深圳新西丽,广东,深圳市,南山区,城市假日花园一期一单元8,广东深圳市南山区城市假日花园一期一单元8,广东深圳市南山区城市假日花园一期一单元8,113.978463,22.563354
深圳新西丽,广东,深圳市,南山区,西丽街道松白路1008号企航科创研发产业园F栋楼,广东深圳市南山区西丽街道松白路1008号企航科创研发产业园F栋楼,广东深圳市南山区西丽街道松白路1008号企航科创研发产业园F栋楼,113.936681,22.630603
深圳新西丽,广东,深圳市,南山区,西丽石鼓路北早安商务中心蜀乡来4003,广东深圳市南山区西丽石鼓路北早安商务中心蜀乡来4003,广东深圳市南山区西丽石鼓路北早安商务中心蜀乡来4003,113.947517,22.585112
深圳新西丽,广东,深圳市,南山区,西丽珠光苑2号客售,广东深圳市南山区西丽珠光苑2号客售,广东深圳市南山区西丽珠光苑2号客售,113.952749,22.57297
深圳新西丽,广东,深圳市,南山区,西丽街道茶光村暖居公寓,广东深圳市南山区西丽街道茶光村暖居公寓,广东深圳市南山区西丽街道茶光村暖居公寓,113.953131,22.566192
深圳新西丽,广东,深圳市,南山区,西丽街道新锋路荣城科研小镇3栋,广东深圳市南山区西丽街道新锋路荣城科研小镇3栋,广东深圳市南山区西丽街道新锋路荣城科研小镇3栋,113.932789,22.629179
深圳新西丽,广东,深圳市,南山区,南山区西丽街道王京坑工业区2栋,广东深圳市南山区西丽街道王京坑工业区2栋,广东深圳市南山区西丽街道王京坑工业区2栋,113.969955,22.631762
深圳新西丽,广东,深圳市,南山区,西丽镇沙河西路4011号西丽丽新花园9栋,广东深圳市南山区西丽镇沙河西路4011号西丽丽新花园9栋,广东深圳市南山区西丽镇沙河西路4011号西丽丽新花园9栋,113.953201,22.582956
深圳新西丽,广东,深圳市,南山区,西丽桑泰丹华府三期8栋,广东深圳市南山区西丽桑泰丹华府三期8栋,广东深圳市南山区西丽桑泰丹华府三期8栋,113.965661,22.58862
深圳新西丽,广东,深圳市,南山区,西丽博林天瑞6,广东深圳市南山区西丽博林天瑞6,广东深圳市南山区西丽博林天瑞6,113.972906,22.583766
深圳新西丽,广东,深圳市,南山区,桃源街道桑泰丹华园一期,广东深圳市南山区桃源街道桑泰丹华园一期,广东深圳市南山区桃源街道桑泰丹华园一期,113.965661,22.58862
深圳新西丽,广东,深圳市,南山区,西丽街道深圳市南山区西丽街道西丽社区文光路14号A栋,广东深圳市南山区西丽街道深圳市南山区西丽街道西丽社区文光路14号A栋,广东深圳市南山区西丽街道深圳市南山区西丽街道西丽社区文光路14号A栋,113.95379,22.574597
深圳新西丽,广东,深圳市,南山区,九祥岭东区30栋,广东深圳市南山区九祥岭东区30栋,广东深圳市南山区九祥岭东区30栋,113.956674,22.58335
深圳新西丽,广东,深圳市,南山区,西丽街道九祥岭东区11栋,广东深圳市南山区西丽街道九祥岭东区11栋,广东深圳市南山区西丽街道九祥岭东区11栋,113.957867,22.582977
深圳新西丽,广东,深圳市,南山区,深圳市世瑞康科技有限公司,广东深圳市南山区深圳市世瑞康科技有限公司,广东深圳市南山区深圳市世瑞康科技有限公司,113.930478,22.533191
深圳新西丽,广东,深圳市,南山区,南粤山庄2栋,广东深圳市南山区南粤山庄2栋,广东深圳市南山区南粤山庄2栋,113.91593,22.508028
深圳新西丽,广东,深圳市,南山区,西丽街道打石一路22号中兴人才公寓1栋A座,广东深圳市南山区西丽街道打石一路22号中兴人才公寓1栋A座,广东深圳市南山区西丽街道打石一路22号中兴人才公寓1栋A座,113.938273,22.57371
深圳新西丽,广东,深圳市,南山区,西丽街道深圳职业技术大学留仙洞校区锦园1栋,广东深圳市南山区西丽街道深圳职业技术大学留仙洞校区锦园1栋,广东深圳市南山区西丽街道深圳职业技术大学留仙洞校区锦园1栋,113.941943,22.581117
深圳新西丽,广东,深圳市,南山区,西丽镇九祥岭西区31栋,广东深圳市南山区西丽镇九祥岭西区31栋,广东深圳市南山区西丽镇九祥岭西区31栋,113.958124,22.582098
深圳新西丽,广东,深圳市,南山区,西丽深港花卉中心M区,广东深圳市南山区西丽深港花卉中心M区,广东深圳市南山区西丽深港花卉中心M区,113.944097,22.533265
深圳新西丽,广东,深圳市,南山区,西丽街道南天路21-2号南山区西丽九祥岭东区,广东深圳市南山区西丽街道南天路21-2号南山区西丽九祥岭东区,广东深圳市南山区西丽街道南天路21-2号南山区西丽九祥岭东区,113.957591,22.583286
深圳新西丽,广东,深圳市,南山区,桃源街道平山村55栋,广东深圳市南山区桃源街道平山村55栋,广东深圳市南山区桃源街道平山村55栋,113.967018,22.583467
深圳新西丽,广东,深圳市,南山区,西丽街道u梦公馆,广东深圳市南山区西丽街道u梦公馆,广东深圳市南山区西丽街道u梦公馆,113.970872,22.629404
深圳新西丽,广东,深圳市,南山区,西丽街道松白路1008号港鸿基高新科技园B栋,广东深圳市南山区西丽街道松白路1008号港鸿基高新科技园B栋,广东深圳市南山区西丽街道松白路1008号港鸿基高新科技园B栋,113.936681,22.630603
深圳新西丽,广东,深圳市,南山区,圳宝花园4栋,广东深圳市南山区圳宝花园4栋,广东深圳市南山区圳宝花园4栋,113.957692,22.576403
深圳新西丽,广东,深圳市,南山区,西丽镇九祥岭东区30栋,广东深圳市南山区西丽镇九祥岭东区30栋,广东深圳市南山区西丽镇九祥岭东区30栋,113.956674,22.58335
深圳新西丽,广东,深圳市,南山区,沙河西路深港花卉中心D区D,广东深圳市南山区沙河西路深港花卉中心D区D,广东深圳市南山区沙河西路深港花卉中心D区D,113.939231,22.598209
深圳新西丽,广东,深圳市,南山区,西丽街道深圳职业技术学院留仙洞校区,广东深圳市南山区西丽街道深圳职业技术学院留仙洞校区,广东深圳市南山区西丽街道深圳职业技术学院留仙洞校区,113.938092,22.580625
深圳新西丽,广东,深圳市,南山区,龙珠大道光前工业区20栋启龙中心,广东深圳市南山区龙珠大道光前工业区20栋启龙中心,广东深圳市南山区龙珠大道光前工业区20栋启龙中心,113.962839,22.565103
深圳新西丽,广东,深圳市,南山区,西丽街道大磡村杨门工业区26栋柜,广东深圳市南山区西丽街道大磡村杨门工业区26栋柜,广东深圳市南山区西丽街道大磡村杨门工业区26栋柜,113.983804,22.62238
深圳新西丽,广东,深圳市,南山区,西丽镇白芒村127栋楼,广东深圳市南山区西丽镇白芒村127栋楼,广东深圳市南山区西丽镇白芒村127栋楼,113.942328,22.62121
深圳新西丽,广东,深圳市,南山区,西丽街道波顿大厦A座,广东深圳市南山区西丽街道波顿大厦A座,广东深圳市南山区西丽街道波顿大厦A座,113.939844,22.567785
深圳新西丽,广东,深圳市,南山区,西丽镇九祥岭东区,广东深圳市南山区西丽镇九祥岭东区,广东深圳市南山区西丽镇九祥岭东区,113.957184,22.583749
深圳新西丽,广东,深圳市,南山区,西丽街道九祥岭西区11栋,广东深圳市南山区西丽街道九祥岭西区11栋,广东深圳市南山区西丽街道九祥岭西区11栋,113.956024,22.583904
深圳新西丽,广东,深圳市,南山区,中山园路TCL国际E城C2-E,广东深圳市南山区中山园路TCL国际E城C2-E,广东深圳市南山区中山园路TCL国际E城C2-E,113.927733,22.572775
深圳新西丽,广东,深圳市,南山区,留仙大道南国丽城M,广东深圳市南山区留仙大道南国丽城M,广东深圳市南山区留仙大道南国丽城M,113.9572,22.581957
深圳新西丽,广东,深圳市,南山区,西丽街道留仙居留仙园,广东深圳市南山区西丽街道留仙居留仙园,广东深圳市南山区西丽街道留仙居留仙园,113.926072,22.586779
深圳新西丽,广东,深圳市,南山区,西丽镇方龙珠大道新屋村,广东深圳市南山区西丽镇方龙珠大道新屋村,广东深圳市南山区西丽镇方龙珠大道新屋村,113.96793,22.567584
深圳新西丽,广东,深圳市,南山区,南山区桃源街道西丽大学城哈尔滨工业大学荔园9栋【EDNNMT】,广东深圳市南山区桃源街道西丽大学城哈尔滨工业大学荔园9栋,广东深圳市南山区桃源街道西丽大学城哈尔滨工业大学荔园9栋,113.970869,22.58679
深圳新西丽,广东,深圳市,南山区,西丽街道松白路南岗第二工业区10栋楼海,广东深圳市南山区西丽街道松白路南岗第二工业区10栋楼海,广东深圳市南山区西丽街道松白路南岗第二工业区10栋楼海,113.974343,22.561516
深圳新西丽,广东,深圳市,南山区,西丽街道中兴人才公寓一期8栋,广东深圳市南山区西丽街道中兴人才公寓一期8栋,广东深圳市南山区西丽街道中兴人才公寓一期8栋,113.934563,22.579188
深圳新西丽,广东,深圳市,南山区,西丽街道留仙村路104号顺和达厂区栋楼东侧科诺威智能科技有限公司,广东深圳市南山区西丽街道留仙村路104号顺和达厂区栋楼东侧科诺威智能科技有限公司,广东深圳市南山区西丽街道留仙村路104号顺和达厂区栋楼东侧科诺威智能科技有限公司,113.927502,22.587794
深圳新西丽,广东,深圳市,南山区,西丽街道泰易公寓E栋,广东深圳市南山区西丽街道泰易公寓E栋,广东深圳市南山区西丽街道泰易公寓E栋,113.945208,22.585564
深圳新西丽,广东,深圳市,南山区,文光村文康苑文光幼儿园,广东深圳市南山区文光村文康苑文光幼儿园,广东深圳市南山区文光村文康苑文光幼儿园,113.951663,22.571219
深圳新西丽,广东,深圳市,南山区,丽苑一村2栋,广东深圳市南山区丽苑一村2栋,广东深圳市南山区丽苑一村2栋,113.953841,22.574174
深圳新西丽,广东,深圳市,南山区,沙河西路4089号深圳职业技术大学东校区均园A栋,广东深圳市南山区沙河西路4089号深圳职业技术大学东校区均园A栋,广东深圳市南山区沙河西路4089号深圳职业技术大学东校区均园A栋,113.95029,22.588429
深圳新西丽,广东,深圳市,南山区,西丽镇丽小路北大园区2号宿舍楼,广东深圳市南山区西丽镇丽小路北大园区2号宿舍楼,广东深圳市南山区西丽镇丽小路北大园区2号宿舍楼,113.974213,22.593014
深圳新西丽,广东,深圳市,南山区,西丽街道大磡社区杨门工业区22号楼厂房,广东深圳市南山区西丽街道大磡社区杨门工业区22号楼厂房,广东深圳市南山区西丽街道大磡社区杨门工业区22号楼厂房,113.978978,22.621375
深圳新西丽,广东,深圳市,南山区,西丽街道丽兹公寓,广东深圳市南山区西丽街道丽兹公寓,广东深圳市南山区西丽街道丽兹公寓,113.953297,22.57596
深圳新西丽,广东,深圳市,南山区,西丽街道南山智谷产业园f座,广东深圳市南山区西丽街道南山智谷产业园f座,广东深圳市南山区西丽街道南山智谷产业园f座,113.951872,22.577467
深圳新西丽,广东,深圳市,南山区,西丽大道平丽花园幼儿园,广东深圳市南山区西丽大道平丽花园幼儿园,广东深圳市南山区西丽大道平丽花园幼儿园,113.961246,22.593193
深圳新西丽,广东,深圳市,南山区,西丽街道九祥岭工业园12栋室,广东深圳市南山区西丽街道九祥岭工业园12栋室,广东深圳市南山区西丽街道九祥岭工业园12栋室,113.958284,22.584033
深圳新西丽,广东,深圳市,南山区,西丽街道筱安梦寓,广东深圳市南山区西丽街道筱安梦寓,广东深圳市南山区西丽街道筱安梦寓,113.95209,22.577149
深圳新西丽,广东,深圳市,南山区,凯达尔大厦楼,广东深圳市南山区凯达尔大厦楼,广东深圳市南山区凯达尔大厦楼,113.930478,22.533191
深圳新西丽,广东,深圳市,南山区,桃源街道北京大学燕园2号楼,广东深圳市南山区桃源街道北京大学燕园2号楼,广东深圳市南山区桃源街道北京大学燕园2号楼,113.964844,22.589104
深圳新西丽,广东,深圳市,南山区,西丽街道留仙洞90栋,广东深圳市南山区西丽街道留仙洞90栋,广东深圳市南山区西丽街道留仙洞90栋,113.930801,22.586521
深圳新西丽,广东,深圳市,南山区,南山区西丽街道阳光二路翻身工业区科林源小区3栋,广东深圳市南山区西丽街道阳光二路翻身工业区科林源小区3栋,广东深圳市南山区西丽街道阳光二路翻身工业区科林源小区3栋,113.935343,22.633502
深圳新西丽,广东,深圳市,南山区,西丽街道沙河西路4065号康,广东深圳市南山区西丽街道沙河西路4065号康,广东深圳市南山区西丽街道沙河西路4065号康,113.954289,22.583106
深圳新西丽,广东,深圳市,南山区,西丽街道沙河西路,广东深圳市南山区西丽街道沙河西路,广东深圳市南山区西丽街道沙河西路,113.956116,22.565417
深圳新西丽,广东,深圳市,南山区,南山区西丽街道老火车站01504,广东深圳市南山区西丽街道老火车站,广东深圳市南山区西丽街道老火车站,113.951872,22.577467
深圳新西丽,广东,深圳市,南山区,西丽街道留仙大道6019号南方科技大学医院住院部楼住院一站式服务5,广东深圳市南山区西丽街道留仙大道6019号南方科技大学医院住院部楼住院一站式服务5,广东深圳市南山区西丽街道留仙大道6019号南方科技大学医院住院部楼住院一站式服务5,113.949811,22.579552
深圳新西丽,广东,深圳市,南山区,桃源街道新屋村东区,广东深圳市南山区桃源街道新屋村东区,广东深圳市南山区桃源街道新屋村东区,113.967277,22.567767
深圳新西丽,广东,深圳市,南山区,百旺研发大厦1栋一栋,广东深圳市南山区百旺研发大厦1栋一栋,广东深圳市南山区百旺研发大厦1栋一栋,113.939717,22.622626
深圳新西丽,广东,深圳市,南山区,南山区西丽街道西丽街道茶光村62栋,广东深圳市南山区西丽街道西丽街道茶光村62栋,广东深圳市南山区西丽街道西丽街道茶光村62栋,113.952179,22.566399
深圳新西丽,广东,深圳市,南山区,西丽街道仙鼓路万科云城三期2栋单元,广东深圳市南山区西丽街道仙鼓路万科云城三期2栋单元,广东深圳市南山区西丽街道仙鼓路万科云城三期2栋单元,113.947142,22.573752
深圳新西丽,广东,深圳市,南山区,沙河西路鹏城实验室石壁龙园区3栋,广东深圳市南山区沙河西路鹏城实验室石壁龙园区3栋,广东深圳市南山区沙河西路鹏城实验室石壁龙园区3栋,113.930377,22.62665
深圳新西丽,广东,深圳市,南山区,西丽文新路-道路,广东深圳市南山区西丽文新路-道路,广东深圳市南山区西丽文新路-道路,113.952339,22.577094
深圳新西丽,广东,深圳市,南山区,西丽街道新围村93栋楼“野菓”商铺请务必,广东深圳市南山区西丽街道新围村93栋楼“野菓”商铺请务必,广东深圳市南山区西丽街道新围村93栋楼“野菓”商铺请务必,113.952604,22.582472
深圳新西丽,广东,深圳市,南山区,新屋村中区129栋,广东深圳市南山区新屋村中区129栋,广东深圳市南山区新屋村中区129栋,113.966474,22.568748
深圳新西丽,广东,深圳市,南山区,西丽街道留仙洞文化园6栋,广东深圳市南山区西丽街道留仙洞文化园6栋,广东深圳市南山区西丽街道留仙洞文化园6栋,113.930801,22.586521
深圳新西丽,广东,深圳市,南山区,南山区 西丽街道文光村19-2栋任桥18466228486,广东深圳市南山区 西丽街道文光村19-2栋任桥18466228486,广东深圳市南山区 西丽街道文光村19-2栋任桥18466228486,113.950049,22.570061
深圳新西丽,广东,深圳市,南山区,西丽万科里二期B座801中,广东深圳市南山区西丽万科里二期B座801中,广东深圳市南山区西丽万科里二期B座801中,113.943138,22.574715
深圳新西丽,广东,深圳市,南山区,西丽街道西丽镇麻勘村麻勘南路29号栋,广东深圳市南山区西丽街道西丽镇麻勘村麻勘南路29号栋,广东深圳市南山区西丽街道西丽镇麻勘村麻勘南路29号栋,113.952919,22.633866
深圳新西丽,广东,深圳市,南山区,留仙居南A区H单元,广东深圳市南山区留仙居南A区H单元,广东深圳市南山区留仙居南A区H单元,113.950683,22.581998
深圳新西丽,广东,深圳市,南山区,中山园路国际e城G2栋楼,广东深圳市南山区中山园路国际e城G2栋楼,广东深圳市南山区中山园路国际e城G2栋楼,113.923314,22.566095
深圳新西丽,广东,深圳市,南山区,中山园路1001号TCL国际E城G3栋楼,广东深圳市南山区中山园路1001号TCL国际E城G3栋楼,广东深圳市南山区中山园路1001号TCL国际E城G3栋楼,113.928061,22.571848
深圳新西丽,广东,深圳市,南山区,西丽街道西丽南支路61号珠光苑3栋,广东深圳市南山区西丽街道西丽南支路61号珠光苑3栋,广东深圳市南山区西丽街道西丽南支路61号珠光苑3栋,113.952566,22.572569
深圳新西丽,广东,深圳市,南山区,打石一路中兴通讯员工宿舍2栋,广东深圳市南山区打石一路中兴通讯员工宿舍2栋,广东深圳市南山区打石一路中兴通讯员工宿舍2栋,113.93649,22.574615
深圳新西丽,广东,深圳市,南山区,南天路4-4号南山区西丽南国丽城,广东深圳市南山区南天路4-4号南山区西丽南国丽城,广东深圳市南山区南天路4-4号南山区西丽南国丽城,113.956186,22.581627
深圳新西丽,广东,深圳市,南山区,西丽留仙洞关外20号厂房南科创启城A,广东深圳市南山区西丽留仙洞关外20号厂房南科创启城A,广东深圳市南山区西丽留仙洞关外20号厂房南科创启城A,113.928899,22.582868
深圳新西丽,广东,深圳市,南山区,西丽九祥岭西区100栋楼,广东深圳市南山区西丽九祥岭西区100栋楼,广东深圳市南山区西丽九祥岭西区100栋楼,113.955252,22.584998
深圳新西丽,广东,深圳市,南山区,西丽街道山水农庄,广东深圳市南山区西丽街道山水农庄,广东深圳市南山区西丽街道山水农庄,113.951872,22.577467
深圳新西丽,广东,深圳市,南山区,西丽街道西丽社区仙元路8号传音大厦楼,广东深圳市南山区西丽街道西丽社区仙元路8号传音大厦楼,广东深圳市南山区西丽街道西丽社区仙元路8号传音大厦楼,113.944823,22.578342
深圳新西丽,广东,深圳市,南山区,西丽街道同发路官龙村西区,广东深圳市南山区西丽街道同发路官龙村西区,广东深圳市南山区西丽街道同发路官龙村西区,113.945728,22.588257
深圳新西丽,广东,深圳市,南山区,桃园街道平山一路南山云谷创新产业园二期9栋,广东深圳市南山区桃园街道平山一路南山云谷创新产业园二期9栋,广东深圳市南山区桃园街道平山一路南山云谷创新产业园二期9栋,113.970601,22.584048
深圳新西丽,广东,深圳市,南山区,西丽宝能华府C,广东深圳市南山区西丽宝能华府C,广东深圳市南山区西丽宝能华府C,113.946496,22.581969
深圳新西丽,广东,深圳市,南山区,西丽街道官龙第二工业区10栋楼,广东深圳市南山区西丽街道官龙第二工业区10栋楼,广东深圳市南山区西丽街道官龙第二工业区10栋楼,113.94534,22.585774
深圳新西丽,广东,深圳市,南山区,珠光村西区,广东深圳市南山区珠光村西区,广东深圳市南山区珠光村西区,113.960177,22.571607
深圳新西丽,广东,深圳市,南山区,西丽华昌大厦楼服装店,广东深圳市南山区西丽华昌大厦楼服装店,广东深圳市南山区西丽华昌大厦楼服装店,113.919314,22.526635
深圳新西丽,广东,深圳市,南山区,西丽九祥岭工业区七栋楼,广东深圳市南山区西丽九祥岭工业区七栋楼,广东深圳市南山区西丽九祥岭工业区七栋楼,113.958817,22.584188
深圳新西丽,广东,深圳市,南山区,西丽街道九祥岭西区84栋,广东深圳市南山区西丽街道九祥岭西区84栋,广东深圳市南山区西丽街道九祥岭西区84栋,113.955303,22.584861
深圳新西丽,广东,深圳市,南山区,桃源街道珠光村东区51栋,广东深圳市南山区桃源街道珠光村东区51栋,广东深圳市南山区桃源街道珠光村东区51栋,113.963798,22.571234
深圳新西丽,广东,深圳市,南山区,留仙洞村188留仙洞大厦,广东深圳市南山区留仙洞村188留仙洞大厦,广东深圳市南山区留仙洞村188留仙洞大厦,113.930804,22.586578
深圳新西丽,广东,深圳市,南山区,西丽街道牛成南投公社农家大院,广东深圳市南山区西丽街道牛成南投公社农家大院,广东深圳市南山区西丽街道牛成南投公社农家大院,113.935408,22.610927
深圳新西丽,广东,深圳市,南山区,西丽街道西丽镇留仙大道中兴人才公寓8栋,广东深圳市南山区西丽街道西丽镇留仙大道中兴人才公寓8栋,广东深圳市南山区西丽街道西丽镇留仙大道中兴人才公寓8栋,113.934563,22.579188
深圳新西丽,广东,深圳市,南山区,西丽镇平山村99号楼,广东深圳市南山区西丽镇平山村99号楼,广东深圳市南山区西丽镇平山村99号楼,113.96642,22.583689
深圳新西丽,广东,深圳市,南山区,南山区桃源街道鸿莱科创楼栋易世通达楼,广东深圳市南山区桃源街道鸿莱科创楼栋易世通达楼,广东深圳市南山区桃源街道鸿莱科创楼栋易世通达楼,113.964094,22.585427
深圳新西丽,广东,深圳市,南山区,新屋村工业大厦,广东深圳市南山区新屋村工业大厦,广东深圳市南山区新屋村工业大厦,113.96793,22.567584
深圳新西丽,广东,深圳市,南山区,南山区西丽街道科技园北区道康路55号万科云城一期7栋B座楼,广东深圳市南山区西丽街道科技园北区道康路55号万科云城一期7栋B座楼,广东深圳市南山区西丽街道科技园北区道康路55号万科云城一期7栋B座楼,113.941183,22.574143
深圳新西丽,广东,深圳市,南山区,丽水路西湖林语名苑4王,广东深圳市南山区丽水路西湖林语名苑4王,广东深圳市南山区丽水路西湖林语名苑4王,113.965455,22.592661
深圳新西丽,广东,深圳市,南山区,中兴工业园2,广东深圳市南山区中兴工业园2,广东深圳市南山区中兴工业园2,113.934563,22.579188
深圳新西丽,广东,深圳市,南山区,西丽街道丽康路阳门工业区29栋楼,广东深圳市南山区西丽街道丽康路阳门工业区29栋楼,广东深圳市南山区西丽街道丽康路阳门工业区29栋楼,113.951872,22.577467
深圳新西丽,广东,深圳市,南山区,西丽街道官龙路10号学子荔园A栋单元,广东深圳市南山区西丽街道官龙路10号学子荔园A栋单元,广东深圳市南山区西丽街道官龙路10号学子荔园A栋单元,113.945584,22.586184
深圳新西丽,广东,深圳市,南山区,深圳职业技术大学留仙洞园区快递,广东深圳市南山区深圳职业技术大学留仙洞园区快递,广东深圳市南山区深圳职业技术大学留仙洞园区快递,113.930801,22.586521
深圳新西丽,广东,深圳市,南山区,桃源街道深圳市南山区桃源街道西丽学苑大道1066号一期,广东深圳市南山区桃源街道深圳市南山区桃源街道西丽学苑大道1066号一期,广东深圳市南山区桃源街道深圳市南山区桃源街道西丽学苑大道1066号一期,113.991434,22.597195
深圳新西丽,广东,深圳市,南山区,西丽街道官龙村东区16栋,广东深圳市南山区西丽街道官龙村东区16栋,广东深圳市南山区西丽街道官龙村东区16栋,113.947873,22.588032
深圳新西丽,广东,深圳市,南山区,西丽街道留仙文化园2栋,广东深圳市南山区西丽街道留仙文化园2栋,广东深圳市南山区西丽街道留仙文化园2栋,113.93125,22.58766
深圳新西丽,广东,深圳市,南山区,深圳市港龙教育科技有限公司,广东深圳市南山区深圳市港龙教育科技有限公司,广东深圳市南山区深圳市港龙教育科技有限公司,114.103614,22.689479
深圳新西丽,广东,深圳市,南山区,惠馨公寓,广东深圳市南山区惠馨公寓,广东深圳市南山区惠馨公寓,113.96759,22.567303
深圳新西丽,广东,深圳市,南山区,西丽万科云城一期德,广东深圳市南山区西丽万科云城一期德,广东深圳市南山区西丽万科云城一期德,113.941183,22.574143
深圳新西丽,广东,深圳市,南山区,南山区桃源街道哈尔滨工业大学深圳校区信息楼,广东深圳市南山区桃源街道哈尔滨工业大学深圳校区信息楼,广东深圳市南山区桃源街道哈尔滨工业大学深圳校区信息楼,113.972579,22.587659
深圳新西丽,广东,深圳市,南山区,桃源街道哈尔滨工业大学深圳校区荔园3号学生公寓3栋,广东深圳市南山区桃源街道哈尔滨工业大学深圳校区荔园3号学生公寓3栋,广东深圳市南山区桃源街道哈尔滨工业大学深圳校区荔园3号学生公寓3栋,113.968558,22.586269
深圳新西丽,广东,深圳市,南山区,西丽街道西丽镇留仙大道同沙路城市公寓,广东深圳市南山区西丽街道西丽镇留仙大道同沙路城市公寓,广东深圳市南山区西丽街道西丽镇留仙大道同沙路城市公寓,113.950605,22.583724
深圳新西丽,广东,深圳市,南山区,桃源街道留仙大道大园工业区北区3栋,广东深圳市南山区桃源街道留仙大道大园工业区北区3栋,广东深圳市南山区桃源街道留仙大道大园工业区北区3栋,113.977716,22.584693
深圳新西丽,广东,深圳市,南山区,圳南山西丽牛成村,广东深圳市南山区圳南山西丽牛成村,广东深圳市南山区圳南山西丽牛成村,113.928858,22.614359
深圳新西丽,广东,深圳市,南山区,深圳市南山区西丽深港花卉中心S01-3意趣造园,广东深圳市南山区深圳市南山区西丽深港花卉中心S01-3意趣造园,广东深圳市南山区深圳市南山区西丽深港花卉中心S01-3意趣造园,113.944097,22.533265
深圳新西丽,广东,深圳市,南山区,桃源街道西丽大学城哈尔滨工业大学平山二路门荔园10栋宿舍楼收货人,广东深圳市南山区桃源街道西丽大学城哈尔滨工业大学平山二路门荔园10栋宿舍楼收货人,广东深圳市南山区桃源街道西丽大学城哈尔滨工业大学平山二路门荔园10栋宿舍楼收货人,113.970869,22.58679
深圳新西丽,广东,深圳市,南山区,桃源街道大学城清华大学深圳国际研究生院,广东深圳市南山区桃源街道大学城清华大学深圳国际研究生院,广东深圳市南山区桃源街道大学城清华大学深圳国际研究生院,113.970741,22.590652
深圳新西丽,广东,深圳市,南山区,南山区桃源街道西丽镇大学城清华大学深圳国际研究生院,广东深圳市南山区桃源街道西丽镇大学城清华大学深圳国际研究生院,广东深圳市南山区桃源街道西丽镇大学城清华大学深圳国际研究生院,113.970741,22.590652
深圳新西丽,广东,深圳市,南山区,南山区西丽街道麻磡路73号楼深圳路迪网络有限公司,广东深圳市南山区西丽街道麻磡路73号楼深圳路迪网络有限公司,广东深圳市南山区西丽街道麻磡路73号楼深圳路迪网络有限公司,113.95045,22.635202
深圳新西丽,广东,深圳市,南山区,南山区新屋村,广东深圳市南山区新屋村,广东深圳市南山区新屋村,113.96793,22.567584
深圳新西丽,广东,深圳市,南山区,西丽街道西丽街道同发路丽雅苑5栋,广东深圳市南山区西丽街道西丽街道同发路丽雅苑5栋,广东深圳市南山区西丽街道西丽街道同发路丽雅苑5栋,113.945852,22.58273
深圳月亮湾,广东,深圳市,南山区,南山街道泛海拉菲花园一期3B,广东深圳市南山区南山街道泛海拉菲花园一期3B,广东深圳市南山区南山街道泛海拉菲花园一期3B,113.894274,22.499377
深圳月亮湾,广东,深圳市,南山区,深华园,广东深圳市南山区深华园,广东深圳市南山区深华园,113.918515,22.517363
深圳月亮湾,广东,深圳市,南山区,中海阳光玫瑰园3栋单元,广东深圳市南山区中海阳光玫瑰园3栋单元,广东深圳市南山区中海阳光玫瑰园3栋单元,113.895843,22.502267
深圳月亮湾,广东,深圳市,南山区,南山街道月亮湾大道1077号楼室m17128g一台,广东深圳市南山区南山街道月亮湾大道1077号楼,广东深圳市南山区南山街道月亮湾大道1077号楼,113.886597,22.496531
深圳月亮湾,广东,深圳市,南山区,南山街道领玺一期110铺,广东深圳市南山区南山街道领玺一期110铺,广东深圳市南山区南山街道领玺一期110铺,113.930478,22.533191
深圳月亮湾,广东,深圳市,南山区,月亮湾花园34栋,广东深圳市南山区月亮湾花园34栋,广东深圳市南山区月亮湾花园34栋,114.488516,22.537024
深圳月亮湾,广东,深圳市,南山区,临海大道前海香缤大厦11F120A室,广东深圳市南山区临海大道前海香缤大厦11F120A室,广东深圳市南山区临海大道前海香缤大厦11F120A室,113.888755,22.502463
深圳月亮湾,广东,深圳市,南山区,南头街道深圳市南山区前海路0389号雷圳07553栋单元,广东深圳市南山区南头街道深圳市南山区前海路0389号雷圳07553栋单元,广东深圳市南山区南头街道深圳市南山区前海路0389号雷圳07553栋单元,113.905207,22.510917
深圳月亮湾,广东,深圳市,南山区,兴海大道龙瑞佳园2栋楼快递柜,广东深圳市南山区兴海大道龙瑞佳园2栋楼快递柜,广东深圳市南山区兴海大道龙瑞佳园2栋楼快递柜,113.903266,22.478889
深圳月亮湾,广东,深圳市,南山区,南山区南山街道香江金触中心大厦前台,广东深圳市南山区南山街道香江金触中心大厦前台,广东深圳市南山区南山街道香江金触中心大厦前台,113.930478,22.533191
深圳月亮湾,广东,深圳市,南山区,街道广东省深圳市南山区华英路与少帝路交汇处东北侧半山臻境2单元,广东深圳市南山区街道广东省深圳市南山区华英路与少帝路交汇处东北侧半山臻境2单元,广东深圳市南山区街道广东省深圳市南山区华英路与少帝路交汇处东北侧半山臻境2单元,113.892347,22.481378
深圳月亮湾,广东,深圳市,南山区,南山街道前海诚进大厦楼,广东深圳市南山区南山街道前海诚进大厦楼,广东深圳市南山区南山街道前海诚进大厦楼,113.89913,22.507919
深圳月亮湾,广东,深圳市,南山区,南山街道兴海大道3076号顺丰前海总部,广东深圳市南山区南山街道兴海大道3076号顺丰前海总部,广东深圳市南山区南山街道兴海大道3076号顺丰前海总部,113.899621,22.529463
深圳月亮湾,广东,深圳市,南山区,街道少帝路1号鼎海科创港A座走货梯,广东深圳市南山区街道少帝路1号鼎海科创港A座走货梯,广东深圳市南山区街道少帝路1号鼎海科创港A座走货梯,113.924164,22.488255
深圳月亮湾,广东,深圳市,南山区,街道少帝路1号鼎海科创港B座楼-售后仓,广东深圳市南山区街道少帝路1号鼎海科创港B座楼-售后仓,广东深圳市南山区街道少帝路1号鼎海科创港B座楼-售后仓,113.893868,22.484607
深圳月亮湾,广东,深圳市,南山区,赤湾少帝路1号鼎海科创港B座,广东深圳市南山区赤湾少帝路1号鼎海科创港B座,广东深圳市南山区赤湾少帝路1号鼎海科创港B座,113.893868,22.484607
深圳月亮湾,广东,深圳市,南山区,南山街道月亮湾花园A栋左边银白色门,广东深圳市南山区南山街道月亮湾花园A栋左边银白色门,广东深圳市南山区南山街道月亮湾花园A栋左边银白色门,113.930478,22.533191
深圳月亮湾,广东,深圳市,南山区,南山街道佳兆业前海广场一期4栋,广东深圳市南山区南山街道佳兆业前海广场一期4栋,广东深圳市南山区南山街道佳兆业前海广场一期4栋,113.886348,22.493672
深圳月亮湾,广东,深圳市,南山区,街道兴海大道山海居四期K栋栋室U842,广东深圳市南山区街道兴海大道山海居四期K栋,广东深圳市南山区街道兴海大道山海居四期K栋,113.883451,22.507325
深圳月亮湾,广东,深圳市,南山区,南山街道前海路,广东深圳市南山区南山街道前海路,广东深圳市南山区南山街道前海路,113.930478,22.533191
深圳月亮湾,广东,深圳市,南山区,南山街道沿山路9号康城华府1栋,广东深圳市南山区南山街道沿山路9号康城华府1栋,广东深圳市南山区南山街道沿山路9号康城华府1栋,113.911931,22.488517
深圳月亮湾,广东,深圳市,南山区,南山街道泛海城市广场1栋B座,广东深圳市南山区南山街道泛海城市广场1栋B座,广东深圳市南山区南山街道泛海城市广场1栋B座,113.893109,22.494285
深圳月亮湾,广东,深圳市,南山区,湄南河体育小镇A栋区1F-2虾胡闹龙虾馆,广东深圳市南山区湄南河体育小镇A栋区1F-2虾胡闹龙虾馆,广东深圳市南山区湄南河体育小镇A栋区1F-2虾胡闹龙虾馆,113.896975,22.466742
深圳月亮湾,广东,深圳市,南山区,街道深圳市南山区鼎海科创港C栋客梯侧楼SNLNIE公司,广东深圳市南山区街道深圳市南山区鼎海科创港C栋客梯侧楼SNLNIE公司,广东深圳市南山区街道深圳市南山区鼎海科创港C栋客梯侧楼SNLNIE公司,113.894021,22.484763
深圳月亮湾,广东,深圳市,南山区,南山街道月亮湾青青世界酒店丰巢智能柜,广东深圳市南山区南山街道月亮湾青青世界酒店丰巢智能柜,广东深圳市南山区南山街道月亮湾青青世界酒店丰巢智能柜,113.901547,22.499312
深圳月亮湾,广东,深圳市,南山区,港创建材股份有限公司-6号,广东深圳市南山区港创建材股份有限公司-6号,广东深圳市南山区港创建材股份有限公司-6号,113.914426,22.513655
深圳月亮湾,广东,深圳市,南山区,少帝路山语海苑2栋单元,广东深圳市南山区少帝路山语海苑2栋单元,广东深圳市南山区少帝路山语海苑2栋单元,113.891814,22.484012
深圳月亮湾,广东,深圳市,南山区,街道兴海大道1048号山海居5B,广东深圳市南山区街道兴海大道1048号山海居5B,广东深圳市南山区街道兴海大道1048号山海居5B,113.903346,22.479732
深圳月亮湾,广东,深圳市,南山区,南山街道佳兆业可域酒店禧月荟月子中心,广东深圳市南山区南山街道佳兆业可域酒店禧月荟月子中心,广东深圳市南山区南山街道佳兆业可域酒店禧月荟月子中心,113.886291,22.495339
深圳月亮湾,广东,深圳市,南山区,前海合作区自贸西街18号香缤国际金融中心地下车库丰巢柜,广东深圳市南山区前海合作区自贸西街18号香缤国际金融中心地下车库丰巢柜,广东深圳市南山区前海合作区自贸西街18号香缤国际金融中心地下车库丰巢柜,113.889027,22.502276
深圳月亮湾,广东,深圳市,南山区,前海路中海阳光玫瑰园7-3a,广东深圳市南山区前海路中海阳光玫瑰园7-3a,广东深圳市南山区前海路中海阳光玫瑰园7-3a,113.896964,22.502851
深圳月亮湾,广东,深圳市,南山区,南山区南山街道深圳市妈湾道世晟筑工程有限公司,广东深圳市南山区南山街道深圳市妈湾道世晟筑工程有限公司,广东深圳市南山区南山街道深圳市妈湾道世晟筑工程有限公司,113.930478,22.533191
深圳月亮湾,广东,深圳市,南山区,月亮湾花园39栋收钟平,广东深圳市南山区月亮湾花园39栋收钟平,广东深圳市南山区月亮湾花园39栋收钟平,114.488516,22.537024
深圳月亮湾,广东,深圳市,南山区,前海路恒立心海湾花园4D,广东深圳市南山区前海路恒立心海湾花园4D,广东深圳市南山区前海路恒立心海湾花园4D,113.89549,22.501542
深圳月亮湾,广东,深圳市,南山区,前湾四路前海天境花园1栋,广东深圳市南山区前湾四路前海天境花园1栋,广东深圳市南山区前湾四路前海天境花园1栋,113.888898,22.514084
深圳月亮湾,广东,深圳市,南山区,南山区月亮湾花园A栋二单元,广东深圳市南山区月亮湾花园A栋二单元,广东深圳市南山区月亮湾花园A栋二单元,114.10904,22.593547
深圳月亮湾,广东,深圳市,南山区,南山街道深圳市南山区佳兆业前海广场二期B座902号黄武明,广东深圳市南山区南山街道深圳市南山区佳兆业前海广场二期B座902号黄武明,广东深圳市南山区南山街道深圳市南山区佳兆业前海广场二期B座902号黄武明,113.886121,22.495106
深圳月亮湾,广东,深圳市,南山区,前海路诺德假日花园6A,广东深圳市南山区前海路诺德假日花园6A,广东深圳市南山区前海路诺德假日花园6A,113.903116,22.509914
深圳月亮湾,广东,深圳市,南山区,南山街道荔湾社区前海路0101号丽湾大厦深圳立年酒店,广东深圳市南山区南山街道荔湾社区前海路0101号丽湾大厦深圳立年酒店,广东深圳市南山区南山街道荔湾社区前海路0101号丽湾大厦深圳立年酒店,113.891776,22.495654
深圳月亮湾,广东,深圳市,南山区,南山街道兴海大道22号月亮湾花园16栋,广东深圳市南山区南山街道兴海大道22号月亮湾花园16栋,广东深圳市南山区南山街道兴海大道22号月亮湾花园16栋,113.890201,22.492607
深圳月亮湾,广东,深圳市,南山区,南山区 南山街道兴海大道22号月亮湾花园32栋,广东深圳市南山区 南山街道兴海大道22号月亮湾花园32栋,广东深圳市南山区 南山街道兴海大道22号月亮湾花园32栋,113.890201,22.492607
深圳月亮湾,广东,深圳市,南山区,新园路67号深华园,广东深圳市南山区新园路67号深华园,广东深圳市南山区新园路67号深华园,113.918515,22.517363
深圳月亮湾,广东,深圳市,南山区,南山街道月亮湾大道前海港湾花园5B栋,广东深圳市南山区南山街道月亮湾大道前海港湾花园5B栋,广东深圳市南山区南山街道月亮湾大道前海港湾花园5B栋,113.886414,22.509111
深圳月亮湾,广东,深圳市,南山区,前海路佳兆业前海广场6栋,广东深圳市南山区前海路佳兆业前海广场6栋,广东深圳市南山区前海路佳兆业前海广场6栋,113.886311,22.494456
深圳月亮湾,广东,深圳市,南山区,街道龙瑞佳园山海居9B,广东深圳市南山区街道龙瑞佳园山海居9B,广东深圳市南山区街道龙瑞佳园山海居9B,113.903509,22.479649
深圳月亮湾,广东,深圳市,南山区,前海路诺德假日花园5A,广东深圳市南山区前海路诺德假日花园5A,广东深圳市南山区前海路诺德假日花园5A,113.904317,22.510301
深圳月亮湾,广东,深圳市,南山区,南新路深华园B栋,广东深圳市南山区南新路深华园B栋,广东深圳市南山区南新路深华园B栋,113.918842,22.517451
深圳月亮湾,广东,深圳市,南山区,南山街道月亮湾大道2076号中国高科大厦C座,广东深圳市南山区南山街道月亮湾大道2076号中国高科大厦C座,广东深圳市南山区南山街道月亮湾大道2076号中国高科大厦C座,113.897878,22.50721
深圳月亮湾,广东,深圳市,南山区,南山区南山街道自贸东街126号领玺家园1栋,广东深圳市南山区南山街道自贸东街126号领玺家园1栋,广东深圳市南山区南山街道自贸东街126号领玺家园1栋,113.88952,22.505526
深圳月亮湾,广东,深圳市,南山区,南园新园路22号二次风女装,广东深圳市南山区南园新园路22号二次风女装,广东深圳市南山区南园新园路22号二次风女装,113.916407,22.519987
深圳月亮湾,广东,深圳市,南山区,前海路佳兆业前海广场5栋,广东深圳市南山区前海路佳兆业前海广场5栋,广东深圳市南山区前海路佳兆业前海广场5栋,113.886311,22.494456
深圳月亮湾,广东,深圳市,南山区,信利康大厦楼,广东深圳市南山区信利康大厦楼,广东深圳市南山区信利康大厦楼,113.888522,22.501105
深圳月亮湾,广东,深圳市,南山区,内环路与月亮湾大道交叉口东100米前海诚进大厦楼,广东深圳市南山区内环路与月亮湾大道交叉口东100米前海诚进大厦楼,广东深圳市南山区内环路与月亮湾大道交叉口东100米前海诚进大厦楼,113.89913,22.507919
深圳月亮湾,广东,深圳市,南山区,南山区街道广东省深圳市南山区街道南山区前海丹华4栋门口,广东深圳市南山区街道广东省深圳市南山区街道南山区前海丹华4栋门口,广东深圳市南山区街道广东省深圳市南山区街道南山区前海丹华4栋门口,113.887352,22.479631
深圳月亮湾,广东,深圳市,南山区,蛇口天祥路1号博福大厦副总经理室,广东深圳市南山区蛇口天祥路1号博福大厦副总经理室,广东深圳市南山区蛇口天祥路1号博福大厦副总经理室,113.893439,22.465337
深圳月亮湾,广东,深圳市,南山区,前海路泛海拉菲花园一期东二门5C栋房,广东深圳市南山区前海路泛海拉菲花园一期东二门5C栋房,广东深圳市南山区前海路泛海拉菲花园一期东二门5C栋房,113.894274,22.499377
深圳月亮湾,广东,深圳市,南山区,前海深港合作区自贸大街前海领尚公馆负楼号商铺,广东深圳市南山区前海深港合作区自贸大街前海领尚公馆负楼号商铺,广东深圳市南山区前海深港合作区自贸大街前海领尚公馆负楼号商铺,113.890463,22.502005
深圳月亮湾,广东,深圳市,南山区,五湾社区龙瑞佳园山海居5栋B,广东深圳市南山区五湾社区龙瑞佳园山海居5栋B,广东深圳市南山区五湾社区龙瑞佳园山海居5栋B,113.902529,22.480419
深圳月亮湾,广东,深圳市,南山区,前海路雷圳碧榕湾海景花园3栋单元,广东深圳市南山区前海路雷圳碧榕湾海景花园3栋单元,广东深圳市南山区前海路雷圳碧榕湾海景花园3栋单元,113.904002,22.51271
深圳月亮湾,广东,深圳市,南山区,蛇口街道南山区蛇口鼎海科创港B座楼西子淘宝深圳仓,广东深圳市南山区蛇口街道南山区蛇口鼎海科创港B座楼西子淘宝深圳仓,广东深圳市南山区蛇口街道南山区蛇口鼎海科创港B座楼西子淘宝深圳仓,113.893868,22.484607
深圳月亮湾,广东,深圳市,南山区,南山街道港前路德尚世家2栋B,广东深圳市南山区南山街道港前路德尚世家2栋B,广东深圳市南山区南山街道港前路德尚世家2栋B,113.895041,22.494623
深圳月亮湾,广东,深圳市,南山区,赤湾半山臻镜5单元,广东深圳市南山区赤湾半山臻镜5单元,广东深圳市南山区赤湾半山臻镜5单元,113.894651,22.4776
深圳月亮湾,广东,深圳市,南山区,南山街道内环路与月亮湾大道交叉口东100米前海诚进大厦楼,广东深圳市南山区南山街道内环路与月亮湾大道交叉口东100米前海诚进大厦楼,广东深圳市南山区南山街道内环路与月亮湾大道交叉口东100米前海诚进大厦楼,113.89913,22.507919
深圳月亮湾,广东,深圳市,南山区,月亮湾大道中海油加油站背后中铁二局项,广东深圳市南山区月亮湾大道中海油加油站背后中铁二局项,广东深圳市南山区月亮湾大道中海油加油站背后中铁二局项,113.801874,22.751842
深圳月亮湾,广东,深圳市,南山区,街道兴海大道104号山海津G栋,广东深圳市南山区街道兴海大道104号山海津G栋,广东深圳市南山区街道兴海大道104号山海津G栋,113.900181,22.482407
深圳月亮湾,广东,深圳市,南山区,南山街道万豪掬月半山物业服务中心2栋楼A02,广东深圳市南山区南山街道万豪掬月半山物业服务中心2栋楼A02,广东深圳市南山区南山街道万豪掬月半山物业服务中心2栋楼A02,113.899125,22.529775
深圳月亮湾,广东,深圳市,南山区,南山街道月亮湾大道前海诚进大厦楼,广东深圳市南山区南山街道月亮湾大道前海诚进大厦楼,广东深圳市南山区南山街道月亮湾大道前海诚进大厦楼,113.89913,22.507919
深圳月亮湾,广东,深圳市,南山区,前海港湾花园5,广东深圳市南山区前海港湾花园5,广东深圳市南山区前海港湾花园5,113.886414,22.509111
深圳月亮湾,广东,深圳市,南山区,南山区南山街道泛海城市广场四期R栋栋室创意箱包馆,广东深圳市南山区南山街道泛海城市广场四期R栋栋室创意箱包馆,广东深圳市南山区南山街道泛海城市广场四期R栋栋室创意箱包馆,113.892693,22.494038
深圳月亮湾,广东,深圳市,南山区,街道深圳市南山区赤湾港湾生活小区海泽阁三单元,广东深圳市南山区街道深圳市南山区赤湾港湾生活小区海泽阁三单元,广东深圳市南山区街道深圳市南山区赤湾港湾生活小区海泽阁三单元,113.887275,22.476221
深圳月亮湾,广东,深圳市,南山区,街道鼎海科创港A座610…蓝,广东深圳市南山区街道鼎海科创港A座,广东深圳市南山区街道鼎海科创港A座,113.924164,22.488255
深圳月亮湾,广东,深圳市,南山区,南山街道前海路泛海拉菲花园一期5C,广东深圳市南山区南山街道前海路泛海拉菲花园一期5C,广东深圳市南山区南山街道前海路泛海拉菲花园一期5C,113.894274,22.499377
深圳月亮湾,广东,深圳市,南山区,广东省深圳市南山区集悦城荔山6栋,广东深圳市南山区广东省深圳市南山区集悦城荔山6栋,广东深圳市南山区广东省深圳市南山区集悦城荔山6栋,113.894335,22.48833
深圳月亮湾,广东,深圳市,南山区,赤湾少帝路山语海苑2栋单元,广东深圳市南山区赤湾少帝路山语海苑2栋单元,广东深圳市南山区赤湾少帝路山语海苑2栋单元,113.891814,22.484012
深圳月亮湾,广东,深圳市,南山区,街道少帝路1号鼎海科创港A座,广东深圳市南山区街道少帝路1号鼎海科创港A座,广东深圳市南山区街道少帝路1号鼎海科创港A座,113.924164,22.488255
深圳月亮湾,广东,深圳市,南山区,港城街香江金融中心,广东深圳市南山区港城街香江金融中心,广东深圳市南山区港城街香江金融中心,113.888943,22.502033
深圳月亮湾,广东,深圳市,南山区,赤湾村恒星公寓楼一品屋烧烤店刘,广东深圳市南山区赤湾村恒星公寓楼一品屋烧烤店,广东深圳市南山区赤湾村恒星公寓楼一品屋烧烤店,113.888649,22.47936
深圳月亮湾,广东,深圳市,南山区,南山街道前海路恒立心海湾1栋B座,广东深圳市南山区南山街道前海路恒立心海湾1栋B座,广东深圳市南山区南山街道前海路恒立心海湾1栋B座,113.894497,22.50152
深圳月亮湾,广东,深圳市,南山区,南山街道兴海大道3040号前海世茂大厦楼,广东深圳市南山区南山街道兴海大道3040号前海世茂大厦楼,广东深圳市南山区南山街道兴海大道3040号前海世茂大厦楼,113.889378,22.501395
深圳月亮湾,广东,深圳市,南山区,南山街道兴海大道与月亮湾大道交叉口东南角前海港湾花园5B栋,广东深圳市南山区南山街道兴海大道与月亮湾大道交叉口东南角前海港湾花园5B栋,广东深圳市南山区南山街道兴海大道与月亮湾大道交叉口东南角前海港湾花园5B栋,113.899621,22.529463
深圳月亮湾,广东,深圳市,南山区,粤海路动漫园4栋,广东深圳市南山区粤海路动漫园4栋,广东深圳市南山区粤海路动漫园4栋,113.92396,22.509719
深圳月亮湾,广东,深圳市,南山区,深圳市南山区月亮湾花园37栋,广东深圳市南山区深圳市南山区月亮湾花园37栋,广东深圳市南山区深圳市南山区月亮湾花园37栋,114.488516,22.537024
深圳月亮湾,广东,深圳市,南山区,赤湾生活小区海鲲阁3单元,广东深圳市南山区赤湾生活小区海鲲阁3单元,广东深圳市南山区赤湾生活小区海鲲阁3单元,113.894651,22.4776
深圳月亮湾,广东,深圳市,南山区,深物业前海港湾花园3B栋,广东深圳市南山区深物业前海港湾花园3B栋,广东深圳市南山区深物业前海港湾花园3B栋,113.891459,22.497256
深圳月亮湾,广东,深圳市,南山区,南山街道荔湾社区月亮湾大道2078号兆龙大楼,广东深圳市南山区南山街道荔湾社区月亮湾大道2078号兆龙大楼,广东深圳市南山区南山街道荔湾社区月亮湾大道2078号兆龙大楼,113.89886,22.507453
深圳月亮湾,广东,深圳市,南山区,中海阳光玫瑰园2栋单元,广东深圳市南山区中海阳光玫瑰园2栋单元,广东深圳市南山区中海阳光玫瑰园2栋单元,113.896405,22.501971
深圳月亮湾,广东,深圳市,南山区,南山区街道兴海大道山海居四期03栋,广东深圳市南山区街道兴海大道山海居四期03栋,广东深圳市南山区街道兴海大道山海居四期03栋,114.031692,22.625849
深圳月亮湾,广东,深圳市,南山区,深花园,广东深圳市南山区深花园,广东深圳市南山区深花园,113.930478,22.533191
深圳月亮湾,广东,深圳市,南山区,街道兴海大道龙瑞佳园山海居9A,广东深圳市南山区街道兴海大道龙瑞佳园山海居9A,广东深圳市南山区街道兴海大道龙瑞佳园山海居9A,113.903509,22.479649
深圳月亮湾,广东,深圳市,南山区,街道赤湾六路港湾社区栋,广东深圳市南山区街道赤湾六路港湾社区栋,广东深圳市南山区街道赤湾六路港湾社区栋,113.888015,22.481494
深圳月亮湾,广东,深圳市,南山区,街道南山区街道少帝路7号半山臻境8栋,广东深圳市南山区街道南山区街道少帝路7号半山臻境8栋,广东深圳市南山区街道南山区街道少帝路7号半山臻境8栋,113.893385,22.481551
深圳月亮湾,广东,深圳市,南山区,前海路中海阳光玫瑰园4栋单元,广东深圳市南山区前海路中海阳光玫瑰园4栋单元,广东深圳市南山区前海路中海阳光玫瑰园4栋单元,113.895453,22.502721
深圳月亮湾,广东,深圳市,南山区,南山街道佳兆业前海广场C,广东深圳市南山区南山街道佳兆业前海广场C,广东深圳市南山区南山街道佳兆业前海广场C,113.886311,22.494456
深圳月亮湾,广东,深圳市,南山区,前海湾花,广东深圳市南山区前海湾花,广东深圳市南山区前海湾花,113.886814,22.510502
深圳月亮湾,广东,深圳市,南山区,前海路恒立心海湾花园5A,广东深圳市南山区前海路恒立心海湾花园5A,广东深圳市南山区前海路恒立心海湾花园5A,113.894345,22.501302
深圳月亮湾,广东,深圳市,南山区,南山街道新园路36号德源花园1栋单元,广东深圳市南山区南山街道新园路36号德源花园1栋单元,广东深圳市南山区南山街道新园路36号德源花园1栋单元,113.918375,22.517981
深圳月亮湾,广东,深圳市,南山区,赤湾六路山海逸居2栋B,广东深圳市南山区赤湾六路山海逸居2栋B,广东深圳市南山区赤湾六路山海逸居2栋B,113.891218,22.479725
深圳月亮湾,广东,深圳市,南山区,赤湾村海曦楼C坐,广东深圳市南山区赤湾村海曦楼C坐,广东深圳市南山区赤湾村海曦楼C坐,113.888904,22.480608
深圳月亮湾,广东,深圳市,南山区,街道兴海大道山海居四期8栋,广东深圳市南山区街道兴海大道山海居四期8栋,广东深圳市南山区街道兴海大道山海居四期8栋,113.883451,22.507325
深圳月亮湾,广东,深圳市,南山区,前海路前海广场1期2A栋,广东深圳市南山区前海路前海广场1期2A栋,广东深圳市南山区前海路前海广场1期2A栋,113.899621,22.529463
深圳月亮湾,广东,深圳市,南山区,南山区前海路诺德假日广场2栋,广东深圳市南山区前海路诺德假日广场2栋,广东深圳市南山区前海路诺德假日广场2栋,113.903525,22.509102
深圳月亮湾,广东,深圳市,南山区,蛇口街道山海韵11栋,广东深圳市南山区蛇口街道山海韵11栋,广东深圳市南山区蛇口街道山海韵11栋,113.904752,22.480321
深圳月亮湾,广东,深圳市,南山区,南山街道泛海城市广场四期H栋,广东深圳市南山区南山街道泛海城市广场四期H栋,广东深圳市南山区南山街道泛海城市广场四期H栋,113.892693,22.494038
深圳月亮湾,广东,深圳市,南山区,南山街道内环路与月亮湾大道交叉口东100米前海诚进大厦楼轩羽女装协,广东深圳市南山区南山街道内环路与月亮湾大道交叉口东100米前海诚进大厦楼轩羽女装协,广东深圳市南山区南山街道内环路与月亮湾大道交叉口东100米前海诚进大厦楼轩羽女装协,113.89913,22.507919
深圳月亮湾,广东,深圳市,南山区,月亮湾大道2076号中国高科大厦A座601,广东深圳市南山区月亮湾大道2076号中国高科大厦A座601,广东深圳市南山区月亮湾大道2076号中国高科大厦A座601,113.898236,22.507006
深圳月亮湾,广东,深圳市,南山区,南山区南山街道兴海大道月亮湾山庄号,广东深圳市南山区南山街道兴海大道月亮湾山庄号,广东深圳市南山区南山街道兴海大道月亮湾山庄号,113.883451,22.507325
深圳月亮湾,广东,深圳市,南山区,街道鼎海科创港A座,广东深圳市南山区街道鼎海科创港A座,广东深圳市南山区街道鼎海科创港A座,113.924164,22.488255
深圳月亮湾,广东,深圳市,南山区,南山街道前海路）,广东深圳市南山区南山街道前海路）,广东深圳市南山区南山街道前海路）,113.930478,22.533191
深圳月亮湾,广东,深圳市,南山区,街道海景公寓B栋,广东深圳市南山区街道海景公寓B栋,广东深圳市南山区街道海景公寓B栋,113.883765,22.47839
深圳月亮湾,广东,深圳市,南山区,前海路中建荔香家园-B栋,广东深圳市南山区前海路中建荔香家园-B栋,广东深圳市南山区前海路中建荔香家园-B栋,113.892546,22.49712
深圳月亮湾,广东,深圳市,南山区,南山街道月亮湾大道中国高科大厦,广东深圳市南山区南山街道月亮湾大道中国高科大厦,广东深圳市南山区南山街道月亮湾大道中国高科大厦,113.897878,22.50721
深圳月亮湾,广东,深圳市,南山区,南山区南山街道观山道1号汉京九榕台8E栋,广东深圳市南山区南山街道观山道1号汉京九榕台8E栋,广东深圳市南山区南山街道观山道1号汉京九榕台8E栋,113.888042,22.488317
深圳月亮湾,广东,深圳市,南山区,南山街道深华园,广东深圳市南山区南山街道深华园,广东深圳市南山区南山街道深华园,113.918515,22.517363
深圳月亮湾,广东,深圳市,南山区,前海路0070号拉菲花园二期中心,广东深圳市南山区前海路0070号拉菲花园二期中心,广东深圳市南山区前海路0070号拉菲花园二期中心,113.892889,22.495345
深圳月亮湾,广东,深圳市,南山区,通港路颐城瑧湾悦家园2栋,广东深圳市南山区通港路颐城瑧湾悦家园2栋,广东深圳市南山区通港路颐城瑧湾悦家园2栋,113.890588,22.501646
深圳月亮湾,广东,深圳市,南山区,深南大道2620号南油投递部,广东深圳市南山区深南大道2620号南油投递部,广东深圳市南山区深南大道2620号南油投递部,114.064153,22.539321
深圳月亮湾,广东,深圳市,南山区,南山街道香格名苑E栋Aa,广东深圳市南山区南山街道香格名苑E栋Aa,广东深圳市南山区南山街道香格名苑E栋Aa,113.885421,22.491012
深圳月亮湾,广东,深圳市,南山区,街道松湖二路山海韵13B,广东深圳市南山区街道松湖二路山海韵13B,广东深圳市南山区街道松湖二路山海韵13B,113.904752,22.480321
深圳月亮湾,广东,深圳市,南山区,南山街道少帝路1号鼎海科创港C座,广东深圳市南山区南山街道少帝路1号鼎海科创港C座,广东深圳市南山区南山街道少帝路1号鼎海科创港C座,113.893868,22.484607
深圳月亮湾,广东,深圳市,南山区,街道赤湾海景大夏楼千,广东深圳市南山区街道赤湾海景大夏楼千,广东深圳市南山区街道赤湾海景大夏楼千,113.894651,22.4776
深圳月亮湾,广东,深圳市,南山区,前海路333号中海阳光玫瑰园7,广东深圳市南山区前海路333号中海阳光玫瑰园7,广东深圳市南山区前海路333号中海阳光玫瑰园7,113.896964,22.502851
深圳月亮湾,广东,深圳市,南山区,前海路丽湾大厦二单元B座,广东深圳市南山区前海路丽湾大厦二单元B座,广东深圳市南山区前海路丽湾大厦二单元B座,113.891378,22.495927
深圳月亮湾,广东,深圳市,南山区,前海路掬月半山3b,广东深圳市南山区前海路掬月半山3b,广东深圳市南山区前海路掬月半山3b,113.886815,22.49305
深圳月亮湾,广东,深圳市,南山区,南山区南山街道泛海城市广场四期L栋号尚,广东深圳市南山区南山街道泛海城市广场四期L栋号尚,广东深圳市南山区南山街道泛海城市广场四期L栋号尚,113.892693,22.494038
深圳月亮湾,广东,深圳市,南山区,街道华英路半山臻境5栋,广东深圳市南山区街道华英路半山臻境5栋,广东深圳市南山区街道华英路半山臻境5栋,113.900527,22.478424
深圳月亮湾,广东,深圳市,南山区,前海港湾花园3a,广东深圳市南山区前海港湾花园3a,广东深圳市南山区前海港湾花园3a,113.891459,22.497256
深圳月亮湾,广东,深圳市,南山区,街道港城路领玺3栋,广东深圳市南山区街道港城路领玺3栋,广东深圳市南山区街道港城路领玺3栋,114.380835,22.711766
深圳月亮湾,广东,深圳市,南山区,前海路369号诺德假日花园7B栋,广东深圳市南山区前海路369号诺德假日花园7B栋,广东深圳市南山区前海路369号诺德假日花园7B栋,113.903334,22.509123
深圳月亮湾,广东,深圳市,南山区,海湾路13号湄南河体育小镇二期东边楼多米仓库转KOTACABAR,广东深圳市南山区海湾路13号湄南河体育小镇二期东边楼多米仓库转KOTACABAR,广东深圳市南山区海湾路13号湄南河体育小镇二期东边楼多米仓库转KOTACABAR,113.898791,22.466848
深圳月亮湾,广东,深圳市,南山区,南山区街道兴海大道1048号山海津A单元23A,广东深圳市南山区街道兴海大道1048号山海津A单元23A,广东深圳市南山区街道兴海大道1048号山海津A单元23A,113.89926,22.482589
深圳月亮湾,广东,深圳市,南山区,月亮湾大道2078号兆龙大厦顺丰网点楼哆啦逗,广东深圳市南山区月亮湾大道2078号兆龙大厦顺丰网点楼哆啦逗,广东深圳市南山区月亮湾大道2078号兆龙大厦顺丰网点楼哆啦逗,113.898593,22.507473
深圳月亮湾,广东,深圳市,南山区,前海路12号掬月半山3A栋,广东深圳市南山区前海路12号掬月半山3A栋,广东深圳市南山区前海路12号掬月半山3A栋,113.886815,22.49305
深圳月亮湾,广东,深圳市,南山区,街道少帝路1号鼎海科创港E座,广东深圳市南山区街道少帝路1号鼎海科创港E座,广东深圳市南山区街道少帝路1号鼎海科创港E座,113.893868,22.484607
深圳月亮湾,广东,深圳市,南山区,前海路诺德假日花园9A,广东深圳市南山区前海路诺德假日花园9A,广东深圳市南山区前海路诺德假日花园9A,113.903116,22.509914
深圳月亮湾,广东,深圳市,南山区,街道赤湾总部大厦楼罗女士,广东深圳市南山区街道赤湾总部大厦楼,广东深圳市南山区街道赤湾总部大厦楼,113.895681,22.47856
深圳月亮湾,广东,深圳市,南山区,街道海湾路8号深圳市益嘉物流有限公司,广东深圳市南山区街道海湾路8号深圳市益嘉物流有限公司,广东深圳市南山区街道海湾路8号深圳市益嘉物流有限公司,113.896175,22.46757
深圳月亮湾,广东,深圳市,南山区,月亮湾大道兆龙大楼办公楼尹宠的6店,广东深圳市南山区月亮湾大道兆龙大楼办公楼尹宠的6店,广东深圳市南山区月亮湾大道兆龙大楼办公楼尹宠的6店,113.89886,22.507453
深圳月亮湾,广东,深圳市,南山区,听海路中国电建15号线听海路站生活区,广东深圳市南山区听海路中国电建15号线听海路站生活区,广东深圳市南山区听海路中国电建15号线听海路站生活区,102.668549,24.117067
深圳月亮湾,广东,深圳市,南山区,南山街道月丰路momo公寓,广东深圳市南山区南山街道月丰路momo公寓,广东深圳市南山区南山街道月丰路momo公寓,113.898837,22.507358
深圳月亮湾,广东,深圳市,南山区,中建科工赤湾CF地块项目部南山区兴海大道1039号港创6号门,广东深圳市南山区中建科工赤湾CF地块项目部南山区兴海大道1039号港创6号门,广东深圳市南山区中建科工赤湾CF地块项目部南山区兴海大道1039号港创6号门,113.902661,22.471345
深圳月亮湾,广东,深圳市,南山区,南山街道港城街99号深国际前海颐都大厦塔楼,广东深圳市南山区南山街道港城街99号深国际前海颐都大厦塔楼,广东深圳市南山区南山街道港城街99号深国际前海颐都大厦塔楼,113.891148,22.504344
深圳月亮湾,广东,深圳市,南山区,南山街道诺德假日花园8B,广东深圳市南山区南山街道诺德假日花园8B,广东深圳市南山区南山街道诺德假日花园8B,113.903116,22.509914
深圳月亮湾,广东,深圳市,南山区,月亮湾花园34栋彭,广东深圳市南山区月亮湾花园34栋彭,广东深圳市南山区月亮湾花园34栋彭,114.488516,22.537024
深圳月亮湾,广东,深圳市,南山区,中海阳光攻瑰园4栋单元,广东深圳市南山区中海阳光攻瑰园4栋单元,广东深圳市南山区中海阳光攻瑰园4栋单元,113.820611,22.770143
深圳月亮湾,广东,深圳市,南山区,妈湾二路与听海路交汇处妈湾变电站,广东深圳市南山区妈湾二路与听海路交汇处妈湾变电站,广东深圳市南山区妈湾二路与听海路交汇处妈湾变电站,113.871881,22.512249
深圳月亮湾,广东,深圳市,南山区,南山街道前海路0169号中建二局二公司,广东深圳市南山区南山街道前海路0169号中建二局二公司,广东深圳市南山区南山街道前海路0169号中建二局二公司,113.892919,22.4969
深圳月亮湾,广东,深圳市,南山区,南山街道月亮湾大道1077号楼r36max透灰64g一台,广东深圳市南山区南山街道月亮湾大道1077号楼,广东深圳市南山区南山街道月亮湾大道1077号楼,113.886597,22.496531
深圳月亮湾,广东,深圳市,南山区,少帝路1号鼎海科创港E座楼,广东深圳市南山区少帝路1号鼎海科创港E座楼,广东深圳市南山区少帝路1号鼎海科创港E座楼,113.893868,22.484607
深圳月亮湾,广东,深圳市,南山区,南山街道瑧湾悦2栋单元,广东深圳市南山区南山街道瑧湾悦2栋单元,广东深圳市南山区南山街道瑧湾悦2栋单元,113.930478,22.533191
深圳月亮湾,广东,深圳市,南山区,少帝路半山臻境6栋,广东深圳市南山区少帝路半山臻境6栋,广东深圳市南山区少帝路半山臻境6栋,113.890273,22.480652
深圳月亮湾,广东,深圳市,南山区,南山街道前海路199号恒立心海湾花园不要放4C,广东深圳市南山区南山街道前海路199号恒立心海湾花园不要放4C,广东深圳市南山区南山街道前海路199号恒立心海湾花园不要放4C,113.894787,22.500308
深圳月亮湾,广东,深圳市,南山区,通海路通海停车场内直行到底左边深圳汇聚鑫堆场放闸口,广东深圳市南山区通海路通海停车场内直行到底左边深圳汇聚鑫堆场放闸口,广东深圳市南山区通海路通海停车场内直行到底左边深圳汇聚鑫堆场放闸口,113.877993,22.502609
深圳月亮湾,广东,深圳市,南山区,南山街道-前海颐湾府三栋一单元26号,广东深圳市南山区南山街道-前海颐湾府三栋一单元26号,广东深圳市南山区南山街道-前海颐湾府三栋一单元26号,113.89108,22.503568
深圳月亮湾,广东,深圳市,南山区,南山街道前海佳兆业前海广场二期二期b栋,广东深圳市南山区南山街道前海佳兆业前海广场二期二期b栋,广东深圳市南山区南山街道前海佳兆业前海广场二期二期b栋,113.886121,22.495106
深圳月亮湾,广东,深圳市,南山区,前海路诺德假日花园5B,广东深圳市南山区前海路诺德假日花园5B,广东深圳市南山区前海路诺德假日花园5B,113.904317,22.510301
深圳月亮湾,广东,深圳市,南山区,南山街道前海领玺家园2栋,广东深圳市南山区南山街道前海领玺家园2栋,广东深圳市南山区南山街道前海领玺家园2栋,113.899621,22.529463
深圳月亮湾,广东,深圳市,南山区,前海路诺德5C,广东深圳市南山区前海路诺德5C,广东深圳市南山区前海路诺德5C,113.903525,22.509102
深圳月亮湾,广东,深圳市,南山区,前海路369号诺德假日花园5号楼C,广东深圳市南山区前海路369号诺德假日花园5号楼C,广东深圳市南山区前海路369号诺德假日花园5号楼C,113.903984,22.510917
深圳月亮湾,广东,深圳市,南山区,蛇口街道半山臻境6栋,广东深圳市南山区蛇口街道半山臻境6栋,广东深圳市南山区蛇口街道半山臻境6栋,113.931018,22.492513
深圳月亮湾,广东,深圳市,南山区,南山街道前海诚进大厦A座二单元,广东深圳市南山区南山街道前海诚进大厦A座二单元,广东深圳市南山区南山街道前海诚进大厦A座二单元,113.923189,22.520368
深圳月亮湾,广东,深圳市,南山区,前海路0070号泛海城市广场1,广东深圳市南山区前海路0070号泛海城市广场1,广东深圳市南山区前海路0070号泛海城市广场1,113.892888,22.494581
深圳月亮湾,广东,深圳市,南山区,前海世贸大厦,广东深圳市南山区前海世贸大厦,广东深圳市南山区前海世贸大厦,113.899621,22.529463
深圳月亮湾,广东,深圳市,南山区,南山街道听海大道与前湾四路交叉口北120米前海润峯府D栋,广东深圳市南山区南山街道听海大道与前湾四路交叉口北120米前海润峯府D栋,广东深圳市南山区南山街道听海大道与前湾四路交叉口北120米前海润峯府D栋,113.886933,22.515222
深圳月亮湾,广东,深圳市,南山区,南山街道前海路拉菲花园1期8幢室）,广东深圳市南山区南山街道前海路拉菲花园1期8幢,广东深圳市南山区南山街道前海路拉菲花园1期8幢,113.930478,22.533191
深圳月亮湾,广东,深圳市,南山区,南山区街道兴海大道山海韵四期C栋,广东深圳市南山区街道兴海大道山海韵四期C栋,广东深圳市南山区街道兴海大道山海韵四期C栋,113.904752,22.480321
深圳月亮湾,广东,深圳市,南山区,街道少帝路1号鼎海科创港E座楼,广东深圳市南山区街道少帝路1号鼎海科创港E座楼,广东深圳市南山区街道少帝路1号鼎海科创港E座楼,113.893868,22.484607
深圳月亮湾,广东,深圳市,南山区,南山街道前海诚进大厦B座,广东深圳市南山区南山街道前海诚进大厦B座,广东深圳市南山区南山街道前海诚进大厦B座,113.92301,22.520049
深圳月亮湾,广东,深圳市,南山区,南山街道月亮湾山庄C,广东深圳市南山区南山街道月亮湾山庄C,广东深圳市南山区南山街道月亮湾山庄C,113.930478,22.533191
深圳月亮湾,广东,深圳市,南山区,南山街道南山街道月亮湾大道2076号中国高科大夏A,广东深圳市南山区南山街道南山街道月亮湾大道2076号中国高科大夏A,广东深圳市南山区南山街道南山街道月亮湾大道2076号中国高科大夏A,113.898428,22.506713
深圳月亮湾,广东,深圳市,南山区,街道深圳市南山区街道赤湾社区少帝路10号山语海苑6栋,广东深圳市南山区街道深圳市南山区街道赤湾社区少帝路10号山语海苑6栋,广东深圳市南山区街道深圳市南山区街道赤湾社区少帝路10号山语海苑6栋,113.891604,22.483347
深圳月亮湾,广东,深圳市,南山区,南山区月亮湾花园37栋,广东深圳市南山区月亮湾花园37栋,广东深圳市南山区月亮湾花园37栋,114.488516,22.537024
深圳月亮湾,广东,深圳市,南山区,南山街道泛海城市广场四期C栋,广东深圳市南山区南山街道泛海城市广场四期C栋,广东深圳市南山区南山街道泛海城市广场四期C栋,113.892693,22.494038
深圳月亮湾,广东,深圳市,南山区,南山街道前海颐湾府3栋单元,广东深圳市南山区南山街道前海颐湾府3栋单元,广东深圳市南山区南山街道前海颐湾府3栋单元,113.89108,22.503568
深圳月亮湾,广东,深圳市,南山区,棉山路香格名苑c1栋A,广东深圳市南山区棉山路香格名苑c1栋A,广东深圳市南山区棉山路香格名苑c1栋A,113.88486,22.491225
深圳月亮湾,广东,深圳市,南山区,南山区南山街道前海诚进大厦A座楼,广东深圳市南山区南山街道前海诚进大厦A座楼,广东深圳市南山区南山街道前海诚进大厦A座楼,113.923189,22.520368
深圳月亮湾,广东,深圳市,南山区,南山区南山街道月亮湾大道2076号中国高科大厦A,广东深圳市南山区南山街道月亮湾大道2076号中国高科大厦A,广东深圳市南山区南山街道月亮湾大道2076号中国高科大厦A,113.897878,22.50721
深圳月亮湾,广东,深圳市,南山区,南山街道月亮湾大道2076号中国高科大厦A,广东深圳市南山区南山街道月亮湾大道2076号中国高科大厦A,广东深圳市南山区南山街道月亮湾大道2076号中国高科大厦A,113.897878,22.50721
深圳月亮湾,广东,深圳市,南山区,街道兴海大道山海居四期K栋室【17196861222】,广东深圳市南山区街道兴海大道山海居四期K栋,广东深圳市南山区街道兴海大道山海居四期K栋,113.883451,22.507325
深圳月亮湾,广东,深圳市,南山区,街道荔湾社区月亮湾大道前海诚进大厦,广东深圳市南山区街道荔湾社区月亮湾大道前海诚进大厦,广东深圳市南山区街道荔湾社区月亮湾大道前海诚进大厦,113.89913,22.507919
深圳月亮湾,广东,深圳市,南山区,前海路恒立心海湾花园2c,广东深圳市南山区前海路恒立心海湾花园2c,广东深圳市南山区前海路恒立心海湾花园2c,113.895156,22.500853
深圳月亮湾,广东,深圳市,南山区,街道赤湾五路一号诺亚第健身,广东深圳市南山区街道赤湾五路一号诺亚第健身,广东深圳市南山区街道赤湾五路一号诺亚第健身,113.890869,22.478646
深圳月亮湾,广东,深圳市,南山区,街道街道少帝路1号鼎海科创港一期8栋,广东深圳市南山区街道街道少帝路1号鼎海科创港一期8栋,广东深圳市南山区街道街道少帝路1号鼎海科创港一期8栋,113.893868,22.484607
深圳月亮湾,广东,深圳市,南山区,前海路万科臻山海家园3单元,广东深圳市南山区前海路万科臻山海家园3单元,广东深圳市南山区前海路万科臻山海家园3单元,113.914927,22.525524
深圳月亮湾,广东,深圳市,南山区,南山街道领玺2期2栋华为nove68+128工作机4g要一台要成,广东深圳市南山区南山街道领玺2期2栋,广东深圳市南山区南山街道领玺2期2栋,113.930478,22.533191
深圳月亮湾,广东,深圳市,南山区,月亮湾大道港城路与十号路交汇处深圳宝创宝马南山分公司,广东深圳市南山区月亮湾大道港城路与十号路交汇处深圳宝创宝马南山分公司,广东深圳市南山区月亮湾大道港城路与十号路交汇处深圳宝创宝马南山分公司,113.88866,22.507739
深圳月亮湾,广东,深圳市,南山区,南山街道前海湾花园二期6栋,广东深圳市南山区南山街道前海湾花园二期6栋,广东深圳市南山区南山街道前海湾花园二期6栋,113.886514,22.508678
深圳月亮湾,广东,深圳市,南山区,蛇口赤湾鼎海科创港A栋楼,广东深圳市南山区蛇口赤湾鼎海科创港A栋楼,广东深圳市南山区蛇口赤湾鼎海科创港A栋楼,113.893868,22.484607
深圳月亮湾,广东,深圳市,南山区,前海合作区自贸西街18号香缤国际金融中心403,广东深圳市南山区前海合作区自贸西街18号香缤国际金融中心403,广东深圳市南山区前海合作区自贸西街18号香缤国际金融中心403,113.889027,22.502276
深圳月亮湾,广东,深圳市,南山区,街道少帝路鼎海科创港A座楼,广东深圳市南山区街道少帝路鼎海科创港A座楼,广东深圳市南山区街道少帝路鼎海科创港A座楼,113.924164,22.488255
深圳月亮湾,广东,深圳市,南山区,南山街道港城路前海湾花园10栋,广东深圳市南山区南山街道港城路前海湾花园10栋,广东深圳市南山区南山街道港城路前海湾花园10栋,113.886786,22.510064
深圳月亮湾,广东,深圳市,南山区,前海路泛海拉菲花园一期东二门5c106深圳露,广东深圳市南山区前海路泛海拉菲花园一期东二门5c106深圳露,广东深圳市南山区前海路泛海拉菲花园一期东二门5c106深圳露,113.894274,22.499377
深圳月亮湾,广东,深圳市,南山区,佳兆业前海广场一期5,广东深圳市南山区佳兆业前海广场一期5,广东深圳市南山区佳兆业前海广场一期5,113.886434,22.494063
深圳月亮湾,广东,深圳市,南山区,前海路佳兆业前海广场2,广东深圳市南山区前海路佳兆业前海广场2,广东深圳市南山区前海路佳兆业前海广场2,113.879597,22.488773
深圳月亮湾,广东,深圳市,南山区,南山街道荔湾社区月亮湾大道前海诚进大厦,广东深圳市南山区南山街道荔湾社区月亮湾大道前海诚进大厦,广东深圳市南山区南山街道荔湾社区月亮湾大道前海诚进大厦,113.89913,22.507919
深圳月亮湾,广东,深圳市,南山区,街道中建三局微波山隧道豪庭苑楼,广东深圳市南山区街道中建三局微波山隧道豪庭苑楼,广东深圳市南山区街道中建三局微波山隧道豪庭苑楼,113.913971,22.477895
深圳月亮湾,广东,深圳市,南山区,前海自贸区小南山观山道月亮湾山庄南汉京九榕台2栋三单元,广东深圳市南山区前海自贸区小南山观山道月亮湾山庄南汉京九榕台2栋三单元,广东深圳市南山区前海自贸区小南山观山道月亮湾山庄南汉京九榕台2栋三单元,113.901193,22.51681
深圳月亮湾,广东,深圳市,南山区,第四工业区,广东深圳市南山区第四工业区,广东深圳市南山区第四工业区,113.890091,22.776968
深圳月亮湾,广东,深圳市,南山区,月亮湾花园21栋,广东深圳市南山区月亮湾花园21栋,广东深圳市南山区月亮湾花园21栋,114.488516,22.537024
深圳月亮湾,广东,深圳市,南山区,街道南山区华英路半山臻境2栋,广东深圳市南山区街道南山区华英路半山臻境2栋,广东深圳市南山区街道南山区华英路半山臻境2栋,113.900527,22.478424
深圳月亮湾,广东,深圳市,南山区,前海路泛海拉菲一期2A,广东深圳市南山区前海路泛海拉菲一期2A,广东深圳市南山区前海路泛海拉菲一期2A,113.893554,22.49994
深圳月亮湾,广东,深圳市,南山区,桃源街道深圳市南山区月亮湾大道2076号中国高科大厦楼深圳远供船务,广东深圳市南山区桃源街道深圳市南山区月亮湾大道2076号中国高科大厦楼深圳远供船务,广东深圳市南山区桃源街道深圳市南山区月亮湾大道2076号中国高科大厦楼深圳远供船务,113.897878,22.50721
深圳月亮湾,广东,深圳市,南山区,南山区南山街道前海诚进大厦A座视界眼镜店75栋,广东深圳市南山区南山街道前海诚进大厦A座视界眼镜店75栋,广东深圳市南山区南山街道前海诚进大厦A座视界眼镜店75栋,113.923189,22.520368
深圳月亮湾,广东,深圳市,南山区,南山街道前海路诺德假日花园8B,广东深圳市南山区南山街道前海路诺德假日花园8B,广东深圳市南山区南山街道前海路诺德假日花园8B,113.903116,22.509914
深圳月亮湾,广东,深圳市,南山区,港前路39号汉京确悦A,广东深圳市南山区港前路39号汉京确悦A,广东深圳市南山区港前路39号汉京确悦A,113.892487,22.498113
深圳月亮湾,广东,深圳市,南山区,南山区街道少帝路东栋白桔色尺码39,广东深圳市南山区街道少帝路东栋白桔色尺码39,广东深圳市南山区街道少帝路东栋白桔色尺码39,113.890273,22.480652
深圳月亮湾,广东,深圳市,南山区,南山街道月亮湾大道1077号楼----8200B-2L-100M---1,广东深圳市南山区南山街道月亮湾大道1077号楼,广东深圳市南山区南山街道月亮湾大道1077号楼,113.886597,22.496531
深圳月亮湾,广东,深圳市,南山区,街道鼎海科创港A座610【拒收到付】,广东深圳市南山区街道鼎海科创港A座610,广东深圳市南山区街道鼎海科创港A座610,113.924164,22.488255
深圳月亮湾,广东,深圳市,南山区,南山街道泛海城市广场四期X栋栋室,广东深圳市南山区南山街道泛海城市广场四期X栋栋室,广东深圳市南山区南山街道泛海城市广场四期X栋栋室,113.892693,22.494038
深圳月亮湾,广东,深圳市,南山区,前海路恒立心海湾3c栋,广东深圳市南山区前海路恒立心海湾3c栋,广东深圳市南山区前海路恒立心海湾3c栋,113.896215,22.500705
深圳月亮湾,广东,深圳市,南山区,南山街道前海路诺德假日花园小区8A,广东深圳市南山区南山街道前海路诺德假日花园小区8A,广东深圳市南山区南山街道前海路诺德假日花园小区8A,113.903116,22.509914
深圳月亮湾,广东,深圳市,南山区,街道赤湾四路36号赤湾恒星公寓,广东深圳市南山区街道赤湾四路36号赤湾恒星公寓,广东深圳市南山区街道赤湾四路36号赤湾恒星公寓,113.888266,22.47887
深圳月亮湾,广东,深圳市,南山区,蛇口松湖路山海韵11栋,广东深圳市南山区蛇口松湖路山海韵11栋,广东深圳市南山区蛇口松湖路山海韵11栋,113.904752,22.480321
深圳月亮湾,广东,深圳市,南山区,南山街道前海路369号诺德 假日花园9A,广东深圳市南山区南山街道前海路369号诺德 假日花园9A,广东深圳市南山区南山街道前海路369号诺德 假日花园9A,113.903334,22.509123
深圳月亮湾,广东,深圳市,南山区,南山区南山街道前海路199号恒立心海湾花园4D,广东深圳市南山区南山街道前海路199号恒立心海湾花园4D,广东深圳市南山区南山街道前海路199号恒立心海湾花园4D,113.89549,22.501542
深圳月亮湾,广东,深圳市,南山区,南山街道泛海城市广场四期A栋室【15794933224-4991】,广东深圳市南山区南山街道泛海城市广场四期A栋,广东深圳市南山区南山街道泛海城市广场四期A栋,113.892693,22.494038
深圳月亮湾,广东,深圳市,南山区,沿山路万星林花园项目保安室,广东深圳市南山区沿山路万星林花园项目保安室,广东深圳市南山区沿山路万星林花园项目保安室,113.905952,22.506913
深圳月亮湾,广东,深圳市,南山区,南山街道泛海城市广场内206拳咖,广东深圳市南山区南山街道泛海城市广场内206拳咖,广东深圳市南山区南山街道泛海城市广场内206拳咖,113.892693,22.494038
深圳月亮湾,广东,深圳市,南山区,街道半山臻境7栋,广东深圳市南山区街道半山臻境7栋,广东深圳市南山区街道半山臻境7栋,113.930478,22.533191
深圳月亮湾,广东,深圳市,南山区,深物业前海港湾花园3B,广东深圳市南山区深物业前海港湾花园3B,广东深圳市南山区深物业前海港湾花园3B,113.891459,22.497256
深圳月亮湾,广东,深圳市,南山区,广东省深圳市南山区南山街道石竹堆场工人生活区工人便利店,广东深圳市南山区广东省深圳市南山区南山街道石竹堆场工人生活区工人便利店,广东深圳市南山区广东省深圳市南山区南山街道石竹堆场工人生活区工人便利店,113.930478,22.533191
深圳月亮湾,广东,深圳市,南山区,街道少帝路1号鼎海科创港,广东深圳市南山区街道少帝路1号鼎海科创港,广东深圳市南山区街道少帝路1号鼎海科创港,113.893868,22.484607
深圳月亮湾,广东,深圳市,南山区,前海路雷圳碧榕湾海景花园3栋C,广东深圳市南山区前海路雷圳碧榕湾海景花园3栋C,广东深圳市南山区前海路雷圳碧榕湾海景花园3栋C,113.904002,22.51271
深圳月亮湾,广东,深圳市,南山区,龙瑞佳园山海居10A908,广东深圳市南山区龙瑞佳园山海居10A908,广东深圳市南山区龙瑞佳园山海居10A908,113.903509,22.479649
深圳月亮湾,广东,深圳市,南山区,街道兴海大道1048号山海津楼,广东深圳市南山区街道兴海大道1048号山海津楼,广东深圳市南山区街道兴海大道1048号山海津楼,113.89926,22.482589
深圳月亮湾,广东,深圳市,南山区,南山街道科创六街2号前海润峰府A,广东深圳市南山区南山街道科创六街2号前海润峰府A,广东深圳市南山区南山街道科创六街2号前海润峰府A,113.887491,22.515483
深圳月亮湾,广东,深圳市,南山区,南山街道内环路与月亮湾大道交叉口东100米前海诚进大厦楼轩,广东深圳市南山区南山街道内环路与月亮湾大道交叉口东100米前海诚进大厦楼轩,广东深圳市南山区南山街道内环路与月亮湾大道交叉口东100米前海诚进大厦楼轩,113.89913,22.507919
深圳月亮湾,广东,深圳市,南山区,街道华英路1号深圳市能源电力服务有限公司,广东深圳市南山区街道华英路1号深圳市能源电力服务有限公司,广东深圳市南山区街道华英路1号深圳市能源电力服务有限公司,113.881266,22.479979
深圳月亮湾,广东,深圳市,南山区,南山街道泛海城市广场四期栋,广东深圳市南山区南山街道泛海城市广场四期栋,广东深圳市南山区南山街道泛海城市广场四期栋,113.892693,22.494038
深圳月亮湾,广东,深圳市,南山区,南山街道月亮湾大道中海阳光玫瑰园5栋,广东深圳市南山区南山街道月亮湾大道中海阳光玫瑰园5栋,广东深圳市南山区南山街道月亮湾大道中海阳光玫瑰园5栋,113.896195,22.503287
深圳月亮湾,广东,深圳市,南山区,蛇口街道兴海大道月亮湾山庄B区,广东深圳市南山区蛇口街道兴海大道月亮湾山庄B区,广东深圳市南山区蛇口街道兴海大道月亮湾山庄B区,113.902191,22.479634
深圳月亮湾,广东,深圳市,南山区,南山街道丰泽园3栋一单元室,广东深圳市南山区南山街道丰泽园3栋一单元室,广东深圳市南山区南山街道丰泽园3栋一单元室,113.897911,22.505649
深圳月亮湾,广东,深圳市,南山区,南山街道月亮湾大道2220号冠华大厦楼,广东深圳市南山区南山街道月亮湾大道2220号冠华大厦楼,广东深圳市南山区南山街道月亮湾大道2220号冠华大厦楼,113.905328,22.514416
深圳月亮湾,广东,深圳市,南山区,南山街道深大附中高中部【教师快递架】,广东深圳市南山区南山街道深大附中高中部【教师快递架】,广东深圳市南山区南山街道深大附中高中部【教师快递架】,113.888633,22.494175
深圳月亮湾,广东,深圳市,南山区,深圳市南山区南山街道局前海经贸中心一期B座1002,广东深圳市南山区深圳市南山区南山街道局前海经贸中心一期B座1002,广东深圳市南山区深圳市南山区南山街道局前海经贸中心一期B座1002,113.899621,22.529463
深圳月亮湾,广东,深圳市,南山区,南山区南山街道诺德假日花园8B,广东深圳市南山区南山街道诺德假日花园8B,广东深圳市南山区南山街道诺德假日花园8B,113.903116,22.509914
深圳月亮湾,广东,深圳市,南山区,南山街道前海路佳兆业前海广场1A,广东深圳市南山区南山街道前海路佳兆业前海广场1A,广东深圳市南山区南山街道前海路佳兆业前海广场1A,113.886311,22.494456
深圳月亮湾,广东,深圳市,南山区,前海路199号恒立心海湾花园3b,广东深圳市南山区前海路199号恒立心海湾花园3b,广东深圳市南山区前海路199号恒立心海湾花园3b,113.89612,22.500576
深圳月亮湾,广东,深圳市,南山区,街道兴海大道1034号东北2号门,广东深圳市南山区街道兴海大道1034号东北2号门,广东深圳市南山区街道兴海大道1034号东北2号门,113.887612,22.505234
深圳月亮湾,广东,深圳市,南山区,妈湾大道与航海路交叉路口南100米中集妈湾C场,广东深圳市南山区妈湾大道与航海路交叉路口南100米中集妈湾C场,广东深圳市南山区妈湾大道与航海路交叉路口南100米中集妈湾C场,113.872533,22.508361
深圳月亮湾,广东,深圳市,南山区,龙瑞佳园10B,广东深圳市南山区龙瑞佳园10B,广东深圳市南山区龙瑞佳园10B,113.900181,22.482407
深圳月亮湾,广东,深圳市,南山区,南山街道深圳市前海路月亮湾花园35,广东深圳市南山区南山街道深圳市前海路月亮湾花园35,广东深圳市南山区南山街道深圳市前海路月亮湾花园35,113.930478,22.533191
深圳月亮湾,广东,深圳市,南山区,街道蛇口兴海大道龙瑞佳园山海居7栋B单元,广东深圳市南山区街道蛇口兴海大道龙瑞佳园山海居7栋B单元,广东深圳市南山区街道蛇口兴海大道龙瑞佳园山海居7栋B单元,113.903216,22.480898
深圳月亮湾,广东,深圳市,南山区,街道少帝路1号鼎海科创港一期5栋一单元,广东深圳市南山区街道少帝路1号鼎海科创港一期5栋一单元,广东深圳市南山区街道少帝路1号鼎海科创港一期5栋一单元,113.893868,22.484607
深圳月亮湾,广东,深圳市,南山区,南山街道月亮湾大道前海诚进大厦,广东深圳市南山区南山街道月亮湾大道前海诚进大厦,广东深圳市南山区南山街道月亮湾大道前海诚进大厦,113.89913,22.507919
深圳月亮湾,广东,深圳市,南山区,月亮湾大道2076号中国高科大厦A601售后1仓,广东深圳市南山区月亮湾大道2076号中国高科大厦A601售后1仓,广东深圳市南山区月亮湾大道2076号中国高科大厦A601售后1仓,113.897878,22.50721
深圳月亮湾,广东,深圳市,南山区,诺德假日花园7A,广东深圳市南山区诺德假日花园7A,广东深圳市南山区诺德假日花园7A,113.903116,22.509914
深圳月亮湾,广东,深圳市,南山区,街道鼎海科创港D栋货梯楼,广东深圳市南山区街道鼎海科创港D栋货梯楼,广东深圳市南山区街道鼎海科创港D栋货梯楼,113.893469,22.484046
深圳月亮湾,广东,深圳市,南山区,润峯府B栋,广东深圳市南山区润峯府B栋,广东深圳市南山区润峯府B栋,113.930478,22.533191
深圳月亮湾,广东,深圳市,南山区,南山区南山街道月亮湾大道1077号楼,广东深圳市南山区南山街道月亮湾大道1077号楼,广东深圳市南山区南山街道月亮湾大道1077号楼,113.886597,22.496531
深圳月亮湾,广东,深圳市,南山区,港城路前海湾花园二期6栋,广东深圳市南山区港城路前海湾花园二期6栋,广东深圳市南山区港城路前海湾花园二期6栋,113.886514,22.508678
深圳月亮湾,广东,深圳市,南山区,街道少帝路1号鼎海科创港工业园D座楼,广东深圳市南山区街道少帝路1号鼎海科创港工业园D座楼,广东深圳市南山区街道少帝路1号鼎海科创港工业园D座楼,113.893868,22.484607
深圳月亮湾,广东,深圳市,南山区,颐城栖湾里-2栋,广东深圳市南山区颐城栖湾里-2栋,广东深圳市南山区颐城栖湾里-2栋,113.892686,22.505159
深圳月亮湾,广东,深圳市,南山区,南山街道南山街道荔湾社区月亮湾大道前海诚进大厦,广东深圳市南山区南山街道南山街道荔湾社区月亮湾大道前海诚进大厦,广东深圳市南山区南山街道南山街道荔湾社区月亮湾大道前海诚进大厦,113.89913,22.507919
深圳月亮湾,广东,深圳市,南山区,街道赤湾四路45号附近海景公寓A栋,广东深圳市南山区街道赤湾四路45号附近海景公寓A栋,广东深圳市南山区街道赤湾四路45号附近海景公寓A栋,113.883659,22.478818
深圳月亮湾,广东,深圳市,南山区,前海路丽湾公寓二栋一单元,广东深圳市南山区前海路丽湾公寓二栋一单元,广东深圳市南山区前海路丽湾公寓二栋一单元,113.891343,22.496267
深圳月亮湾,广东,深圳市,南山区,街道兴海大道龙瑞佳园10,广东深圳市南山区街道兴海大道龙瑞佳园10,广东深圳市南山区街道兴海大道龙瑞佳园10,113.900181,22.482407
深圳月亮湾,广东,深圳市,南山区,南山区南山街道前海路菲花园1期8幢室）,广东深圳市南山区南山街道前海路菲花园1期8幢室）,广东深圳市南山区南山街道前海路菲花园1期8幢室）,113.930478,22.533191
深圳月亮湾,广东,深圳市,南山区,兴海街道月亮湾花园30栋,广东深圳市南山区兴海街道月亮湾花园30栋,广东深圳市南山区兴海街道月亮湾花园30栋,114.488516,22.537024
深圳月亮湾,广东,深圳市,南山区,南山街道前海路中海玫瑰园9座,广东深圳市南山区南山街道前海路中海玫瑰园9座,广东深圳市南山区南山街道前海路中海玫瑰园9座,113.930478,22.533191
深圳月亮湾,广东,深圳市,南山区,街道深圳市南山区鼎海科创港C栋客梯侧楼SNLN,广东深圳市南山区街道深圳市南山区鼎海科创港C栋客梯侧楼SNLN,广东深圳市南山区街道深圳市南山区鼎海科创港C栋客梯侧楼SNLN,113.894021,22.484763
深圳月亮湾,广东,深圳市,南山区,南山街道恒立心海湾花园前海路199号恒立心海湾花园5栋a单元,广东深圳市南山区南山街道恒立心海湾花园前海路199号恒立心海湾花园5栋a单元,广东深圳市南山区南山街道恒立心海湾花园前海路199号恒立心海湾花园5栋a单元,113.894586,22.501335
深圳月亮湾,广东,深圳市,南山区,南山街道月亮湾大道兆龙大楼楼,广东深圳市南山区南山街道月亮湾大道兆龙大楼楼,广东深圳市南山区南山街道月亮湾大道兆龙大楼楼,113.89886,22.507453
深圳月亮湾,广东,深圳市,南山区,前海路389-27号雷圳碧榕湾海景花园-4栋F,广东深圳市南山区前海路389-27号雷圳碧榕湾海景花园-4栋F,广东深圳市南山区前海路389-27号雷圳碧榕湾海景花园-4栋F,113.904197,22.511315
深圳月亮湾,广东,深圳市,南山区,南山街道前海天境2号楼单元,广东深圳市南山区南山街道前海天境2号楼单元,广东深圳市南山区南山街道前海天境2号楼单元,113.888898,22.514084
深圳月亮湾,广东,深圳市,南山区,海城街与自贸东街交叉口西北方向87米左右·领玺2期1A座,广东深圳市南山区海城街与自贸东街交叉口西北方向87米左右·领玺2期1A座,广东深圳市南山区海城街与自贸东街交叉口西北方向87米左右·领玺2期1A座,113.88952,22.505526
深圳月亮湾,广东,深圳市,南山区,佳兆业前海广场二期b座房,广东深圳市南山区佳兆业前海广场二期b座房,广东深圳市南山区佳兆业前海广场二期b座房,113.886121,22.495106
深圳月亮湾,广东,深圳市,南山区,南山街道前海路诺德假日花园3栋,广东深圳市南山区南山街道前海路诺德假日花园3栋,广东深圳市南山区南山街道前海路诺德假日花园3栋,113.903651,22.509775
深圳月亮湾,广东,深圳市,南山区,前海领玺二期2栋,广东深圳市南山区前海领玺二期2栋,广东深圳市南山区前海领玺二期2栋,113.899621,22.529463
深圳月亮湾,广东,深圳市,南山区,南山街道月亮湾大道1077号楼m1764g2,广东深圳市南山区南山街道月亮湾大道1077号楼,广东深圳市南山区南山街道月亮湾大道1077号楼,113.886597,22.496531
深圳月亮湾,广东,深圳市,南山区,赤湾六路赤湾总部大厦楼,广东深圳市南山区赤湾六路赤湾总部大厦楼,广东深圳市南山区赤湾六路赤湾总部大厦楼,113.895681,22.47856
深圳月亮湾,广东,深圳市,南山区,兴海大道月亮湾山庄D,广东深圳市南山区兴海大道月亮湾山庄D,广东深圳市南山区兴海大道月亮湾山庄D,113.883451,22.507325
深圳月亮湾,广东,深圳市,南山区,前海路雷圳0755小区2-1-7C,广东深圳市南山区前海路雷圳0755小区2-1-7C,广东深圳市南山区前海路雷圳0755小区2-1-7C,113.904344,22.512124
深圳月亮湾,广东,深圳市,南山区,蛇口海湾路20号方程,广东深圳市南山区蛇口海湾路20号方程,广东深圳市南山区蛇口海湾路20号方程,113.896778,22.466731
深圳月亮湾,广东,深圳市,南山区,少帝路2号山语海1,广东深圳市南山区少帝路2号山语海1,广东深圳市南山区少帝路2号山语海1,113.892442,22.482299
深圳月亮湾,广东,深圳市,南山区,月亮湾大道1025号中集D场出闸口便利店,广东深圳市南山区月亮湾大道1025号中集D场出闸口便利店,广东深圳市南山区月亮湾大道1025号中集D场出闸口便利店,113.87818,22.494534
深圳月亮湾,广东,深圳市,南山区,恒立心海湾花园3c,广东深圳市南山区恒立心海湾花园3c,广东深圳市南山区恒立心海湾花园3c,113.89612,22.500576
深圳月亮湾,广东,深圳市,南山区,街道少帝路1号鼎海科创港C座层C,广东深圳市南山区街道少帝路1号鼎海科创港C座层C,广东深圳市南山区街道少帝路1号鼎海科创港C座层C,113.893868,22.484607
深圳月亮湾,广东,深圳市,南山区,蛇口兴海大道龙瑞佳园山海居9,广东深圳市南山区蛇口兴海大道龙瑞佳园山海居9,广东深圳市南山区蛇口兴海大道龙瑞佳园山海居9,113.903509,22.479649
深圳月亮湾,广东,深圳市,南山区,南山街道南山区前海康城华府1栋D22L黑,广东深圳市南山区南山街道南山区前海康城华府1栋D22L黑,广东深圳市南山区南山街道南山区前海康城华府1栋D22L黑,113.893567,22.493512
深圳月亮湾,广东,深圳市,南山区,妈湾大道3号妈湾电厂,广东深圳市南山区妈湾大道3号妈湾电厂,广东深圳市南山区妈湾大道3号妈湾电厂,113.872533,22.508361
深圳月亮湾,广东,深圳市,南山区,街道山海津11C,广东深圳市南山区街道山海津11C,广东深圳市南山区街道山海津11C,113.900181,22.482407
深圳月亮湾,广东,深圳市,南山区,南山街道月亮湾大道2282号中国高科大厦A栋楼,广东深圳市南山区南山街道月亮湾大道2282号中国高科大厦A栋楼,广东深圳市南山区南山街道月亮湾大道2282号中国高科大厦A栋楼,113.897878,22.50721
深圳月亮湾,广东,深圳市,南山区,前海路诺德假日花园6B,广东深圳市南山区前海路诺德假日花园6B,广东深圳市南山区前海路诺德假日花园6B,113.903116,22.509914
深圳月亮湾,广东,深圳市,南山区,街道少帝路1号鼎海科创港E座楼退货需知超过7天售后期过,广东深圳市南山区街道少帝路1号鼎海科创港E座,广东深圳市南山区街道少帝路1号鼎海科创港E座,113.893868,22.484607
深圳月亮湾,广东,深圳市,南山区,南山区深圳市南山区南山街道前丽路3号深物业前海港湾花园3A,广东深圳市南山区深圳市南山区南山街道前丽路3号深物业前海港湾花园3A,广东深圳市南山区深圳市南山区南山街道前丽路3号深物业前海港湾花园3A,113.891459,22.497256
深圳月亮湾,广东,深圳市,南山区,前海港湾花园5b,广东深圳市南山区前海港湾花园5b,广东深圳市南山区前海港湾花园5b,113.886414,22.509111
深圳月亮湾,广东,深圳市,南山区,南山街道月亮湾大道前海港湾花园2,广东深圳市南山区南山街道月亮湾大道前海港湾花园2,广东深圳市南山区南山街道月亮湾大道前海港湾花园2,113.891459,22.497256
深圳月亮湾,广东,深圳市,南山区,蛇口龙瑞佳园10姚重华,广东深圳市南山区蛇口龙瑞佳园10姚重华,广东深圳市南山区蛇口龙瑞佳园10姚重华,113.900181,22.482407
深圳月亮湾,广东,深圳市,南山区,前海路,广东深圳市南山区前海路,广东深圳市南山区前海路,113.914927,22.525524
深圳月亮湾,广东,深圳市,南山区,街道赤湾四路前海丹华4-1101,广东深圳市南山区街道赤湾四路前海丹华4-1101,广东深圳市南山区街道赤湾四路前海丹华4-1101,113.886958,22.479408
深圳月亮湾,广东,深圳市,南山区,妈湾地区少帝路北港湾生活小区以东海祥阁2栋A单元,广东深圳市南山区妈湾地区少帝路北港湾生活小区以东海祥阁2栋A单元,广东深圳市南山区妈湾地区少帝路北港湾生活小区以东海祥阁2栋A单元,113.88634,22.481227
深圳月亮湾,广东,深圳市,南山区,街道少帝路1号鼎海科创港一期53栋,广东深圳市南山区街道少帝路1号鼎海科创港一期53栋,广东深圳市南山区街道少帝路1号鼎海科创港一期53栋,113.893868,22.484607
深圳月亮湾,广东,深圳市,南山区,南山街道兴海大道万豪月半山2B栋,广东深圳市南山区南山街道兴海大道万豪月半山2B栋,广东深圳市南山区南山街道兴海大道万豪月半山2B栋,113.892688,22.487273
深圳月亮湾,广东,深圳市,南山区,街道赤湾港湾生活小区,广东深圳市南山区街道赤湾港湾生活小区,广东深圳市南山区街道赤湾港湾生活小区,113.887275,22.476221
深圳月亮湾,广东,深圳市,南山区,香格名苑A1栋负楼,广东深圳市南山区香格名苑A1栋负楼,广东深圳市南山区香格名苑A1栋负楼,113.885356,22.491864
深圳月亮湾,广东,深圳市,南山区,港城路前海湾花,广东深圳市南山区港城路前海湾花,广东深圳市南山区港城路前海湾花,113.886814,22.510502
深圳月亮湾,广东,深圳市,南山区,南山街道中海阳光玫瑰园4栋单元,广东深圳市南山区南山街道中海阳光玫瑰园4栋单元,广东深圳市南山区南山街道中海阳光玫瑰园4栋单元,113.895453,22.502721
深圳月亮湾,广东,深圳市,南山区,南山区街道少帝路1号鼎海科创港一期6栋,广东深圳市南山区街道少帝路1号鼎海科创港一期6栋,广东深圳市南山区街道少帝路1号鼎海科创港一期6栋,113.893868,22.484607
深圳月亮湾,广东,深圳市,南山区,月亮湾大道兆龙大楼一,广东深圳市南山区月亮湾大道兆龙大楼一,广东深圳市南山区月亮湾大道兆龙大楼一,113.89886,22.507453
深圳月亮湾,广东,深圳市,南山区,南山街道前海路0101号丽湾公寓B,广东深圳市南山区南山街道前海路0101号丽湾公寓B,广东深圳市南山区南山街道前海路0101号丽湾公寓B,113.891459,22.495735
深圳月亮湾,广东,深圳市,南山区,兴海大道月亮湾山庄C,广东深圳市南山区兴海大道月亮湾山庄C,广东深圳市南山区兴海大道月亮湾山庄C,113.883451,22.507325
深圳月亮湾,广东,深圳市,南山区,前海路中海·阳光玫瑰园3-2,广东深圳市南山区前海路中海·阳光玫瑰园3-2,广东深圳市南山区前海路中海·阳光玫瑰园3-2,113.895891,22.502086
深圳月亮湾,广东,深圳市,南山区,前海路佳兆业前海广场一期3栋,广东深圳市南山区前海路佳兆业前海广场一期3栋,广东深圳市南山区前海路佳兆业前海广场一期3栋,113.885861,22.493522
深圳月亮湾,广东,深圳市,南山区,南山区街道赤湾海景公寓E栋,广东深圳市南山区街道赤湾海景公寓E栋,广东深圳市南山区街道赤湾海景公寓E栋,113.884237,22.478913
深圳月亮湾,广东,深圳市,南山区,泛海拉菲二期一A,广东深圳市南山区泛海拉菲二期一A,广东深圳市南山区泛海拉菲二期一A,113.905494,22.573181
深圳月亮湾,广东,深圳市,南山区,街道前海宸湾3座,广东深圳市南山区街道前海宸湾3座,广东深圳市南山区街道前海宸湾3座,113.898132,22.479447
深圳月亮湾,广东,深圳市,南山区,南山街道月亮湾大道1104号佳兆业前海广场2期C座,广东深圳市南山区南山街道月亮湾大道1104号佳兆业前海广场2期C座,广东深圳市南山区南山街道月亮湾大道1104号佳兆业前海广场2期C座,113.879597,22.488773
深圳月亮湾,广东,深圳市,南山区,月亮湾花园33栋,广东深圳市南山区月亮湾花园33栋,广东深圳市南山区月亮湾花园33栋,114.488516,22.537024
深圳月亮湾,广东,深圳市,南山区,街道领玺3栋,广东深圳市南山区街道领玺3栋,广东深圳市南山区街道领玺3栋,114.380835,22.711766
深圳月亮湾,广东,深圳市,南山区,南山街道丽湾商务公寓B座乐有家商铺,广东深圳市南山区南山街道丽湾商务公寓B座乐有家商铺,广东深圳市南山区南山街道丽湾商务公寓B座乐有家商铺,114.04053,22.71095
深圳月亮湾,广东,深圳市,南山区,月亮湾大道佳兆业前海广场二期C座302白色,广东深圳市南山区月亮湾大道佳兆业前海广场二期C座302白色,广东深圳市南山区月亮湾大道佳兆业前海广场二期C座302白色,113.886121,22.495106
深圳月亮湾,广东,深圳市,南山区,街道赤湾村海景大厦,广东深圳市南山区街道赤湾村海景大厦,广东深圳市南山区街道赤湾村海景大厦,113.888649,22.47936
深圳月亮湾,广东,深圳市,南山区,南山区少帝路山语海苑5栋二单元,广东深圳市南山区少帝路山语海苑5栋二单元,广东深圳市南山区少帝路山语海苑5栋二单元,113.892364,22.482687
深圳月亮湾,广东,深圳市,南山区,南山街道怡海大道59号海运中心出口保洁办公室,广东深圳市南山区南山街道怡海大道59号海运中心出口保洁办公室,广东深圳市南山区南山街道怡海大道59号海运中心出口保洁办公室,113.881042,22.501038
深圳月亮湾,广东,深圳市,南山区,妈湾大道1087号燃机电厂收,广东深圳市南山区妈湾大道1087号燃机电厂收,广东深圳市南山区妈湾大道1087号燃机电厂收,113.869651,22.509765
深圳月亮湾,广东,深圳市,南山区,南山街道前海路南山花园5栋,广东深圳市南山区南山街道前海路南山花园5栋,广东深圳市南山区南山街道前海路南山花园5栋,113.895819,22.498086
深圳月亮湾,广东,深圳市,南山区,龙瑞家园山海居1,广东深圳市南山区龙瑞家园山海居1,广东深圳市南山区龙瑞家园山海居1,113.930478,22.533191
深圳月亮湾,广东,深圳市,南山区,南山街道沿山路63号荔山工业园荔山集悦城13栋,广东深圳市南山区南山街道沿山路63号荔山工业园荔山集悦城13栋,广东深圳市南山区南山街道沿山路63号荔山工业园荔山集悦城13栋,113.985271,22.587711
深圳月亮湾,广东,深圳市,南山区,南山街道广东省深圳市南山区南山街道前海诚进大厦,广东深圳市南山区南山街道广东省深圳市南山区南山街道前海诚进大厦,广东深圳市南山区南山街道广东省深圳市南山区南山街道前海诚进大厦,113.89913,22.507919
深圳月亮湾,广东,深圳市,南山区,少帝路山语海苑6栋,广东深圳市南山区少帝路山语海苑6栋,广东深圳市南山区少帝路山语海苑6栋,113.891604,22.483347
深圳月亮湾,广东,深圳市,南山区,马湾五路深圳地铁15号线中国电建土建一工区项目部,广东深圳市南山区马湾五路深圳地铁15号线中国电建土建一工区项目部,广东深圳市南山区马湾五路深圳地铁15号线中国电建土建一工区项目部,113.924776,22.532394
深圳月亮湾,广东,深圳市,南山区,南山街道港城路今悦花园酒店深圳前海自贸区店,广东深圳市南山区南山街道港城路今悦花园酒店深圳前海自贸区店,广东深圳市南山区南山街道港城路今悦花园酒店深圳前海自贸区店,113.886005,22.510239
深圳月亮湾,广东,深圳市,南山区,前海信利康大厦楼全,广东深圳市南山区前海信利康大厦楼全,广东深圳市南山区前海信利康大厦楼全,113.888522,22.501105
深圳月亮湾,广东,深圳市,南山区,街道-赤湾四路南山区前海丹华南50米处中国华西项目部,广东深圳市南山区街道-赤湾四路南山区前海丹华南50米处中国华西项目部,广东深圳市南山区街道-赤湾四路南山区前海丹华南50米处中国华西项目部,113.899621,22.529463
深圳月亮湾,广东,深圳市,南山区,南山街道月亮湾大道1077号楼室m1764g6,广东深圳市南山区南山街道月亮湾大道1077号楼室,广东深圳市南山区南山街道月亮湾大道1077号楼室,113.886597,22.496531
深圳月亮湾,广东,深圳市,南山区,前海路9号佳兆业前海广场一期2B,广东深圳市南山区前海路9号佳兆业前海广场一期2B,广东深圳市南山区前海路9号佳兆业前海广场一期2B,113.899621,22.529463
深圳月亮湾,广东,深圳市,南山区,南山区南山街道前海路199号恒立·心海湾花园3栋A座802马水桔小果5,广东深圳市南山区南山街道前海路199号恒立·心海湾花园3栋A座802,广东深圳市南山区南山街道前海路199号恒立·心海湾花园3栋A座802,113.924164,22.488255
深圳月亮湾,广东,深圳市,南山区,南山街深华园,广东深圳市南山区南山街深华园,广东深圳市南山区南山街深华园,113.918515,22.517363
深圳月亮湾,广东,深圳市,南山区,南山街道前海路333号中海阳光玫瑰园8栋,广东深圳市南山区南山街道前海路333号中海阳光玫瑰园8栋,广东深圳市南山区南山街道前海路333号中海阳光玫瑰园8栋,113.895,22.502503
深圳月亮湾,广东,深圳市,南山区,南山街道花园一期3栋,广东深圳市南山区南山街道花园一期3栋,广东深圳市南山区南山街道花园一期3栋,113.930478,22.533191
深圳月亮湾,广东,深圳市,南山区,月亮湾社区万豪御景苑2栋B座,广东深圳市南山区月亮湾社区万豪御景苑2栋B座,广东深圳市南山区月亮湾社区万豪御景苑2栋B座,113.892407,22.487508
深圳月亮湾,广东,深圳市,南山区,月亮湾花园37栋,广东深圳市南山区月亮湾花园37栋,广东深圳市南山区月亮湾花园37栋,114.488516,22.537024
深圳月亮湾,广东,深圳市,南山区,南山街道前海路0369号诺德假日花园4栋,广东深圳市南山区南山街道前海路0369号诺德假日花园4栋,广东深圳市南山区南山街道前海路0369号诺德假日花园4栋,113.904003,22.509991
深圳月亮湾,广东,深圳市,南山区,前海路恒立心海湾花园,广东深圳市南山区前海路恒立心海湾花园,广东深圳市南山区前海路恒立心海湾花园,113.895156,22.500853
深圳月亮湾,广东,深圳市,南山区,街道街道半山臻境8号楼,广东深圳市南山区街道街道半山臻境8号楼,广东深圳市南山区街道街道半山臻境8号楼,113.930478,22.533191
深圳月亮湾,广东,深圳市,南山区,南山街道深圳南山前海诺德国际花园３栋,广东深圳市南山区南山街道深圳南山前海诺德国际花园３栋,广东深圳市南山区南山街道深圳南山前海诺德国际花园３栋,113.899621,22.529463
深圳月亮湾,广东,深圳市,南山区,香格名苑C1,广东深圳市南山区香格名苑C1,广东深圳市南山区香格名苑C1,113.885356,22.491864
深圳月亮湾,广东,深圳市,南山区,兴海大道与碧海路交叉口东北100米金海威达飞阿尔玛维娃CMACGMALMAVIVA,广东深圳市南山区兴海大道与碧海路交叉口东北100米金海威达飞阿尔玛维娃,广东深圳市南山区兴海大道与碧海路交叉口东北100米金海威达飞阿尔玛维娃,113.897423,22.465991
深圳月亮湾,广东,深圳市,南山区,锦尚公馆二栋一单元80332寸3边,广东深圳市南山区锦尚公馆二栋一单元80332寸3边,广东深圳市南山区锦尚公馆二栋一单元80332寸3边,113.887934,22.510241
深圳月亮湾,广东,深圳市,南山区,蛇口街道妈湾大道1087号广前电力有限公司证件,广东深圳市南山区蛇口街道妈湾大道1087号广前电力有限公司证件,广东深圳市南山区蛇口街道妈湾大道1087号广前电力有限公司证件,113.870115,22.509552
深圳月亮湾,广东,深圳市,南山区,南山区街道兴海大道山海居四期楼店,广东深圳市南山区街道兴海大道山海居四期楼店,广东深圳市南山区街道兴海大道山海居四期楼店,113.883451,22.507325
深圳月亮湾,广东,深圳市,南山区,南山街道前湾四路前海润峯府e座,广东深圳市南山区南山街道前湾四路前海润峯府e座,广东深圳市南山区南山街道前湾四路前海润峯府e座,113.887491,22.515483
深圳月亮湾,广东,深圳市,南山区,街道少帝路山语海苑10栋单元,广东深圳市南山区街道少帝路山语海苑10栋单元,广东深圳市南山区街道少帝路山语海苑10栋单元,113.892468,22.482186
深圳月亮湾,广东,深圳市,南山区,南山区街道中建三局微波山隧道豪庭苑,广东深圳市南山区街道中建三局微波山隧道豪庭苑,广东深圳市南山区街道中建三局微波山隧道豪庭苑,113.913971,22.477895
深圳月亮湾,广东,深圳市,南山区,蛇口街道蛇口赤湾生活小区海明阁二单元房,广东深圳市南山区蛇口街道蛇口赤湾生活小区海明阁二单元房,广东深圳市南山区蛇口街道蛇口赤湾生活小区海明阁二单元房,113.888781,22.460965
深圳月亮湾,广东,深圳市,南山区,南山区街道鼎海科创港A座,广东深圳市南山区街道鼎海科创港A座,广东深圳市南山区街道鼎海科创港A座,113.924164,22.488255
深圳月亮湾,广东,深圳市,南山区,南山街道集悦城荔山11栋号,广东深圳市南山区南山街道集悦城荔山11栋号,广东深圳市南山区南山街道集悦城荔山11栋号,113.893843,22.489241
深圳月亮湾,广东,深圳市,南山区,南山街道诺德假日花园5c,广东深圳市南山区南山街道诺德假日花园5c,广东深圳市南山区南山街道诺德假日花园5c,113.904317,22.510301
深圳月亮湾,广东,深圳市,南山区,南山街道中国高科大厦C栋一,广东深圳市南山区南山街道中国高科大厦C栋一,广东深圳市南山区南山街道中国高科大厦C栋一,114.109014,22.593752
深圳月亮湾,广东,深圳市,南山区,南山街道前海路389号雷圳碧榕湾海景花园4-1-7F3,广东深圳市南山区南山街道前海路389号雷圳碧榕湾海景花园4-1-7F3,广东深圳市南山区南山街道前海路389号雷圳碧榕湾海景花园4-1-7F3,113.903702,22.513022
深圳月亮湾,广东,深圳市,南山区,梦海大道7号前湾十单元九年一贯制学校中建香港项目部刘,广东深圳市南山区梦海大道7号前湾十单元九年一贯制学校中建香港项目部,广东深圳市南山区梦海大道7号前湾十单元九年一贯制学校中建香港项目部,113.895455,22.52182
深圳月亮湾,广东,深圳市,南山区,前海路前海丽湾商务公寓2单元,广东深圳市南山区前海路前海丽湾商务公寓2单元,广东深圳市南山区前海路前海丽湾商务公寓2单元,113.891969,22.495668
深圳月亮湾,广东,深圳市,南山区,南山街道前海路中海阳光玫瑰园9座,广东深圳市南山区南山街道前海路中海阳光玫瑰园9座,广东深圳市南山区南山街道前海路中海阳光玫瑰园9座,113.89618,22.502593
深圳月亮湾,广东,深圳市,南山区,南山区街道鼎海科创港D栋楼,广东深圳市南山区街道鼎海科创港D栋楼,广东深圳市南山区街道鼎海科创港D栋楼,113.894541,22.485146
深圳月亮湾,广东,深圳市,南山区,南山区南山街道前海信利康大厦楼,广东深圳市南山区南山街道前海信利康大厦楼,广东深圳市南山区南山街道前海信利康大厦楼,113.888522,22.501105
深圳月亮湾,广东,深圳市,南山区,南山街道月亮湾花园34栋,广东深圳市南山区南山街道月亮湾花园34栋,广东深圳市南山区南山街道月亮湾花园34栋,113.930478,22.533191
深圳月亮湾,广东,深圳市,南山区,街道南叁鼎文化园A栋,广东深圳市南山区街道南叁鼎文化园A栋,广东深圳市南山区街道南叁鼎文化园A栋,113.892797,22.484951
深圳月亮湾,广东,深圳市,南山区,蛇口街道办赤湾六路开云府2栋层,广东深圳市南山区蛇口街道办赤湾六路开云府2栋层,广东深圳市南山区蛇口街道办赤湾六路开云府2栋层,113.896058,22.480358
深圳月亮湾,广东,深圳市,南山区,南山街道兴海大道月亮湾山庄D,广东深圳市南山区南山街道兴海大道月亮湾山庄D,广东深圳市南山区南山街道兴海大道月亮湾山庄D,113.883451,22.507325
深圳月亮湾,广东,深圳市,南山区,南山街道月亮湾大道1077号楼,广东深圳市南山区南山街道月亮湾大道1077号楼,广东深圳市南山区南山街道月亮湾大道1077号楼,113.886597,22.496531
深圳月亮湾,广东,深圳市,南山区,南山区南山街道前海路诺德假日花园8B,广东深圳市南山区南山街道前海路诺德假日花园8B,广东深圳市南山区南山街道前海路诺德假日花园8B,113.903116,22.509914
深圳月亮湾,广东,深圳市,南山区,沿山路9号前海康城华府前海康城华府3栋,广东深圳市南山区沿山路9号前海康城华府前海康城华府3栋,广东深圳市南山区沿山路9号前海康城华府前海康城华府3栋,113.893567,22.493512
深圳月亮湾,广东,深圳市,南山区,山海韵13栋A座,广东深圳市南山区山海韵13栋A座,广东深圳市南山区山海韵13栋A座,113.924164,22.488255
深圳月亮湾,广东,深圳市,南山区,泛海拉菲二期1C,广东深圳市南山区泛海拉菲二期1C,广东深圳市南山区泛海拉菲二期1C,113.905494,22.573181
深圳月亮湾,广东,深圳市,南山区,街道鼎海科创港D栋楼,广东深圳市南山区街道鼎海科创港D栋楼,广东深圳市南山区街道鼎海科创港D栋楼,113.894541,22.485146
深圳月亮湾,广东,深圳市,南山区,沿山路9号前海康城华府3栋,广东深圳市南山区沿山路9号前海康城华府3栋,广东深圳市南山区沿山路9号前海康城华府3栋,113.893567,22.493512
深圳月亮湾,广东,深圳市,南山区,半山臻境7栋,广东深圳市南山区半山臻境7栋,广东深圳市南山区半山臻境7栋,113.930478,22.533191
深圳月亮湾,广东,深圳市,南山区,南山街道月亮湾大道1104号佳兆业·前海广场二期c,广东深圳市南山区南山街道月亮湾大道1104号佳兆业·前海广场二期c,广东深圳市南山区南山街道月亮湾大道1104号佳兆业·前海广场二期c,113.886115,22.495449
深圳月亮湾,广东,深圳市,南山区,南山街道前海润峯府A栋,广东深圳市南山区南山街道前海润峯府A栋,广东深圳市南山区南山街道前海润峯府A栋,113.887749,22.515994
深圳月亮湾,广东,深圳市,南山区,南山街道听海大道与前湾四路交叉口北120米前海润峯府A栋层平台,广东深圳市南山区南山街道听海大道与前湾四路交叉口北120米前海润峯府A栋层平台,广东深圳市南山区南山街道听海大道与前湾四路交叉口北120米前海润峯府A栋层平台,113.887749,22.515994
深圳月亮湾,广东,深圳市,南山区,街道赤湾三路与港航路交叉口金众云山海公馆营销中心建工办公室,广东深圳市南山区街道赤湾三路与港航路交叉口金众云山海公馆营销中心建工办公室,广东深圳市南山区街道赤湾三路与港航路交叉口金众云山海公馆营销中心建工办公室,114.407809,22.637312
深圳月亮湾,广东,深圳市,南山区,街道赤湾社区赤湾少帝路1号鼎海双创港E座楼售后部,广东深圳市南山区街道赤湾社区赤湾少帝路1号鼎海双创港E座楼售后部,广东深圳市南山区街道赤湾社区赤湾少帝路1号鼎海双创港E座楼售后部,113.893868,22.484607
深圳月亮湾,广东,深圳市,南山区,街道赤湾石油大厦1504筑,广东深圳市南山区街道赤湾石油大厦1504筑,广东深圳市南山区街道赤湾石油大厦1504筑,113.891102,22.478771
深圳月亮湾,广东,深圳市,南山区,南山区街道半山臻境2单元,广东深圳市南山区街道半山臻境2单元,广东深圳市南山区街道半山臻境2单元,113.930478,22.533191
深圳月亮湾,广东,深圳市,南山区,南山街道月亮港湾大道南恒立心海湾花园1,广东深圳市南山区南山街道月亮港湾大道南恒立心海湾花园1,广东深圳市南山区南山街道月亮港湾大道南恒立心海湾花园1,113.894737,22.501784
深圳月亮湾,广东,深圳市,南山区,南山街道月亮湾花园31栋,广东深圳市南山区南山街道月亮湾花园31栋,广东深圳市南山区南山街道月亮湾花园31栋,113.930478,22.533191
深圳月亮湾,广东,深圳市,南山区,南山街道前海领玺一期3栋,广东深圳市南山区南山街道前海领玺一期3栋,广东深圳市南山区南山街道前海领玺一期3栋,113.899621,22.529463
深圳月亮湾,广东,深圳市,南山区,南山街道前海路万科瑧山海一单元,广东深圳市南山区南山街道前海路万科瑧山海一单元,广东深圳市南山区南山街道前海路万科瑧山海一单元,113.906003,22.512125
深圳月亮湾,广东,深圳市,南山区,南山区街道中建三局微波山隧道洪利豪庭11号院,广东深圳市南山区街道中建三局微波山隧道洪利豪庭11号院,广东深圳市南山区街道中建三局微波山隧道洪利豪庭11号院,113.913971,22.477895
深圳月亮湾,广东,深圳市,南山区,前海路0118号南山花园,广东深圳市南山区前海路0118号南山花园,广东深圳市南山区前海路0118号南山花园,113.896152,22.49804
深圳月亮湾,广东,深圳市,南山区,南山街道香格名苑E栋,广东深圳市南山区南山街道香格名苑E栋,广东深圳市南山区南山街道香格名苑E栋,113.885421,22.491012
深圳月亮湾,广东,深圳市,南山区,南山街道兴海大道月亮湾花园17栋,广东深圳市南山区南山街道兴海大道月亮湾花园17栋,广东深圳市南山区南山街道兴海大道月亮湾花园17栋,113.930478,22.533191
深圳月亮湾,广东,深圳市,南山区,兴海大道龙瑞佳园山海居5B,广东深圳市南山区兴海大道龙瑞佳园山海居5B,广东深圳市南山区兴海大道龙瑞佳园山海居5B,113.903509,22.479649
深圳月亮湾,广东,深圳市,南山区,南山区南山街道雷圳·碧榕湾名苑A栋单元,广东深圳市南山区南山街道雷圳·碧榕湾名苑A栋单元,广东深圳市南山区南山街道雷圳·碧榕湾名苑A栋单元,113.904818,22.51118
深圳月亮湾,广东,深圳市,南山区,南山区南山街道前海湾花园一期1A,广东深圳市南山区南山街道前海湾花园一期1A,广东深圳市南山区南山街道前海湾花园一期1A,113.88731,22.509579
深圳月亮湾,广东,深圳市,南山区,前海路佳兆业前海广场二期B座,广东深圳市南山区前海路佳兆业前海广场二期B座,广东深圳市南山区前海路佳兆业前海广场二期B座,113.886121,22.495106
深圳月亮湾,广东,深圳市,南山区,月亮湾大道2076号中国高科大厦A座楼,广东深圳市南山区月亮湾大道2076号中国高科大厦A座楼,广东深圳市南山区月亮湾大道2076号中国高科大厦A座楼,113.898236,22.507006
深圳月亮湾,广东,深圳市,南山区,南山街道前海天境1,广东深圳市南山区南山街道前海天境1,广东深圳市南山区南山街道前海天境1,113.888898,22.514084
深圳月亮湾,广东,深圳市,南山区,南山街道前海路诺德国际假日花园3栋,广东深圳市南山区南山街道前海路诺德国际假日花园3栋,广东深圳市南山区南山街道前海路诺德国际假日花园3栋,113.903525,22.509102
深圳月亮湾,广东,深圳市,南山区,南园新路22号,广东深圳市南山区南园新路22号,广东深圳市南山区南园新路22号,113.916407,22.519987
深圳月亮湾,广东,深圳市,南山区,南山街道前海路雷圳碧榕湾海景花园2-2,广东深圳市南山区南山街道前海路雷圳碧榕湾海景花园2-2,广东深圳市南山区南山街道前海路雷圳碧榕湾海景花园2-2,113.904344,22.512124
深圳月亮湾,广东,深圳市,南山区,南山街道妈湾自贸东街领玺二期1A栋,广东深圳市南山区南山街道妈湾自贸东街领玺二期1A栋,广东深圳市南山区南山街道妈湾自贸东街领玺二期1A栋,113.88952,22.505526
深圳月亮湾,广东,深圳市,南山区,南山街道棉山路香格名苑C1栋,广东深圳市南山区南山街道棉山路香格名苑C1栋,广东深圳市南山区南山街道棉山路香格名苑C1栋,113.88486,22.491225
深圳月亮湾,广东,深圳市,南山区,南山区丽湾国际公寓1栋,广东深圳市南山区丽湾国际公寓1栋,广东深圳市南山区丽湾国际公寓1栋,113.891399,22.495954
深圳月亮湾,广东,深圳市,南山区,蛇口街道蛇口街道妈湾大道43号中国邮政孖州岛邮政,广东深圳市南山区蛇口街道蛇口街道妈湾大道43号中国邮政孖州岛邮政,广东深圳市南山区蛇口街道蛇口街道妈湾大道43号中国邮政孖州岛邮政,113.870499,22.506641
深圳月亮湾,广东,深圳市,南山区,南山街道月亮湾山庄B,广东深圳市南山区南山街道月亮湾山庄B,广东深圳市南山区南山街道月亮湾山庄B,113.930478,22.533191
深圳月亮湾,广东,深圳市,南山区,南山街道前海路拉菲花园1期8栋室）,广东深圳市南山区南山街道前海路拉菲花园1期8栋室,广东深圳市南山区南山街道前海路拉菲花园1期8栋室,113.930478,22.533191
深圳月亮湾,广东,深圳市,南山区,龙光前海天境花园1栋,广东深圳市南山区龙光前海天境花园1栋,广东深圳市南山区龙光前海天境花园1栋,113.888898,22.514084
深圳月亮湾,广东,深圳市,南山区,南山街道前海诚进大厦B座楼,广东深圳市南山区南山街道前海诚进大厦B座楼,广东深圳市南山区南山街道前海诚进大厦B座楼,113.92301,22.520049
深圳月亮湾,广东,深圳市,南山区,深圳市南山区蛇口左炮台路,广东深圳市南山区深圳市南山区蛇口左炮台路,广东深圳市南山区深圳市南山区蛇口左炮台路,113.926416,22.491588
深圳月亮湾,广东,深圳市,南山区,月亮湾花园D3栋,广东深圳市南山区月亮湾花园D3栋,广东深圳市南山区月亮湾花园D3栋,114.009388,22.653752
深圳月亮湾,广东,深圳市,南山区,怡海大道88号深国际西部物流中心,广东深圳市南山区怡海大道88号深国际西部物流中心,广东深圳市南山区怡海大道88号深国际西部物流中心,113.885522,22.50064
深圳月亮湾,广东,深圳市,南山区,南街城瑧湾园号单元,广东深圳市南山区南街城瑧湾园号单元,广东深圳市南山区南街城瑧湾园号单元,113.930478,22.533191
深圳月亮湾,广东,深圳市,南山区,街道半山臻境半山港湾花园7单元,广东深圳市南山区街道半山臻境半山港湾花园7单元,广东深圳市南山区街道半山臻境半山港湾花园7单元,113.893746,22.481673
深圳月亮湾,广东,深圳市,南山区,街道赤湾四路36号赤湾海景大夏楼千,广东深圳市南山区街道赤湾四路36号赤湾海景大夏楼千,广东深圳市南山区街道赤湾四路36号赤湾海景大夏楼千,113.888266,22.47887
深圳月亮湾,广东,深圳市,南山区,汉京九榕台1栋单元B,广东深圳市南山区汉京九榕台1栋单元B,广东深圳市南山区汉京九榕台1栋单元B,113.888042,22.488317
深圳月亮湾,广东,深圳市,南山区,东滨路435号名,广东深圳市南山区东滨路435号名,广东深圳市南山区东滨路435号名,113.906159,22.515132
深圳月亮湾,广东,深圳市,南山区,南山区南山街道妈湾二路7号自贸时代中心项目部生活区,广东深圳市南山区南山街道妈湾二路7号自贸时代中心项目部生活区,广东深圳市南山区南山街道妈湾二路7号自贸时代中心项目部生活区,113.88635,22.505546
深圳月亮湾,广东,深圳市,南山区,妈湾二路妈湾二路广东省鱼政总队南,广东深圳市南山区妈湾二路妈湾二路广东省鱼政总队南,广东深圳市南山区妈湾二路妈湾二路广东省鱼政总队南,113.88388,22.506056
深圳月亮湾,广东,深圳市,南山区,妈湾镇友联船厂,广东深圳市南山区妈湾镇友联船厂,广东深圳市南山区妈湾镇友联船厂,113.872533,22.508361
深圳月亮湾,广东,深圳市,南山区,街道兴海大道山海居四期2栋,广东深圳市南山区街道兴海大道山海居四期2栋,广东深圳市南山区街道兴海大道山海居四期2栋,114.031618,22.627295
深圳月亮湾,广东,深圳市,南山区,南山街道办铲湾路丰泽园二栋,广东深圳市南山区南山街道办铲湾路丰泽园二栋,广东深圳市南山区南山街道办铲湾路丰泽园二栋,113.898718,22.505848
深圳月亮湾,广东,深圳市,南山区,南山街道内环路前海诚进大厦,广东深圳市南山区南山街道内环路前海诚进大厦,广东深圳市南山区南山街道内环路前海诚进大厦,113.89913,22.507919
深圳月亮湾,广东,深圳市,南山区,南山区赤湾六道山海逸居3栋楼,广东深圳市南山区赤湾六道山海逸居3栋楼,广东深圳市南山区赤湾六道山海逸居3栋楼,113.891638,22.479853
深圳月亮湾,广东,深圳市,南山区,南山区街道兴海大道山海居四期D栋一单元,广东深圳市南山区街道兴海大道山海居四期D栋一单元,广东深圳市南山区街道兴海大道山海居四期D栋一单元,113.883451,22.507325
深圳月亮湾,广东,深圳市,南山区,南山区南山街道广东省深圳市南山区前海路诺德国际居住区5B,广东深圳市南山区南山街道广东省深圳市南山区前海路诺德国际居住区5B,广东深圳市南山区南山街道广东省深圳市南山区前海路诺德国际居住区5B,113.904223,22.509797
深圳月亮湾,广东,深圳市,南山区,街道兴海大道1048号山海居5,广东深圳市南山区街道兴海大道1048号山海居5,广东深圳市南山区街道兴海大道1048号山海居5,113.903346,22.479732
深圳月亮湾,广东,深圳市,南山区,南山街道前海湾花园7栋广东省深圳市南山区前海湾花园二期7栋,广东深圳市南山区南山街道前海湾花园7栋广东省深圳市南山区前海湾花园二期7栋,广东深圳市南山区南山街道前海湾花园7栋广东省深圳市南山区前海湾花园二期7栋,113.886514,22.508678
深圳月亮湾,广东,深圳市,南山区,南山街道泛海城市广场四期G栋号宏伟米线,广东深圳市南山区南山街道泛海城市广场四期G栋号宏伟米线,广东深圳市南山区南山街道泛海城市广场四期G栋号宏伟米线,113.892693,22.494038
深圳月亮湾,广东,深圳市,南山区,南头街道月亮湾大道2076号中国高科大厦C座,广东深圳市南山区南头街道月亮湾大道2076号中国高科大厦C座,广东深圳市南山区南头街道月亮湾大道2076号中国高科大厦C座,113.897878,22.50721
深圳月亮湾,广东,深圳市,南山区,前海合作区前海诺德假日花园3栋楼，派,广东深圳市南山区前海合作区前海诺德假日花园3栋楼，派,广东深圳市南山区前海合作区前海诺德假日花园3栋楼，派,113.903116,22.509914
深圳月亮湾,广东,深圳市,南山区,诺德假日花园6B,广东深圳市南山区诺德假日花园6B,广东深圳市南山区诺德假日花园6B,113.903116,22.509914
深圳月亮湾,广东,深圳市,南山区,街道兴海大道山海居四期H栋栋,广东深圳市南山区街道兴海大道山海居四期H栋栋,广东深圳市南山区街道兴海大道山海居四期H栋栋,113.883451,22.507325
深圳月亮湾,广东,深圳市,南山区,街道兴海大道山海居四期H栋室,广东深圳市南山区街道兴海大道山海居四期H栋室,广东深圳市南山区街道兴海大道山海居四期H栋室,113.883451,22.507325
深圳月亮湾,广东,深圳市,南山区,前海路333号中海阳光玫瑰园二栋单元,广东深圳市南山区前海路333号中海阳光玫瑰园二栋单元,广东深圳市南山区前海路333号中海阳光玫瑰园二栋单元,113.896548,22.501728
深圳月亮湾,广东,深圳市,南山区,南山区南山街道月亮湾大道信利康大厦楼,广东深圳市南山区南山街道月亮湾大道信利康大厦楼,广东深圳市南山区南山街道月亮湾大道信利康大厦楼,113.888522,22.501105
深圳月亮湾,广东,深圳市,南山区,南山街道月亮湾大道1104号佳兆业前海广场2期C栋楼,广东深圳市南山区南山街道月亮湾大道1104号佳兆业前海广场2期C栋楼,广东深圳市南山区南山街道月亮湾大道1104号佳兆业前海广场2期C栋楼,113.879597,22.488773
深圳月亮湾,广东,深圳市,南山区,南山街道前海港湾花园4栋,广东深圳市南山区南山街道前海港湾花园4栋,广东深圳市南山区南山街道前海港湾花园4栋,113.890865,22.496703
深圳月亮湾,广东,深圳市,南山区,兴海大道前海月亮湾花园31栋一单元,广东深圳市南山区兴海大道前海月亮湾花园31栋一单元,广东深圳市南山区兴海大道前海月亮湾花园31栋一单元,113.899621,22.529463
深圳月亮湾,广东,深圳市,南山区,南山区南山街道前海路333号中海阳光玫瑰园4栋D请,广东深圳市南山区南山街道前海路333号中海阳光玫瑰园4栋D,广东深圳市南山区南山街道前海路333号中海阳光玫瑰园4栋D,113.895453,22.502721
深圳月亮湾,广东,深圳市,南山区,蛇口赤湾海曦楼B座,广东深圳市南山区蛇口赤湾海曦楼B座,广东深圳市南山区蛇口赤湾海曦楼B座,113.888927,22.480569
深圳月亮湾,广东,深圳市,南山区,前海恒星公寓,广东深圳市南山区前海恒星公寓,广东深圳市南山区前海恒星公寓,113.887924,22.478985
深圳月亮湾,广东,深圳市,南山区,南山区港前路与前海路交叉口西南方向110米泛海·拉菲花园二期2栋A座1101,广东深圳市南山区港前路与前海路交叉口西南方向110米泛海·拉菲花园二期2栋A座1101,广东深圳市南山区港前路与前海路交叉口西南方向110米泛海·拉菲花园二期2栋A座1101,113.924164,22.488255
深圳月亮湾,广东,深圳市,南山区,兴海大道山海津A栋G单元14G,广东深圳市南山区兴海大道山海津A栋G单元14G,广东深圳市南山区兴海大道山海津A栋G单元14G,113.900181,22.482407
深圳月亮湾,广东,深圳市,南山区,南山区南山街道前海领尚公馆A栋,广东深圳市南山区南山街道前海领尚公馆A栋,广东深圳市南山区南山街道前海领尚公馆A栋,113.899621,22.529463
深圳月亮湾,广东,深圳市,南山区,南山街道前海路70号泛海拉菲花园2期3栋,广东深圳市南山区南山街道前海路70号泛海拉菲花园2期3栋,广东深圳市南山区南山街道前海路70号泛海拉菲花园2期3栋,113.892993,22.495419
深圳月亮湾,广东,深圳市,南山区,前海泰康医院B栋楼,广东深圳市南山区前海泰康医院B栋楼,广东深圳市南山区前海泰康医院B栋楼,113.892651,22.514278
深圳月亮湾,广东,深圳市,南山区,南山街道观山道汉京九榕台3栋单元,广东深圳市南山区南山街道观山道汉京九榕台3栋单元,广东深圳市南山区南山街道观山道汉京九榕台3栋单元,113.930478,22.533191
深圳月亮湾,广东,深圳市,南山区,街道左炮台路八号,广东深圳市南山区街道左炮台路八号,广东深圳市南山区街道左炮台路八号,113.895863,22.473286
深圳月亮湾,广东,深圳市,南山区,妈湾大道，小南山红绿灯斜坡小卖铺,广东深圳市南山区妈湾大道，小南山红绿灯斜坡小卖铺,广东深圳市南山区妈湾大道，小南山红绿灯斜坡小卖铺,113.118115,23.032704
深圳月亮湾,广东,深圳市,南山区,南山街道荔湾社区前海路0369诺德假日花园2号楼南京同仁堂,广东深圳市南山区南山街道荔湾社区前海路0369诺德假日花园2号楼南京同仁堂,广东深圳市南山区南山街道荔湾社区前海路0369诺德假日花园2号楼南京同仁堂,113.903405,22.509033
深圳月亮湾,广东,深圳市,南山区,南山区前海路诺德假日花园5c,广东深圳市南山区前海路诺德假日花园5c,广东深圳市南山区前海路诺德假日花园5c,113.904317,22.510301
深圳月亮湾,广东,深圳市,南山区,前海路诺德假日花园5栋B,广东深圳市南山区前海路诺德假日花园5栋B,广东深圳市南山区前海路诺德假日花园5栋B,113.904215,22.510735
深圳月亮湾,广东,深圳市,南山区,南山街道前海路333号中海阳光玫瑰园7栋,广东深圳市南山区南山街道前海路333号中海阳光玫瑰园7栋,广东深圳市南山区南山街道前海路333号中海阳光玫瑰园7栋,113.896996,22.502832
深圳月亮湾,广东,深圳市,南山区,深圳市南山区街道少帝路山语海苑二栋一单元五D,广东深圳市南山区深圳市南山区街道少帝路山语海苑二栋一单元五D,广东深圳市南山区深圳市南山区街道少帝路山语海苑二栋一单元五D,113.89193,22.483035
深圳月亮湾,广东,深圳市,南山区,南山区街道兴海大道山海韵四期b栋,广东深圳市南山区街道兴海大道山海韵四期b栋,广东深圳市南山区街道兴海大道山海韵四期b栋,113.904752,22.480321
深圳月亮湾,广东,深圳市,南山区,-兴海大道1061号深圳港创建材股份有限公司,广东深圳市南山区-兴海大道1061号深圳港创建材股份有限公司,广东深圳市南山区-兴海大道1061号深圳港创建材股份有限公司,113.904902,22.475918
深圳月亮湾,广东,深圳市,南山区,南山街道泛海城市广场2栋,广东深圳市南山区南山街道泛海城市广场2栋,广东深圳市南山区南山街道泛海城市广场2栋,113.892687,22.493112
深圳月亮湾,广东,深圳市,南山区,街道少帝路1号鼎海科创港E座楼退货需知超过7天售后期过水,广东深圳市南山区街道少帝路1号鼎海科创港E座,广东深圳市南山区街道少帝路1号鼎海科创港E座,113.893868,22.484607
深圳月亮湾,广东,深圳市,南山区,众乐互娱网络科技有限公司,广东深圳市南山区众乐互娱网络科技有限公司,广东深圳市南山区众乐互娱网络科技有限公司,113.968151,22.697694
深圳月亮湾,广东,深圳市,南山区,街道赤湾六路,广东深圳市南山区街道赤湾六路,广东深圳市南山区街道赤湾六路,113.895943,22.478099
深圳月亮湾,广东,深圳市,南山区,月亮湾大道中海阳光玫瑰园5栋,广东深圳市南山区月亮湾大道中海阳光玫瑰园5栋,广东深圳市南山区月亮湾大道中海阳光玫瑰园5栋,113.896195,22.503287
深圳月亮湾,广东,深圳市,南山区,街道少帝路山语海苑5栋二单元,广东深圳市南山区街道少帝路山语海苑5栋二单元,广东深圳市南山区街道少帝路山语海苑5栋二单元,113.892364,22.482687
深圳月亮湾,广东,深圳市,南山区,前海路佳兆业二期创兴汽配转,广东深圳市南山区前海路佳兆业二期创兴汽配转,广东深圳市南山区前海路佳兆业二期创兴汽配转,113.914927,22.525524
深圳月亮湾,广东,深圳市,南山区,南山街道月亮湾山庄C-79号IQ倩牛,广东深圳市南山区南山街道月亮湾山庄C-79号IQ倩牛,广东深圳市南山区南山街道月亮湾山庄C-79号IQ倩牛,113.930478,22.533191
深圳月亮湾,广东,深圳市,南山区,南山区街道少帝路1号鼎海科创港一期,广东深圳市南山区街道少帝路1号鼎海科创港一期,广东深圳市南山区街道少帝路1号鼎海科创港一期,113.893868,22.484607
深圳月亮湾,广东,深圳市,南山区,蛇口街道海祥阁3b,广东深圳市南山区蛇口街道海祥阁3b,广东深圳市南山区蛇口街道海祥阁3b,113.890271,22.481013
深圳月亮湾,广东,深圳市,南山区,街道龙瑞佳园山海津A栋E,广东深圳市南山区街道龙瑞佳园山海津A栋E,广东深圳市南山区街道龙瑞佳园山海津A栋E,113.900181,22.482407
深圳月亮湾,广东,深圳市,南山区,街道兴海大道山海韵四期B栋,广东深圳市南山区街道兴海大道山海韵四期B栋,广东深圳市南山区街道兴海大道山海韵四期B栋,113.904752,22.480321
深圳月亮湾,广东,深圳市,南山区,南山街道前海路369号诺德假日花园7A栋【配送】,广东深圳市南山区南山街道前海路369号诺德假日花园7A栋,广东深圳市南山区南山街道前海路369号诺德假日花园7A栋,113.903334,22.509123
深圳月亮湾,广东,深圳市,南山区,顺丰总部大厦楼财务管理中心,广东深圳市南山区顺丰总部大厦楼财务管理中心,广东深圳市南山区顺丰总部大厦楼财务管理中心,113.888795,22.500517
深圳月亮湾,广东,深圳市,南山区,南山街道前海锦尚玖尚公寓2-1,广东深圳市南山区南山街道前海锦尚玖尚公寓2-1,广东深圳市南山区南山街道前海锦尚玖尚公寓2-1,113.887934,22.510241
深圳月亮湾,广东,深圳市,南山区,雷圳碧榕湾海景花园2栋单元,广东深圳市南山区雷圳碧榕湾海景花园2栋单元,广东深圳市南山区雷圳碧榕湾海景花园2栋单元,113.904416,22.512337
深圳月亮湾,广东,深圳市,南山区,赤湾三路石油基地F6库宏,广东深圳市南山区赤湾三路石油基地F6库宏,广东深圳市南山区赤湾三路石油基地F6库宏,113.893375,22.478421
深圳月亮湾,广东,深圳市,南山区,街道南山区街道少帝路1号鼎海科创港C座,广东深圳市南山区街道南山区街道少帝路1号鼎海科创港C座,广东深圳市南山区街道南山区街道少帝路1号鼎海科创港C座,113.893868,22.484607
深圳月亮湾,广东,深圳市,南山区,前海路0399-6号天美宠物馆,广东深圳市南山区前海路0399-6号天美宠物馆,广东深圳市南山区前海路0399-6号天美宠物馆,113.901642,22.507741
深圳月亮湾,广东,深圳市,南山区,南山街道南山区月亮湾大道中国海油加油站后面水利水电十四局项目,广东深圳市南山区南山街道南山区月亮湾大道中国海油加油站后面水利水电十四局项目,广东深圳市南山区南山街道南山区月亮湾大道中国海油加油站后面水利水电十四局项目,113.930478,22.533191
深圳月亮湾,广东,深圳市,南山区,南山街道前海路万科瑧山海家园2,广东深圳市南山区南山街道前海路万科瑧山海家园2,广东深圳市南山区南山街道前海路万科瑧山海家园2,113.906003,22.512125
深圳月亮湾,广东,深圳市,南山区,中建荔香家园A单元楼,广东深圳市南山区中建荔香家园A单元楼,广东深圳市南山区中建荔香家园A单元楼,113.892546,22.49712
深圳月亮湾,广东,深圳市,南山区,南山街道妈湾大道1045号友联船厂,广东深圳市南山区南山街道妈湾大道1045号友联船厂,广东深圳市南山区南山街道妈湾大道1045号友联船厂,113.870157,22.505954
深圳月亮湾,广东,深圳市,南山区,街道赤湾少帝路7号半山臻境2栋,广东深圳市南山区街道赤湾少帝路7号半山臻境2栋,广东深圳市南山区街道赤湾少帝路7号半山臻境2栋,113.893385,22.481551
深圳月亮湾,广东,深圳市,南山区,南山街道月亮湾大道2046号诚进大厦,广东深圳市南山区南山街道月亮湾大道2046号诚进大厦,广东深圳市南山区南山街道月亮湾大道2046号诚进大厦,113.878433,22.493176
深圳月亮湾,广东,深圳市,南山区,南山区南山街道香缤前海国际金融中心,广东深圳市南山区南山街道香缤前海国际金融中心,广东深圳市南山区南山街道香缤前海国际金融中心,113.899621,22.529463
深圳月亮湾,广东,深圳市,南山区,南山区南山街道棉山路佳兆业前海广场二期C座,广东深圳市南山区南山街道棉山路佳兆业前海广场二期C座,广东深圳市南山区南山街道棉山路佳兆业前海广场二期C座,113.886121,22.495106
深圳月亮湾,广东,深圳市,南山区,山海津A座A单元27A,广东深圳市南山区山海津A座A单元27A,广东深圳市南山区山海津A座A单元27A,113.924164,22.488255
深圳月亮湾,广东,深圳市,南山区,南山街道前海路0369号诺德国际4栋,广东深圳市南山区南山街道前海路0369号诺德国际4栋,广东深圳市南山区南山街道前海路0369号诺德国际4栋,113.903114,22.509892
深圳月亮湾,广东,深圳市,南山区,街道海湾路28号蛇口价值工厂地下室,广东深圳市南山区街道海湾路28号蛇口价值工厂地下室,广东深圳市南山区街道海湾路28号蛇口价值工厂地下室,113.895745,22.46735
深圳月亮湾,广东,深圳市,南山区,南山街道月亮湾大道中海阳光玫瑰园6栋,广东深圳市南山区南山街道月亮湾大道中海阳光玫瑰园6栋,广东深圳市南山区南山街道月亮湾大道中海阳光玫瑰园6栋,113.896607,22.503053
深圳月亮湾,广东,深圳市,南山区,南山街道华联花园,广东深圳市南山区南山街道华联花园,广东深圳市南山区南山街道华联花园,113.920419,22.520239
深圳月亮湾,广东,深圳市,南山区,南山区街道兴海大道山海居四期2栋,广东深圳市南山区街道兴海大道山海居四期2栋,广东深圳市南山区街道兴海大道山海居四期2栋,114.031618,22.627295
深圳月亮湾,广东,深圳市,南山区,南山街道深圳前海泰康医院,广东深圳市南山区南山街道深圳前海泰康医院,广东深圳市南山区南山街道深圳前海泰康医院,113.892651,22.514278
深圳月亮湾,广东,深圳市,南山区,南山街道前海路389号雷圳碧榕湾海景花园4-1,广东深圳市南山区南山街道前海路389号雷圳碧榕湾海景花园4-1,广东深圳市南山区南山街道前海路389号雷圳碧榕湾海景花园4-1,113.904544,22.511982
深圳月亮湾,广东,深圳市,南山区,南山街道荔湾沿山路8号荔山集悦城9栋,广东深圳市南山区南山街道荔湾沿山路8号荔山集悦城9栋,广东深圳市南山区南山街道荔湾沿山路8号荔山集悦城9栋,113.985271,22.587711
深圳月亮湾,广东,深圳市,南山区,南山街道前海路389号雷圳0755三栋一单元,广东深圳市南山区南山街道前海路389号雷圳0755三栋一单元,广东深圳市南山区南山街道前海路389号雷圳0755三栋一单元,113.904544,22.511982
深圳月亮湾,广东,深圳市,南山区,月亮湾花园6栋,广东深圳市南山区月亮湾花园6栋,广东深圳市南山区月亮湾花园6栋,113.91288,22.556973
深圳月亮湾,广东,深圳市,南山区,街道赤湾四路36号恒星公寓,广东深圳市南山区街道赤湾四路36号恒星公寓,广东深圳市南山区街道赤湾四路36号恒星公寓,113.888266,22.47887
深圳月亮湾,广东,深圳市,南山区,南山街道月亮湾花园10栋,广东深圳市南山区南山街道月亮湾花园10栋,广东深圳市南山区南山街道月亮湾花园10栋,113.930478,22.533191
深圳月亮湾,广东,深圳市,南山区,港城路领玺2期1栋A座,广东深圳市南山区港城路领玺2期1栋A座,广东深圳市南山区港城路领玺2期1栋A座,113.924164,22.488255
深圳月亮湾,广东,深圳市,南山区,南山街道-恒立心海湾花园4C号-2405,广东深圳市南山区南山街道-恒立心海湾花园4C号-2405,广东深圳市南山区南山街道-恒立心海湾花园4C号-2405,113.895118,22.501522
深圳月亮湾,广东,深圳市,南山区,南山街道港城路61号前海湾花园2栋今悦花园酒店,广东深圳市南山区南山街道港城路61号前海湾花园2栋今悦花园酒店,广东深圳市南山区南山街道港城路61号前海湾花园2栋今悦花园酒店,113.886005,22.510239
深圳月亮湾,广东,深圳市,南山区,前海康城华府119台玲,广东深圳市南山区前海康城华府119台玲,广东深圳市南山区前海康城华府119台玲,113.893567,22.493512
深圳月亮湾,广东,深圳市,南山区,南山区街道兴海大道山海居四期楼,广东深圳市南山区街道兴海大道山海居四期楼,广东深圳市南山区街道兴海大道山海居四期楼,113.883451,22.507325
深圳月亮湾,广东,深圳市,南山区,南山街道港前路39号汉京确跃A座,广东深圳市南山区南山街道港前路39号汉京确跃A座,广东深圳市南山区南山街道港前路39号汉京确跃A座,113.892529,22.497783
深圳月亮湾,广东,深圳市,南山区,南山街道恒立心海湾花园4D栋,广东深圳市南山区南山街道恒立心海湾花园4D栋,广东深圳市南山区南山街道恒立心海湾花园4D栋,113.89549,22.501542
深圳月亮湾,广东,深圳市,南山区,南山区妈湾大道汉京时代大厦南侧约110米汉京花园施工总承包工程项目部,广东深圳市南山区妈湾大道汉京时代大厦南侧约110米汉京花园施工总承包工程项目部,广东深圳市南山区妈湾大道汉京时代大厦南侧约110米汉京花园施工总承包工程项目部,113.875296,22.489572
深圳月亮湾,广东,深圳市,南山区,南山街道深圳市南山区中国高科大厦C栋,广东深圳市南山区南山街道深圳市南山区中国高科大厦C栋,广东深圳市南山区南山街道深圳市南山区中国高科大厦C栋,114.109014,22.593752
深圳月亮湾,广东,深圳市,南山区,棉山路香格名苑A1,广东深圳市南山区棉山路香格名苑A1,广东深圳市南山区棉山路香格名苑A1,113.88486,22.491225
深圳月亮湾,广东,深圳市,南山区,蛇口月亮湾山庄D36栋,广东深圳市南山区蛇口月亮湾山庄D36栋,广东深圳市南山区蛇口月亮湾山庄D36栋,113.926416,22.491588
深圳月亮湾,广东,深圳市,南山区,南山街道前海路199号恒立心海湾花园4D,广东深圳市南山区南山街道前海路199号恒立心海湾花园4D,广东深圳市南山区南山街道前海路199号恒立心海湾花园4D,113.89549,22.501542
深圳月亮湾,广东,深圳市,南山区,街道兴海大道山海居四期微微理发店,广东深圳市南山区街道兴海大道山海居四期微微理发店,广东深圳市南山区街道兴海大道山海居四期微微理发店,113.883451,22.507325
深圳月亮湾,广东,深圳市,南山区,赤湾港湾生活小区F1栋,广东深圳市南山区赤湾港湾生活小区F1栋,广东深圳市南山区赤湾港湾生活小区F1栋,113.887275,22.476221
深圳月亮湾,广东,深圳市,南山区,南山街道前湾四路前海润峰府D座,广东深圳市南山区南山街道前湾四路前海润峰府D座,广东深圳市南山区南山街道前湾四路前海润峰府D座,113.887491,22.515483
深圳月亮湾,广东,深圳市,南山区,沿山路大南山紫园F1-2B,广东深圳市南山区沿山路大南山紫园F1-2B,广东深圳市南山区沿山路大南山紫园F1-2B,113.897987,22.495875
深圳月亮湾,广东,深圳市,南山区,前海路恒立心海湾花园4C3201胡,广东深圳市南山区前海路恒立心海湾花园4C3201胡,广东深圳市南山区前海路恒立心海湾花园4C3201胡,113.89549,22.501542
深圳月亮湾,广东,深圳市,南山区,街道前海宸湾1栋座,广东深圳市南山区街道前海宸湾1栋座,广东深圳市南山区街道前海宸湾1栋座,113.898489,22.479351
深圳月亮湾,广东,深圳市,南山区,南山街道月亮湾小南山北侧棉山路香格名苑A栋,广东深圳市南山区南山街道月亮湾小南山北侧棉山路香格名苑A栋,广东深圳市南山区南山街道月亮湾小南山北侧棉山路香格名苑A栋,113.885012,22.491885
深圳月亮湾,广东,深圳市,南山区,前海康城华府1栋,广东深圳市南山区前海康城华府1栋,广东深圳市南山区前海康城华府1栋,113.893567,22.493512
深圳月亮湾,广东,深圳市,南山区,南山街道泛海拉菲花园一期5C栋露家服装店,广东深圳市南山区南山街道泛海拉菲花园一期5C栋露家服装店,广东深圳市南山区南山街道泛海拉菲花园一期5C栋露家服装店,113.894274,22.499377
深圳月亮湾,广东,深圳市,南山区,前海路月亮湾花园B栋,广东深圳市南山区前海路月亮湾花园B栋,广东深圳市南山区前海路月亮湾花园B栋,113.914927,22.525524
深圳月亮湾,广东,深圳市,南山区,前海港湾花园3b,广东深圳市南山区前海港湾花园3b,广东深圳市南山区前海港湾花园3b,113.891459,22.497256
深圳月亮湾,广东,深圳市,南山区,南山街道月亮湾佳兆业前海广场1期1A3103防火门内,广东深圳市南山区南山街道月亮湾佳兆业前海广场1期1A3103防火门内,广东深圳市南山区南山街道月亮湾佳兆业前海广场1期1A3103防火门内,113.886311,22.494456
深圳月亮湾,广东,深圳市,南山区,街道兴海大道山海居四期B栋,广东深圳市南山区街道兴海大道山海居四期B栋,广东深圳市南山区街道兴海大道山海居四期B栋,113.883451,22.507325
深圳月亮湾,广东,深圳市,南山区,月亮湾大道2076号高科大厦C座,广东深圳市南山区月亮湾大道2076号高科大厦C座,广东深圳市南山区月亮湾大道2076号高科大厦C座,113.898428,22.506713
深圳月亮湾,广东,深圳市,南山区,南山街道月亮湾大道2078号兆龙大楼,广东深圳市南山区南山街道月亮湾大道2078号兆龙大楼,广东深圳市南山区南山街道月亮湾大道2078号兆龙大楼,113.89886,22.507453
深圳月亮湾,广东,深圳市,南山区,南山街道蛇口兴海大道月亮湾山庄D37独栋别墅,广东深圳市南山区南山街道蛇口兴海大道月亮湾山庄D37独栋别墅,广东深圳市南山区南山街道蛇口兴海大道月亮湾山庄D37独栋别墅,113.891444,22.48836
深圳月亮湾,广东,深圳市,南山区,东滨路435号名车空间售后服务中心,广东深圳市南山区东滨路435号名车空间售后服务中心,广东深圳市南山区东滨路435号名车空间售后服务中心,113.906159,22.515132
深圳月亮湾,广东,深圳市,南山区,街道兴海大道山海居四期a栋,广东深圳市南山区街道兴海大道山海居四期a栋,广东深圳市南山区街道兴海大道山海居四期a栋,113.883451,22.507325
深圳月亮湾,广东,深圳市,南山区,龙瑞佳园山海居10栋,广东深圳市南山区龙瑞佳园山海居10栋,广东深圳市南山区龙瑞佳园山海居10栋,113.903759,22.479304
深圳月亮湾,广东,深圳市,南山区,前海路诺德假日花园3栋送货上,广东深圳市南山区前海路诺德假日花园3栋送货上,广东深圳市南山区前海路诺德假日花园3栋送货上,113.903651,22.509775
深圳月亮湾,广东,深圳市,南山区,深圳市南山区蛇口街道友联船厂邮,广东深圳市南山区深圳市南山区蛇口街道友联船厂邮,广东深圳市南山区深圳市南山区蛇口街道友联船厂邮,113.931018,22.492513
深圳月亮湾,广东,深圳市,南山区,南山街道泛海城市广场四期B栋,广东深圳市南山区南山街道泛海城市广场四期B栋,广东深圳市南山区南山街道泛海城市广场四期B栋,113.892693,22.494038
深圳月亮湾,广东,深圳市,南山区,月亮湾8栋,广东深圳市南山区月亮湾8栋,广东深圳市南山区月亮湾8栋,114.488516,22.537024
深圳月亮湾,广东,深圳市,南山区,南山街道兴海大道22号月亮湾花园19栋一单元,广东深圳市南山区南山街道兴海大道22号月亮湾花园19栋一单元,广东深圳市南山区南山街道兴海大道22号月亮湾花园19栋一单元,113.890201,22.492607
深圳月亮湾,广东,深圳市,南山区,南山街道前海锦尚公馆1栋牛逼,广东深圳市南山区南山街道前海锦尚公馆1栋牛逼,广东深圳市南山区南山街道前海锦尚公馆1栋牛逼,113.888185,22.509915
深圳月亮湾,广东,深圳市,南山区,南山街道月亮湾大道1077号楼m17128g1,广东深圳市南山区南山街道月亮湾大道1077号楼,广东深圳市南山区南山街道月亮湾大道1077号楼,113.886597,22.496531
深圳月亮湾,广东,深圳市,南山区,街道蛇口赤湾港湾生活小区E6栋,广东深圳市南山区街道蛇口赤湾港湾生活小区E6栋,广东深圳市南山区街道蛇口赤湾港湾生活小区E6栋,113.887275,22.476221
深圳月亮湾,广东,深圳市,南山区,前海路诺德假日花园5开,广东深圳市南山区前海路诺德假日花园5开,广东深圳市南山区前海路诺德假日花园5开,113.904317,22.510301
深圳月亮湾,广东,深圳市,南山区,街道中建三局微波山隧道豪庭苑2座,广东深圳市南山区街道中建三局微波山隧道豪庭苑2座,广东深圳市南山区街道中建三局微波山隧道豪庭苑2座,113.913971,22.477895
深圳月亮湾,广东,深圳市,南山区,诺德假日花园2栋,广东深圳市南山区诺德假日花园2栋,广东深圳市南山区诺德假日花园2栋,113.903414,22.509361
深圳月亮湾,广东,深圳市,南山区,南山区南山街道前海路199号恒立心海湾花园4栋A座室黑,广东深圳市南山区南山街道前海路199号恒立心海湾花园4栋A座,广东深圳市南山区南山街道前海路199号恒立心海湾花园4栋A座,113.89549,22.501542
深圳月亮湾,广东,深圳市,南山区,南山街道前海路333号中海阳光玫瑰园4栋,广东深圳市南山区南山街道前海路333号中海阳光玫瑰园4栋,广东深圳市南山区南山街道前海路333号中海阳光玫瑰园4栋,113.895453,22.502721
深圳月亮湾,广东,深圳市,南山区,南山街道佳兆业可域酒店行政公寓,广东深圳市南山区南山街道佳兆业可域酒店行政公寓,广东深圳市南山区南山街道佳兆业可域酒店行政公寓,113.886291,22.495339
深圳月亮湾,广东,深圳市,南山区,前海路0199号恒立心海湾花园4栋D单元房,广东深圳市南山区前海路0199号恒立心海湾花园4栋D单元房,广东深圳市南山区前海路0199号恒立心海湾花园4栋D单元房,113.89549,22.501542
深圳月亮湾,广东,深圳市,南山区,街道海湾路19号湄南河体育小镇,广东深圳市南山区街道海湾路19号湄南河体育小镇,广东深圳市南山区街道海湾路19号湄南河体育小镇,113.896704,22.466491
深圳月亮湾,广东,深圳市,南山区,前湾四路与听海大道交汇处东侧龙光前海天境花园2栋,广东深圳市南山区前湾四路与听海大道交汇处东侧龙光前海天境花园2栋,广东深圳市南山区前湾四路与听海大道交汇处东侧龙光前海天境花园2栋,113.888898,22.514084
深圳月亮湾,广东,深圳市,南山区,南山区南山街道前湾四路前海天境花园5栋,广东深圳市南山区南山街道前湾四路前海天境花园5栋,广东深圳市南山区南山街道前湾四路前海天境花园5栋,113.888898,22.514084
深圳月亮湾,广东,深圳市,南山区,月亮湾大道1104号佳兆业前海广场2期b栋,广东深圳市南山区月亮湾大道1104号佳兆业前海广场2期b栋,广东深圳市南山区月亮湾大道1104号佳兆业前海广场2期b栋,113.885913,22.495205
深圳月亮湾,广东,深圳市,南山区,前海路诺德假日花园3栋,广东深圳市南山区前海路诺德假日花园3栋,广东深圳市南山区前海路诺德假日花园3栋,113.903651,22.509775
深圳月亮湾,广东,深圳市,南山区,南山街道佳兆业·前海广场二期B栋顾家牛皮拖鞋1,广东深圳市南山区南山街道佳兆业·前海广场二期B栋,广东深圳市南山区南山街道佳兆业·前海广场二期B栋,113.885705,22.495201
深圳月亮湾,广东,深圳市,南山区,蛇口街道泛海国际广场1栋楼,广东深圳市南山区蛇口街道泛海国际广场1栋楼,广东深圳市南山区蛇口街道泛海国际广场1栋楼,113.931018,22.492513
深圳月亮湾,广东,深圳市,南山区,南山街道兴海大道荔山工业园12栋万里飘香自,广东深圳市南山区南山街道兴海大道荔山工业园12栋万里飘香自,广东深圳市南山区南山街道兴海大道荔山工业园12栋万里飘香自,113.893754,22.489682
深圳月亮湾,广东,深圳市,南山区,前海路泛海拉菲花园一期1-A,广东深圳市南山区前海路泛海拉菲花园一期1-A,广东深圳市南山区前海路泛海拉菲花园一期1-A,113.894274,22.499377
深圳月亮湾,广东,深圳市,南山区,前海路0389号雷圳07552栋单元,广东深圳市南山区前海路0389号雷圳07552栋单元,广东深圳市南山区前海路0389号雷圳07552栋单元,113.905207,22.510917
深圳月亮湾,广东,深圳市,南山区,月亮湾大道中国高科大厦-A栋,广东深圳市南山区月亮湾大道中国高科大厦-A栋,广东深圳市南山区月亮湾大道中国高科大厦-A栋,114.10904,22.593547
深圳月亮湾,广东,深圳市,南山区,兴海大道月亮湾花园24栋楼,广东深圳市南山区兴海大道月亮湾花园24栋楼,广东深圳市南山区兴海大道月亮湾花园24栋楼,113.883451,22.507325
深圳月亮湾,广东,深圳市,南山区,南山街道前海路189号泛海拉菲花园一期1B,广东深圳市南山区南山街道前海路189号泛海拉菲花园一期1B,广东深圳市南山区南山街道前海路189号泛海拉菲花园一期1B,113.895492,22.4994
深圳月亮湾,广东,深圳市,南山区,南山街道锦尚公馆1栋,广东深圳市南山区南山街道锦尚公馆1栋,广东深圳市南山区南山街道锦尚公馆1栋,113.888185,22.509915
深圳月亮湾,广东,深圳市,南山区,南山街道前海路恒立心海湾4A,广东深圳市南山区南山街道前海路恒立心海湾4A,广东深圳市南山区南山街道前海路恒立心海湾4A,113.894497,22.50152
深圳月亮湾,广东,深圳市,南山区,前海路丽湾大厦A座南区楼,广东深圳市南山区前海路丽湾大厦A座南区楼,广东深圳市南山区前海路丽湾大厦A座南区楼,113.891702,22.495815
深圳月亮湾,广东,深圳市,南山区,雷圳碧榕湾海景花园4-2-12E,广东深圳市南山区雷圳碧榕湾海景花园4-2-12E,广东深圳市南山区雷圳碧榕湾海景花园4-2-12E,113.904344,22.512124
深圳月亮湾,广东,深圳市,南山区,前海合作区香槟国际金融中心,广东深圳市南山区前海合作区香槟国际金融中心,广东深圳市南山区前海合作区香槟国际金融中心,113.898314,22.517537
深圳月亮湾,广东,深圳市,南山区,南山街道蔬湾社区月亮清大道前海诚进大厦,广东深圳市南山区南山街道蔬湾社区月亮清大道前海诚进大厦,广东深圳市南山区南山街道蔬湾社区月亮清大道前海诚进大厦,113.899621,22.529463
深圳月亮湾,广东,深圳市,南山区,龙瑞佳园山海居10B,广东深圳市南山区龙瑞佳园山海居10B,广东深圳市南山区龙瑞佳园山海居10B,113.903509,22.479649
深圳月亮湾,广东,深圳市,南山区,前海路中海阳光玫瑰园3栋单元,广东深圳市南山区前海路中海阳光玫瑰园3栋单元,广东深圳市南山区前海路中海阳光玫瑰园3栋单元,113.895843,22.502267
深圳月亮湾,广东,深圳市,南山区,南山街道内环路前海诚进大厦19C收发室门口,广东深圳市南山区南山街道内环路前海诚进大厦19C收发室门口,广东深圳市南山区南山街道内环路前海诚进大厦19C收发室门口,113.89913,22.507919
深圳月亮湾,广东,深圳市,南山区,前海路诺德假日花园6B栋前海路诺德假日花园6B栋,广东深圳市南山区前海路诺德假日花园6B栋前海路诺德假日花园6B栋,广东深圳市南山区前海路诺德假日花园6B栋前海路诺德假日花园6B栋,113.903116,22.509914
深圳月亮湾,广东,深圳市,南山区,前海路诺德假日花园8A,广东深圳市南山区前海路诺德假日花园8A,广东深圳市南山区前海路诺德假日花园8A,113.903116,22.509914
深圳月亮湾,广东,深圳市,南山区,南山街道月亮湾花园18栋魔幻秀柔顺控油,广东深圳市南山区南山街道月亮湾花园18栋魔幻秀柔顺控油,广东深圳市南山区南山街道月亮湾花园18栋魔幻秀柔顺控油,113.930478,22.533191
深圳月亮湾,广东,深圳市,南山区,街道赤湾四路及赤湾九路交汇处前海丹华2栋,广东深圳市南山区街道赤湾四路及赤湾九路交汇处前海丹华2栋,广东深圳市南山区街道赤湾四路及赤湾九路交汇处前海丹华2栋,113.886958,22.479408
深圳月亮湾,广东,深圳市,南山区,南山街道听海大道龙光前海天境花园5栋,广东深圳市南山区南山街道听海大道龙光前海天境花园5栋,广东深圳市南山区南山街道听海大道龙光前海天境花园5栋,113.888898,22.514084
深圳月亮湾,广东,深圳市,南山区,妈湾一路北侧颐城栖湾里1-3栋,广东深圳市南山区妈湾一路北侧颐城栖湾里1-3栋,广东深圳市南山区妈湾一路北侧颐城栖湾里1-3栋,113.892057,22.50501
深圳月亮湾,广东,深圳市,南山区,南山区南山街道前海诚进大厦A座,广东深圳市南山区南山街道前海诚进大厦A座,广东深圳市南山区南山街道前海诚进大厦A座,113.923189,22.520368
深圳月亮湾,广东,深圳市,南山区,街道兴海大道山海居四期天天超市,广东深圳市南山区街道兴海大道山海居四期天天超市,广东深圳市南山区街道兴海大道山海居四期天天超市,113.883451,22.507325
深圳月亮湾,广东,深圳市,南山区,南山区街道海景公寓E栋,广东深圳市南山区街道海景公寓E栋,广东深圳市南山区街道海景公寓E栋,113.884237,22.478913
深圳月亮湾,广东,深圳市,南山区,街道龙瑞佳园山海津A单元,广东深圳市南山区街道龙瑞佳园山海津A单元,广东深圳市南山区街道龙瑞佳园山海津A单元,113.900181,22.482407
深圳月亮湾,广东,深圳市,南山区,南山街道前海路万科臻山海1栋,广东深圳市南山区南山街道前海路万科臻山海1栋,广东深圳市南山区南山街道前海路万科臻山海1栋,113.930478,22.533191
深圳月亮湾,广东,深圳市,南山区,南山街道集悦城荔山11栋,广东深圳市南山区南山街道集悦城荔山11栋,广东深圳市南山区南山街道集悦城荔山11栋,113.893843,22.489241
深圳月亮湾,广东,深圳市,南山区,南山街道月亮湾花园16栋,广东深圳市南山区南山街道月亮湾花园16栋,广东深圳市南山区南山街道月亮湾花园16栋,113.930478,22.533191
深圳月亮湾,广东,深圳市,南山区,兴海大道1048号龙瑞佳园山海居5A,广东深圳市南山区兴海大道1048号龙瑞佳园山海居5A,广东深圳市南山区兴海大道1048号龙瑞佳园山海居5A,113.903346,22.479732
深圳月亮湾,广东,深圳市,南山区,前海路泛海拉菲花园一期一栋A单元504,广东深圳市南山区前海路泛海拉菲花园一期一栋A单元504,广东深圳市南山区前海路泛海拉菲花园一期一栋A单元504,113.894274,22.499377
深圳月亮湾,广东,深圳市,南山区,前海路诺德花园3栋二,广东深圳市南山区前海路诺德花园3栋二,广东深圳市南山区前海路诺德花园3栋二,113.903525,22.509102
深圳月亮湾,广东,深圳市,南山区,街道少帝路1号鼎海科创港A座603，超清拆包区,广东深圳市南山区街道少帝路1号鼎海科创港A座603,广东深圳市南山区街道少帝路1号鼎海科创港A座603,113.924164,22.488255
深圳月亮湾,广东,深圳市,南山区,南山街道港城路领玺家园B号备注拒绝到付运费自理穿过洗过影响第二次销售一律不换服装更新快换码请3天之内发出给单号备注码数微信号[,广东深圳市南山区南山街道港城路领玺家园B号,广东深圳市南山区南山街道港城路领玺家园B号,113.930478,22.533191
深圳月亮湾,广东,深圳市,南山区,深圳市南山区前海路拉菲花园二期中心大门,广东深圳市南山区深圳市南山区前海路拉菲花园二期中心大门,广东深圳市南山区深圳市南山区前海路拉菲花园二期中心大门,114.011174,22.642883
深圳月亮湾,广东,深圳市,南山区,南山区街道兴海大道1048号龙瑞佳园山海居6栋B单元,广东深圳市南山区街道兴海大道1048号龙瑞佳园山海居6栋B单元,广东深圳市南山区街道兴海大道1048号龙瑞佳园山海居6栋B单元,113.903764,22.478512
深圳月亮湾,广东,深圳市,南山区,港城路62号冠寓松果前海店11栋,广东深圳市南山区港城路62号冠寓松果前海店11栋,广东深圳市南山区港城路62号冠寓松果前海店11栋,113.899621,22.529463
深圳月亮湾,广东,深圳市,南山区,南山区南山街道中海阳光玫瑰园三栋一单元,广东深圳市南山区南山街道中海阳光玫瑰园三栋一单元,广东深圳市南山区南山街道中海阳光玫瑰园三栋一单元,113.895891,22.502086
深圳月亮湾,广东,深圳市,南山区,南山街道月亮湾大道1026号楼丰巢快递柜,广东深圳市南山区南山街道月亮湾大道1026号楼丰巢快递柜,广东深圳市南山区南山街道月亮湾大道1026号楼丰巢快递柜,113.875208,22.492164
深圳月亮湾,广东,深圳市,南山区,南山街道诺的假日花园9A座楼,广东深圳市南山区南山街道诺的假日花园9A座楼,广东深圳市南山区南山街道诺的假日花园9A座楼,113.930478,22.533191
深圳月亮湾,广东,深圳市,南山区,南山街道诺德假日花园3栋,广东深圳市南山区南山街道诺德假日花园3栋,广东深圳市南山区南山街道诺德假日花园3栋,113.903651,22.509775
深圳月亮湾,广东,深圳市,南山区,欣月路月亮湾山庄c,广东深圳市南山区欣月路月亮湾山庄c,广东深圳市南山区欣月路月亮湾山庄c,113.892184,22.487929
深圳月亮湾,广东,深圳市,南山区,街道兴海大道山海居四期C栋【15203350029】,广东深圳市南山区街道兴海大道山海居四期C栋,广东深圳市南山区街道兴海大道山海居四期C栋,113.883451,22.507325
深圳月亮湾,广东,深圳市,南山区,兴海大道3044号信利康大厦楼,广东深圳市南山区兴海大道3044号信利康大厦楼,广东深圳市南山区兴海大道3044号信利康大厦楼,113.888522,22.501105
深圳月亮湾,广东,深圳市,南山区,南山区南山街道泛海拉菲花园二期3栋,广东深圳市南山区南山街道泛海拉菲花园二期3栋,广东深圳市南山区南山街道泛海拉菲花园二期3栋,113.893736,22.495496
深圳月亮湾,广东,深圳市,南山区,街道北京建工项目,广东深圳市南山区街道北京建工项目,广东深圳市南山区街道北京建工项目,113.925692,22.564318
深圳月亮湾,广东,深圳市,南山区,南山区南山街道泛海城市广场四期H栋,广东深圳市南山区南山街道泛海城市广场四期H栋,广东深圳市南山区南山街道泛海城市广场四期H栋,113.892693,22.494038
深圳月亮湾,广东,深圳市,南山区,信利康大厦,广东深圳市南山区信利康大厦,广东深圳市南山区信利康大厦,113.888522,22.501105
深圳月亮湾,广东,深圳市,南山区,南山街道前海路369号诺德国际居住区9 :灰白H字母包头半拖鞋尺码:40[,广东深圳市南山区南山街道前海路369号诺德国际居住区,广东深圳市南山区南山街道前海路369号诺德国际居住区,113.903334,22.509123
深圳月亮湾,广东,深圳市,南山区,月亮湾山庄d,广东深圳市南山区月亮湾山庄d,广东深圳市南山区月亮湾山庄d,113.930478,22.533191
深圳月亮湾,广东,深圳市,南山区,蛇口街道赤湾九路二号前海丹华4栋,广东深圳市南山区蛇口街道赤湾九路二号前海丹华4栋,广东深圳市南山区蛇口街道赤湾九路二号前海丹华4栋,113.887352,22.479631
深圳月亮湾,广东,深圳市,南山区,南山街道前海天境1-1栋,广东深圳市南山区南山街道前海天境1-1栋,广东深圳市南山区南山街道前海天境1-1栋,113.888408,22.51374
深圳月亮湾,广东,深圳市,南山区,南山街道前海路丰泽园小区1栋【配送拨打:18466253680】,广东深圳市南山区南山街道前海路丰泽园小区1栋,广东深圳市南山区南山街道前海路丰泽园小区1栋,113.898626,22.505653
深圳月亮湾,广东,深圳市,南山区,南山街道佳兆业前海广场2期C座,广东深圳市南山区南山街道佳兆业前海广场2期C座,广东深圳市南山区南山街道佳兆业前海广场2期C座,113.879597,22.488773
深圳月亮湾,广东,深圳市,南山区,南山街道铁磁数字科技,广东深圳市南山区南山街道铁磁数字科技,广东深圳市南山区南山街道铁磁数字科技,113.930478,22.533191
深圳月亮湾,广东,深圳市,南山区,街道龙瑞佳园山海津18E,广东深圳市南山区街道龙瑞佳园山海津18E,广东深圳市南山区街道龙瑞佳园山海津18E,113.900181,22.482407
深圳月亮湾,广东,深圳市,南山区,前海路南山花园三栋,广东深圳市南山区前海路南山花园三栋,广东深圳市南山区前海路南山花园三栋,113.930478,22.533191
深圳月亮湾,广东,深圳市,南山区,前海深港合作区南山街道兴海大道3040号前海世茂金融中心二期,广东深圳市南山区前海深港合作区南山街道兴海大道3040号前海世茂金融中心二期,广东深圳市南山区前海深港合作区南山街道兴海大道3040号前海世茂金融中心二期,113.915188,22.48471
深圳月亮湾,广东,深圳市,南山区,街道少帝路1号鼎海科创港C座210-212质检中心,广东深圳市南山区街道少帝路1号鼎海科创港C座210-212质检中心,广东深圳市南山区街道少帝路1号鼎海科创港C座210-212质检中心,113.893868,22.484607
深圳月亮湾,广东,深圳市,南山区,南山区蛇口兴海大道龙瑞佳园山海居5栋B座,广东深圳市南山区蛇口兴海大道龙瑞佳园山海居5栋B座,广东深圳市南山区蛇口兴海大道龙瑞佳园山海居5栋B座,113.902529,22.480419
深圳月亮湾,广东,深圳市,南山区,前海路101号荔湾商务公寓2单元,广东深圳市南山区前海路101号荔湾商务公寓2单元,广东深圳市南山区前海路101号荔湾商务公寓2单元,113.891665,22.495812
深圳月亮湾,广东,深圳市,南山区,南山街道中国高科大厦楼,广东深圳市南山区南山街道中国高科大厦楼,广东深圳市南山区南山街道中国高科大厦楼,113.897878,22.50721
深圳月亮湾,广东,深圳市,南山区,南山街道恒立心海湾花园4B,广东深圳市南山区南山街道恒立心海湾花园4B,广东深圳市南山区南山街道恒立心海湾花园4B,113.89549,22.501542
深圳月亮湾,广东,深圳市,南山区,蛇口街道开云府,广东深圳市南山区蛇口街道开云府,广东深圳市南山区蛇口街道开云府,113.896058,22.480358
深圳月亮湾,广东,深圳市,南山区,前海康城华府1,广东深圳市南山区前海康城华府1,广东深圳市南山区前海康城华府1,113.893567,22.493512
深圳月亮湾,广东,深圳市,南山区,半山臻镜9栋,广东深圳市南山区半山臻镜9栋,广东深圳市南山区半山臻镜9栋,113.930478,22.533191
深圳月亮湾,广东,深圳市,南山区,街道鼎海科创港C栋,广东深圳市南山区街道鼎海科创港C栋,广东深圳市南山区街道鼎海科创港C栋,113.894021,22.484763
深圳月亮湾,广东,深圳市,南山区,科创三街与诚信四街交叉口正西方向84米左右前海天境花园2栋一单元702,广东深圳市南山区科创三街与诚信四街交叉口正西方向84米左右前海天境花园2栋一单元702,广东深圳市南山区科创三街与诚信四街交叉口正西方向84米左右前海天境花园2栋一单元702,113.888898,22.514084
深圳月亮湾,广东,深圳市,南山区,月亮湾万豪掬月半山3Ａ,广东深圳市南山区月亮湾万豪掬月半山3Ａ,广东深圳市南山区月亮湾万豪掬月半山3Ａ,113.886815,22.49305
深圳月亮湾,广东,深圳市,南山区,赤湾四路前海丹华门外丰巢柜,广东深圳市南山区赤湾四路前海丹华门外丰巢柜,广东深圳市南山区赤湾四路前海丹华门外丰巢柜,113.886958,22.479408
深圳月亮湾,广东,深圳市,南山区,前海路诺德假日花园5C,广东深圳市南山区前海路诺德假日花园5C,广东深圳市南山区前海路诺德假日花园5C,113.904317,22.510301
深圳月亮湾,广东,深圳市,南山区,领玺2期2栋,广东深圳市南山区领玺2期2栋,广东深圳市南山区领玺2期2栋,113.930478,22.533191
深圳月亮湾,广东,深圳市,南山区,南山区街道兴海大道山海居四期8栋,广东深圳市南山区街道兴海大道山海居四期8栋,广东深圳市南山区街道兴海大道山海居四期8栋,113.883451,22.507325
深圳月亮湾,广东,深圳市,南山区,深圳南山区局前海经贸中心B栋,广东深圳市南山区深圳南山区局前海经贸中心B栋,广东深圳市南山区深圳南山区局前海经贸中心B栋,113.899621,22.529463
深圳月亮湾,广东,深圳市,南山区,前海路佳兆业广场一期3栋,广东深圳市南山区前海路佳兆业广场一期3栋,广东深圳市南山区前海路佳兆业广场一期3栋,114.380835,22.711766
深圳月亮湾,广东,深圳市,南山区,街道月亮湾大道兆龙大楼,广东深圳市南山区街道月亮湾大道兆龙大楼,广东深圳市南山区街道月亮湾大道兆龙大楼,113.89886,22.507453
深圳月亮湾,广东,深圳市,南山区,前海泛海城市广场1栋C座,广东深圳市南山区前海泛海城市广场1栋C座,广东深圳市南山区前海泛海城市广场1栋C座,113.89283,22.49461
深圳月亮湾,广东,深圳市,南山区,南山街道妈湾大道1087号前湾燃机电厂,广东深圳市南山区南山街道妈湾大道1087号前湾燃机电厂,广东深圳市南山区南山街道妈湾大道1087号前湾燃机电厂,113.869651,22.509765
深圳月亮湾,广东,深圳市,南山区,街道中建三局微波山隧道豪庭苑,广东深圳市南山区街道中建三局微波山隧道豪庭苑,广东深圳市南山区街道中建三局微波山隧道豪庭苑,113.913971,22.477895
深圳月亮湾,广东,深圳市,南山区,街道少帝路1号鼎海科创港一期6栋,广东深圳市南山区街道少帝路1号鼎海科创港一期6栋,广东深圳市南山区街道少帝路1号鼎海科创港一期6栋,113.893868,22.484607
深圳月亮湾,广东,深圳市,南山区,南园村新园路22号,广东深圳市南山区南园村新园路22号,广东深圳市南山区南园村新园路22号,113.916875,22.517465
深圳月亮湾,广东,深圳市,南山区,南山区南山街道泛海城市广场四期A栋,广东深圳市南山区南山街道泛海城市广场四期A栋,广东深圳市南山区南山街道泛海城市广场四期A栋,113.892693,22.494038
深圳月亮湾,广东,深圳市,南山区,广东省-深圳市-南山区-南山街道前海路369号诺德假日花园9A栋,广东深圳市南山区广东省-深圳市-南山区-南山街道前海路369号诺德假日花园9A栋,广东深圳市南山区广东省-深圳市-南山区-南山街道前海路369号诺德假日花园9A栋,113.903334,22.509123
深圳月亮湾,广东,深圳市,南山区,南山区街道少帝路1号鼎海科创港B座楼-售后仓,广东深圳市南山区街道少帝路1号鼎海科创港B座楼-售后仓,广东深圳市南山区街道少帝路1号鼎海科创港B座楼-售后仓,113.893868,22.484607
深圳月亮湾,广东,深圳市,南山区,妈湾一路北侧颐城栖湾里1栋三单元,广东深圳市南山区妈湾一路北侧颐城栖湾里1栋三单元,广东深圳市南山区妈湾一路北侧颐城栖湾里1栋三单元,113.892968,22.505458
深圳月亮湾,广东,深圳市,南山区,南山区南山街道沿湖路雷圳碧榕湾名苑E栋二代有线充电仓,广东深圳市南山区南山街道沿湖路雷圳碧榕湾名苑E栋二代有线充电仓,广东深圳市南山区南山街道沿湖路雷圳碧榕湾名苑E栋二代有线充电仓,113.904459,22.511062
深圳月亮湾,广东,深圳市,南山区,街道赤湾汇广场二栋,广东深圳市南山区街道赤湾汇广场二栋,广东深圳市南山区街道赤湾汇广场二栋,113.895756,22.479998
深圳月亮湾,广东,深圳市,南山区,南山区街道少帝路南叁鼎文化园出入口丰巢柜,广东深圳市南山区街道少帝路南叁鼎文化园出入口丰巢柜,广东深圳市南山区街道少帝路南叁鼎文化园出入口丰巢柜,113.892797,22.484951
深圳月亮湾,广东,深圳市,南山区,南山区南山街道前海路0070号泛海拉菲花园二期1+,广东深圳市南山区南山街道前海路0070号泛海拉菲花园二期1+,广东深圳市南山区南山街道前海路0070号泛海拉菲花园二期1+,113.892964,22.496185
深圳月亮湾,广东,深圳市,南山区,兴海大道万豪月半山,广东深圳市南山区兴海大道万豪月半山,广东深圳市南山区兴海大道万豪月半山,113.892688,22.487273
深圳月亮湾,广东,深圳市,南山区,前海信利康大厦,广东深圳市南山区前海信利康大厦,广东深圳市南山区前海信利康大厦,113.888522,22.501105
深圳月亮湾,广东,深圳市,南山区,前海路诺德假日花园7B,广东深圳市南山区前海路诺德假日花园7B,广东深圳市南山区前海路诺德假日花园7B,113.903116,22.509914
深圳月亮湾,广东,深圳市,南山区,南山街道自贸大街86号前海印里南里L2-07名肴记,广东深圳市南山区南山街道自贸大街86号前海印里南里L2-07名肴记,广东深圳市南山区南山街道自贸大街86号前海印里南里L2-07名肴记,113.89066,22.503242
深圳月亮湾,广东,深圳市,南山区,街道街道少帝路鼎海科创港A栋,广东深圳市南山区街道街道少帝路鼎海科创港A栋,广东深圳市南山区街道街道少帝路鼎海科创港A栋,113.893915,22.484135
深圳月亮湾,广东,深圳市,南山区,深南大道2620号邮局南油投递部,广东深圳市南山区深南大道2620号邮局南油投递部,广东深圳市南山区深南大道2620号邮局南油投递部,114.064153,22.539321
深圳月亮湾,广东,深圳市,南山区,港城路中海阳光玫瑰园吉林老,广东深圳市南山区港城路中海阳光玫瑰园吉林老,广东深圳市南山区港城路中海阳光玫瑰园吉林老,113.89618,22.502593
深圳月亮湾,广东,深圳市,南山区,南山街道兴海大道3040号前海世茂大厦,广东深圳市南山区南山街道兴海大道3040号前海世茂大厦,广东深圳市南山区南山街道兴海大道3040号前海世茂大厦,113.889378,22.501395
深圳月亮湾,广东,深圳市,南山区,蛇口兴海大道龙瑞佳园山海居10a,广东深圳市南山区蛇口兴海大道龙瑞佳园山海居10a,广东深圳市南山区蛇口兴海大道龙瑞佳园山海居10a,113.903509,22.479649
深圳月亮湾,广东,深圳市,南山区,前海香缤大厦,广东深圳市南山区前海香缤大厦,广东深圳市南山区前海香缤大厦,113.888755,22.502463
深圳月亮湾,广东,深圳市,南山区,南山街道前海路333号中海阳光玫瑰园3栋单元,广东深圳市南山区南山街道前海路333号中海阳光玫瑰园3栋单元,广东深圳市南山区南山街道前海路333号中海阳光玫瑰园3栋单元,113.895843,22.502267
深圳月亮湾,广东,深圳市,南山区,华英路与少帝路交汇处东北半山臻境9栋,广东深圳市南山区华英路与少帝路交汇处东北半山臻境9栋,广东深圳市南山区华英路与少帝路交汇处东北半山臻境9栋,113.892347,22.481378
深圳月亮湾,广东,深圳市,南山区,蛇口街道半山臻境9栋,广东深圳市南山区蛇口街道半山臻境9栋,广东深圳市南山区蛇口街道半山臻境9栋,113.931018,22.492513
深圳月亮湾,广东,深圳市,南山区,南山区街道兴海大道山海居四期C栋【15203350029】,广东深圳市南山区街道兴海大道山海居四期C栋,广东深圳市南山区街道兴海大道山海居四期C栋,113.883451,22.507325
深圳月亮湾,广东,深圳市,南山区,南山街道前海路199号恒立心海湾花园4A,广东深圳市南山区南山街道前海路199号恒立心海湾花园4A,广东深圳市南山区南山街道前海路199号恒立心海湾花园4A,113.89549,22.501542
深圳月亮湾,广东,深圳市,南山区,前海天境5栋,广东深圳市南山区前海天境5栋,广东深圳市南山区前海天境5栋,113.888937,22.51399
深圳月亮湾,广东,深圳市,南山区,南山街道月亮湾大道与棉山路交汇处诚盈商务中心A1座层401-411B号,广东深圳市南山区南山街道月亮湾大道与棉山路交汇处诚盈商务中心A1座层401-411B号,广东深圳市南山区南山街道月亮湾大道与棉山路交汇处诚盈商务中心A1座层401-411B号,113.883662,22.485478
深圳月亮湾,广东,深圳市,南山区,街道兴海大道1050号深圳市公安局南山公交保,广东深圳市南山区街道兴海大道1050号深圳市公安局,广东深圳市南山区街道兴海大道1050号深圳市公安局,113.898517,22.483145
深圳月亮湾,广东,深圳市,南山区,南山街道前海路0070号泛海拉菲花园2期1D,广东深圳市南山区南山街道前海路0070号泛海拉菲花园2期1D,广东深圳市南山区南山街道前海路0070号泛海拉菲花园2期1D,113.892993,22.495419
深圳月亮湾,广东,深圳市,南山区,南山街道泛海城市广场四期A栋室,广东深圳市南山区南山街道泛海城市广场四期A栋室,广东深圳市南山区南山街道泛海城市广场四期A栋室,113.892693,22.494038
深圳月亮湾,广东,深圳市,南山区,南山街道深圳市南山区中国高科大厦C栋一,广东深圳市南山区南山街道深圳市南山区中国高科大厦C栋一,广东深圳市南山区南山街道深圳市南山区中国高科大厦C栋一,114.109014,22.593752
深圳月亮湾,广东,深圳市,南山区,前海妈湾一路颐城栖湾里北区一栋三单元,广东深圳市南山区前海妈湾一路颐城栖湾里北区一栋三单元,广东深圳市南山区前海妈湾一路颐城栖湾里北区一栋三单元,113.892686,22.505159
深圳月亮湾,广东,深圳市,南山区,南山街道前海路月亮湾观峰阁门店25,广东深圳市南山区南山街道前海路月亮湾观峰阁门店25,广东深圳市南山区南山街道前海路月亮湾观峰阁门店25,113.893983,22.496823
深圳月亮湾,广东,深圳市,南山区,前海雷圳0755小区5-2单元,广东深圳市南山区前海雷圳0755小区5-2单元,广东深圳市南山区前海雷圳0755小区5-2单元,113.904344,22.512124
深圳月亮湾,广东,深圳市,南山区,南山街道南山区万豪月半山裕隆超市南行100水电八,广东深圳市南山区南山街道南山区万豪月半山裕隆超市南行100水电八,广东深圳市南山区南山街道南山区万豪月半山裕隆超市南行100水电八,113.892688,22.487273
深圳月亮湾,广东,深圳市,南山区,南山街道-前海路0369诺德假日花园三栋,广东深圳市南山区南山街道-前海路0369诺德假日花园三栋,广东深圳市南山区南山街道-前海路0369诺德假日花园三栋,113.903334,22.509123
深圳月亮湾,广东,深圳市,南山区,半山臻境1栋,广东深圳市南山区半山臻境1栋,广东深圳市南山区半山臻境1栋,113.930478,22.533191
深圳月亮湾,广东,深圳市,南山区,南山街道泛海城市广场四期M栋,广东深圳市南山区南山街道泛海城市广场四期M栋,广东深圳市南山区南山街道泛海城市广场四期M栋,113.892693,22.494038
深圳月亮湾,广东,深圳市,南山区,南山街道前海湾花园一期3栋,广东深圳市南山区南山街道前海湾花园一期3栋,广东深圳市南山区南山街道前海湾花园一期3栋,113.885378,22.50941
深圳月亮湾,广东,深圳市,南山区,前海港湾花园3A,广东深圳市南山区前海港湾花园3A,广东深圳市南山区前海港湾花园3A,113.891459,22.497256
深圳月亮湾,广东,深圳市,南山区,前海路前海广场一期1,广东深圳市南山区前海路前海广场一期1,广东深圳市南山区前海路前海广场一期1,113.899621,22.529463
深圳月亮湾,广东,深圳市,南山区,棉山路佳兆业前海广场二期C,广东深圳市南山区棉山路佳兆业前海广场二期C,广东深圳市南山区棉山路佳兆业前海广场二期C,113.886121,22.495106
深圳月亮湾,广东,深圳市,南山区,南山区街道少帝路1号鼎海科创港B座楼-售,广东深圳市南山区街道少帝路1号鼎海科创港B座楼-售,广东深圳市南山区街道少帝路1号鼎海科创港B座楼-售,113.893868,22.484607
深圳月亮湾,广东,深圳市,南山区,南山街道颐城瑧湾悦家园一期2-1,广东深圳市南山区南山街道颐城瑧湾悦家园一期2-1,广东深圳市南山区南山街道颐城瑧湾悦家园一期2-1,113.930478,22.533191
深圳月亮湾,广东,深圳市,南山区,街道半山臻境2单元,广东深圳市南山区街道半山臻境2单元,广东深圳市南山区街道半山臻境2单元,113.930478,22.533191
深圳月亮湾,广东,深圳市,南山区,月亮湾花园5栋,广东深圳市南山区月亮湾花园5栋,广东深圳市南山区月亮湾花园5栋,113.912976,22.556728
深圳月亮湾,广东,深圳市,南山区,南园,广东深圳市南山区南园,广东深圳市南山区南园,113.916407,22.519987
深圳月亮湾,广东,深圳市,南山区,前海路丽湾商务公寓B座,广东深圳市南山区前海路丽湾商务公寓B座,广东深圳市南山区前海路丽湾商务公寓B座,113.891349,22.496265
深圳月亮湾,广东,深圳市,南山区,街道兴海大道1048号山海居5幢B单元房,广东深圳市南山区街道兴海大道1048号山海居5幢B单元房,广东深圳市南山区街道兴海大道1048号山海居5幢B单元房,113.903346,22.479732
深圳桃源,广东,深圳市,南山区,文体中心体育馆楼冠竞武术馆程,广东深圳市南山区文体中心体育馆楼冠竞武术馆程,广东深圳市南山区文体中心体育馆楼冠竞武术馆程,113.922725,22.536625
深圳桃源,广东,深圳市,南山区,南山桃园街道龙珠军苑C座,广东深圳市南山区南山桃园街道龙珠军苑C座,广东深圳市南山区南山桃园街道龙珠军苑C座,113.987269,22.559892
深圳桃源,广东,深圳市,南山区,西丽镇新屋村西区10-2栋,广东深圳市南山区西丽镇新屋村西区10-2栋,广东深圳市南山区西丽镇新屋村西区10-2栋,113.966505,22.569768
深圳桃源,广东,深圳市,南山区,桃源街道新屋村C区31幢,广东深圳市南山区桃源街道新屋村C区31幢,广东深圳市南山区桃源街道新屋村C区31幢,113.96793,22.567584
深圳桃源,广东,深圳市,南山区,桃源街道深圳市南山区桃源街道北环大道8028号深云地铁站出口往前中铁四局,广东深圳市南山区桃源街道深圳市南山区桃源街道北环大道8028号深云地铁站出口往前中铁四局,广东深圳市南山区桃源街道深圳市南山区桃源街道北环大道8028号深云地铁站出口往前中铁四局,113.993721,22.556501
深圳桃源,广东,深圳市,南山区,桃源街道长岭陂路88号汉园茗苑A区一单元,广东深圳市南山区桃源街道长岭陂路88号汉园茗苑A区一单元,广东深圳市南山区桃源街道长岭陂路88号汉园茗苑A区一单元,113.964844,22.589104
深圳桃源,广东,深圳市,南山区,龙珠大道鼎胜山邻居A栋,广东深圳市南山区龙珠大道鼎胜山邻居A栋,广东深圳市南山区龙珠大道鼎胜山邻居A栋,113.973474,22.565335
深圳桃源,广东,深圳市,南山区,桃源街道珠光村东区65,广东深圳市南山区桃源街道珠光村东区65,广东深圳市南山区桃源街道珠光村东区65,113.965015,22.571243
深圳桃源,广东,深圳市,南山区,桃源街道学苑大道2253号崇文花园6A,广东深圳市南山区桃源街道学苑大道2253号崇文花园6A,广东深圳市南山区桃源街道学苑大道2253号崇文花园6A,113.993177,22.590586
深圳桃源,广东,深圳市,南山区,桃源街道塘朗工业区集悦城集悦骑行俱乐部,广东深圳市南山区桃源街道塘朗工业区集悦城集悦骑行俱乐部,广东深圳市南山区桃源街道塘朗工业区集悦城集悦骑行俱乐部,113.985271,22.587711
深圳桃源,广东,深圳市,南山区,桃源街道桃源村69栋,广东深圳市南山区桃源街道桃源村69栋,广东深圳市南山区桃源街道桃源村69栋,113.97767,22.559272
深圳桃源,广东,深圳市,南山区,学苑大道崇文花园8栋单元,广东深圳市南山区学苑大道崇文花园8栋单元,广东深圳市南山区学苑大道崇文花园8栋单元,113.99183,22.590683
深圳桃源,广东,深圳市,南山区,桃源街道珠光北路88号明亮科技园5栋,广东深圳市南山区桃源街道珠光北路88号明亮科技园5栋,广东深圳市南山区桃源街道珠光北路88号明亮科技园5栋,113.957767,22.578022
深圳桃源,广东,深圳市,南山区,桃源街道福光社区崇文花园16栋,广东深圳市南山区桃源街道福光社区崇文花园16栋,广东深圳市南山区桃源街道福光社区崇文花园16栋,113.992186,22.589279
深圳桃源,广东,深圳市,南山区,西丽镇龙珠大道桃源村1期栋钟镇涛,广东深圳市南山区西丽镇龙珠大道桃源村1期栋钟镇涛,广东深圳市南山区西丽镇龙珠大道桃源村1期栋钟镇涛,113.982033,22.555691
深圳桃源,广东,深圳市,南山区,桃源街道办学苑大道3288号宝能城东区D1栋负层顺,广东深圳市南山区桃源街道办学苑大道3288号宝能城东区D1栋负层顺,广东深圳市南山区桃源街道办学苑大道3288号宝能城东区D1栋负层顺,113.998194,22.590731
深圳桃源,广东,深圳市,南山区,学苑大道1001号南山智园D2栋,广东深圳市南山区学苑大道1001号南山智园D2栋,广东深圳市南山区学苑大道1001号南山智园D2栋,114.005376,22.595633
深圳桃源,广东,深圳市,南山区,桃源街道朗麓家园5,广东深圳市南山区桃源街道朗麓家园5,广东深圳市南山区桃源街道朗麓家园5,113.930478,22.533191
深圳桃源,广东,深圳市,南山区,桃源街道平山社区留仙大道1213号众冠红花岭工业南区2区9栋楼,广东深圳市南山区桃源街道平山社区留仙大道1213号众冠红花岭工业南区2区9栋楼,广东深圳市南山区桃源街道平山社区留仙大道1213号众冠红花岭工业南区2区9栋楼,113.967252,22.581761
深圳桃源,广东,深圳市,南山区,桃源街道岚峰院润泓,广东深圳市南山区桃源街道岚峰院润泓,广东深圳市南山区桃源街道岚峰院润泓,113.987954,22.560652
深圳桃源,广东,深圳市,南山区,桃园街道京基御景峰4栋,广东深圳市南山区桃园街道京基御景峰4栋,广东深圳市南山区桃园街道京基御景峰4栋,114.012449,22.597258
深圳桃源,广东,深圳市,南山区,桃源街道光前村西区93栋,广东深圳市南山区桃源街道光前村西区93栋,广东深圳市南山区桃源街道光前村西区93栋,113.96291,22.564543
深圳桃源,广东,深圳市,南山区,南山区桃源街道珠光北路明亮科技园2栋,广东深圳市南山区桃源街道珠光北路明亮科技园2栋,广东深圳市南山区桃源街道珠光北路明亮科技园2栋,113.958063,22.577846
深圳桃源,广东,深圳市,南山区,深圳市南山区桃源街道塘岭路1号金骐智谷大厦楼房，谭小姐,广东深圳市南山区深圳市南山区桃源街道塘岭路1号金骐智谷大厦楼房，谭小姐,广东深圳市南山区深圳市南山区桃源街道塘岭路1号金骐智谷大厦楼房，谭小姐,113.992929,22.589098
深圳桃源,广东,深圳市,南山区,龙珠大道龙福,广东深圳市南山区龙珠大道龙福,广东深圳市南山区龙珠大道龙福,113.974338,22.564126
深圳桃源,广东,深圳市,南山区,宝珠花园11栋,广东深圳市南山区宝珠花园11栋,广东深圳市南山区宝珠花园11栋,113.958787,22.570542
深圳桃源,广东,深圳市,南山区,南山区桃源街道广东省深圳市南山区学苑大道2253号安姆特大厦附近,广东深圳市南山区桃源街道广东省深圳市南山区学苑大道2253号安姆特大厦附近,广东深圳市南山区桃源街道广东省深圳市南山区学苑大道2253号安姆特大厦附近,113.992791,22.591577
深圳桃源,广东,深圳市,南山区,智园A2栋,广东深圳市南山区智园A2栋,广东深圳市南山区智园A2栋,113.96595,22.703881
深圳桃源,广东,深圳市,南山区,桃源街道崇文花园9栋单元,广东深圳市南山区桃源街道崇文花园9栋单元,广东深圳市南山区桃源街道崇文花园9栋单元,113.991122,22.59026
深圳桃源,广东,深圳市,南山区,金骐智谷大厦,广东深圳市南山区金骐智谷大厦,广东深圳市南山区金骐智谷大厦,113.992929,22.589098
深圳桃源,广东,深圳市,南山区,南山区桃源街道京基御景峯2栋,广东深圳市南山区桃源街道京基御景峯2栋,广东深圳市南山区桃源街道京基御景峯2栋,114.012339,22.597697
深圳桃源,广东,深圳市,南山区,桃源街道塘朗西路3号崇文花园16栋,广东深圳市南山区桃源街道塘朗西路3号崇文花园16栋,广东深圳市南山区桃源街道塘朗西路3号崇文花园16栋,113.992186,22.589279
深圳桃源,广东,深圳市,南山区,南山区桃源街道深圳市南山区龙珠三路光前村西区,广东深圳市南山区桃源街道深圳市南山区龙珠三路光前村西区,广东深圳市南山区桃源街道深圳市南山区龙珠三路光前村西区,113.962885,22.564322
深圳桃源,广东,深圳市,南山区,桃源村教师公寓2栋,广东深圳市南山区桃源村教师公寓2栋,广东深圳市南山区桃源村教师公寓2栋,113.981074,22.558358
深圳桃源,广东,深圳市,南山区,西丽桃源街道崇文花园14栋,广东深圳市南山区西丽桃源街道崇文花园14栋,广东深圳市南山区西丽桃源街道崇文花园14栋,113.990375,22.589614
深圳桃源,广东,深圳市,南山区,桃源街道桃源社区北环大道方大广场12号研发楼号楼,广东深圳市南山区桃源街道桃源社区北环大道方大广场12号研发楼号楼,广东深圳市南山区桃源街道桃源社区北环大道方大广场12号研发楼号楼,113.972775,22.556025
深圳桃源,广东,深圳市,南山区,南山区桃源街道俊峰丽舍2,广东深圳市南山区桃源街道俊峰丽舍2,广东深圳市南山区桃源街道俊峰丽舍2,113.9825,22.559977
深圳桃源,广东,深圳市,南山区,西丽镇龙珠四路78号明雅二,广东深圳市南山区西丽镇龙珠四路78号明雅二,广东深圳市南山区西丽镇龙珠四路78号明雅二,113.972399,22.560676
深圳桃源,广东,深圳市,南山区,桃源街道龙珠大道与龙珠六路交汇处皇庭香格里花园A栋楼I房,广东深圳市南山区桃源街道龙珠大道与龙珠六路交汇处皇庭香格里花园A栋楼I房,广东深圳市南山区桃源街道龙珠大道与龙珠六路交汇处皇庭香格里花园A栋楼I房,113.980444,22.561422
深圳桃源,广东,深圳市,南山区,桃源街道长源社区学苑大道1001号南山智园D2东1502,广东深圳市南山区桃源街道长源社区学苑大道1001号南山智园D2东1502,广东深圳市南山区桃源街道长源社区学苑大道1001号南山智园D2东1502,114.005376,22.595633
深圳桃源,广东,深圳市,南山区,桃源街道光前路光前村西区,广东深圳市南山区桃源街道光前路光前村西区,广东深圳市南山区桃源街道光前路光前村西区,113.962885,22.564322
深圳桃源,广东,深圳市,南山区,桃源街道学苑大道1183号福满家园财,广东深圳市南山区桃源街道学苑大道1183号福满家园财,广东深圳市南山区桃源街道学苑大道1183号福满家园财,113.992266,22.592001
深圳桃源,广东,深圳市,南山区,桃源街道桃源村三期,广东深圳市南山区桃源街道桃源村三期,广东深圳市南山区桃源街道桃源村三期,113.980977,22.557946
深圳桃源,广东,深圳市,南山区,桃源街道龙珠军苑A座103来此购生活超市,广东深圳市南山区桃源街道龙珠军苑A座103来此购生活超市,广东深圳市南山区桃源街道龙珠军苑A座103来此购生活超市,113.987278,22.560388
深圳桃源,广东,深圳市,南山区,京基御景峰3栋,广东深圳市南山区京基御景峰3栋,广东深圳市南山区京基御景峰3栋,114.012449,22.597258
深圳桃源,广东,深圳市,南山区,桃源街道留仙大道北宝能城西区3栋,广东深圳市南山区桃源街道留仙大道北宝能城西区3栋,广东深圳市南山区桃源街道留仙大道北宝能城西区3栋,113.993928,22.589374
深圳桃源,广东,深圳市,南山区,龙珠七路俊峰丽舍5栋D,广东深圳市南山区龙珠七路俊峰丽舍5栋D,广东深圳市南山区龙珠七路俊峰丽舍5栋D,113.983644,22.560787
深圳桃源,广东,深圳市,南山区,桃源街道丽山路160号#IF6XVPRM$散热磁吸支架15Pro,广东深圳市南山区桃源街道丽山路160号,广东深圳市南山区桃源街道丽山路160号,113.963976,22.588005
深圳桃源,广东,深圳市,南山区,桃源街道长源社区学苑大道1001号南山智园A4栋楼,广东深圳市南山区桃源街道长源社区学苑大道1001号南山智园A4栋楼,广东深圳市南山区桃源街道长源社区学苑大道1001号南山智园A4栋楼,114.005376,22.595633
深圳桃源,广东,深圳市,南山区,桃源街道龙珠大道桃源村教师公寓1栋D室,广东深圳市南山区桃源街道龙珠大道桃源村教师公寓1栋D室,广东深圳市南山区桃源街道龙珠大道桃源村教师公寓1栋D室,113.980977,22.557946
深圳桃源,广东,深圳市,南山区,龙珠八路8号桃源村三期1栋C,广东深圳市南山区龙珠八路8号桃源村三期1栋C,广东深圳市南山区龙珠八路8号桃源村三期1栋C,113.982904,22.558949
深圳桃源,广东,深圳市,南山区,南山区西丽龙井综合楼号潮悦牛肉火锅店,广东深圳市南山区西丽龙井综合楼号潮悦牛肉火锅店,广东深圳市南山区西丽龙井综合楼号潮悦牛肉火锅店,113.973833,22.559337
深圳桃源,广东,深圳市,南山区,沙河东路259号广东新安职业技术学院北区,广东深圳市南山区沙河东路259号广东新安职业技术学院北区,广东深圳市南山区沙河东路259号广东新安职业技术学院北区,113.970167,22.557678
深圳桃源,广东,深圳市,南山区,桃源街道金骐智谷大厦,广东深圳市南山区桃源街道金骐智谷大厦,广东深圳市南山区桃源街道金骐智谷大厦,113.992929,22.589098
深圳桃源,广东,深圳市,南山区,桃源街道龙珠六路水木华庭2D-3D号,广东深圳市南山区桃源街道龙珠六路水木华庭2D-3D号,广东深圳市南山区桃源街道龙珠六路水木华庭2D-3D号,113.980211,22.562269
深圳桃源,广东,深圳市,南山区,桃源街道朗麓13栋,广东深圳市南山区桃源街道朗麓13栋,广东深圳市南山区桃源街道朗麓13栋,113.930478,22.533191
深圳桃源,广东,深圳市,南山区,龙珠四路337号怡然天地居-2栋座601【,广东深圳市南山区龙珠四路337号怡然天地居-2栋座601【,广东深圳市南山区龙珠四路337号怡然天地居-2栋座601【,113.974286,22.563601
深圳桃源,广东,深圳市,南山区,田寮工业园区U创大厦A7,广东深圳市南山区田寮工业园区U创大厦A7,广东深圳市南山区田寮工业园区U创大厦A7,113.994193,22.591121
深圳桃源,广东,深圳市,南山区,西丽街道新屋村西区33栋,广东深圳市南山区西丽街道新屋村西区33栋,广东深圳市南山区西丽街道新屋村西区33栋,113.966505,22.569768
深圳桃源,广东,深圳市,南山区,桃源街道留仙大道3288号宝能城东区G,广东深圳市南山区桃源街道留仙大道3288号宝能城东区G,广东深圳市南山区桃源街道留仙大道3288号宝能城东区G,113.998194,22.590731
深圳桃源,广东,深圳市,南山区,西丽街道留仙大道朗麓家园2,广东深圳市南山区西丽街道留仙大道朗麓家园2,广东深圳市南山区西丽街道留仙大道朗麓家园2,113.997421,22.586943
深圳桃源,广东,深圳市,南山区,龙井村东区8栋,广东深圳市南山区龙井村东区8栋,广东深圳市南山区龙井村东区8栋,113.976168,22.559855
深圳桃源,广东,深圳市,南山区,南山区桃源街道崇文花园15栋楼,广东深圳市南山区桃源街道崇文花园15栋楼,广东深圳市南山区桃源街道崇文花园15栋楼,113.991441,22.589201
深圳桃源,广东,深圳市,南山区,桃源街道龙珠大道33号桃源村一期96栋,广东深圳市南山区桃源街道龙珠大道33号桃源村一期96栋,广东深圳市南山区桃源街道龙珠大道33号桃源村一期96栋,113.982904,22.558949
深圳桃源,广东,深圳市,南山区,南山区西丽街道广东省深圳市南山区留仙大道4093号南山云谷创新产业园山水楼B座,广东深圳市南山区西丽街道广东省深圳市南山区留仙大道4093号南山云谷创新产业园山水楼B座,广东深圳市南山区西丽街道广东省深圳市南山区留仙大道4093号南山云谷创新产业园山水楼B座,113.971478,22.581002
深圳桃源,广东,深圳市,南山区,桃源街道南山区桃源街道富光社区留仙大道3370南山智园崇文园区一号楼楼,广东深圳市南山区桃源街道南山区桃源街道富光社区留仙大道3370南山智园崇文园区一号楼楼,广东深圳市南山区桃源街道南山区桃源街道富光社区留仙大道3370南山智园崇文园区一号楼楼,113.992097,22.587732
深圳桃源,广东,深圳市,南山区,南山区桃源街道龙联社区珠光路218号珠光花半里2A904,广东深圳市南山区桃源街道龙联社区珠光路218号珠光花半里2A904,广东深圳市南山区桃源街道龙联社区珠光路218号珠光花半里2A904,113.956543,22.575547
深圳桃源,广东,深圳市,南山区,桃源街道龙光社区光前村东区96栋惠馨公寓,广东深圳市南山区桃源街道龙光社区光前村东区96栋惠馨公寓,广东深圳市南山区桃源街道龙光社区光前村东区96栋惠馨公寓,113.96759,22.567303
深圳桃源,广东,深圳市,南山区,桃源街道桃源村文化中心楼金,广东深圳市南山区桃源街道桃源村文化中心楼金,广东深圳市南山区桃源街道桃源村文化中心楼金,113.97914,22.556762
深圳桃源,广东,深圳市,南山区,桃源街道桃源村90栋,广东深圳市南山区桃源街道桃源村90栋,广东深圳市南山区桃源街道桃源村90栋,113.983388,22.55846
深圳桃源,广东,深圳市,南山区,桃源街道宝能全球汇楼A馆L2001,广东深圳市南山区桃源街道宝能全球汇楼A馆L2001,广东深圳市南山区桃源街道宝能全球汇楼A馆L2001,113.964844,22.589104
深圳桃源,广东,深圳市,南山区,桃源街道集悦城红花岭11号楼房5斤小果清香,广东深圳市南山区桃源街道集悦城红花岭11号楼房5斤小果清香,广东深圳市南山区桃源街道集悦城红花岭11号楼房5斤小果清香,113.968899,22.576823
深圳桃源,广东,深圳市,南山区,桃源街道塘兴路188号集悦城桃源智谷A3栋,广东深圳市南山区桃源街道塘兴路188号集悦城桃源智谷A3栋,广东深圳市南山区桃源街道塘兴路188号集悦城桃源智谷A3栋,113.983602,22.587314
深圳桃源,广东,深圳市,南山区,留仙大道宝能环球汇L层C馆L1011-3L1012-3,广东深圳市南山区留仙大道宝能环球汇L层C馆L1011-3L1012-3,广东深圳市南山区留仙大道宝能环球汇L层C馆L1011-3L1012-3,113.998195,22.590733
深圳桃源,广东,深圳市,南山区,桃源街道红花北路众冠红花岭工业区1区南区3栋,广东深圳市南山区桃源街道红花北路众冠红花岭工业区1区南区3栋,广东深圳市南山区桃源街道红花北路众冠红花岭工业区1区南区3栋,113.967119,22.581067
深圳桃源,广东,深圳市,南山区,桃源街道留仙大道红花岭工业南区匠造数字产业园楼西侧,广东深圳市南山区桃源街道留仙大道红花岭工业南区匠造数字产业园楼西侧,广东深圳市南山区桃源街道留仙大道红花岭工业南区匠造数字产业园楼西侧,113.968481,22.57821
深圳桃源,广东,深圳市,南山区,桃源街道学苑大道崇文花园16栋,广东深圳市南山区桃源街道学苑大道崇文花园16栋,广东深圳市南山区桃源街道学苑大道崇文花园16栋,113.992186,22.589279
深圳桃源,广东,深圳市,南山区,南山区西丽桃源村二期99栋,广东深圳市南山区西丽桃源村二期99栋,广东深圳市南山区西丽桃源村二期99栋,113.981088,22.558421
深圳桃源,广东,深圳市,南山区,桃源街道龙井村华城美寓,广东深圳市南山区桃源街道龙井村华城美寓,广东深圳市南山区桃源街道龙井村华城美寓,113.975778,22.558882
深圳桃源,广东,深圳市,南山区,珠光村西区42号楼,广东深圳市南山区珠光村西区42号楼,广东深圳市南山区珠光村西区42号楼,113.959724,22.571838
深圳桃源,广东,深圳市,南山区,桃源街道珠光村东区-101号,广东深圳市南山区桃源街道珠光村东区-101号,广东深圳市南山区桃源街道珠光村东区-101号,113.965414,22.571862
深圳桃源,广东,深圳市,南山区,留仙大道南山智园崇文园区2号楼楼,广东深圳市南山区留仙大道南山智园崇文园区2号楼,广东深圳市南山区留仙大道南山智园崇文园区2号楼,113.992354,22.587816
深圳桃源,广东,深圳市,南山区,留仙大道宝能城花园东区E2栋,广东深圳市南山区留仙大道宝能城花园东区E2栋,广东深圳市南山区留仙大道宝能城花园东区E2栋,113.9987,22.590982
深圳桃源,广东,深圳市,南山区,珠光村东区,广东深圳市南山区珠光村东区,广东深圳市南山区珠光村东区,113.964359,22.570652
深圳桃源,广东,深圳市,南山区,桃源俊峰丽舍3栋B,广东深圳市南山区桃源俊峰丽舍3栋B,广东深圳市南山区桃源俊峰丽舍3栋B,113.98309,22.560166
深圳桃源,广东,深圳市,南山区,龙珠大道64号城市假日5栋,广东深圳市南山区龙珠大道64号城市假日5栋,广东深圳市南山区龙珠大道64号城市假日5栋,113.978008,22.563659
深圳桃源,广东,深圳市,南山区,桃源街道金骐智谷大厦室颜,广东深圳市南山区桃源街道金骐智谷大厦室颜,广东深圳市南山区桃源街道金骐智谷大厦室颜,113.992929,22.589098
深圳桃源,广东,深圳市,南山区,桃源街道留仙大道1183号南山云谷南风楼,广东深圳市南山区桃源街道留仙大道1183号南山云谷南风楼,广东深圳市南山区桃源街道留仙大道1183号南山云谷南风楼,113.970601,22.584048
深圳桃源,广东,深圳市,南山区,桃源街道珠光路56-1美速达汽车服务公司,广东深圳市南山区桃源街道珠光路56-1美速达汽车服务公司,广东深圳市南山区桃源街道珠光路56-1美速达汽车服务公司,113.964866,22.569845
深圳桃源,广东,深圳市,南山区,桃源街道丽山路160号单元,广东深圳市南山区桃源街道丽山路160号单元,广东深圳市南山区桃源街道丽山路160号单元,113.963976,22.588005
深圳桃源,广东,深圳市,南山区,长源二街15号京基御领公馆2栋,广东深圳市南山区长源二街15号京基御领公馆2栋,广东深圳市南山区长源二街15号京基御领公馆2栋,114.011772,22.597551
深圳桃源,广东,深圳市,南山区,深铁阅山境2栋,广东深圳市南山区深铁阅山境2栋,广东深圳市南山区深铁阅山境2栋,113.98989,22.58534
深圳桃源,广东,深圳市,南山区,桃源街道润城花园龙井路348号栋,广东深圳市南山区桃源街道润城花园龙井路348号栋,广东深圳市南山区桃源街道润城花园龙井路348号栋,113.957954,22.569573
深圳桃源,广东,深圳市,南山区,西丽龙珠大道北十五峯花园3栋B,广东深圳市南山区西丽龙珠大道北十五峯花园3栋B,广东深圳市南山区西丽龙珠大道北十五峯花园3栋B,113.980718,22.563002
深圳桃源,广东,深圳市,南山区,南山区水木华庭5c8b,广东深圳市南山区水木华庭5c8b,广东深圳市南山区水木华庭5c8b,113.980474,22.562873
深圳桃源,广东,深圳市,南山区,桃源街道桃园社区高发西路28号方大城3号楼楼,广东深圳市南山区桃源街道桃园社区高发西路28号方大城3号楼楼,广东深圳市南山区桃源街道桃园社区高发西路28号方大城3号楼楼,113.972787,22.556026
深圳桃源,广东,深圳市,南山区,南山区桃源街道珠光村东区,广东深圳市南山区桃源街道珠光村东区,广东深圳市南山区桃源街道珠光村东区,113.964359,22.570652
深圳桃源,广东,深圳市,南山区,南山区桃源街道留仙大道3333号塘朗城广场A座楼,广东深圳市南山区桃源街道留仙大道3333号塘朗城广场A座楼,广东深圳市南山区桃源街道留仙大道3333号塘朗城广场A座楼,113.999706,22.588863
深圳桃源,广东,深圳市,南山区,龙珠四路方大城楼渔语鱼酸菜鱼专门店,广东深圳市南山区龙珠四路方大城楼渔语鱼酸菜鱼专门店,广东深圳市南山区龙珠四路方大城楼渔语鱼酸菜鱼专门店,113.972787,22.556026
深圳桃源,广东,深圳市,南山区,桃源街道集悦城A区31栋科创大厦楼,广东深圳市南山区桃源街道集悦城A区31栋科创大厦楼,广东深圳市南山区桃源街道集悦城A区31栋科创大厦楼,113.98315,22.589351
深圳桃源,广东,深圳市,南山区,桃源村龙珠大道33号栋二单元,广东深圳市南山区桃源村龙珠大道33号栋二单元,广东深圳市南山区桃源村龙珠大道33号栋二单元,113.981923,22.5575
深圳桃源,广东,深圳市,南山区,智园,广东深圳市南山区智园,广东深圳市南山区智园,114.430637,22.639545
深圳桃源,广东,深圳市,南山区,南山区桃源街道龙珠三路光前工业区睿园11栋,广东深圳市南山区桃源街道龙珠三路光前工业区睿园11栋,广东深圳市南山区桃源街道龙珠三路光前工业区睿园11栋,113.964325,22.564721
深圳桃源,广东,深圳市,南山区,桃源村单身公寓1512——发一张,广东深圳市南山区桃源村单身公寓1512,广东深圳市南山区桃源村单身公寓1512,113.981074,22.558358
深圳桃源,广东,深圳市,南山区,南山区桃源街道留仙大道3355号朗麓家园11栋B,广东深圳市南山区桃源街道留仙大道3355号朗麓家园11栋B,广东深圳市南山区桃源街道留仙大道3355号朗麓家园11栋B,113.996439,22.585772
深圳桃源,广东,深圳市,南山区,塘朗维谛技术有限公司,广东深圳市南山区塘朗维谛技术有限公司,广东深圳市南山区塘朗维谛技术有限公司,114.00394,22.594409
深圳桃源,广东,深圳市,南山区,南山区桃源街道桃源村84栋层B座,广东深圳市南山区桃源街道桃源村84栋层B座,广东深圳市南山区桃源街道桃源村84栋层B座,113.982974,22.557259
深圳桃源,广东,深圳市,南山区,桃源街道桃源村47栋,广东深圳市南山区桃源街道桃源村47栋,广东深圳市南山区桃源街道桃源村47栋,113.978497,22.557982
深圳桃源,广东,深圳市,南山区,广东省深圳市南山区桃源街道珠光村东区33 栋好运来便利店,广东深圳市南山区广东省深圳市南山区桃源街道珠光村东区33 栋好运来便利店,广东深圳市南山区广东省深圳市南山区桃源街道珠光村东区33 栋好运来便利店,113.964075,22.570632
深圳桃源,广东,深圳市,南山区,南山区桃源街道崇文花园楼商铺39号中,广东深圳市南山区桃源街道崇文花园楼商铺39号中,广东深圳市南山区桃源街道崇文花园楼商铺39号中,113.964844,22.589104
深圳桃源,广东,深圳市,南山区,沙河街道259号广东新安职业技术学院,广东深圳市南山区沙河街道259号广东新安职业技术学院,广东深圳市南山区沙河街道259号广东新安职业技术学院,113.969087,22.55659
深圳桃源,广东,深圳市,南山区,桃园村龙珠军苑A栋楼,广东深圳市南山区桃园村龙珠军苑A栋楼,广东深圳市南山区桃园村龙珠军苑A栋楼,113.987208,22.56011
深圳桃源,广东,深圳市,南山区,桃源街道福光社区留仙大道3288号宝能环球汇酷,广东深圳市南山区桃源街道福光社区留仙大道3288号宝能环球汇酷,广东深圳市南山区桃源街道福光社区留仙大道3288号宝能环球汇酷,113.998195,22.590733
深圳桃源,广东,深圳市,南山区,桃源村三期,广东深圳市南山区桃源村三期,广东深圳市南山区桃源村三期,113.981074,22.558358
深圳桃源,广东,深圳市,南山区,西丽龙井村西区17栋,广东深圳市南山区西丽龙井村西区17栋,广东深圳市南山区西丽龙井村西区17栋,113.97441,22.560624
深圳桃源,广东,深圳市,南山区,桃源街道珠光路新屋村邮局隔壁安,广东深圳市南山区桃源街道珠光路新屋村邮局隔壁安,广东深圳市南山区桃源街道珠光路新屋村邮局隔壁安,113.96793,22.567584
深圳桃源,广东,深圳市,南山区,城市假日花园9栋,广东深圳市南山区城市假日花园9栋,广东深圳市南山区城市假日花园9栋,113.978093,22.563685
深圳桃源,广东,深圳市,南山区,桃源街道宝能城花园东区J栋,广东深圳市南山区桃源街道宝能城花园东区J栋,广东深圳市南山区桃源街道宝能城花园东区J栋,113.996998,22.590155
深圳桃源,广东,深圳市,南山区,桃源街道南山睿园11栋北座,广东深圳市南山区桃源街道南山睿园11栋北座,广东深圳市南山区桃源街道南山睿园11栋北座,113.964844,22.589104
深圳桃源,广东,深圳市,南山区,龙珠四路方大广场二号楼楼华谊兄弟影院,广东深圳市南山区龙珠四路方大广场二号楼楼华谊兄弟影院,广东深圳市南山区龙珠四路方大广场二号楼楼华谊兄弟影院,113.97305,22.555679
深圳桃源,广东,深圳市,南山区,桃源街道宝能城D1,广东深圳市南山区桃源街道宝能城D1,广东深圳市南山区桃源街道宝能城D1,113.997545,22.589734
深圳桃源,广东,深圳市,南山区,南山区桃源街道光前村东区75栋,广东深圳市南山区桃源街道光前村东区75栋,广东深圳市南山区桃源街道光前村东区75栋,113.96323,22.56377
深圳桃源,广东,深圳市,南山区,塘朗社区朗麓家园3A,广东深圳市南山区塘朗社区朗麓家园3A,广东深圳市南山区塘朗社区朗麓家园3A,113.997421,22.586943
深圳桃源,广东,深圳市,南山区,桃源街道塘兴路集悦城A3栋,广东深圳市南山区桃源街道塘兴路集悦城A3栋,广东深圳市南山区桃源街道塘兴路集悦城A3栋,113.985271,22.587711
深圳桃源,广东,深圳市,南山区,桃源街道崇文花园7栋一单元,广东深圳市南山区桃源街道崇文花园7栋一单元,广东深圳市南山区桃源街道崇文花园7栋一单元,113.990941,22.590831
深圳桃源,广东,深圳市,南山区,龙珠四路金谷创业园牛创科技有限公司隔壁弘深公司,广东深圳市南山区龙珠四路金谷创业园牛创科技有限公司隔壁弘深公司,广东深圳市南山区龙珠四路金谷创业园牛创科技有限公司隔壁弘深公司,113.974781,22.561699
深圳桃源,广东,深圳市,南山区,桃源街道学苑大道2253号崇文花园15栋,广东深圳市南山区桃源街道学苑大道2253号崇文花园15栋,广东深圳市南山区桃源街道学苑大道2253号崇文花园15栋,113.991406,22.589077
深圳桃源,广东,深圳市,南山区,桃源街道丽山路,广东深圳市南山区桃源街道丽山路,广东深圳市南山区桃源街道丽山路,113.96425,22.586737
深圳桃源,广东,深圳市,南山区,长源京基御岭公馆2栋,广东深圳市南山区长源京基御岭公馆2栋,广东深圳市南山区长源京基御岭公馆2栋,113.934873,22.49841
深圳桃源,广东,深圳市,南山区,桃源街道明亮科技园1栋,广东深圳市南山区桃源街道明亮科技园1栋,广东深圳市南山区桃源街道明亮科技园1栋,113.958625,22.578151
深圳桃源,广东,深圳市,南山区,桃源街道湖彬苑店龙珠六路楼商铺,广东深圳市南山区桃源街道湖彬苑店龙珠六路楼商铺,广东深圳市南山区桃源街道湖彬苑店龙珠六路楼商铺,113.981594,22.562716
深圳桃源,广东,深圳市,南山区,十五峰花园7栋,广东深圳市南山区十五峰花园7栋,广东深圳市南山区十五峰花园7栋,113.98071,22.564634
深圳桃源,广东,深圳市,南山区,珠光路珠光创新科技园东南侧约70米新屋村西区-19号楼,广东深圳市南山区珠光路珠光创新科技园东南侧约70米新屋村西区-19号楼,广东深圳市南山区珠光路珠光创新科技园东南侧约70米新屋村西区-19号楼,113.966505,22.569768
深圳桃源,广东,深圳市,南山区,桃源街道龙井庭院D座,广东深圳市南山区桃源街道龙井庭院D座,广东深圳市南山区桃源街道龙井庭院D座,113.974642,22.559956
深圳桃源,广东,深圳市,南山区,桃源街道桃源村一期32栋,广东深圳市南山区桃源街道桃源村一期32栋,广东深圳市南山区桃源街道桃源村一期32栋,113.980977,22.557946
深圳桃源,广东,深圳市,南山区,龙井村东区,广东深圳市南山区龙井村东区,广东深圳市南山区龙井村东区,113.975593,22.560351
深圳桃源,广东,深圳市,南山区,桃源街道留仙大道东侧京基·御景峯御领公馆3栋,广东深圳市南山区桃源街道留仙大道东侧京基·御景峯御领公馆3栋,广东深圳市南山区桃源街道留仙大道东侧京基·御景峯御领公馆3栋,114.011161,22.596326
深圳桃源,广东,深圳市,南山区,朗麓家园1栋A单元1102,广东深圳市南山区朗麓家园1栋A单元1102,广东深圳市南山区朗麓家园1栋A单元1102,113.993889,22.586564
深圳桃源,广东,深圳市,南山区,桃源村煤气102,广东深圳市南山区桃源村煤气102,广东深圳市南山区桃源村煤气102,113.981074,22.558358
深圳桃源,广东,深圳市,南山区,留仙大道北侧宝能城东区E1栋,广东深圳市南山区留仙大道北侧宝能城东区E1栋,广东深圳市南山区留仙大道北侧宝能城东区E1栋,113.998194,22.590731
深圳桃源,广东,深圳市,南山区,桃源街道广东新安职业技术学院南区,广东深圳市南山区桃源街道广东新安职业技术学院南区,广东深圳市南山区桃源街道广东新安职业技术学院南区,113.969165,22.555849
深圳桃源,广东,深圳市,南山区,桃源街道宝珠花园,广东深圳市南山区桃源街道宝珠花园,广东深圳市南山区桃源街道宝珠花园,113.957847,22.571047
深圳桃源,广东,深圳市,南山区,龙珠六路水木华庭,广东深圳市南山区龙珠六路水木华庭,广东深圳市南山区龙珠六路水木华庭,113.98032,22.562499
深圳桃源,广东,深圳市,南山区,京基御景峰4栋,广东深圳市南山区京基御景峰4栋,广东深圳市南山区京基御景峰4栋,114.012449,22.597258
深圳桃源,广东,深圳市,南山区,桃源街道学苑大道1001号南山智园c3栋层,广东深圳市南山区桃源街道学苑大道1001号南山智园c3栋层,广东深圳市南山区桃源街道学苑大道1001号南山智园c3栋层,114.005583,22.595835
深圳桃源,广东,深圳市,南山区,南山区桃源街道西丽高尔夫乡村俱乐部公寓B,广东深圳市南山区桃源街道西丽高尔夫乡村俱乐部公寓B,广东深圳市南山区桃源街道西丽高尔夫乡村俱乐部公寓B,113.987131,22.591682
深圳桃源,广东,深圳市,南山区,桃源街道北环大道高发科技园陶然居小区4栋单元,广东深圳市南山区桃源街道北环大道高发科技园陶然居小区4栋单元,广东深圳市南山区桃源街道北环大道高发科技园陶然居小区4栋单元,113.978372,22.554869
深圳桃源,广东,深圳市,南山区,香瑞园南区8,广东深圳市南山区香瑞园南区8,广东深圳市南山区香瑞园南区8,113.930478,22.533191
深圳桃源,广东,深圳市,南山区,西丽镇塘朗宝能城西区2B,广东深圳市南山区西丽镇塘朗宝能城西区2B,广东深圳市南山区西丽镇塘朗宝能城西区2B,113.994523,22.589015
深圳桃源,广东,深圳市,南山区,宝能城花园东区G栋,广东深圳市南山区宝能城花园东区G栋,广东深圳市南山区宝能城花园东区G栋,113.996903,22.589535
深圳桃源,广东,深圳市,南山区,桃源街道广东省深圳市南山区桃源路留仙大道天津大学佐治亚理工深圳学院中建三局生活区,广东深圳市南山区桃源街道广东省深圳市南山区桃源路留仙大道天津大学佐治亚理工深圳学院中建三局生活区,广东深圳市南山区桃源街道广东省深圳市南山区桃源路留仙大道天津大学佐治亚理工深圳学院中建三局生活区,113.977716,22.584693
深圳桃源,广东,深圳市,南山区,桃源街道丽山路160号sk399557,广东深圳市南山区桃源街道丽山路160号,广东深圳市南山区桃源街道丽山路160号,113.963976,22.588005
深圳桃源,广东,深圳市,南山区,桃源村单身公寓,广东深圳市南山区桃源村单身公寓,广东深圳市南山区桃源村单身公寓,113.981074,22.558358
深圳桃源,广东,深圳市,南山区,桃源街道佳兆业香瑞园北区6A,广东深圳市南山区桃源街道佳兆业香瑞园北区6A,广东深圳市南山区桃源街道佳兆业香瑞园北区6A,113.994458,22.562172
深圳桃源,广东,深圳市,南山区,桃源街道光前村西区1号-6中,广东深圳市南山区桃源街道光前村西区1号-6中,广东深圳市南山区桃源街道光前村西区1号-6中,113.963286,22.562726
深圳桃源,广东,深圳市,南山区,南山区桃源街道留仙大道京基御景峯5栋,广东深圳市南山区桃源街道留仙大道京基御景峯5栋,广东深圳市南山区桃源街道留仙大道京基御景峯5栋,114.012339,22.597697
深圳桃源,广东,深圳市,南山区,桃源街道珠光村东区83栋,广东深圳市南山区桃源街道珠光村东区83栋,广东深圳市南山区桃源街道珠光村东区83栋,113.961053,22.570485
深圳桃源,广东,深圳市,南山区,西丽龙苑路16号禾正医院后勤楼楼,广东深圳市南山区西丽龙苑路16号禾正医院后勤楼楼,广东深圳市南山区西丽龙苑路16号禾正医院后勤楼楼,113.986312,22.56243
深圳桃源,广东,深圳市,南山区,广东省-深圳市-南山区-桃源街道南山区龙井村中航院一单元,广东深圳市南山区广东省-深圳市-南山区-桃源街道南山区龙井村中航院一单元,广东深圳市南山区广东省-深圳市-南山区-桃源街道南山区龙井村中航院一单元,113.974579,22.560316
深圳桃源,广东,深圳市,南山区,桃源街道新屋村工业区8栋深爱公寓A,广东深圳市南山区桃源街道新屋村工业区8栋深爱公寓A,广东深圳市南山区桃源街道新屋村工业区8栋深爱公寓A,113.952356,22.566858
深圳桃源,广东,深圳市,南山区,桃源街道崇文花园13栋,广东深圳市南山区桃源街道崇文花园13栋,广东深圳市南山区桃源街道崇文花园13栋,113.99027,22.590156
深圳桃源,广东,深圳市,南山区,西丽桃源村二期99栋,广东深圳市南山区西丽桃源村二期99栋,广东深圳市南山区西丽桃源村二期99栋,113.981088,22.558421
深圳桃源,广东,深圳市,南山区,南山区桃源街道龙珠七路40号中爱花园C,广东深圳市南山区桃源街道龙珠七路40号中爱花园C,广东深圳市南山区桃源街道龙珠七路40号中爱花园C,113.984278,22.560817
深圳桃源,广东,深圳市,南山区,桃源街道中国科学院大学深圳先进技术学院B栋,广东深圳市南山区桃源街道中国科学院大学深圳先进技术学院B栋,广东深圳市南山区桃源街道中国科学院大学深圳先进技术学院B栋,113.989958,22.594811
深圳桃源,广东,深圳市,南山区,龙珠大道桃源村二期100栋,广东深圳市南山区龙珠大道桃源村二期100栋,广东深圳市南山区龙珠大道桃源村二期100栋,113.981074,22.558358
深圳桃源,广东,深圳市,南山区,龙珠大道城市假日花园8,广东深圳市南山区龙珠大道城市假日花园8,广东深圳市南山区龙珠大道城市假日花园8,113.978463,22.563354
深圳桃源,广东,深圳市,南山区,南山区桃源街道南山区十九冶新村栋,广东深圳市南山区桃源街道南山区十九冶新村栋,广东深圳市南山区桃源街道南山区十九冶新村栋,113.973285,22.562925
深圳桃源,广东,深圳市,南山区,桃源街道御领公馆2栋,广东深圳市南山区桃源街道御领公馆2栋,广东深圳市南山区桃源街道御领公馆2栋,113.964844,22.589104
深圳桃源,广东,深圳市,南山区,桃源街道崇文花园14栋,广东深圳市南山区桃源街道崇文花园14栋,广东深圳市南山区桃源街道崇文花园14栋,113.990375,22.589614
深圳桃源,广东,深圳市,南山区,桃源街道深铁阅山境C栋,广东深圳市南山区桃源街道深铁阅山境C栋,广东深圳市南山区桃源街道深铁阅山境C栋,113.991836,22.585958
深圳桃源,广东,深圳市,南山区,桃源街道珠光村西区90栋店铺送店里,广东深圳市南山区桃源街道珠光村西区90栋,广东深圳市南山区桃源街道珠光村西区90栋,113.960816,22.571631
深圳桃源,广东,深圳市,南山区,西丽镇龙井村西区17栋室,广东深圳市南山区西丽镇龙井村西区17栋室,广东深圳市南山区西丽镇龙井村西区17栋室,113.973493,22.560355
深圳桃源,广东,深圳市,南山区,龙珠四路2号方大城购物中心楼L224b小,广东深圳市南山区龙珠四路2号方大城购物中心楼L224b,广东深圳市南山区龙珠四路2号方大城购物中心楼L224b,113.972809,22.556084
深圳桃源,广东,深圳市,南山区,圳南山西丽留仙大道阅山境D,广东深圳市南山区圳南山西丽留仙大道阅山境D,广东深圳市南山区圳南山西丽留仙大道阅山境D,113.977716,22.584693
深圳桃源,广东,深圳市,南山区,桃源街道方大城T2栋,广东深圳市南山区桃源街道方大城T2栋,广东深圳市南山区桃源街道方大城T2栋,113.973363,22.555787
深圳桃源,广东,深圳市,南山区,龙珠大道润城花园8,广东深圳市南山区龙珠大道润城花园8,广东深圳市南山区龙珠大道润城花园8,113.95768,22.569813
深圳桃源,广东,深圳市,南山区,桃源街道学园大道南山智园C1栋楼,广东深圳市南山区桃源街道学园大道南山智园C1栋楼,广东深圳市南山区桃源街道学园大道南山智园C1栋楼,114.430637,22.639545
深圳桃源,广东,深圳市,南山区,西丽珠光村东区55号,广东深圳市南山区西丽珠光村东区55号,广东深圳市南山区西丽珠光村东区55号,113.964019,22.57097
深圳桃源,广东,深圳市,南山区,西丽龙珠三路汇文苑4A,广东深圳市南山区西丽龙珠三路汇文苑4A,广东深圳市南山区西丽龙珠三路汇文苑4A,113.964078,22.566215
深圳桃源,广东,深圳市,南山区,桃源街道塘岭路1号宝能城西区,广东深圳市南山区桃源街道塘岭路1号宝能城西区,广东深圳市南山区桃源街道塘岭路1号宝能城西区,113.993678,22.588619
深圳桃源,广东,深圳市,南山区,桃源街道学苑大道2253号崇文花园11栋一单元,广东深圳市南山区桃源街道学苑大道2253号崇文花园11栋一单元,广东深圳市南山区桃源街道学苑大道2253号崇文花园11栋一单元,113.991272,22.589777
深圳桃源,广东,深圳市,南山区,桃源村二期92栋,广东深圳市南山区桃源村二期92栋,广东深圳市南山区桃源村二期92栋,113.981074,22.558358
深圳桃源,广东,深圳市,南山区,学苑大道崇文花园内南方科技大学实验一小,广东深圳市南山区学苑大道崇文花园内南方科技大学实验一小,广东深圳市南山区学苑大道崇文花园内南方科技大学实验一小,114.002365,22.599631
深圳桃源,广东,深圳市,南山区,桃源学苑大道1099号华晖云门-4A号楼C,广东深圳市南山区桃源学苑大道1099号华晖云门-4A号楼C,广东深圳市南山区桃源学苑大道1099号华晖云门-4A号楼C,114.000942,22.591719
深圳桃源,广东,深圳市,南山区,御领公馆3栋,广东深圳市南山区御领公馆3栋,广东深圳市南山区御领公馆3栋,114.380835,22.711766
深圳桃源,广东,深圳市,南山区,桃源街道西丽留仙大道塘朗城东区2座29A,广东深圳市南山区桃源街道西丽留仙大道塘朗城东区2座29A,广东深圳市南山区桃源街道西丽留仙大道塘朗城东区2座29A,113.990663,22.589807
深圳桃源,广东,深圳市,南山区,圳南山龙珠大道桃源村56栋四单元,广东深圳市南山区圳南山龙珠大道桃源村56栋四单元,广东深圳市南山区圳南山龙珠大道桃源村56栋四单元,113.978474,22.559092
深圳桃源,广东,深圳市,南山区,南山区桃源街道留仙大道深铁阅山境花园1栋B座,广东深圳市南山区桃源街道留仙大道深铁阅山境花园1栋B座,广东深圳市南山区桃源街道留仙大道深铁阅山境花园1栋B座,113.992055,22.586101
深圳桃源,广东,深圳市,南山区,桃源街道珠光路塘朗雅苑3,广东深圳市南山区桃源街道珠光路塘朗雅苑3,广东深圳市南山区桃源街道珠光路塘朗雅苑3,113.96043,22.573197
深圳桃源,广东,深圳市,南山区,桃源街道珠光创新科技园2栋,广东深圳市南山区桃源街道珠光创新科技园2栋,广东深圳市南山区桃源街道珠光创新科技园2栋,113.96586,22.571164
深圳桃源,广东,深圳市,南山区,桃源街道学苑大道1088号宝能城东区j栋E417白,广东深圳市南山区桃源街道学苑大道1088号宝能城东区j栋E417白,广东深圳市南山区桃源街道学苑大道1088号宝能城东区j栋E417白,113.998113,22.590007
深圳桃源,广东,深圳市,南山区,桃源街道深圳市南山区西丽桃源社区十五峯花园5栋,广东深圳市南山区桃源街道深圳市南山区西丽桃源社区十五峯花园5栋,广东深圳市南山区桃源街道深圳市南山区西丽桃源社区十五峯花园5栋,113.980167,22.564284
深圳桃源,广东,深圳市,南山区,桃源街道龙珠七路43号俊峰丽舍4—1,广东深圳市南山区桃源街道龙珠七路43号俊峰丽舍4—1,广东深圳市南山区桃源街道龙珠七路43号俊峰丽舍4—1,113.98419,22.560543
深圳桃源,广东,深圳市,南山区,智园A2栋楼,广东深圳市南山区智园A2栋楼,广东深圳市南山区智园A2栋楼,114.430637,22.639545
深圳桃源,广东,深圳市,南山区,桃源街道方大城楼美肌工坊皮,广东深圳市南山区桃源街道方大城楼美肌工坊皮,广东深圳市南山区桃源街道方大城楼美肌工坊皮,113.972787,22.556026
深圳桃源,广东,深圳市,南山区,桃源街道深圳市南山区留仙大道宝能城花园F栋楼D座,广东深圳市南山区桃源街道深圳市南山区留仙大道宝能城花园F栋楼D座,广东深圳市南山区桃源街道深圳市南山区留仙大道宝能城花园F栋楼D座,113.996998,22.590155
深圳桃源,广东,深圳市,南山区,桃源街道京基御景峯5栋,广东深圳市南山区桃源街道京基御景峯5栋,广东深圳市南山区桃源街道京基御景峯5栋,114.012339,22.597697
深圳桃源,广东,深圳市,南山区,西丽街道南山云谷创新产业园山水楼B座,广东深圳市南山区西丽街道南山云谷创新产业园山水楼B座,广东深圳市南山区西丽街道南山云谷创新产业园山水楼B座,113.971416,22.580998
深圳桃源,广东,深圳市,南山区,龙珠七路俊峰丽舍花园4栋单元,广东深圳市南山区龙珠七路俊峰丽舍花园4栋单元,广东深圳市南山区龙珠七路俊峰丽舍花园4栋单元,113.982917,22.561156
深圳桃源,广东,深圳市,南山区,沙河东路259号新安学院宿舍区丰巢柜,广东深圳市南山区沙河东路259号新安学院宿舍区丰巢柜,广东深圳市南山区沙河东路259号新安学院宿舍区丰巢柜,113.970167,22.557678
深圳桃源,广东,深圳市,南山区,宝能城东区D1,广东深圳市南山区宝能城东区D1,广东深圳市南山区宝能城东区D1,113.998194,22.590731
深圳桃源,广东,深圳市,南山区,西丽桃源里家园A,广东深圳市南山区西丽桃源里家园A,广东深圳市南山区西丽桃源里家园A,113.985682,22.56115
深圳桃源,广东,深圳市,南山区,桃源街道学苑大道1099号华晖云门4B栋C,广东深圳市南山区桃源街道学苑大道1099号华晖云门4B栋C,广东深圳市南山区桃源街道学苑大道1099号华晖云门4B栋C,114.000942,22.591719
深圳桃源,广东,深圳市,南山区,深圳市南山区光前村鼎丰名车A304,广东深圳市南山区深圳市南山区光前村鼎丰名车A304,广东深圳市南山区深圳市南山区光前村鼎丰名车A304,113.984418,22.535365
深圳桃源,广东,深圳市,南山区,桃源街道华晖云门4A栋,广东深圳市南山区桃源街道华晖云门4A栋,广东深圳市南山区桃源街道华晖云门4A栋,114.000884,22.592251
深圳桃源,广东,深圳市,南山区,南山区桃源街道珠光路宝珠花园茗玉阁,广东深圳市南山区桃源街道珠光路宝珠花园茗玉阁,广东深圳市南山区桃源街道珠光路宝珠花园茗玉阁,113.957847,22.571047
深圳桃源,广东,深圳市,南山区,桃源街道米邑公寓龙井店,广东深圳市南山区桃源街道米邑公寓龙井店,广东深圳市南山区桃源街道米邑公寓龙井店,113.974642,22.559956
深圳桃源,广东,深圳市,南山区,桃源街道珠光北路明亮科技园3栋,广东深圳市南山区桃源街道珠光北路明亮科技园3栋,广东深圳市南山区桃源街道珠光北路明亮科技园3栋,113.957785,22.577511
深圳桃源,广东,深圳市,南山区,桃源街道广东省深圳市南山区桃源街道红花岭工业南区闽利达宿集悦城门口快递收发点（,广东深圳市南山区桃源街道广东省深圳市南山区桃源街道红花岭工业南区闽利达宿集悦城门口快递收发点（,广东深圳市南山区桃源街道广东省深圳市南山区桃源街道红花岭工业南区闽利达宿集悦城门口快递收发点（,113.968738,22.578382
深圳桃源,广东,深圳市,南山区,桃源街道龙联社区华润万家楼红蜻蜓特卖鞋店,广东深圳市南山区桃源街道龙联社区华润万家楼红蜻蜓特卖鞋店,广东深圳市南山区桃源街道龙联社区华润万家楼红蜻蜓特卖鞋店,113.958071,22.572079
深圳桃源,广东,深圳市,南山区,桃源街道龙井路121号-林栖园楼下-梁记配匙店,广东深圳市南山区桃源街道龙井路121号-林栖园楼下-梁记配匙店,广东深圳市南山区桃源街道龙井路121号-林栖园楼下-梁记配匙店,113.973581,22.558681
深圳桃源,广东,深圳市,南山区,桃源街道深铁阅山境D栋,广东深圳市南山区桃源街道深铁阅山境D栋,广东深圳市南山区桃源街道深铁阅山境D栋,113.991836,22.585958
深圳桃源,广东,深圳市,南山区,桃园村龙珠八路教师公寓二栋,广东深圳市南山区桃园村龙珠八路教师公寓二栋,广东深圳市南山区桃园村龙珠八路教师公寓二栋,113.983845,22.55604
深圳桃源,广东,深圳市,南山区,塘朗新村55栋,广东深圳市南山区塘朗新村55栋,广东深圳市南山区塘朗新村55栋,113.988319,22.588834
深圳桃源,广东,深圳市,南山区,桃源街道塘朗城广场东区1栋座,广东深圳市南山区桃源街道塘朗城广场东区1栋座,广东深圳市南山区桃源街道塘朗城广场东区1栋座,113.999706,22.588863
深圳桃源,广东,深圳市,南山区,龙珠七路中爱花园B座,广东深圳市南山区龙珠七路中爱花园B座,广东深圳市南山区龙珠七路中爱花园B座,113.985073,22.560948
深圳桃源,广东,深圳市,南山区,龙珠三路桃园名车广场三场A,广东深圳市南山区龙珠三路桃园名车广场三场A,广东深圳市南山区龙珠三路桃园名车广场三场A,113.965163,22.566367
深圳桃源,广东,深圳市,南山区,桃源街道龙井路龙井村西区,广东深圳市南山区桃源街道龙井路龙井村西区,广东深圳市南山区桃源街道龙井路龙井村西区,113.973493,22.560355
深圳桃源,广东,深圳市,南山区,南山区桃源街道塘朗新村22栋,广东深圳市南山区桃源街道塘朗新村22栋,广东深圳市南山区桃源街道塘朗新村22栋,113.987983,22.589614
深圳桃源,广东,深圳市,南山区,南山区西丽桃源街道珠光三路南山睿园11栋南座205,广东深圳市南山区西丽桃源街道珠光三路南山睿园11栋南座205,广东深圳市南山区西丽桃源街道珠光三路南山睿园11栋南座205,113.922743,22.50601
深圳桃源,广东,深圳市,南山区,西丽体育中心附属楼B座,广东深圳市南山区西丽体育中心附属楼B座,广东深圳市南山区西丽体育中心附属楼B座,113.943867,22.568801
深圳桃源,广东,深圳市,南山区,桃源街道半山语林花园,广东深圳市南山区桃源街道半山语林花园,广东深圳市南山区桃源街道半山语林花园,113.964844,22.589104
深圳桃源,广东,深圳市,南山区,南山区光前村西区二t六栋二o二,广东深圳市南山区光前村西区二t六栋二o二,广东深圳市南山区光前村西区二t六栋二o二,113.96336,22.562844
深圳桃源,广东,深圳市,南山区,桃源街道留仙大道3355号朗麓家园13栋,广东深圳市南山区桃源街道留仙大道3355号朗麓家园13栋,广东深圳市南山区桃源街道留仙大道3355号朗麓家园13栋,113.999889,22.58737
深圳桃源,广东,深圳市,南山区,西丽龙珠三路桃源名车广场二展场A10部,广东深圳市南山区西丽龙珠三路桃源名车广场二展场A10部,广东深圳市南山区西丽龙珠三路桃源名车广场二展场A10部,113.980977,22.557946
深圳桃源,广东,深圳市,南山区,桃源街道朗麓家园1C,广东深圳市南山区桃源街道朗麓家园1C,广东深圳市南山区桃源街道朗麓家园1C,113.930478,22.533191
深圳桃源,广东,深圳市,南山区,沙河街道深云村车辆段文体公寓小卖部旁丰巢柜,广东深圳市南山区沙河街道深云村车辆段文体公寓小卖部旁丰巢柜,广东深圳市南山区沙河街道深云村车辆段文体公寓小卖部旁丰巢柜,113.991674,22.55399
深圳桃源,广东,深圳市,南山区,桃源街道平山社区留仙大道1213号众冠红花岭工业南2区9栋层,广东深圳市南山区桃源街道平山社区留仙大道1213号众冠红花岭工业南2区9栋层,广东深圳市南山区桃源街道平山社区留仙大道1213号众冠红花岭工业南2区9栋层,113.967252,22.581761
深圳桃源,广东,深圳市,南山区,桃源街道珠光创新科技园4栋,广东深圳市南山区桃源街道珠光创新科技园4栋,广东深圳市南山区桃源街道珠光创新科技园4栋,113.965996,22.571987
深圳桃源,广东,深圳市,南山区,京基御领公馆3栋东东,广东深圳市南山区京基御领公馆3栋东东,广东深圳市南山区京基御领公馆3栋东东,114.380835,22.711766
深圳桃源,广东,深圳市,南山区,桃源街道办事处桃源村三期3栋C座,广东深圳市南山区桃源街道办事处桃源村三期3栋C座,广东深圳市南山区桃源街道办事处桃源村三期3栋C座,113.980977,22.557946
深圳桃源,广东,深圳市,南山区,桃源街道龙井路691号深业丰田,广东深圳市南山区桃源街道龙井路691号深业丰田,广东深圳市南山区桃源街道龙井路691号深业丰田,113.959857,22.562994
深圳桃源,广东,深圳市,南山区,桃源街道湖彬苑2栋,广东深圳市南山区桃源街道湖彬苑2栋,广东深圳市南山区桃源街道湖彬苑2栋,113.982395,22.562777
深圳桃源,广东,深圳市,南山区,桃源街道学苑大道1001号南山智园A4栋楼,广东深圳市南山区桃源街道学苑大道1001号南山智园A4栋楼,广东深圳市南山区桃源街道学苑大道1001号南山智园A4栋楼,114.005376,22.595633
深圳桃源,广东,深圳市,南山区,桃源街道宝能城东区J栋C,广东深圳市南山区桃源街道宝能城东区J栋C,广东深圳市南山区桃源街道宝能城东区J栋C,113.998113,22.590007
深圳桃源,广东,深圳市,南山区,南山区桃源街道龙珠三路维也纳酒店楼华悦健康水会前台,广东深圳市南山区桃源街道龙珠三路维也纳酒店楼华悦健康水会前台,广东深圳市南山区桃源街道龙珠三路维也纳酒店楼华悦健康水会前台,113.965163,22.566367
深圳桃源,广东,深圳市,南山区,深圳市南山区西丽龙井村西区25号A栋,广东深圳市南山区深圳市南山区西丽龙井村西区25号A栋,广东深圳市南山区深圳市南山区西丽龙井村西区25号A栋,113.97441,22.560624
深圳桃源,广东,深圳市,南山区,桃源街道龙苑路桃源里A,广东深圳市南山区桃源街道龙苑路桃源里A,广东深圳市南山区桃源街道龙苑路桃源里A,113.986262,22.561472
深圳桃源,广东,深圳市,南山区,桃源街道塘岭路1号金骐智谷大厦楼,广东深圳市南山区桃源街道塘岭路1号金骐智谷大厦楼,广东深圳市南山区桃源街道塘岭路1号金骐智谷大厦楼,113.992929,22.589098
深圳桃源,广东,深圳市,南山区,宝能城花园c栋楼下菜鸟驿,广东深圳市南山区宝能城花园c栋楼下菜鸟驿,广东深圳市南山区宝能城花园c栋楼下菜鸟驿,113.997674,22.590947
深圳桃源,广东,深圳市,南山区,龙珠三路南山睿园慧鸿楼中亿信息科技有限公司,广东深圳市南山区龙珠三路南山睿园慧鸿楼中亿信息科技有限公司,广东深圳市南山区龙珠三路南山睿园慧鸿楼中亿信息科技有限公司,113.965163,22.566367
深圳桃源,广东,深圳市,南山区,匠造数字产业园B栋,广东深圳市南山区匠造数字产业园B栋,广东深圳市南山区匠造数字产业园B栋,113.968665,22.577695
深圳桃源,广东,深圳市,南山区,桃源街道桃源村三期3D,广东深圳市南山区桃源街道桃源村三期3D,广东深圳市南山区桃源街道桃源村三期3D,113.980977,22.557946
深圳桃源,广东,深圳市,南山区,龙珠大道龙珠六路水木华庭1A,广东深圳市南山区龙珠大道龙珠六路水木华庭1A,广东深圳市南山区龙珠大道龙珠六路水木华庭1A,113.980682,22.562164
深圳桃源,广东,深圳市,南山区,西丽街道塘朗村116栋,广东深圳市南山区西丽街道塘朗村116栋,广东深圳市南山区西丽街道塘朗村116栋,113.9905,22.587143
深圳桃源,广东,深圳市,南山区,宝珠花园碧波阁,广东深圳市南山区宝珠花园碧波阁,广东深圳市南山区宝珠花园碧波阁,113.957847,22.571047
深圳桃源,广东,深圳市,南山区,桃源街道西丽光前村西区90号,广东深圳市南山区桃源街道西丽光前村西区90号,广东深圳市南山区桃源街道西丽光前村西区90号,113.962333,22.564131
深圳桃源,广东,深圳市,南山区,桃源街道都市漫生活公寓,广东深圳市南山区桃源街道都市漫生活公寓,广东深圳市南山区桃源街道都市漫生活公寓,113.964844,22.589104
深圳桃源,广东,深圳市,南山区,桃源街道广东省深圳市南山区桃源街道学苑大道1227一35号友褔便利店3,广东深圳市南山区桃源街道广东省深圳市南山区桃源街道学苑大道1227一35号友褔便利店3,广东深圳市南山区桃源街道广东省深圳市南山区桃源街道学苑大道1227一35号友褔便利店3,113.989368,22.591942
深圳桃源,广东,深圳市,南山区,桃源街道新屋村深爱公寓,广东深圳市南山区桃源街道新屋村深爱公寓,广东深圳市南山区桃源街道新屋村深爱公寓,113.952356,22.566858
深圳桃源,广东,深圳市,南山区,桃源街道学苑大道崇文花园12栋楼,广东深圳市南山区桃源街道学苑大道崇文花园12栋楼,广东深圳市南山区桃源街道学苑大道崇文花园12栋楼,113.991518,22.590431
深圳桃源,广东,深圳市,南山区,南山区桃源街道俊峰丽舍花园2栋C,广东深圳市南山区桃源街道俊峰丽舍花园2栋C,广东深圳市南山区桃源街道俊峰丽舍花园2栋C,113.982917,22.561156
深圳桃源,广东,深圳市,南山区,桃源村101,广东深圳市南山区桃源村101,广东深圳市南山区桃源村101,113.978859,22.560521
深圳桃源,广东,深圳市,南山区,桃源街道众悦家园3,广东深圳市南山区桃源街道众悦家园3,广东深圳市南山区桃源街道众悦家园3,113.972462,22.55889
深圳桃源,广东,深圳市,南山区,欧洲城香江家居,广东深圳市南山区欧洲城香江家居,广东深圳市南山区欧洲城香江家居,113.964395,22.557742
深圳桃源,广东,深圳市,南山区,桃源街道新屋村东区29栋,广东深圳市南山区桃源街道新屋村东区29栋,广东深圳市南山区桃源街道新屋村东区29栋,113.967277,22.567767
深圳桃源,广东,深圳市,南山区,桃源街道红花四路集悦城红花岭4栋,广东深圳市南山区桃源街道红花四路集悦城红花岭4栋,广东深圳市南山区桃源街道红花四路集悦城红花岭4栋,113.968899,22.576823
深圳桃源,广东,深圳市,南山区,桃源街道新屋村东区35栋,广东深圳市南山区桃源街道新屋村东区35栋,广东深圳市南山区桃源街道新屋村东区35栋,113.966914,22.568249
深圳桃源,广东,深圳市,南山区,桃源街道龙珠大道城市假日花园二栋1瓶2公,广东深圳市南山区桃源街道龙珠大道城市假日花园二栋1瓶2公,广东深圳市南山区桃源街道龙珠大道城市假日花园二栋1瓶2公,113.978463,22.563354
深圳桃源,广东,深圳市,南山区,南山区南山西丽龙井村龙井花园1栋,广东深圳市南山区南山西丽龙井村龙井花园1栋,广东深圳市南山区南山西丽龙井村龙井花园1栋,113.974642,22.559956
深圳桃源,广东,深圳市,南山区,桃源街道中联科技大厦楼,广东深圳市南山区桃源街道中联科技大厦楼,广东深圳市南山区桃源街道中联科技大厦楼,113.974866,22.556117
深圳桃源,广东,深圳市,南山区,桃源街道留仙大道3355号朗麓家园1栋B,广东深圳市南山区桃源街道留仙大道3355号朗麓家园1栋B,广东深圳市南山区桃源街道留仙大道3355号朗麓家园1栋B,113.993889,22.586564
深圳桃源,广东,深圳市,南山区,龙苑路皇庭香格里花园a座,广东深圳市南山区龙苑路皇庭香格里花园a座,广东深圳市南山区龙苑路皇庭香格里花园a座,113.980873,22.56151
深圳桃源,广东,深圳市,南山区,桃源街道珠光路龙联花园项目部,广东深圳市南山区桃源街道珠光路龙联花园项目部,广东深圳市南山区桃源街道珠光路龙联花园项目部,113.962393,22.569221
深圳桃源,广东,深圳市,南山区,-朗业三路南山区西丽集悦城泊寓12栋,广东深圳市南山区-朗业三路南山区西丽集悦城泊寓12栋,广东深圳市南山区-朗业三路南山区西丽集悦城泊寓12栋,113.968426,22.584473
深圳桃源,广东,深圳市,南山区,桃源街道集悦城红花岭4栋,广东深圳市南山区桃源街道集悦城红花岭4栋,广东深圳市南山区桃源街道集悦城红花岭4栋,113.968899,22.576823
深圳桃源,广东,深圳市,南山区,西丽桃园街道龙珠三路南山睿园18栋,广东深圳市南山区西丽桃园街道龙珠三路南山睿园18栋,广东深圳市南山区西丽桃园街道龙珠三路南山睿园18栋,113.965163,22.566367
深圳桃源,广东,深圳市,南山区,龙珠大道33号楼桃源村二期99栋栋,广东深圳市南山区龙珠大道33号楼桃源村二期99栋栋,广东深圳市南山区龙珠大道33号楼桃源村二期99栋栋,113.982904,22.558949
深圳桃源,广东,深圳市,南山区,桃源街道宝能城东区H栋,广东深圳市南山区桃源街道宝能城东区H栋,广东深圳市南山区桃源街道宝能城东区H栋,113.997491,22.589771
深圳桃源,广东,深圳市,南山区,广东省深圳市南山区龙珠大道38号8栋,广东深圳市南山区广东省深圳市南山区龙珠大道38号8栋,广东深圳市南山区广东省深圳市南山区龙珠大道38号8栋,113.986358,22.559337
深圳桃源,广东,深圳市,南山区,桃源街道珠光村东区58号,广东深圳市南山区桃源街道珠光村东区58号,广东深圳市南山区桃源街道珠光村东区58号,113.963317,22.570257
深圳桃源,广东,深圳市,南山区,龙珠大道72号鼎胜山邻居B,广东深圳市南山区龙珠大道72号鼎胜山邻居B,广东深圳市南山区龙珠大道72号鼎胜山邻居B,113.973474,22.565335
深圳桃源,广东,深圳市,南山区,桃源街道深圳市龙珠大道龙珠五路城市假日花园8-301一单元,广东深圳市南山区桃源街道深圳市龙珠大道龙珠五路城市假日花园8-301一单元,广东深圳市南山区桃源街道深圳市龙珠大道龙珠五路城市假日花园8-301一单元,113.978463,22.563354
深圳桃源,广东,深圳市,南山区,龙苑路深云车辆段文体公园宿舍楼,广东深圳市南山区龙苑路深云车辆段文体公园宿舍楼,广东深圳市南山区龙苑路深云车辆段文体公园宿舍楼,113.994692,22.563906
深圳桃源,广东,深圳市,南山区,广东省深圳市南山区 桃源街道沙河东路259号广东新安职业技术学院宿舍区,广东深圳市南山区广东省深圳市南山区 桃源街道沙河东路259号广东新安职业技术学院宿舍区,广东深圳市南山区广东省深圳市南山区 桃源街道沙河东路259号广东新安职业技术学院宿舍区,113.969087,22.55659
深圳桃源,广东,深圳市,南山区,桃源街道京基御景峰一地块一栋,广东深圳市南山区桃源街道京基御景峰一地块一栋,广东深圳市南山区桃源街道京基御景峰一地块一栋,114.012339,22.597697
深圳桃源,广东,深圳市,南山区,桃源街道新屋村中区2栋圆,广东深圳市南山区桃源街道新屋村中区2栋圆,广东深圳市南山区桃源街道新屋村中区2栋圆,113.965965,22.569515
深圳桃源,广东,深圳市,南山区,桃街道村二期栋,广东深圳市南山区桃街道村二期栋,广东深圳市南山区桃街道村二期栋,113.930478,22.533191
深圳桃源,广东,深圳市,南山区,龙珠大道香瑞园11Ｂ,广东深圳市南山区龙珠大道香瑞园11Ｂ,广东深圳市南山区龙珠大道香瑞园11Ｂ,113.974338,22.564126
深圳桃源,广东,深圳市,南山区,留仙大道塘朗城广场东区4,广东深圳市南山区留仙大道塘朗城广场东区4,广东深圳市南山区留仙大道塘朗城广场东区4,114.001819,22.589634
深圳桃源,广东,深圳市,南山区,桃源街道西丽镇客嘉城桥头堡2栋-B,广东深圳市南山区桃源街道西丽镇客嘉城桥头堡2栋-B,广东深圳市南山区桃源街道西丽镇客嘉城桥头堡2栋-B,113.9573,22.579904
深圳桃源,广东,深圳市,南山区,南山区桃源街道沙河东路259号广东新安职业技术学院北区,广东深圳市南山区桃源街道沙河东路259号广东新安职业技术学院北区,广东深圳市南山区桃源街道沙河东路259号广东新安职业技术学院北区,113.970167,22.557678
深圳桃源,广东,深圳市,南山区,南山区桃源街道深圳华丰连锁酒店塘朗店楼快递点,广东深圳市南山区桃源街道深圳华丰连锁酒店塘朗店楼快递点,广东深圳市南山区桃源街道深圳华丰连锁酒店塘朗店楼快递点,113.990663,22.589807
深圳桃源,广东,深圳市,南山区,南山区桃源村三期1栋C座楼今日粉黄江南圆领+女内裤XL,广东深圳市南山区桃源村三期1栋C座,广东深圳市南山区桃源村三期1栋C座,113.981074,22.558358
深圳桃源,广东,深圳市,南山区,桃源村103栋F郑邵城,广东深圳市南山区桃源村103栋F,广东深圳市南山区桃源村103栋F,113.978896,22.560386
深圳桃源,广东,深圳市,南山区,桃源街道桃源村41栋,广东深圳市南山区桃源街道桃源村41栋,广东深圳市南山区桃源街道桃源村41栋,113.979925,22.5582
深圳桃源,广东,深圳市,南山区,西丽桃源村单身公寓,广东深圳市南山区西丽桃源村单身公寓,广东深圳市南山区西丽桃源村单身公寓,113.980977,22.557946
深圳桃源,广东,深圳市,南山区,西丽镇龙珠大道桃源村93栋,广东深圳市南山区西丽镇龙珠大道桃源村93栋,广东深圳市南山区西丽镇龙珠大道桃源村93栋,113.981861,22.558984
深圳桃源,广东,深圳市,南山区,桃源街道龙井4栋,广东深圳市南山区桃源街道龙井4栋,广东深圳市南山区桃源街道龙井4栋,113.974086,22.559293
深圳桃源,广东,深圳市,南山区,南山区桃源街道龙井村西区68号,广东深圳市南山区桃源街道龙井村西区68号,广东深圳市南山区桃源街道龙井村西区68号,113.973493,22.560355
深圳桃源,广东,深圳市,南山区,北环大道8280号香侨大厦楼,广东深圳市南山区北环大道8280号香侨大厦楼,广东深圳市南山区北环大道8280号香侨大厦楼,113.968357,22.555135
深圳桃源,广东,深圳市,南山区,桃源街道留仙大道宝能城东区J栋C乔,广东深圳市南山区桃源街道留仙大道宝能城东区J栋C,广东深圳市南山区桃源街道留仙大道宝能城东区J栋C,113.998113,22.590007
深圳桃源,广东,深圳市,南山区,南山区桃源街道红花四路集悦城红花岭4栋,广东深圳市南山区桃源街道红花四路集悦城红花岭4栋,广东深圳市南山区桃源街道红花四路集悦城红花岭4栋,113.968899,22.576823
深圳桃源,广东,深圳市,南山区,深圳市南山区龙珠七路俊峰丽舍1-1-8C比比,广东深圳市南山区深圳市南山区龙珠七路俊峰丽舍1-1-8C比比,广东深圳市南山区深圳市南山区龙珠七路俊峰丽舍1-1-8C比比,113.983836,22.561998
深圳桃源,广东,深圳市,南山区,西丽镇珠光村东区34栋易站超市,广东深圳市南山区西丽镇珠光村东区34栋易站超市,广东深圳市南山区西丽镇珠光村东区34栋易站超市,113.964078,22.57063
深圳桃源,广东,深圳市,南山区,龙珠大道香瑞园,广东深圳市南山区龙珠大道香瑞园,广东深圳市南山区龙珠大道香瑞园,113.974338,22.564126
深圳桃源,广东,深圳市,南山区,西丽华晖云门三栋十六D,广东深圳市南山区西丽华晖云门三栋十六D,广东深圳市南山区西丽华晖云门三栋十六D,114.000855,22.591641
深圳桃源,广东,深圳市,南山区,留仙大道3370号南山智园崇文园区3号楼层2602,广东深圳市南山区留仙大道3370号南山智园崇文园区3号楼层2602,广东深圳市南山区留仙大道3370号南山智园崇文园区3号楼层2602,113.992884,22.588007
深圳桃源,广东,深圳市,南山区,宝能城花园F座,广东深圳市南山区宝能城花园F座,广东深圳市南山区宝能城花园F座,113.997674,22.590947
深圳桃源,广东,深圳市,南山区,长岭陂路京基御景峰大厦3栋】【陈钊】,广东深圳市南山区长岭陂路京基御景峰大厦3栋,广东深圳市南山区长岭陂路京基御景峰大厦3栋,114.012449,22.597258
深圳桃源,广东,深圳市,南山区,塘朗城广场西区B座,广东深圳市南山区塘朗城广场西区B座,广东深圳市南山区塘朗城广场西区B座,113.999706,22.588863
深圳桃源,广东,深圳市,南山区,南山区留仙大道创客小镇他她公寓6号楼楼,广东深圳市南山区留仙大道创客小镇他她公寓6号楼楼,广东深圳市南山区留仙大道创客小镇他她公寓6号楼楼,113.962068,22.580247
深圳桃源,广东,深圳市,南山区,桃源街道桃源村三期1E栋,广东深圳市南山区桃源街道桃源村三期1E栋,广东深圳市南山区桃源街道桃源村三期1E栋,113.980977,22.557946
深圳桃源,广东,深圳市,南山区,桃源街道南山外籍人员子,广东深圳市南山区桃源街道南山外籍人员子,广东深圳市南山区桃源街道南山外籍人员子,113.964844,22.589104
深圳桃源,广东,深圳市,南山区,南山区桃源街道学苑大道1099号华晖云门2栋,广东深圳市南山区桃源街道学苑大道1099号华晖云门2栋,广东深圳市南山区桃源街道学苑大道1099号华晖云门2栋,114.000643,22.592705
深圳桃源,广东,深圳市,南山区,桃源街道留仙大道3355号栋,广东深圳市南山区桃源街道留仙大道3355号栋,广东深圳市南山区桃源街道留仙大道3355号栋,113.995582,22.586384
深圳桃源,广东,深圳市,南山区,桃源街道龙珠四路金谷创业园A栋,广东深圳市南山区桃源街道龙珠四路金谷创业园A栋,广东深圳市南山区桃源街道龙珠四路金谷创业园A栋,113.973874,22.561568
深圳桃源,广东,深圳市,南山区,桃源街道京基·御景峯4栋,广东深圳市南山区桃源街道京基·御景峯4栋,广东深圳市南山区桃源街道京基·御景峯4栋,114.012339,22.597697
深圳桃源,广东,深圳市,南山区,桃源街道平山社区留仙大道1213号众冠红花岭工业南2区9栋层LucasWuLucasWu,广东深圳市南山区桃源街道平山社区留仙大道1213号众冠红花岭工业南2区9栋层LucasWuLucasWu,广东深圳市南山区桃源街道平山社区留仙大道1213号众冠红花岭工业南2区9栋层LucasWuLucasWu,113.967252,22.581761
深圳桃源,广东,深圳市,南山区,深铁阅山境花园D栋,广东深圳市南山区深铁阅山境花园D栋,广东深圳市南山区深铁阅山境花园D栋,113.991836,22.585958
深圳桃源,广东,深圳市,南山区,南山区珠光北路88号明亮科技园1栋,广东深圳市南山区珠光北路88号明亮科技园1栋,广东深圳市南山区珠光北路88号明亮科技园1栋,113.958625,22.578151
深圳桃源,广东,深圳市,南山区,桃源街道塘朗村25栋,广东深圳市南山区桃源街道塘朗村25栋,广东深圳市南山区桃源街道塘朗村25栋,113.987185,22.590483
深圳桃源,广东,深圳市,南山区,桃源街道学苑大道2253号崇文花园13栋,广东深圳市南山区桃源街道学苑大道2253号崇文花园13栋,广东深圳市南山区桃源街道学苑大道2253号崇文花园13栋,113.99027,22.590156
深圳桃源,广东,深圳市,南山区,桃源街道新屋村西区35-5栋,广东深圳市南山区桃源街道新屋村西区35-5栋,广东深圳市南山区桃源街道新屋村西区35-5栋,113.966505,22.569768
深圳桃源,广东,深圳市,南山区,桃源街道珠光北路88号明亮科技园1栋楼,广东深圳市南山区桃源街道珠光北路88号明亮科技园1栋楼,广东深圳市南山区桃源街道珠光北路88号明亮科技园1栋楼,113.958625,22.578151
深圳桃源,广东,深圳市,南山区,西丽桃源街道俊峰丽舍花园2栋单元,广东深圳市南山区西丽桃源街道俊峰丽舍花园2栋单元,广东深圳市南山区西丽桃源街道俊峰丽舍花园2栋单元,113.982917,22.561156
深圳桃源,广东,深圳市,南山区,南山区桃源街道留仙大道红花岭南区闽利达工业园,广东深圳市南山区桃源街道留仙大道红花岭南区闽利达工业园,广东深圳市南山区桃源街道留仙大道红花岭南区闽利达工业园,113.968941,22.578507
深圳桃源,广东,深圳市,南山区,桃源街道桃源村三期2栋c房,广东深圳市南山区桃源街道桃源村三期2栋c房,广东深圳市南山区桃源街道桃源村三期2栋c房,113.980977,22.557946
深圳桃源,广东,深圳市,南山区,龙珠六路郁金香家园1栋,广东深圳市南山区龙珠六路郁金香家园1栋,广东深圳市南山区龙珠六路郁金香家园1栋,113.981835,22.562279
深圳桃源,广东,深圳市,南山区,塘朗东路与塘岭路交叉口东100米宝能城幼儿园门卫室,广东深圳市南山区塘朗东路与塘岭路交叉口东100米宝能城幼儿园门卫室,广东深圳市南山区塘朗东路与塘岭路交叉口东100米宝能城幼儿园门卫室,113.996998,22.590155
深圳桃源,广东,深圳市,南山区,留仙大道北侧宝能城花园F座18A房,广东深圳市南山区留仙大道北侧宝能城花园F座18A房,广东深圳市南山区留仙大道北侧宝能城花园F座18A房,113.997674,22.590947
深圳桃源,广东,深圳市,南山区,桃源街道崇文花园17栋,广东深圳市南山区桃源街道崇文花园17栋,广东深圳市南山区桃源街道崇文花园17栋,113.991407,22.588476
深圳桃源,广东,深圳市,南山区,西丽宝能环球汇C馆楼天使韩城,广东深圳市南山区西丽宝能环球汇C馆楼天使韩城,广东深圳市南山区西丽宝能环球汇C馆楼天使韩城,113.999017,22.591403
深圳桃源,广东,深圳市,南山区,桃源街道京基御景峯3栋,广东深圳市南山区桃源街道京基御景峯3栋,广东深圳市南山区桃源街道京基御景峯3栋,114.0108,22.597375
深圳桃源,广东,深圳市,南山区,龙井路海龙苑,广东深圳市南山区龙井路海龙苑,广东深圳市南山区龙井路海龙苑,113.974629,22.558059
深圳桃源,广东,深圳市,南山区,桃源街道学苑大道1001号南山智园A7栋楼,广东深圳市南山区桃源街道学苑大道1001号南山智园A7栋楼,广东深圳市南山区桃源街道学苑大道1001号南山智园A7栋楼,114.005376,22.595633
深圳桃源,广东,深圳市,南山区,西丽镇塘朗宝能城西区,广东深圳市南山区西丽镇塘朗宝能城西区,广东深圳市南山区西丽镇塘朗宝能城西区,113.994523,22.589015
深圳桃源,广东,深圳市,南山区,龙珠六路郁金香家园三栋星月堡,广东深圳市南山区龙珠六路郁金香家园三栋星月堡,广东深圳市南山区龙珠六路郁金香家园三栋星月堡,113.981566,22.561564
深圳桃源,广东,深圳市,南山区,学苑大道中崇文花园10栋三单元,广东深圳市南山区学苑大道中崇文花园10栋三单元,广东深圳市南山区学苑大道中崇文花园10栋三单元,113.991911,22.590109
深圳桃源,广东,深圳市,南山区,桃源街道南山新屋村中路新屋村西区,广东深圳市南山区桃源街道南山新屋村中路新屋村西区,广东深圳市南山区桃源街道南山新屋村中路新屋村西区,113.96793,22.567584
深圳桃源,广东,深圳市,南山区,桃源街道深圳南山区天地峰景园7号楼,广东深圳市南山区桃源街道深圳南山区天地峰景园7号楼,广东深圳市南山区桃源街道深圳南山区天地峰景园7号楼,113.986132,22.559603
深圳桃源,广东,深圳市,南山区,桃源街道桃源村2期-96栋,广东深圳市南山区桃源街道桃源村2期-96栋,广东深圳市南山区桃源街道桃源村2期-96栋,113.981764,22.558486
深圳桃源,广东,深圳市,南山区,桃源街道红花岭南区集悦城,广东深圳市南山区桃源街道红花岭南区集悦城,广东深圳市南山区桃源街道红花岭南区集悦城,113.985271,22.587711
深圳桃源,广东,深圳市,南山区,桃源街道西丽龙都花园,广东深圳市南山区桃源街道西丽龙都花园,广东深圳市南山区桃源街道西丽龙都花园,113.95963,22.569356
深圳桃源,广东,深圳市,南山区,圳南山区桃源街道朗麓13栋,广东深圳市南山区圳南山区桃源街道朗麓13栋,广东深圳市南山区圳南山区桃源街道朗麓13栋,113.930478,22.533191
深圳桃源,广东,深圳市,南山区,珠光路丽珠花园7栋,广东深圳市南山区珠光路丽珠花园7栋,广东深圳市南山区珠光路丽珠花园7栋,113.958505,22.574566
深圳桃源,广东,深圳市,南山区,桃源街道龙珠大道香瑞园11,广东深圳市南山区桃源街道龙珠大道香瑞园11,广东深圳市南山区桃源街道龙珠大道香瑞园11,113.974733,22.563894
深圳桃源,广东,深圳市,南山区,深圳南山留仙大道3370号南山智园崇文园区3号楼楼,广东深圳市南山区深圳南山留仙大道3370号南山智园崇文园区3号楼楼,广东深圳市南山区深圳南山留仙大道3370号南山智园崇文园区3号楼楼,113.992884,22.588007
深圳桃源,广东,深圳市,南山区,桃源街道西丽高尔夫球会南门货架,广东深圳市南山区桃源街道西丽高尔夫球会南门货架,广东深圳市南山区桃源街道西丽高尔夫球会南门货架,113.943867,22.568801
深圳桃源,广东,深圳市,南山区,桃源街道塘朗新村27栋,广东深圳市南山区桃源街道塘朗新村27栋,广东深圳市南山区桃源街道塘朗新村27栋,113.988272,22.589484
深圳桃源,广东,深圳市,南山区,留仙大道南山智园崇文园区二号楼楼,广东深圳市南山区留仙大道南山智园崇文园区二号楼,广东深圳市南山区留仙大道南山智园崇文园区二号楼,113.993764,22.591205
深圳桃源,广东,深圳市,南山区,桃园街道龙井路689号澜庭公寓515号号房,广东深圳市南山区桃园街道龙井路689号澜庭公寓515号号房,广东深圳市南山区桃园街道龙井路689号澜庭公寓515号号房,113.959892,22.562428
深圳桃源,广东,深圳市,南山区,桃源街道龙珠大道33号桃源村97栋兔喜快递柜,广东深圳市南山区桃源街道龙珠大道33号桃源村97栋兔喜快递柜,广东深圳市南山区桃源街道龙珠大道33号桃源村97栋兔喜快递柜,113.980603,22.558727
深圳桃源,广东,深圳市,南山区,深圳南山区桃源街道3355号栋,广东深圳市南山区深圳南山区桃源街道3355号栋,广东深圳市南山区深圳南山区桃源街道3355号栋,113.964844,22.589104
深圳桃源,广东,深圳市,南山区,西丽光前村东区,广东深圳市南山区西丽光前村东区,广东深圳市南山区西丽光前村东区,113.963618,22.563834
深圳桃源,广东,深圳市,南山区,大学城”宝能城西区5B栋,广东深圳市南山区大学城”宝能城西区5B栋,广东深圳市南山区大学城”宝能城西区5B栋,113.994523,22.589015
深圳桃源,广东,深圳市,南山区,桃园街道光前村启龙中心商务大厦,广东深圳市南山区桃园街道光前村启龙中心商务大厦,广东深圳市南山区桃园街道光前村启龙中心商务大厦,113.962795,22.565003
深圳桃源,广东,深圳市,南山区,桃源街道丽山路160号#VPSI,广东深圳市南山区桃源街道丽山路160号,广东深圳市南山区桃源街道丽山路160号,113.963976,22.588005
深圳桃源,广东,深圳市,南山区,桃源街道宝能城西区3栋B,广东深圳市南山区桃源街道宝能城西区3栋B,广东深圳市南山区桃源街道宝能城西区3栋B,113.993928,22.589374
深圳桃源,广东,深圳市,南山区,桃源街道留仙大道1055号朗麓家园4A,广东深圳市南山区桃源街道留仙大道1055号朗麓家园4A,广东深圳市南山区桃源街道留仙大道1055号朗麓家园4A,113.997421,22.586943
深圳桃源,广东,深圳市,南山区,塘朗工业A区桃源智谷科创大厦A31栋楼,广东深圳市南山区塘朗工业A区桃源智谷科创大厦A31栋楼,广东深圳市南山区塘朗工业A区桃源智谷科创大厦A31栋楼,113.964844,22.589104
深圳桃源,广东,深圳市,南山区,桃源街道新屋村西区35栋,广东深圳市南山区桃源街道新屋村西区35栋,广东深圳市南山区桃源街道新屋村西区35栋,113.966505,22.569768
深圳桃源,广东,深圳市,南山区,西丽崇文花园15,广东深圳市南山区西丽崇文花园15,广东深圳市南山区西丽崇文花园15,113.991441,22.589201
深圳桃源,广东,深圳市,南山区,西丽街道龙井村西区,广东深圳市南山区西丽街道龙井村西区,广东深圳市南山区西丽街道龙井村西区,113.973493,22.560355
深圳桃源,广东,深圳市,南山区,桃源街道桃源村53栋,广东深圳市南山区桃源街道桃源村53栋,广东深圳市南山区桃源街道桃源村53栋,113.979221,22.558856
深圳桃源,广东,深圳市,南山区,西丽宝能城花园东区H,广东深圳市南山区西丽宝能城花园东区H,广东深圳市南山区西丽宝能城花园东区H,113.9987,22.590982
深圳桃源,广东,深圳市,南山区,桃源街道丽山路160号sk,广东深圳市南山区桃源街道丽山路160号,广东深圳市南山区桃源街道丽山路160号,113.963976,22.588005
深圳桃源,广东,深圳市,南山区,桃源街道桃源街道留仙大道3355号朗麓家园7,广东深圳市南山区桃源街道桃源街道留仙大道3355号朗麓家园7,广东深圳市南山区桃源街道桃源街道留仙大道3355号朗麓家园7,113.996227,22.587791
深圳桃源,广东,深圳市,南山区,珠光花半里欣苑1C,广东深圳市南山区珠光花半里欣苑1C,广东深圳市南山区珠光花半里欣苑1C,113.96079,22.570254
深圳桃源,广东,深圳市,南山区,桃源村23栋一单元,广东深圳市南山区桃源村23栋一单元,广东深圳市南山区桃源村23栋一单元,113.982326,22.556673
深圳桃源,广东,深圳市,南山区,南山区桃源街道深圳市南山区桃源街道珠光创新科技园1栋,广东深圳市南山区桃源街道深圳市南山区桃源街道珠光创新科技园1栋,广东深圳市南山区桃源街道深圳市南山区桃源街道珠光创新科技园1栋,113.966037,22.571445
深圳桃源,广东,深圳市,南山区,龙井路228号附近荔景家园b栋单元,广东深圳市南山区龙井路228号附近荔景家园b栋单元,广东深圳市南山区龙井路228号附近荔景家园b栋单元,113.964755,22.562213
深圳桃源,广东,深圳市,南山区,桃源街道西丽,广东深圳市南山区桃源街道西丽,广东深圳市南山区桃源街道西丽,113.943867,22.568801
深圳桃源,广东,深圳市,南山区,桃源村三期1栋B座11D二号仓,广东深圳市南山区桃源村三期1栋B座11D二号仓,广东深圳市南山区桃源村三期1栋B座11D二号仓,113.981074,22.558358
深圳桃源,广东,深圳市,南山区,桃源街道留仙大道3370号努比亚技术有限公司层,广东深圳市南山区桃源街道留仙大道3370号努比亚技术有限公司层,广东深圳市南山区桃源街道留仙大道3370号努比亚技术有限公司层,113.99209,22.587711
深圳桃源,广东,深圳市,南山区,南山区桃源街道城市假日花园5栋,广东深圳市南山区桃源街道城市假日花园5栋,广东深圳市南山区桃源街道城市假日花园5栋,113.978559,22.563398
深圳桃源,广东,深圳市,南山区,桃源街道龙井路228号一通二手车七展场绿棚8部大禹行二手车，凯美瑞车门饰条一,广东深圳市南山区桃源街道龙井路228号一通二手车七展场绿棚,广东深圳市南山区桃源街道龙井路228号一通二手车七展场绿棚,113.964798,22.561867
深圳桃源,广东,深圳市,南山区,龙珠六路郁金香家园4栋,广东深圳市南山区龙珠六路郁金香家园4栋,广东深圳市南山区龙珠六路郁金香家园4栋,113.981372,22.560752
深圳桃源,广东,深圳市,南山区,宝能城西区,广东深圳市南山区宝能城西区,广东深圳市南山区宝能城西区,113.994523,22.589015
深圳桃源,广东,深圳市,南山区,深圳禾正医院停车场丰巢,广东深圳市南山区深圳禾正医院停车场丰巢,广东深圳市南山区深圳禾正医院停车场丰巢,113.986729,22.561615
深圳桃源,广东,深圳市,南山区,龙珠大道百威年二手车28部鼎,广东深圳市南山区龙珠大道百威年二手车28部鼎,广东深圳市南山区龙珠大道百威年二手车28部鼎,113.968925,22.567225
深圳桃源,广东,深圳市,南山区,西丽体育中心附属楼,广东深圳市南山区西丽体育中心附属楼,广东深圳市南山区西丽体育中心附属楼,113.943867,22.568801
深圳桃源,广东,深圳市,南山区,南山区 龙珠六路郁金香家园星月堡,广东深圳市南山区 龙珠六路郁金香家园星月堡,广东深圳市南山区 龙珠六路郁金香家园星月堡,113.981516,22.561628
深圳桃源,广东,深圳市,南山区,龙珠大道桃源村33栋,广东深圳市南山区龙珠大道桃源村33栋,广东深圳市南山区龙珠大道桃源村33栋,113.980305,22.55702
深圳桃源,广东,深圳市,南山区,留仙大道1998号崇文花园16栋,广东深圳市南山区留仙大道1998号崇文花园16栋,广东深圳市南山区留仙大道1998号崇文花园16栋,113.992186,22.589279
深圳桃源,广东,深圳市,南山区,西丽新屋村龙祥苑B座,广东深圳市南山区西丽新屋村龙祥苑B座,广东深圳市南山区西丽新屋村龙祥苑B座,113.966339,22.567796
深圳桃源,广东,深圳市,南山区,桃源街道桃源村2期99栋,广东深圳市南山区桃源街道桃源村2期99栋,广东深圳市南山区桃源街道桃源村2期99栋,113.981764,22.558486
深圳桃源,广东,深圳市,南山区,桃源街道京基御景峯2栋房拍立,广东深圳市南山区桃源街道京基御景峯2栋房拍立,广东深圳市南山区桃源街道京基御景峯2栋房拍立,114.012339,22.597697
深圳桃源,广东,深圳市,南山区,桃源村三期3D栋,广东深圳市南山区桃源村三期3D栋,广东深圳市南山区桃源村三期3D栋,113.981074,22.558358
深圳桃源,广东,深圳市,南山区,朗麓家园2,广东深圳市南山区朗麓家园2,广东深圳市南山区朗麓家园2,113.997421,22.586943
深圳桃源,广东,深圳市,南山区,珠光北路明亮科技园2栋,广东深圳市南山区珠光北路明亮科技园2栋,广东深圳市南山区珠光北路明亮科技园2栋,113.958063,22.577846
深圳桃源,广东,深圳市,南山区,龙井村东区七栋吴记商店,广东深圳市南山区龙井村东区七栋吴记商店,广东深圳市南山区龙井村东区七栋吴记商店,113.975593,22.560351
深圳桃源,广东,深圳市,南山区,京基御领公馆3栋,广东深圳市南山区京基御领公馆3栋,广东深圳市南山区京基御领公馆3栋,114.380835,22.711766
深圳桃源,广东,深圳市,南山区,南山区桃源街道龙珠四路方大城T2栋楼星,广东深圳市南山区桃源街道龙珠四路方大城T2栋楼星,广东深圳市南山区桃源街道龙珠四路方大城T2栋楼星,113.973363,22.555787
深圳桃源,广东,深圳市,南山区,珠光三路与珠光路交叉口东北方向36米左右珠光花半里-西门,广东深圳市南山区珠光三路与珠光路交叉口东北方向36米左右珠光花半里-西门,广东深圳市南山区珠光三路与珠光路交叉口东北方向36米左右珠光花半里-西门,113.961609,22.570297
深圳桃源,广东,深圳市,南山区,西丽龙珠四路怡然天地居4B,广东深圳市南山区西丽龙珠四路怡然天地居4B,广东深圳市南山区西丽龙珠四路怡然天地居4B,113.973722,22.563641
深圳桃源,广东,深圳市,南山区,桃源街道光前村启龙中心商务大厦,广东深圳市南山区桃源街道光前村启龙中心商务大厦,广东深圳市南山区桃源街道光前村启龙中心商务大厦,113.962795,22.565003
深圳桃源,广东,深圳市,南山区,桃源街道塘长路2235号田寮工业A区9栋,广东深圳市南山区桃源街道塘长路2235号田寮工业A区9栋,广东深圳市南山区桃源街道塘长路2235号田寮工业A区9栋,113.99339,22.591913
深圳桃源,广东,深圳市,南山区,龙珠三路89号易丰二手车,广东深圳市南山区龙珠三路89号易丰二手车,广东深圳市南山区龙珠三路89号易丰二手车,113.965002,22.565129
深圳桃源,广东,深圳市,南山区,桃源街道十五峯花园-北门-2期-3栋,广东深圳市南山区桃源街道十五峯花园-北门-2期-3栋,广东深圳市南山区桃源街道十五峯花园-北门-2期-3栋,113.980167,22.564284
深圳桃源,广东,深圳市,南山区,西丽街道宝能环球汇C馆楼L1041-C小秋配镜,广东深圳市南山区西丽街道宝能环球汇C馆楼L1041-C小秋配镜,广东深圳市南山区西丽街道宝能环球汇C馆楼L1041-C小秋配镜,113.999017,22.591403
深圳桃源,广东,深圳市,南山区,桃源街道留仙大道南山云谷创新产业园山水楼B座楼云,广东深圳市南山区桃源街道留仙大道南山云谷创新产业园山水楼B座楼云,广东深圳市南山区桃源街道留仙大道南山云谷创新产业园山水楼B座楼云,113.971416,22.580998
深圳桃源,广东,深圳市,南山区,桃源街道留仙大道南山云谷创新产业园龙塘阁,广东深圳市南山区桃源街道留仙大道南山云谷创新产业园龙塘阁,广东深圳市南山区桃源街道留仙大道南山云谷创新产业园龙塘阁,113.970601,22.584048
深圳桃源,广东,深圳市,南山区,深铁阅山境花园1栋C,广东深圳市南山区深铁阅山境花园1栋C,广东深圳市南山区深铁阅山境花园1栋C,113.992055,22.586101
深圳桃源,广东,深圳市,南山区,桃源街道光前村西区83栋金,广东深圳市南山区桃源街道光前村西区83栋金,广东深圳市南山区桃源街道光前村西区83栋金,113.962747,22.563855
深圳桃源,广东,深圳市,南山区,-桃源街道桃源村三期一栋B座三E,广东深圳市南山区-桃源街道桃源村三期一栋B座三E,广东深圳市南山区-桃源街道桃源村三期一栋B座三E,113.980977,22.557946
深圳桃源,广东,深圳市,南山区,桃源街道新屋村西区56栋,广东深圳市南山区桃源街道新屋村西区56栋,广东深圳市南山区桃源街道新屋村西区56栋,113.966505,22.569768
深圳桃源,广东,深圳市,南山区,南山区桃源街道西丽宝能环球汇B栋楼小米之家L,广东深圳市南山区桃源街道西丽宝能环球汇B栋楼小米之家L,广东深圳市南山区桃源街道西丽宝能环球汇B栋楼小米之家L,113.998195,22.590733
深圳桃源,广东,深圳市,南山区,西丽光前村东区90栋志,广东深圳市南山区西丽光前村东区90栋志,广东深圳市南山区西丽光前村东区90栋志,113.962954,22.564568
深圳桃源,广东,深圳市,南山区,集悦城红花岭11号楼,广东深圳市南山区集悦城红花岭11号楼,广东深圳市南山区集悦城红花岭11号楼,113.968899,22.576823
深圳桃源,广东,深圳市,南山区,桃源街道珠光花半里2’,广东深圳市南山区桃源街道珠光花半里2’,广东深圳市南山区桃源街道珠光花半里2’,113.956543,22.575547
深圳桃源,广东,深圳市,南山区,桃源街道留仙大道塘朗车辆段,广东深圳市南山区桃源街道留仙大道塘朗车辆段,广东深圳市南山区桃源街道留仙大道塘朗车辆段,113.990663,22.589807
深圳桃源,广东,深圳市,南山区,西丽龙井庭苑H,广东深圳市南山区西丽龙井庭苑H,广东深圳市南山区西丽龙井庭苑H,113.975797,22.558897
深圳桃源,广东,深圳市,南山区,桃源街道龙珠三路家睿园公寓楼,广东深圳市南山区桃源街道龙珠三路家睿园公寓楼,广东深圳市南山区桃源街道龙珠三路家睿园公寓楼,113.965163,22.566367
深圳桃源,广东,深圳市,南山区,西丽龙井路龙井村龙井庭苑7.5耳线,广东深圳市南山区西丽龙井路龙井村龙井庭苑7.5耳线,广东深圳市南山区西丽龙井路龙井村龙井庭苑7.5耳线,113.975797,22.558897
深圳桃源,广东,深圳市,南山区,桃源街道龙珠大道天地峰景园7,广东深圳市南山区桃源街道龙珠大道天地峰景园7,广东深圳市南山区桃源街道龙珠大道天地峰景园7,113.985891,22.559285
深圳桃源,广东,深圳市,南山区,桃源街道龙光社区龙井路龙井村西区90号,广东深圳市南山区桃源街道龙光社区龙井路龙井村西区90号,广东深圳市南山区桃源街道龙光社区龙井路龙井村西区90号,113.974441,22.560626
深圳桃源,广东,深圳市,南山区,龙珠三路49号栋,广东深圳市南山区龙珠三路49号栋,广东深圳市南山区龙珠三路49号栋,113.964591,22.564408
深圳桃源,广东,深圳市,南山区,桃源街道朗麓家园3a,广东深圳市南山区桃源街道朗麓家园3a,广东深圳市南山区桃源街道朗麓家园3a,113.930478,22.533191
深圳桃源,广东,深圳市,南山区,桃源街道华丰连锁酒店楼平台,广东深圳市南山区桃源街道华丰连锁酒店楼平台,广东深圳市南山区桃源街道华丰连锁酒店楼平台,113.986525,22.589425
深圳桃源,广东,深圳市,南山区,西丽塘朗水木丹华C座,广东深圳市南山区西丽塘朗水木丹华C座,广东深圳市南山区西丽塘朗水木丹华C座,113.989479,22.591584
深圳桃源,广东,深圳市,南山区,桃源街道与门牌号崇文花园7号铺华鑫脆皮土鸡煲店,广东深圳市南山区桃源街道与门牌号崇文花园7号铺华鑫脆皮土鸡煲店,广东深圳市南山区桃源街道与门牌号崇文花园7号铺华鑫脆皮土鸡煲店,113.989372,22.588838
深圳桃源,广东,深圳市,南山区,桃源街道宝能城东区G栋,广东深圳市南山区桃源街道宝能城东区G栋,广东深圳市南山区桃源街道宝能城东区G栋,113.996803,22.589519
深圳桃源,广东,深圳市,南山区,桃源街道龙珠四路2号方大广场1号楼层方大物业办公室,广东深圳市南山区桃源街道龙珠四路2号方大广场1号楼层方大物业办公室,广东深圳市南山区桃源街道龙珠四路2号方大广场1号楼层方大物业办公室,113.972697,22.556031
深圳桃源,广东,深圳市,南山区,龙珠四路88号金谷创业园C座金谷创业园-C座楼,广东深圳市南山区龙珠四路88号金谷创业园C座金谷创业园-C座楼,广东深圳市南山区龙珠四路88号金谷创业园C座金谷创业园-C座楼,113.97491,22.561627
深圳桃源,广东,深圳市,南山区,留仙大道朗麓家园7,广东深圳市南山区留仙大道朗麓家园7,广东深圳市南山区留仙大道朗麓家园7,113.997421,22.586943
深圳桃源,广东,深圳市,南山区,西丽珠光村东区,广东深圳市南山区西丽珠光村东区,广东深圳市南山区西丽珠光村东区,113.964359,22.570652
深圳桃源,广东,深圳市,南山区,桃源街道留仙大道南山云谷创新产业园山水楼A座,广东深圳市南山区桃源街道留仙大道南山云谷创新产业园山水楼A座,广东深圳市南山区桃源街道留仙大道南山云谷创新产业园山水楼A座,113.971509,22.581325
深圳桃源,广东,深圳市,南山区,西丽宝能城花园D1,广东深圳市南山区西丽宝能城花园D1,广东深圳市南山区西丽宝能城花园D1,113.997674,22.590947
深圳桃源,广东,深圳市,南山区,学苑大道1227号水木丹华园B,广东深圳市南山区学苑大道1227号水木丹华园B,广东深圳市南山区学苑大道1227号水木丹华园B,113.989529,22.591129
深圳桃源,广东,深圳市,南山区,桃源街道京基御景峰大厦1栋,广东深圳市南山区桃源街道京基御景峰大厦1栋,广东深圳市南山区桃源街道京基御景峰大厦1栋,114.012339,22.597697
深圳桃源,广东,深圳市,南山区,方大城T1,广东深圳市南山区方大城T1,广东深圳市南山区方大城T1,113.971687,22.555622
深圳桃源,广东,深圳市,南山区,宝能城花园西区1B,广东深圳市南山区宝能城花园西区1B,广东深圳市南山区宝能城花园西区1B,113.993596,22.588978
深圳桃源,广东,深圳市,南山区,西丽桃源村二期99栋g,广东深圳市南山区西丽桃源村二期99栋g,广东深圳市南山区西丽桃源村二期99栋g,113.981088,22.558421
深圳桃源,广东,深圳市,南山区,桃源街道学苑大道塘朗大厦1404,广东深圳市南山区桃源街道学苑大道塘朗大厦1404,广东深圳市南山区桃源街道学苑大道塘朗大厦1404,113.987879,22.59065
深圳桃源,广东,深圳市,南山区,桃源街道留仙大道长源京基御领公馆3栋,广东深圳市南山区桃源街道留仙大道长源京基御领公馆3栋,广东深圳市南山区桃源街道留仙大道长源京基御领公馆3栋,114.012385,22.598417
深圳桃源,广东,深圳市,南山区,南山区桃源街道龙井村西区,广东深圳市南山区桃源街道龙井村西区,广东深圳市南山区桃源街道龙井村西区,113.973493,22.560355
深圳桃源,广东,深圳市,南山区,桃源街道峰景社区龙珠大道10号香瑞园8栋,广东深圳市南山区桃源街道峰景社区龙珠大道10号香瑞园8栋,广东深圳市南山区桃源街道峰景社区龙珠大道10号香瑞园8栋,113.991043,22.558229
深圳桃源,广东,深圳市,南山区,桃源街道留仙大道3370号南山智园崇文园区3号楼,广东深圳市南山区桃源街道留仙大道3370号南山智园崇文园区3号楼,广东深圳市南山区桃源街道留仙大道3370号南山智园崇文园区3号楼,113.992884,22.588007
深圳桃源,广东,深圳市,南山区,留仙大道3370号南山智园崇文园区3号楼层,广东深圳市南山区留仙大道3370号南山智园崇文园区3号楼层,广东深圳市南山区留仙大道3370号南山智园崇文园区3号楼层,113.992884,22.588007
深圳桃源,广东,深圳市,南山区,桃源街道京基御景峯大厦1栋,广东深圳市南山区桃源街道京基御景峯大厦1栋,广东深圳市南山区桃源街道京基御景峯大厦1栋,114.012339,22.597697
深圳桃源,广东,深圳市,南山区,桃源街道京基御景峰2期5栋,广东深圳市南山区桃源街道京基御景峰2期5栋,广东深圳市南山区桃源街道京基御景峰2期5栋,114.012339,22.597697
深圳桃源,广东,深圳市,南山区,桃源街道宝能城东区栋,广东深圳市南山区桃源街道宝能城东区栋,广东深圳市南山区桃源街道宝能城东区栋,113.998194,22.590731
深圳桃源,广东,深圳市,南山区,桃源街道龙光社区龙井路龙井村东区55号楼室耀型1.,广东深圳市南山区桃源街道龙光社区龙井路龙井村东区55号楼,广东深圳市南山区桃源街道龙光社区龙井路龙井村东区55号楼,113.975593,22.560351
深圳桃源,广东,深圳市,南山区,桃源街道学苑大道1001号南山智园栋楼,广东深圳市南山区桃源街道学苑大道1001号南山智园栋楼,广东深圳市南山区桃源街道学苑大道1001号南山智园栋楼,114.005376,22.595633
深圳桃源,广东,深圳市,南山区,留仙大道塘朗城A座楼MORE,广东深圳市南山区留仙大道塘朗城A座楼MORE,广东深圳市南山区留仙大道塘朗城A座楼MORE,114.000782,22.589079
深圳桃源,广东,深圳市,南山区,龙珠二路朗苑A栋,广东深圳市南山区龙珠二路朗苑A栋,广东深圳市南山区龙珠二路朗苑A栋,113.960848,22.569774
深圳桃源,广东,深圳市,南山区,龙珠大道38号天地峰景园3栋,广东深圳市南山区龙珠大道38号天地峰景园3栋,广东深圳市南山区龙珠大道38号天地峰景园3栋,113.986143,22.558985
深圳桃源,广东,深圳市,南山区,桃源街道龙都名园3栋B,广东深圳市南山区桃源街道龙都名园3栋B,广东深圳市南山区桃源街道龙都名园3栋B,113.956806,22.56988
深圳桃源,广东,深圳市,南山区,众冠红花岭工业区南-2区4栋佰维存储科技股份有限公司,广东深圳市南山区众冠红花岭工业区南-2区4栋佰维存储科技股份有限公司,广东深圳市南山区众冠红花岭工业区南-2区4栋佰维存储科技股份有限公司,113.967268,22.580711
深圳桃源,广东,深圳市,南山区,龙珠大道城市假日花园4,广东深圳市南山区龙珠大道城市假日花园4,广东深圳市南山区龙珠大道城市假日花园4,113.978463,22.563354
深圳桃源,广东,深圳市,南山区,桃源街道新屋村东区1号楼货架,广东深圳市南山区桃源街道新屋村东区1号楼货架,广东深圳市南山区桃源街道新屋村东区1号楼货架,113.967277,22.567767
深圳桃源,广东,深圳市,南山区,桃源街道桃源街道-南山区珠光村西区一栋号,广东深圳市南山区桃源街道桃源街道-南山区珠光村西区一栋号,广东深圳市南山区桃源街道桃源街道-南山区珠光村西区一栋号,113.959034,22.571747
深圳桃源,广东,深圳市,南山区,桃源街道桃源村二期83栋,广东深圳市南山区桃源街道桃源村二期83栋,广东深圳市南山区桃源街道桃源村二期83栋,113.980977,22.557946
深圳桃源,广东,深圳市,南山区,龙珠大道俊峰丽舍3-1,广东深圳市南山区龙珠大道俊峰丽舍3-1,广东深圳市南山区龙珠大道俊峰丽舍3-1,113.98315,22.559942
深圳桃源,广东,深圳市,南山区,怡然天地居2栋C单元,广东深圳市南山区怡然天地居2栋C单元,广东深圳市南山区怡然天地居2栋C单元,113.9739,22.563801
深圳桃源,广东,深圳市,南山区,新屋社区警务室新屋村东区1号,广东深圳市南山区新屋社区警务室新屋村东区1号,广东深圳市南山区新屋社区警务室新屋村东区1号,113.967277,22.567767
深圳桃源,广东,深圳市,南山区,龙珠大道桃源村三期1栋F座,广东深圳市南山区龙珠大道桃源村三期1栋F座,广东深圳市南山区龙珠大道桃源村三期1栋F座,113.981074,22.558358
深圳桃源,广东,深圳市,南山区,桃源街道梅州大厦913,广东深圳市南山区桃源街道梅州大厦913,广东深圳市南山区桃源街道梅州大厦913,113.984384,22.559244
深圳桃源,广东,深圳市,南山区,桃源街道新屋村珠光路112号新屋村西区42栋,广东深圳市南山区桃源街道新屋村珠光路112号新屋村西区42栋,广东深圳市南山区桃源街道新屋村珠光路112号新屋村西区42栋,113.965849,22.569192
深圳桃源,广东,深圳市,南山区,桃源街道学苑大道崇文花园11栋二单元,广东深圳市南山区桃源街道学苑大道崇文花园11栋二单元,广东深圳市南山区桃源街道学苑大道崇文花园11栋二单元,113.991272,22.589777
深圳桃源,广东,深圳市,南山区,桃源街道留仙大道京基御景峯5栋,广东深圳市南山区桃源街道留仙大道京基御景峯5栋,广东深圳市南山区桃源街道留仙大道京基御景峯5栋,114.012339,22.597697
深圳桃源,广东,深圳市,南山区,留仙大道4093号南山云谷创新产业园综合服务楼,广东深圳市南山区留仙大道4093号南山云谷创新产业园综合服务楼,广东深圳市南山区留仙大道4093号南山云谷创新产业园综合服务楼,113.972073,22.581136
深圳桃源,广东,深圳市,南山区,桃源村龙珠七路俊峰丽舍5-2,广东深圳市南山区桃源村龙珠七路俊峰丽舍5-2,广东深圳市南山区桃源村龙珠七路俊峰丽舍5-2,113.983644,22.560787
深圳桃源,广东,深圳市,南山区,桃源街道学苑大道水木丹华B座1702,广东深圳市南山区桃源街道学苑大道水木丹华B座1702,广东深圳市南山区桃源街道学苑大道水木丹华B座1702,113.989479,22.591584
深圳桃源,广东,深圳市,南山区,红花一路与红花南路交叉口西100米红花岭工业区南区一区一栋宿舍楼,广东深圳市南山区红花一路与红花南路交叉口西100米红花岭工业区南区一区一栋宿舍楼,广东深圳市南山区红花一路与红花南路交叉口西100米红花岭工业区南区一区一栋宿舍楼,113.9697,22.578434
深圳桃源,广东,深圳市,南山区,南山智园a4栋西迪特前台连廊,广东深圳市南山区南山智园a4栋西迪特前台连廊,广东深圳市南山区南山智园a4栋西迪特前台连廊,114.117968,22.52873
深圳桃源,广东,深圳市,南山区,西丽镇塘郎老村110栋,广东深圳市南山区西丽镇塘郎老村110栋,广东深圳市南山区西丽镇塘郎老村110栋,113.9573,22.579904
深圳桃源,广东,深圳市,南山区,桃源街道新屋村西区27栋,广东深圳市南山区桃源街道新屋村西区27栋,广东深圳市南山区桃源街道新屋村西区27栋,113.966505,22.569768
深圳桃源,广东,深圳市,南山区,西丽街道桃源村二期88栋,广东深圳市南山区西丽街道桃源村二期88栋,广东深圳市南山区西丽街道桃源村二期88栋,113.981074,22.558358
深圳桃源,广东,深圳市,南山区,桃源街道长源社区长源一街85号长源京基御景峯大厦3座,广东深圳市南山区桃源街道长源社区长源一街85号长源京基御景峯大厦3座,广东深圳市南山区桃源街道长源社区长源一街85号长源京基御景峯大厦3座,114.011967,22.597998
深圳桃源,广东,深圳市,南山区,南山区桃源街道春园路9号深圳西丽高尔夫乡村俱乐部学康路南门,广东深圳市南山区桃源街道春园路9号深圳西丽高尔夫乡村俱乐部学康路南门,广东深圳市南山区桃源街道春园路9号深圳西丽高尔夫乡村俱乐部学康路南门,113.987131,22.591682
深圳桃源,广东,深圳市,南山区,桃源街道西丽光前村桃源街道西区47栋,广东深圳市南山区桃源街道西丽光前村桃源街道西区47栋,广东深圳市南山区桃源街道西丽光前村桃源街道西区47栋,113.96334,22.565336
深圳桃源,广东,深圳市,南山区,桃源街道宝能城东区J栋,广东深圳市南山区桃源街道宝能城东区J栋,广东深圳市南山区桃源街道宝能城东区J栋,113.998113,22.590007
深圳桃源,广东,深圳市,南山区,桃源街道龙珠大道33号桃源村一期52栋,广东深圳市南山区桃源街道龙珠大道33号桃源村一期52栋,广东深圳市南山区桃源街道龙珠大道33号桃源村一期52栋,113.982904,22.558949
深圳桃源,广东,深圳市,南山区,桃源村102栋,广东深圳市南山区桃源村102栋,广东深圳市南山区桃源村102栋,113.979618,22.560632
深圳桃源,广东,深圳市,南山区,桃源街道集悦城A区5栋,广东深圳市南山区桃源街道集悦城A区5栋,广东深圳市南山区桃源街道集悦城A区5栋,113.983342,22.587306
深圳桃源,广东,深圳市,南山区,桃源街道十五峯1,广东深圳市南山区桃源街道十五峯1,广东深圳市南山区桃源街道十五峯1,113.964844,22.589104
深圳桃源,广东,深圳市,南山区,南山区桃源街道西丽塘朗工业区A区1栋慧,广东深圳市南山区桃源街道西丽塘朗工业区A区1栋慧,广东深圳市南山区桃源街道西丽塘朗工业区A区1栋慧,113.98404,22.587658
深圳桃源,广东,深圳市,南山区,桃源街道龙珠四路88号众悦家园一单元,广东深圳市南山区桃源街道龙珠四路88号众悦家园一单元,广东深圳市南山区桃源街道龙珠四路88号众悦家园一单元,113.972983,22.558623
深圳桃源,广东,深圳市,南山区,桃源街道绿坪二路垃圾分类环境生态园第三保安亭有害垃,广东深圳市南山区桃源街道绿坪二路垃圾分类环境生态园第三保安亭,广东深圳市南山区桃源街道绿坪二路垃圾分类环境生态园第三保安亭,113.976426,22.580847
深圳桃源,广东,深圳市,南山区,南山区桃源街道龙珠四路金地金谷公寓,广东深圳市南山区桃源街道龙珠四路金地金谷公寓,广东深圳市南山区桃源街道龙珠四路金地金谷公寓,113.975168,22.56116
深圳桃源,广东,深圳市,南山区,桃源街道华晖云门2,广东深圳市南山区桃源街道华晖云门2,广东深圳市南山区桃源街道华晖云门2,114.000643,22.592705
深圳桃源,广东,深圳市,南山区,南山区桃源街道留仙大道南山云谷创新产业园山水楼A座,广东深圳市南山区桃源街道留仙大道南山云谷创新产业园山水楼A座,广东深圳市南山区桃源街道留仙大道南山云谷创新产业园山水楼A座,113.971509,22.581325
深圳桃源,广东,深圳市,南山区,桃源街道崇文花园6b栋,广东深圳市南山区桃源街道崇文花园6b栋,广东深圳市南山区桃源街道崇文花园6b栋,113.992782,22.590083
深圳桃源,广东,深圳市,南山区,桃源街道光前工业区启龙中心室jjicecream,广东深圳市南山区桃源街道光前工业区启龙中心室jjicecream,广东深圳市南山区桃源街道光前工业区启龙中心室jjicecream,113.964325,22.564721
深圳桃源,广东,深圳市,南山区,南山区龙珠7路俊峰丽舍2栋,广东深圳市南山区龙珠7路俊峰丽舍2栋,广东深圳市南山区龙珠7路俊峰丽舍2栋,113.983384,22.561106
深圳桃源,广东,深圳市,南山区,南山区留仙大道3370号南山智园崇文园区2号楼楼维,广东深圳市南山区留仙大道3370号南山智园崇文园区2号楼楼维,广东深圳市南山区留仙大道3370号南山智园崇文园区2号楼楼维,113.992354,22.587816
深圳桃源,广东,深圳市,南山区,桃源街道留仙大道3370号南山智园崇文园区2号楼楼,广东深圳市南山区桃源街道留仙大道3370号南山智园崇文园区2号楼楼,广东深圳市南山区桃源街道留仙大道3370号南山智园崇文园区2号楼楼,113.992354,22.587816
深圳桃源,广东,深圳市,南山区,龙珠路四路2号方大城T2写字楼层景田食品饮料集团有限公司郝利年,广东深圳市南山区龙珠路四路2号方大城T2写字楼层景田食品饮料集团有限公司,广东深圳市南山区龙珠路四路2号方大城T2写字楼层景田食品饮料集团有限公司,113.973452,22.555792
深圳桃源,广东,深圳市,南山区,桃源街道龙珠三路睿园7栋,广东深圳市南山区桃源街道龙珠三路睿园7栋,广东深圳市南山区桃源街道龙珠三路睿园7栋,113.965163,22.566367
深圳桃源,广东,深圳市,南山区,宝能城花园西区首层银行大学城支行,广东深圳市南山区宝能城花园西区首层银行大学城支行,广东深圳市南山区宝能城花园西区首层银行大学城支行,113.973316,22.587327
深圳桃源,广东,深圳市,南山区,西丽留仙大道朗麓家园4B,广东深圳市南山区西丽留仙大道朗麓家园4B,广东深圳市南山区西丽留仙大道朗麓家园4B,113.997421,22.586943
深圳桃源,广东,深圳市,南山区,桃源村一期34栋单元,广东深圳市南山区桃源村一期34栋单元,广东深圳市南山区桃源村一期34栋单元,113.981074,22.558358
深圳桃源,广东,深圳市,南山区,桃源街道丽山路160号sk392567【无USB灰色‘1个】,广东深圳市南山区桃源街道丽山路160号,广东深圳市南山区桃源街道丽山路160号,113.963976,22.588005
深圳桃源,广东,深圳市,南山区,龙井路光前村西区63栋,广东深圳市南山区龙井路光前村西区63栋,广东深圳市南山区龙井路光前村西区63栋,113.962316,22.563565
深圳桃源,广东,深圳市,南山区,桃源街道龙井路152号阳晟汽车音响店,广东深圳市南山区桃源街道龙井路152号阳晟汽车音响店,广东深圳市南山区桃源街道龙井路152号阳晟汽车音响店,113.964652,22.561868
深圳桃源,广东,深圳市,南山区,南山区宝能城花园E2-12A,广东深圳市南山区宝能城花园E2-12A,广东深圳市南山区宝能城花园E2-12A,113.997674,22.590947
深圳桃源,广东,深圳市,南山区,桃源街道珠光路52号珠光创新科技园1栋,广东深圳市南山区桃源街道珠光路52号珠光创新科技园1栋,广东深圳市南山区桃源街道珠光路52号珠光创新科技园1栋,113.965977,22.571462
深圳桃源,广东,深圳市,南山区,桃源街道珠光路252号丽珠花园1号楼【派件】,广东深圳市南山区桃源街道珠光路252号丽珠花园1号楼,广东深圳市南山区桃源街道珠光路252号丽珠花园1号楼,113.957645,22.574146
深圳桃源,广东,深圳市,南山区,龙珠大道桃源村三期,广东深圳市南山区龙珠大道桃源村三期,广东深圳市南山区龙珠大道桃源村三期,113.981074,22.558358
深圳桃源,广东,深圳市,南山区,桃源街道华晖云门4B座,广东深圳市南山区桃源街道华晖云门4B座,广东深圳市南山区桃源街道华晖云门4B座,114.000884,22.592251
深圳桃源,广东,深圳市,南山区,南山区崇文花园16栋,广东深圳市南山区崇文花园16栋,广东深圳市南山区崇文花园16栋,113.992186,22.589279
深圳桃源,广东,深圳市,南山区,崇文花园12栋,广东深圳市南山区崇文花园12栋,广东深圳市南山区崇文花园12栋,113.990176,22.590817
深圳桃源,广东,深圳市,南山区,桃源村三期3栋E座,广东深圳市南山区桃源村三期3栋E座,广东深圳市南山区桃源村三期3栋E座,113.981074,22.558358
深圳桃源,广东,深圳市,南山区,桃源街道学苑大道2253号崇文花园16栋,广东深圳市南山区桃源街道学苑大道2253号崇文花园16栋,广东深圳市南山区桃源街道学苑大道2253号崇文花园16栋,113.992186,22.589279
深圳桃源,广东,深圳市,南山区,桃源街道龙珠大道40-12号梅州大厦,广东深圳市南山区桃源街道龙珠大道40-12号梅州大厦,广东深圳市南山区桃源街道龙珠大道40-12号梅州大厦,113.984384,22.559244
深圳桃源,广东,深圳市,南山区,桃源街道留仙大道红花岭南区闽利达工业园宿舍B区C栋C,广东深圳市南山区桃源街道留仙大道红花岭南区闽利达工业园宿舍B区C栋C,广东深圳市南山区桃源街道留仙大道红花岭南区闽利达工业园宿舍B区C栋C,113.968941,22.578507
深圳桃源,广东,深圳市,南山区,桃源街道龙井村路龙井村东区30号楼,广东深圳市南山区桃源街道龙井村路龙井村东区30号楼,广东深圳市南山区桃源街道龙井村路龙井村东区30号楼,113.975471,22.560384
深圳桃源,广东,深圳市,南山区,桃源街留仙大道地铁运营大厦旁深铁·阅山境C座,广东深圳市南山区桃源街留仙大道地铁运营大厦旁深铁·阅山境C座,广东深圳市南山区桃源街留仙大道地铁运营大厦旁深铁·阅山境C座,113.992888,22.586467
深圳桃源,广东,深圳市,南山区,南山区桃源街道龙珠四路金谷创业园C栋楼C,广东深圳市南山区桃源街道龙珠四路金谷创业园C栋楼C,广东深圳市南山区桃源街道龙珠四路金谷创业园C栋楼C,113.974781,22.561699
深圳桃源,广东,深圳市,南山区,珠光村东区23-2栋,广东深圳市南山区珠光村东区23-2栋,广东深圳市南山区珠光村东区23-2栋,113.96437,22.57029
深圳桃源,广东,深圳市,南山区,桃源街道新屋村中区6栋,广东深圳市南山区桃源街道新屋村中区6栋,广东深圳市南山区桃源街道新屋村中区6栋,113.965974,22.569144
深圳桃源,广东,深圳市,南山区,南山区桃源街道光前村55栋,广东深圳市南山区桃源街道光前村55栋,广东深圳市南山区桃源街道光前村55栋,113.962967,22.5637
深圳桃源,广东,深圳市,南山区,南山区桃源街道留仙大道3355号朗麓家园17栋,广东深圳市南山区桃源街道留仙大道3355号朗麓家园17栋,广东深圳市南山区桃源街道留仙大道3355号朗麓家园17栋,114.0026,22.589313
深圳桃源,广东,深圳市,南山区,桃源街道沙河东路259号新安学院宿舍区丰巢柜,广东深圳市南山区桃源街道沙河东路259号新安学院宿舍区丰巢柜,广东深圳市南山区桃源街道沙河东路259号新安学院宿舍区丰巢柜,113.970167,22.557678
深圳桃源,广东,深圳市,南山区,桃源街道桃源村15栋,广东深圳市南山区桃源街道桃源村15栋,广东深圳市南山区桃源街道桃源村15栋,113.980398,22.555864
深圳桃源,广东,深圳市,南山区,桃源街道京基御景峯二栋MisEn,广东深圳市南山区桃源街道京基御景峯二栋MisEn,广东深圳市南山区桃源街道京基御景峯二栋MisEn,114.012339,22.597697
深圳桃源,广东,深圳市,南山区,西丽龙珠大道72号鼎胜山邻居A座,广东深圳市南山区西丽龙珠大道72号鼎胜山邻居A座,广东深圳市南山区西丽龙珠大道72号鼎胜山邻居A座,113.973474,22.565335
深圳桃源,广东,深圳市,南山区,桃源街道桃源街道阅山镜2栋,广东深圳市南山区桃源街道桃源街道阅山镜2栋,广东深圳市南山区桃源街道桃源街道阅山镜2栋,113.964844,22.589104
深圳桃源,广东,深圳市,南山区,桃源街道深圳南山区新屋村中区60栋,广东深圳市南山区桃源街道深圳南山区新屋村中区60栋,广东深圳市南山区桃源街道深圳南山区新屋村中区60栋,113.966474,22.568748
深圳桃源,广东,深圳市,南山区,桃源街道学苑大道崇文花园10栋二单元,广东深圳市南山区桃源街道学苑大道崇文花园10栋二单元,广东深圳市南山区桃源街道学苑大道崇文花园10栋二单元,113.991911,22.590109
深圳桃源,广东,深圳市,南山区,沙河东路,广东深圳市南山区沙河东路,广东深圳市南山区沙河东路,113.965479,22.546171
深圳桃源,广东,深圳市,南山区,深圳市南山区桃源街道龙珠军苑福欣予生活馆,广东深圳市南山区深圳市南山区桃源街道龙珠军苑福欣予生活馆,广东深圳市南山区深圳市南山区桃源街道龙珠军苑福欣予生活馆,113.987208,22.56011
深圳桃源,广东,深圳市,南山区,桃源街道桃源村综合楼楼A03A商铺,广东深圳市南山区桃源街道桃源村综合楼楼A03A商铺,广东深圳市南山区桃源街道桃源村综合楼楼A03A商铺,113.979753,22.556437
深圳桃源,广东,深圳市,南山区,桃源街道众悦家园三座,广东深圳市南山区桃源街道众悦家园三座,广东深圳市南山区桃源街道众悦家园三座,113.972462,22.55889
深圳桃源,广东,深圳市,南山区,桃源街道崇文园区2号楼,广东深圳市南山区桃源街道崇文园区2号楼,广东深圳市南山区桃源街道崇文园区2号楼,113.992354,22.587816
深圳桃源,广东,深圳市,南山区,塘朗村196栋,广东深圳市南山区塘朗村196栋,广东深圳市南山区塘朗村196栋,113.988616,22.588044
深圳桃源,广东,深圳市,南山区,桃源村3期,广东深圳市南山区桃源村3期,广东深圳市南山区桃源村3期,113.9845,22.558116
深圳桃源,广东,深圳市,南山区,留仙大道宝能环球汇L层C馆L1011-3JECCIFIVE,广东深圳市南山区留仙大道宝能环球汇L层C馆L1011-3JECCIFIVE,广东深圳市南山区留仙大道宝能环球汇L层C馆L1011-3JECCIFIVE,113.998195,22.590733
深圳桃源,广东,深圳市,南山区,桃源街道龙光社区光前村西区67栋,广东深圳市南山区桃源街道龙光社区光前村西区67栋,广东深圳市南山区桃源街道龙光社区光前村西区67栋,113.962818,22.563532
深圳桃源,广东,深圳市,南山区,桃源街道水木华庭3栋B座,广东深圳市南山区桃源街道水木华庭3栋B座,广东深圳市南山区桃源街道水木华庭3栋B座,113.979562,22.563121
深圳桃源,广东,深圳市,南山区,龙珠七路中爱花园,广东深圳市南山区龙珠七路中爱花园,广东深圳市南山区龙珠七路中爱花园,113.984543,22.560886
深圳桃源,广东,深圳市,南山区,桃源街道新屋村中区120栋,广东深圳市南山区桃源街道新屋村中区120栋,广东深圳市南山区桃源街道新屋村中区120栋,113.966474,22.568748
深圳桃源,广东,深圳市,南山区,学苑大道1099号华晖云门5栋D,广东深圳市南山区学苑大道1099号华晖云门5栋D,广东深圳市南山区学苑大道1099号华晖云门5栋D,114.001466,22.592288
深圳桃源,广东,深圳市,南山区,桃源街道崇文花园16栋,广东深圳市南山区桃源街道崇文花园16栋,广东深圳市南山区桃源街道崇文花园16栋,113.992186,22.589279
深圳桃源,广东,深圳市,南山区,桃源街道龙珠四路雅翔本钢大厦楼-淘,广东深圳市南山区桃源街道龙珠四路雅翔本钢大厦楼-淘,广东深圳市南山区桃源街道龙珠四路雅翔本钢大厦楼-淘,113.971664,22.556623
深圳桃源,广东,深圳市,南山区,桃源村岁宝楼盒马鲜生出口处广,广东深圳市南山区桃源村岁宝楼盒马鲜生出口处,广东深圳市南山区桃源村岁宝楼盒马鲜生出口处,113.981074,22.558358
深圳桃源,广东,深圳市,南山区,桃源街道学苑大道1001号南山智园C1栋楼南科大设计学院,广东深圳市南山区桃源街道学苑大道1001号南山智园C1栋楼南科大设计学院,广东深圳市南山区桃源街道学苑大道1001号南山智园C1栋楼南科大设计学院,114.005376,22.595633
深圳桃源,广东,深圳市,南山区,桃源村102棟,广东深圳市南山区桃源村102棟,广东深圳市南山区桃源村102棟,113.979618,22.560632
深圳桃源,广东,深圳市,南山区,桃源街道桃源村三期2栋俊岩｜,广东深圳市南山区桃源街道桃源村三期2栋c房,广东深圳市南山区桃源街道桃源村三期2栋c房,113.980977,22.557946
深圳桃源,广东,深圳市,南山区,西丽创客小镇阿弟烧,广东深圳市南山区西丽创客小镇阿弟烧,广东深圳市南山区西丽创客小镇阿弟烧,113.962068,22.580247
深圳桃源,广东,深圳市,南山区,南山区桃源街道学苑大道华晖云门5栋,广东深圳市南山区桃源街道学苑大道华晖云门5栋,广东深圳市南山区桃源街道学苑大道华晖云门5栋,114.000884,22.592251
深圳桃源,广东,深圳市,南山区,桃源街道长源村中铁十二局项目部,广东深圳市南山区桃源街道长源村中铁十二局项目部,广东深圳市南山区桃源街道长源村中铁十二局项目部,113.934873,22.49841
深圳桃源,广东,深圳市,南山区,留仙大道宝能城花园东区J-29D,广东深圳市南山区留仙大道宝能城花园东区J-29D,广东深圳市南山区留仙大道宝能城花园东区J-29D,113.9987,22.590982
深圳桃源,广东,深圳市,南山区,桃源村二期100栋,广东深圳市南山区桃源村二期100栋,广东深圳市南山区桃源村二期100栋,113.981074,22.558358
深圳桃源,广东,深圳市,南山区,桃源街道福光社区留仙大道3333号塘朗城广场A座楼,广东深圳市南山区桃源街道福光社区留仙大道3333号塘朗城广场A座楼,广东深圳市南山区桃源街道福光社区留仙大道3333号塘朗城广场A座楼,113.999706,22.588863
深圳桃源,广东,深圳市,南山区,桃源街道学苑大道水木丹华F栋,广东深圳市南山区桃源街道学苑大道水木丹华F栋,广东深圳市南山区桃源街道学苑大道水木丹华F栋,113.989883,22.591333
深圳桃源,广东,深圳市,南山区,留仙大道红花四路,广东深圳市南山区留仙大道红花四路,广东深圳市南山区留仙大道红花四路,113.97007,22.578367
深圳桃源,广东,深圳市,南山区,桃源街道新屋村东区消防站,广东深圳市南山区桃源街道新屋村东区消防站,广东深圳市南山区桃源街道新屋村东区消防站,113.967277,22.567767
深圳桃源,广东,深圳市,南山区,龙井路鼎胜林栖园A座A座3单元,广东深圳市南山区龙井路鼎胜林栖园A座A座3单元,广东深圳市南山区龙井路鼎胜林栖园A座A座3单元,113.97425,22.558374
深圳桃源,广东,深圳市,南山区,桃源街道桃源街道龙珠四路88号众悦家园三单元2907,广东深圳市南山区桃源街道桃源街道龙珠四路88号众悦家园三单元2907,广东深圳市南山区桃源街道桃源街道龙珠四路88号众悦家园三单元2907,113.972142,22.559165
深圳桃源,广东,深圳市,南山区,桃源村1期73栋单元,广东深圳市南山区桃源村1期73栋单元,广东深圳市南山区桃源村1期73栋单元,113.982033,22.555691
深圳桃源,广东,深圳市,南山区,桃源街道红花北路众冠红花岭工业南区2区8栋楼,广东深圳市南山区桃源街道红花北路众冠红花岭工业南区2区8栋楼,广东深圳市南山区桃源街道红花北路众冠红花岭工业南区2区8栋楼,113.967252,22.581761
深圳桃源,广东,深圳市,南山区,桃园街道长源京基御景峯二地块3栋,广东深圳市南山区桃园街道长源京基御景峯二地块3栋,广东深圳市南山区桃园街道长源京基御景峯二地块3栋,114.011967,22.597998
深圳桃源,广东,深圳市,南山区,西丽街道西丽高尔夫南门,广东深圳市南山区西丽街道西丽高尔夫南门,广东深圳市南山区西丽街道西丽高尔夫南门,113.931669,22.636382
深圳桃源,广东,深圳市,南山区,桃源街道塘益路30号小米手机店,广东深圳市南山区桃源街道塘益路30号小米手机店,广东深圳市南山区桃源街道塘益路30号小米手机店,113.987754,22.588411
深圳桃源,广东,深圳市,南山区,桃源街道龙珠七路中爱花园E栋订单编号毛主席像章直播间一号链接不,广东深圳市南山区桃源街道龙珠七路中爱花园E栋,广东深圳市南山区桃源街道龙珠七路中爱花园E栋,113.984543,22.560886
深圳桃源,广东,深圳市,南山区,桃源街道留仙大道塘朗城广场A座楼,广东深圳市南山区桃源街道留仙大道塘朗城广场A座楼,广东深圳市南山区桃源街道留仙大道塘朗城广场A座楼,113.999706,22.588863
深圳桃源,广东,深圳市,南山区,留仙大道3288号楼他她专柜,广东深圳市南山区留仙大道3288号楼他她专柜,广东深圳市南山区留仙大道3288号楼他她专柜,113.998159,22.5904
深圳桃源,广东,深圳市,南山区,西丽街道宝能环球汇C馆楼L1041C小,广东深圳市南山区西丽街道宝能环球汇C馆楼L1041C小,广东深圳市南山区西丽街道宝能环球汇C馆楼L1041C小,113.999017,22.591403
深圳桃源,广东,深圳市,南山区,南山区桃源街道崇文花园12栋,广东深圳市南山区桃源街道崇文花园12栋,广东深圳市南山区桃源街道崇文花园12栋,113.990176,22.590817
深圳桃源,广东,深圳市,南山区,桃源村15栋,广东深圳市南山区桃源村15栋,广东深圳市南山区桃源村15栋,113.980398,22.555864
深圳桃源,广东,深圳市,南山区,桃源街道仙科路崇文花园12栋,广东深圳市南山区桃源街道仙科路崇文花园12栋,广东深圳市南山区桃源街道仙科路崇文花园12栋,113.990176,22.590817
深圳桃源,广东,深圳市,南山区,桃源街道龙井村东区,广东深圳市南山区桃源街道龙井村东区,广东深圳市南山区桃源街道龙井村东区,113.975593,22.560351
深圳桃源,广东,深圳市,南山区,南山区桃源街道龙井村东区8号楼,广东深圳市南山区桃源街道龙井村东区8号楼,广东深圳市南山区桃源街道龙井村东区8号楼,113.975593,22.560351
深圳桃源,广东,深圳市,南山区,新屋村青年宿舍,广东深圳市南山区新屋村青年宿舍,广东深圳市南山区新屋村青年宿舍,113.963002,22.563629
深圳桃源,广东,深圳市,南山区,留仙大道长岭陂地铁站A1出口京基御景峯大厦1栋,广东深圳市南山区留仙大道长岭陂地铁站A1出口京基御景峯大厦1栋,广东深圳市南山区留仙大道长岭陂地铁站A1出口京基御景峯大厦1栋,114.118341,22.536466
深圳桃源,广东,深圳市,南山区,南山区桃源街道学苑大道1001号南山智园A3栋层000000摩力克8030,广东深圳市南山区桃源街道学苑大道1001号南山智园A3栋,广东深圳市南山区桃源街道学苑大道1001号南山智园A3栋,114.005583,22.595835
深圳桃源,广东,深圳市,南山区,南头街道北环大道高发科技园,广东深圳市南山区南头街道北环大道高发科技园,广东深圳市南山区南头街道北环大道高发科技园,113.976531,22.55541
深圳桃源,广东,深圳市,南山区,西丽龙珠六路十五峯花园北门6A,广东深圳市南山区西丽龙珠六路十五峯花园北门6A,广东深圳市南山区西丽龙珠六路十五峯花园北门6A,113.98082,22.565113
深圳桃源,广东,深圳市,南山区,深圳市南山区留仙大道桃源街道南山智园崇文区1号楼楼麦驰安防技术有限公司,广东深圳市南山区深圳市南山区留仙大道桃源街道南山智园崇文区1号楼楼麦驰安防技术有限公司,广东深圳市南山区深圳市南山区留仙大道桃源街道南山智园崇文区1号楼楼麦驰安防技术有限公司,113.964844,22.589104
深圳桃源,广东,深圳市,南山区,桃源街道珠光路438号丽珠花园3栋,广东深圳市南山区桃源街道珠光路438号丽珠花园3栋,广东深圳市南山区桃源街道珠光路438号丽珠花园3栋,113.957909,22.574336
深圳桃源,广东,深圳市,南山区,桃源街道光前工业区启龙大厦,广东深圳市南山区桃源街道光前工业区启龙大厦,广东深圳市南山区桃源街道光前工业区启龙大厦,113.964325,22.564721
深圳桃源,广东,深圳市,南山区,龙珠七路中爱花园C,广东深圳市南山区龙珠七路中爱花园C,广东深圳市南山区龙珠七路中爱花园C,113.984543,22.560886
深圳桃源,广东,深圳市,南山区,桃源村94栋F,广东深圳市南山区桃源村94栋F,广东深圳市南山区桃源村94栋F,113.981582,22.558469
深圳桃源,广东,深圳市,南山区,桃源街道龙珠四路2号方大城4栋,广东深圳市南山区桃源街道龙珠四路2号方大城4栋,广东深圳市南山区桃源街道龙珠四路2号方大城4栋,113.972754,22.556769
深圳桃源,广东,深圳市,南山区,桃源街道留仙大道宝能城花园H栋,广东深圳市南山区桃源街道留仙大道宝能城花园H栋,广东深圳市南山区桃源街道留仙大道宝能城花园H栋,113.996998,22.590155
深圳桃源,广东,深圳市,南山区,十五峯一栋A座,广东深圳市南山区十五峯一栋A座,广东深圳市南山区十五峯一栋A座,113.924164,22.488255
深圳桃源,广东,深圳市,南山区,南山区桃源街道长源社区学苑大道1001号南山智园A3栋层,广东深圳市南山区桃源街道长源社区学苑大道1001号南山智园A3栋层,广东深圳市南山区桃源街道长源社区学苑大道1001号南山智园A3栋层,114.005583,22.595835
深圳桃源,广东,深圳市,南山区,崇文花园1栋,广东深圳市南山区崇文花园1栋,广东深圳市南山区崇文花园1栋,113.990813,22.592011
深圳桃源,广东,深圳市,南山区,桃源街道龙珠大道桃源村三期3栋E座,广东深圳市南山区桃源街道龙珠大道桃源村三期3栋E座,广东深圳市南山区桃源街道龙珠大道桃源村三期3栋E座,113.980977,22.557946
深圳桃源,广东,深圳市,南山区,龙珠大道润城花园2栋,广东深圳市南山区龙珠大道润城花园2栋,广东深圳市南山区龙珠大道润城花园2栋,113.957779,22.569077
深圳桃源,广东,深圳市,南山区,桃源街道龙珠大道与龙珠六路交汇处皇庭香格里花园A栋楼I房X,广东深圳市南山区桃源街道龙珠大道与龙珠六路交汇处皇庭香格里花园A栋楼I房X,广东深圳市南山区桃源街道龙珠大道与龙珠六路交汇处皇庭香格里花园A栋楼I房X,113.980444,22.561422
深圳桃源,广东,深圳市,南山区,南山区桃源街道南山龙珠大道桃源村三期,广东深圳市南山区桃源街道南山龙珠大道桃源村三期,广东深圳市南山区桃源街道南山龙珠大道桃源村三期,113.980977,22.557946
深圳桃源,广东,深圳市,南山区,桃源街道深圳市龙井路350号龙都名园2栋,广东深圳市南山区桃源街道深圳市龙井路350号龙都名园2栋,广东深圳市南山区桃源街道深圳市龙井路350号龙都名园2栋,113.956633,22.570231
深圳桃源,广东,深圳市,南山区,留仙大道朗麓家园1栋B,广东深圳市南山区留仙大道朗麓家园1栋B,广东深圳市南山区留仙大道朗麓家园1栋B,113.993889,22.586564
深圳桃源,广东,深圳市,南山区,广东省深圳市南山区西丽街道龙珠大道桃源村87栋,广东深圳市南山区广东省深圳市南山区西丽街道龙珠大道桃源村87栋,广东深圳市南山区广东省深圳市南山区西丽街道龙珠大道桃源村87栋,113.983146,22.557871
深圳桃源,广东,深圳市,南山区,龙珠七路俊峰丽舍5栋单元,广东深圳市南山区龙珠七路俊峰丽舍5栋单元,广东深圳市南山区龙珠七路俊峰丽舍5栋单元,113.983644,22.560787
深圳桃源,广东,深圳市,南山区,桃源村80栋单元,广东深圳市南山区桃源村80栋单元,广东深圳市南山区桃源村80栋单元,113.981074,22.558358
深圳桃源,广东,深圳市,南山区,红花岭产业园深圳建工项目部,广东深圳市南山区红花岭产业园深圳建工项目部,广东深圳市南山区红花岭产业园深圳建工项目部,113.925692,22.564318
深圳桃源,广东,深圳市,南山区,桃源村一期2栋号,广东深圳市南山区桃源村一期2栋号,广东深圳市南山区桃源村一期2栋号,113.981074,22.558358
深圳桃源,广东,深圳市,南山区,光前村西区95栋,广东深圳市南山区光前村西区95栋,广东深圳市南山区光前村西区95栋,113.962845,22.564177
深圳桃源,广东,深圳市,南山区,桃源街道朗苑B,广东深圳市南山区桃源街道朗苑B,广东深圳市南山区桃源街道朗苑B,113.930478,22.533191
深圳桃源,广东,深圳市,南山区,龙珠六路桃源村98栋,广东深圳市南山区龙珠六路桃源村98栋,广东深圳市南山区龙珠六路桃源村98栋,113.979606,22.559548
深圳桃源,广东,深圳市,南山区,留仙大道1183号南山云谷创新产业园南风楼B座,广东深圳市南山区留仙大道1183号南山云谷创新产业园南风楼B座,广东深圳市南山区留仙大道1183号南山云谷创新产业园南风楼B座,113.972427,22.581509
深圳桃源,广东,深圳市,南山区,朗麓家园10栋铺巴,广东深圳市南山区朗麓家园10栋铺巴,广东深圳市南山区朗麓家园10栋铺巴,113.995928,22.585641
深圳桃源,广东,深圳市,南山区,桃源街道桃源村69栋北,广东深圳市南山区桃源街道桃源村69栋北,广东深圳市南山区桃源街道桃源村69栋北,113.97747,22.559297
深圳桃源,广东,深圳市,南山区,深圳市南山区桃源街道长源社区京基御景峯大厦1栋,广东深圳市南山区深圳市南山区桃源街道长源社区京基御景峯大厦1栋,广东深圳市南山区深圳市南山区桃源街道长源社区京基御景峯大厦1栋,114.012339,22.597697
深圳桃源,广东,深圳市,南山区,桃源街道留仙大道朗麓家园3栋,广东深圳市南山区桃源街道留仙大道朗麓家园3栋,广东深圳市南山区桃源街道留仙大道朗麓家园3栋,113.995976,22.58754
深圳桃源,广东,深圳市,南山区,桃源街道朗麓家园4栋C,广东深圳市南山区桃源街道朗麓家园4栋C,广东深圳市南山区桃源街道朗麓家园4栋C,113.930478,22.533191
深圳桃源,广东,深圳市,南山区,珠光北路88号明亮科技园5栋,广东深圳市南山区珠光北路88号明亮科技园5栋,广东深圳市南山区珠光北路88号明亮科技园5栋,113.957767,22.578022
深圳桃源,广东,深圳市,南山区,塘朗城B栋公寓,广东深圳市南山区塘朗城B栋公寓,广东深圳市南山区塘朗城B栋公寓,113.943925,22.537525
深圳桃源,广东,深圳市,南山区,桃源街道老地方烧烤渔庄,广东深圳市南山区桃源街道老地方烧烤渔庄,广东深圳市南山区桃源街道老地方烧烤渔庄,113.989056,22.588742
深圳桃源,广东,深圳市,南山区,桃源街道西丽体育中心附属楼单,广东深圳市南山区桃源街道西丽体育中心附属楼单,广东深圳市南山区桃源街道西丽体育中心附属楼单,113.943867,22.568801
深圳桃源,广东,深圳市,南山区,桃源街道珠光路地铁c口朗苑小区a栋A08,广东深圳市南山区桃源街道珠光路地铁c口朗苑小区a栋A08,广东深圳市南山区桃源街道珠光路地铁c口朗苑小区a栋A08,113.960848,22.569774
深圳桃源,广东,深圳市,南山区,桃源街道桃源里家园B栋,广东深圳市南山区桃源街道桃源里家园B栋,广东深圳市南山区桃源街道桃源里家园B栋,113.985682,22.56115
深圳桃源,广东,深圳市,南山区,桃源街道龙珠大道北侧香瑞园北区4C,广东深圳市南山区桃源街道龙珠大道北侧香瑞园北区4C,广东深圳市南山区桃源街道龙珠大道北侧香瑞园北区4C,113.960435,22.567178
深圳桃源,广东,深圳市,南山区,桃源街道宝能城花园2栋B座,广东深圳市南山区桃源街道宝能城花园2栋B座,广东深圳市南山区桃源街道宝能城花园2栋B座,113.996998,22.590155
深圳桃源,广东,深圳市,南山区,桃源街道学苑大道水木丹华F,广东深圳市南山区桃源街道学苑大道水木丹华F,广东深圳市南山区桃源街道学苑大道水木丹华F,113.989479,22.591584
深圳桃源,广东,深圳市,南山区,桃源街道北环大道与龙珠四路交汇处方大城T1栋楼,广东深圳市南山区桃源街道北环大道与龙珠四路交汇处方大城T1栋楼,广东深圳市南山区桃源街道北环大道与龙珠四路交汇处方大城T1栋楼,113.971687,22.555622
深圳桃源,广东,深圳市,南山区,桃源街道新屋村中区7栋,广东深圳市南山区桃源街道新屋村中区7栋,广东深圳市南山区桃源街道新屋村中区7栋,113.96607,22.569096
深圳桃源,广东,深圳市,南山区,桃源街道光前村西区41一1栋,广东深圳市南山区桃源街道光前村西区41一1栋,广东深圳市南山区桃源街道光前村西区41一1栋,113.961822,22.562989
深圳桃源,广东,深圳市,南山区,西丽桃源村三期,广东深圳市南山区西丽桃源村三期,广东深圳市南山区西丽桃源村三期,113.981088,22.558421
深圳桃源,广东,深圳市,南山区,桃源街道珠光村东区,广东深圳市南山区桃源街道珠光村东区,广东深圳市南山区桃源街道珠光村东区,113.964359,22.570652
深圳桃源,广东,深圳市,南山区,桃源村33栋,广东深圳市南山区桃源村33栋,广东深圳市南山区桃源村33栋,113.980305,22.55702
深圳桃源,广东,深圳市,南山区,桃源街道社区方大城广场12号研发楼-层L103炉太郎烧肉居酒屋公司炉太郎烧肉,广东深圳市南山区桃源街道社区方大城广场12号研发楼-层L103炉太郎烧肉居酒屋公司炉太郎烧肉,广东深圳市南山区桃源街道社区方大城广场12号研发楼-层L103炉太郎烧肉居酒屋公司炉太郎烧肉,113.972787,22.556026
深圳桃源,广东,深圳市,南山区,桃源街道龙珠大道38号天地峰景园7栋,广东深圳市南山区桃源街道龙珠大道38号天地峰景园7栋,广东深圳市南山区桃源街道龙珠大道38号天地峰景园7栋,113.986143,22.558985
深圳桃源,广东,深圳市,南山区,桃源街道珠光路249号宝珠花园,广东深圳市南山区桃源街道珠光路249号宝珠花园,广东深圳市南山区桃源街道珠光路249号宝珠花园,113.959169,22.571185
深圳桃源,广东,深圳市,南山区,桃源街道沙河东路259号新安职业技术学院南区北环大道北实训楼边丰巢柜,广东深圳市南山区桃源街道沙河东路259号新安职业技术学院南区北环大道北实训楼边丰巢柜,广东深圳市南山区桃源街道沙河东路259号新安职业技术学院南区北环大道北实训楼边丰巢柜,113.93014,22.553093
深圳桃源,广东,深圳市,南山区,桃源街道龙珠七路俊峰丽舍五栋单元,广东深圳市南山区桃源街道龙珠七路俊峰丽舍五栋单元,广东深圳市南山区桃源街道龙珠七路俊峰丽舍五栋单元,113.983644,22.560787
深圳桃源,广东,深圳市,南山区,南山区桃源街道珠光村西区25号楼,广东深圳市南山区桃源街道珠光村西区25号楼,广东深圳市南山区桃源街道珠光村西区25号楼,113.959489,22.571841
深圳桃源,广东,深圳市,南山区,桃源街道塘朗新村70栋,广东深圳市南山区桃源街道塘朗新村70栋,广东深圳市南山区桃源街道塘朗新村70栋,113.988295,22.589151
深圳桃源,广东,深圳市,南山区,桃源街道欧陆经典1栋号铺,广东深圳市南山区桃源街道欧陆经典1栋号铺,广东深圳市南山区桃源街道欧陆经典1栋号铺,113.97008,22.559778
深圳桃源,广东,深圳市,南山区,桃源街道坪山社区红花路2号华谊城红花岭社区15栋,广东深圳市南山区桃源街道坪山社区红花路2号华谊城红花岭社区15栋,广东深圳市南山区桃源街道坪山社区红花路2号华谊城红花岭社区15栋,113.968738,22.578382
深圳桃源,广东,深圳市,南山区,桃源街道珠光路268号圳宝花园6栋,广东深圳市南山区桃源街道珠光路268号圳宝花园6栋,广东深圳市南山区桃源街道珠光路268号圳宝花园6栋,113.957739,22.576889
深圳桃源,广东,深圳市,南山区,桃源街道龙珠大道城市假日花园7栋,广东深圳市南山区桃源街道龙珠大道城市假日花园7栋,广东深圳市南山区桃源街道龙珠大道城市假日花园7栋,113.979034,22.563848
深圳桃源,广东,深圳市,南山区,桃源街道留仙大道宝能城J栋,广东深圳市南山区桃源街道留仙大道宝能城J栋,广东深圳市南山区桃源街道留仙大道宝能城J栋,113.996998,22.590155
深圳桃源,广东,深圳市,南山区,圳南山区南山云谷南风楼B座,广东深圳市南山区圳南山区南山云谷南风楼B座,广东深圳市南山区圳南山区南山云谷南风楼B座,113.972097,22.581732
深圳桃源,广东,深圳市,南山区,龙珠七路中爱大厦楼,广东深圳市南山区龙珠七路中爱大厦楼,广东深圳市南山区龙珠七路中爱大厦楼,113.984679,22.561561
深圳桃源,广东,深圳市,南山区,西丽镇塘朗村西丽高尔夫乡村俱乐部南门LCP,广东深圳市南山区西丽镇塘朗村西丽高尔夫乡村俱乐部南门LCP,广东深圳市南山区西丽镇塘朗村西丽高尔夫乡村俱乐部南门LCP,113.943867,22.568801
深圳桃源,广东,深圳市,南山区,西丽街道广东省深圳市南山区留仙大道4093号南山云谷创新产业园山水楼B座,广东深圳市南山区西丽街道广东省深圳市南山区留仙大道4093号南山云谷创新产业园山水楼B座,广东深圳市南山区西丽街道广东省深圳市南山区留仙大道4093号南山云谷创新产业园山水楼B座,113.971478,22.581002
深圳桃源,广东,深圳市,南山区,南山区桃源街道龙珠大道十五峰6栋A座,广东深圳市南山区桃源街道龙珠大道十五峰6栋A座,广东深圳市南山区桃源街道龙珠大道十五峰6栋A座,113.982813,22.559715
深圳桃源,广东,深圳市,南山区,桃源街道广东省深圳市南山区留仙大道3355号朗麓家园14栋,广东深圳市南山区桃源街道广东省深圳市南山区留仙大道3355号朗麓家园14栋,广东深圳市南山区桃源街道广东省深圳市南山区留仙大道3355号朗麓家园14栋,114.00039,22.587737
深圳桃源,广东,深圳市,南山区,南山区深圳市南山区桃源街道学苑大道1099号华晖云门打自取-----813FA22,广东深圳市南山区深圳市南山区桃源街道学苑大道1099号,广东深圳市南山区深圳市南山区桃源街道学苑大道1099号,114.000884,22.592251
深圳桃源,广东,深圳市,南山区,桃源街道郁金香家园2栋,广东深圳市南山区桃源街道郁金香家园2栋,广东深圳市南山区桃源街道郁金香家园2栋,113.981767,22.561965
深圳桃源,广东,深圳市,南山区,桃源街道汉园茗院1栋单元,广东深圳市南山区桃源街道汉园茗院1栋单元,广东深圳市南山区桃源街道汉园茗院1栋单元,113.964844,22.589104
深圳桃源,广东,深圳市,南山区,桃源街道龙井路军休服务管理中心1栋单元,广东深圳市南山区桃源街道龙井路军休服务管理中心1栋单元,广东深圳市南山区桃源街道龙井路军休服务管理中心1栋单元,113.96624,22.561522
深圳桃源,广东,深圳市,南山区,桃源街道珠光村东区79栋,广东深圳市南山区桃源街道珠光村东区79栋,广东深圳市南山区桃源街道珠光村东区79栋,113.96398,22.571546
深圳桃源,广东,深圳市,南山区,桃源街道珠光小学对面惠馨公寓楼门口鞋架子上,广东深圳市南山区桃源街道珠光小学对面惠馨公寓楼,广东深圳市南山区桃源街道珠光小学对面惠馨公寓楼,113.963001,22.566086
深圳桃源,广东,深圳市,南山区,桃源村60栋房,广东深圳市南山区桃源村60栋房,广东深圳市南山区桃源村60栋房,113.977015,22.558144
深圳桃源,广东,深圳市,南山区,西丽宝能城西区,广东深圳市南山区西丽宝能城西区,广东深圳市南山区西丽宝能城西区,113.994523,22.589015
深圳桃源,广东,深圳市,南山区,留仙大道3577号深铁阅山境A,广东深圳市南山区留仙大道3577号深铁阅山境A,广东深圳市南山区留仙大道3577号深铁阅山境A,113.991836,22.585958
深圳桃源,广东,深圳市,南山区,桃源村36栋,广东深圳市南山区桃源村36栋,广东深圳市南山区桃源村36栋,113.980463,22.557311
深圳桃源,广东,深圳市,南山区,沙河东路欧洲城香江家居楼,广东深圳市南山区沙河东路欧洲城香江家居楼,广东深圳市南山区沙河东路欧洲城香江家居楼,113.965459,22.55721
深圳桃源,广东,深圳市,南山区,桃源街道桃源村三期岁宝百货楼海王星辰药店旁桃源阁养生馆,广东深圳市南山区桃源街道桃源村三期岁宝百货楼海王星辰药店旁桃源阁养生馆,广东深圳市南山区桃源街道桃源村三期岁宝百货楼海王星辰药店旁桃源阁养生馆,113.980977,22.557946
深圳桃源,广东,深圳市,南山区,塘朗老村,广东深圳市南山区塘朗老村,广东深圳市南山区塘朗老村,113.99035,22.588445
深圳桃源,广东,深圳市,南山区,西丽镇珠光村丽珠花园快递柜,广东深圳市南山区西丽镇珠光村丽珠花园快递柜,广东深圳市南山区西丽镇珠光村丽珠花园快递柜,113.958113,22.574608
深圳桃源,广东,深圳市,南山区,桃源街道留仙大道3333号塘朗城A座楼,广东深圳市南山区桃源街道留仙大道3333号塘朗城A座楼,广东深圳市南山区桃源街道留仙大道3333号塘朗城A座楼,114.000782,22.589079
深圳桃源,广东,深圳市,南山区,桃源街道龙珠路40号中爱花园H座,广东深圳市南山区桃源街道龙珠路40号中爱花园H座,广东深圳市南山区桃源街道龙珠路40号中爱花园H座,113.984071,22.560006
深圳桃源,广东,深圳市,南山区,桃源街道龙珠大道龙祥苑c栋,广东深圳市南山区桃源街道龙珠大道龙祥苑c栋,广东深圳市南山区桃源街道龙珠大道龙祥苑c栋,113.966732,22.567791
深圳桃源,广东,深圳市,南山区,西丽街道宝珠花园,广东深圳市南山区西丽街道宝珠花园,广东深圳市南山区西丽街道宝珠花园,113.957847,22.571047
深圳桃源,广东,深圳市,南山区,天地峰景园7栋D,广东深圳市南山区天地峰景园7栋D,广东深圳市南山区天地峰景园7栋D,113.985891,22.559285
深圳桃源,广东,深圳市,南山区,南山区桃源街道丽山路160号单元,广东深圳市南山区桃源街道丽山路160号单元,广东深圳市南山区桃源街道丽山路160号单元,113.963976,22.588005
深圳桃源,广东,深圳市,南山区,塘朗华晖云门4栋A座,广东深圳市南山区塘朗华晖云门4栋A座,广东深圳市南山区塘朗华晖云门4栋A座,114.000575,22.591723
深圳桃源,广东,深圳市,南山区,桃源街道水木华庭,广东深圳市南山区桃源街道水木华庭,广东深圳市南山区桃源街道水木华庭,113.98032,22.562499
深圳桃源,广东,深圳市,南山区,桃源街道西丽高尔夫乡村俱乐部,广东深圳市南山区桃源街道西丽高尔夫乡村俱乐部,广东深圳市南山区桃源街道西丽高尔夫乡村俱乐部,113.987131,22.591682
深圳桃源,广东,深圳市,南山区,桃源街道高发公寓三栋首层高发物业管理处,广东深圳市南山区桃源街道高发公寓三栋首层高发物业管理处,广东深圳市南山区桃源街道高发公寓三栋首层高发物业管理处,113.974328,22.556809
深圳桃源,广东,深圳市,南山区,桃源街道西丽龙井庭苑快递柜,广东深圳市南山区桃源街道西丽龙井庭苑快递柜,广东深圳市南山区桃源街道西丽龙井庭苑快递柜,113.975797,22.558897
深圳桃源,广东,深圳市,南山区,桃源街道华晖云门5栋,广东深圳市南山区桃源街道华晖云门5栋,广东深圳市南山区桃源街道华晖云门5栋,114.000884,22.592251
深圳桃源,广东,深圳市,南山区,桃源街道塘朗新村93栋,广东深圳市南山区桃源街道塘朗新村93栋,广东深圳市南山区桃源街道塘朗新村93栋,113.988519,22.590183
深圳桃源,广东,深圳市,南山区,桃源街道深圳市南山区沙河东路259号新安学院宿舍区,广东深圳市南山区桃源街道深圳市南山区沙河东路259号新安学院宿舍区,广东深圳市南山区桃源街道深圳市南山区沙河东路259号新安学院宿舍区,113.970167,22.557678
深圳桃源,广东,深圳市,南山区,桃源街道桃源村三期3C栋C,广东深圳市南山区桃源街道桃源村三期3C栋C,广东深圳市南山区桃源街道桃源村三期3C栋C,113.980977,22.557946
深圳桃源,广东,深圳市,南山区,"桃源街道龙苑路湖彬苑1栋C""",广东深圳市南山区桃源街道龙苑路湖彬苑1栋,广东深圳市南山区桃源街道龙苑路湖彬苑1栋,113.981999,22.56277
深圳桃源,广东,深圳市,南山区,桃源街道众悦家园1栋,广东深圳市南山区桃源街道众悦家园1栋,广东深圳市南山区桃源街道众悦家园1栋,113.972595,22.558606
深圳桃源,广东,深圳市,南山区,桃源街道龙珠三路南山睿园18栋楼,广东深圳市南山区桃源街道龙珠三路南山睿园18栋楼,广东深圳市南山区桃源街道龙珠三路南山睿园18栋楼,113.965163,22.566367
深圳桃源,广东,深圳市,南山区,桃源街道南山区留仙大道京基御景峰大厦2,广东深圳市南山区桃源街道南山区留仙大道京基御景峰大厦2,广东深圳市南山区桃源街道南山区留仙大道京基御景峰大厦2,114.012339,22.597697
深圳桃源,广东,深圳市,南山区,桃源街道西丽镇长源京基御景峯2地块3栋,广东深圳市南山区桃源街道西丽镇长源京基御景峯2地块3栋,广东深圳市南山区桃源街道西丽镇长源京基御景峯2地块3栋,114.012339,22.597697
深圳桃源,广东,深圳市,南山区,桃源街道西丽镇光前村东区64栋,广东深圳市南山区桃源街道西丽镇光前村东区64栋,广东深圳市南山区桃源街道西丽镇光前村东区64栋,113.963461,22.563692
深圳桃源,广东,深圳市,南山区,沙河西路欧洲城东香江家居楼,广东深圳市南山区沙河西路欧洲城东香江家居楼,广东深圳市南山区沙河西路欧洲城东香江家居楼,113.969072,22.556607
深圳桃源,广东,深圳市,南山区,学苑大道1099号华晖云门1栋,广东深圳市南山区学苑大道1099号华晖云门1栋,广东深圳市南山区学苑大道1099号华晖云门1栋,114.000379,22.592363
深圳桃源,广东,深圳市,南山区,珠光路肯德基右边楼网鱼电竞,广东深圳市南山区珠光路肯德基右边楼网鱼电竞,广东深圳市南山区珠光路肯德基右边楼网鱼电竞,113.960203,22.570437
深圳桃源,广东,深圳市,南山区,龙珠大道桃源街道俊峰丽舍1栋单元,广东深圳市南山区龙珠大道桃源街道俊峰丽舍1栋单元,广东深圳市南山区龙珠大道桃源街道俊峰丽舍1栋单元,113.982975,22.561873
深圳桃源,广东,深圳市,南山区,南山区桃源街道龙井村西区154栋,广东深圳市南山区桃源街道龙井村西区154栋,广东深圳市南山区桃源街道龙井村西区154栋,113.973493,22.560355
深圳桃源,广东,深圳市,南山区,桃源街道西丽龙井林栖园83号,广东深圳市南山区桃源街道西丽龙井林栖园83号,广东深圳市南山区桃源街道西丽龙井林栖园83号,113.974642,22.559956
深圳桃源,广东,深圳市,南山区,桃源街道留仙大道3288号宝能城花园H栋,广东深圳市南山区桃源街道留仙大道3288号宝能城花园H栋,广东深圳市南山区桃源街道留仙大道3288号宝能城花园H栋,113.996998,22.590155
深圳桃源,广东,深圳市,南山区,京基御景峯7栋,广东深圳市南山区京基御景峯7栋,广东深圳市南山区京基御景峯7栋,114.012449,22.597258
深圳桃源,广东,深圳市,南山区,龙珠大道桃源村三区三栋B座14A,广东深圳市南山区龙珠大道桃源村三区三栋B座14A,广东深圳市南山区龙珠大道桃源村三区三栋B座14A,113.981074,22.558358
深圳桃源,广东,深圳市,南山区,龙井路欧陆经典花园2栋号铺米多粒蛋糕店,广东深圳市南山区龙井路欧陆经典花园2栋号铺米多粒蛋糕店,广东深圳市南山区龙井路欧陆经典花园2栋号铺米多粒蛋糕店,113.970906,22.559533
深圳桃源,广东,深圳市,南山区,南山区桃源街道龙井路龙井村东区41号楼,广东深圳市南山区桃源街道龙井路龙井村东区41号楼,广东深圳市南山区桃源街道龙井路龙井村东区41号楼,113.975593,22.560351
深圳桃源,广东,深圳市,南山区,留仙大道3333号塘朗城广场西区B座公寓室,广东深圳市南山区留仙大道3333号塘朗城广场西区B座公寓室,广东深圳市南山区留仙大道3333号塘朗城广场西区B座公寓室,113.999706,22.588863
深圳桃源,广东,深圳市,南山区,桃源街道龙光社区光前村西区79栋,广东深圳市南山区桃源街道龙光社区光前村西区79栋,广东深圳市南山区桃源街道龙光社区光前村西区79栋,113.962211,22.564058
深圳桃源,广东,深圳市,南山区,南山区桃源街道留仙大道3288号宝能城花园东区E1,广东深圳市南山区桃源街道留仙大道3288号宝能城花园东区E1,广东深圳市南山区桃源街道留仙大道3288号宝能城花园东区E1,113.996998,22.590155
深圳桃源,广东,深圳市,南山区,西丽镇塘朗村173栋,广东深圳市南山区西丽镇塘朗村173栋,广东深圳市南山区西丽镇塘朗村173栋,113.989633,22.587525
深圳桃源,广东,深圳市,南山区,匠造数字产业园楼跨境电子商,广东深圳市南山区匠造数字产业园楼跨境电子商,广东深圳市南山区匠造数字产业园楼跨境电子商,113.968481,22.57821
深圳桃源,广东,深圳市,南山区,南山区桃源街道桃源村一期2栋单元,广东深圳市南山区桃源街道桃源村一期2栋单元,广东深圳市南山区桃源街道桃源村一期2栋单元,113.980977,22.557946
深圳桃源,广东,深圳市,南山区,南山区桃源街道龙珠四路与北环大道交汇处方大广场2号楼,广东深圳市南山区桃源街道龙珠四路与北环大道交汇处方大广场2号楼,广东深圳市南山区桃源街道龙珠四路与北环大道交汇处方大广场2号楼,113.973523,22.555847
深圳桃源,广东,深圳市,南山区,长源二街道15号长源京基御领公馆3地块3栋,广东深圳市南山区长源二街道15号长源京基御领公馆3地块3栋,广东深圳市南山区长源二街道15号长源京基御领公馆3地块3栋,113.934873,22.49841
深圳桃源,广东,深圳市,南山区,桃源街道佳兆业香瑞园南区8A,广东深圳市南山区桃源街道佳兆业香瑞园南区8A,广东深圳市南山区桃源街道佳兆业香瑞园南区8A,113.991512,22.557904
深圳桃源,广东,深圳市,南山区,桃源街道留仙大道3355号朗麓家园1栋c708,广东深圳市南山区桃源街道留仙大道3355号朗麓家园1栋c708,广东深圳市南山区桃源街道留仙大道3355号朗麓家园1栋c708,113.993889,22.586564
深圳桃源,广东,深圳市,南山区,西丽留仙大道宝能城东区H栋,广东深圳市南山区西丽留仙大道宝能城东区H栋,广东深圳市南山区西丽留仙大道宝能城东区H栋,113.997491,22.589771
深圳桃源,广东,深圳市,南山区,珠光村东区89栋,广东深圳市南山区珠光村东区89栋,广东深圳市南山区珠光村东区89栋,113.96498,22.571508
深圳桃源,广东,深圳市,南山区,西丽龙井路欧陆经典花园一栋号铺,广东深圳市南山区西丽龙井路欧陆经典花园一栋号铺,广东深圳市南山区西丽龙井路欧陆经典花园一栋号铺,113.97008,22.559778
深圳桃源,广东,深圳市,南山区,桃源街道龙珠四路怡然天地居黑F,广东深圳市南山区桃源街道龙珠四路怡然天地居黑F,广东深圳市南山区桃源街道龙珠四路怡然天地居黑F,113.973722,22.563641
深圳桃源,广东,深圳市,南山区,桃源街道塘朗旧村171栋,广东深圳市南山区桃源街道塘朗旧村171栋,广东深圳市南山区桃源街道塘朗旧村171栋,113.990663,22.589807
深圳桃源,广东,深圳市,南山区,桃源街道学苑大道1207号崇文花园-2栋,广东深圳市南山区桃源街道学苑大道1207号崇文花园-2栋,广东深圳市南山区桃源街道学苑大道1207号崇文花园-2栋,113.991518,22.590431
深圳桃源,广东,深圳市,南山区,桃源街道长源社区留仙大道京基·御景峰二块地3栋,广东深圳市南山区桃源街道长源社区留仙大道京基·御景峰二块地3栋,广东深圳市南山区桃源街道长源社区留仙大道京基·御景峰二块地3栋,114.012339,22.597697
深圳桃源,广东,深圳市,南山区,桃源街道崇文花园6b,广东深圳市南山区桃源街道崇文花园6b,广东深圳市南山区桃源街道崇文花园6b,113.993196,22.590564
深圳桃源,广东,深圳市,南山区,桃源街道南山区朗麓家园8A,广东深圳市南山区桃源街道南山区朗麓家园8A,广东深圳市南山区桃源街道南山区朗麓家园8A,113.997421,22.586943
深圳桃源,广东,深圳市,南山区,桃源街道朗麓家园14栋,广东深圳市南山区桃源街道朗麓家园14栋,广东深圳市南山区桃源街道朗麓家园14栋,113.930478,22.533191
深圳桃源,广东,深圳市,南山区,桃源街道龙都花园1栋,广东深圳市南山区桃源街道龙都花园1栋,广东深圳市南山区桃源街道龙都花园1栋,113.9592,22.568962
深圳桃源,广东,深圳市,南山区,桃源街道珠光花半里粒上皇商铺旁边服装店,广东深圳市南山区桃源街道珠光花半里粒上皇商铺旁边服装店,广东深圳市南山区桃源街道珠光花半里粒上皇商铺旁边服装店,113.961609,22.570297
深圳桃源,广东,深圳市,南山区,桃源街道长源一街85号京基御景峯6栋,广东深圳市南山区桃源街道长源一街85号京基御景峯6栋,广东深圳市南山区桃源街道长源一街85号京基御景峯6栋,114.012339,22.597697
深圳桃源,广东,深圳市,南山区,西丽龙珠五路68号易达成名车生活馆,广东深圳市南山区西丽龙珠五路68号易达成名车生活馆,广东深圳市南山区西丽龙珠五路68号易达成名车生活馆,113.976462,22.561231
深圳桃源,广东,深圳市,南山区,桃源街道桃园街道龙珠四路金谷创业园B栋楼高华电子显示有限公司,广东深圳市南山区桃源街道桃园街道龙珠四路金谷创业园B栋楼高华电子显示有限公司,广东深圳市南山区桃源街道桃园街道龙珠四路金谷创业园B栋楼高华电子显示有限公司,113.974781,22.561699
深圳桃源,广东,深圳市,南山区,南山区桃源街道龙珠大道,广东深圳市南山区桃源街道龙珠大道,广东深圳市南山区桃源街道龙珠大道,113.974733,22.563894
深圳桃源,广东,深圳市,南山区,龙苑路3号岚峰苑润泓,广东深圳市南山区龙苑路3号岚峰苑润泓,广东深圳市南山区龙苑路3号岚峰苑润泓,113.987602,22.560562
深圳桃源,广东,深圳市,南山区,塘朗城B座,广东深圳市南山区塘朗城B座,广东深圳市南山区塘朗城B座,114.000556,22.589183
深圳桃源,广东,深圳市,南山区,桃源街道龙珠大道天地峰景苑7栋,广东深圳市南山区桃源街道龙珠大道天地峰景苑7栋,广东深圳市南山区桃源街道龙珠大道天地峰景苑7栋,113.986052,22.558692
深圳桃源,广东,深圳市,南山区,桃源街道龙珠大道33号桃源村3期,广东深圳市南山区桃源街道龙珠大道33号桃源村3期,广东深圳市南山区桃源街道龙珠大道33号桃源村3期,113.9845,22.558116
深圳桃源,广东,深圳市,南山区,西丽镇龙珠大道新屋村中区74栋,广东深圳市南山区西丽镇龙珠大道新屋村中区74栋,广东深圳市南山区西丽镇龙珠大道新屋村中区74栋,113.966474,22.568748
深圳桃源,广东,深圳市,南山区,南山区桃源街道珠光创新科技园4栋,广东深圳市南山区桃源街道珠光创新科技园4栋,广东深圳市南山区桃源街道珠光创新科技园4栋,113.965996,22.571987
深圳桃源,广东,深圳市,南山区,南山区桃源街道龙珠七路中爱大厦,广东深圳市南山区桃源街道龙珠七路中爱大厦,广东深圳市南山区桃源街道龙珠七路中爱大厦,113.984679,22.561561
深圳桃源,广东,深圳市,南山区,京基御景峰二地块一栋,广东深圳市南山区京基御景峰二地块一栋,广东深圳市南山区京基御景峰二地块一栋,114.012449,22.597258
深圳桃源,广东,深圳市,南山区,十五峰二期三栋,广东深圳市南山区十五峰二期三栋,广东深圳市南山区十五峰二期三栋,114.380835,22.711766
深圳桃源,广东,深圳市,南山区,宝能城西区4栋,广东深圳市南山区宝能城西区4栋,广东深圳市南山区宝能城西区4栋,113.993937,22.588921
深圳桃源,广东,深圳市,南山区,桃源街道深圳禾正医院康复中心南楼楼,广东深圳市南山区桃源街道深圳禾正医院康复中心南楼楼,广东深圳市南山区桃源街道深圳禾正医院康复中心南楼楼,113.986503,22.561744
深圳桃源,广东,深圳市,南山区,桃源村61栋,广东深圳市南山区桃源村61栋,广东深圳市南山区桃源村61栋,113.977643,22.558346
深圳桃源,广东,深圳市,南山区,桃源街道大学城万家公寓,广东深圳市南山区桃源街道大学城万家公寓,广东深圳市南山区桃源街道大学城万家公寓,113.973316,22.587327
深圳桃源,广东,深圳市,南山区,珠光创新科技园1栋楼,广东深圳市南山区珠光创新科技园1栋楼,广东深圳市南山区珠光创新科技园1栋楼,113.965977,22.571462
深圳桃源,广东,深圳市,南山区,桃源村单身公寓首层140A,广东深圳市南山区桃源村单身公寓首层140A,广东深圳市南山区桃源村单身公寓首层140A,113.981074,22.558358
深圳桃源,广东,深圳市,南山区,西丽珠光村,广东深圳市南山区西丽珠光村,广东深圳市南山区西丽珠光村,113.960701,22.571329
深圳桃源,广东,深圳市,南山区,桃源街道龙珠大道33号桃源村86栋,广东深圳市南山区桃源街道龙珠大道33号桃源村86栋,广东深圳市南山区桃源街道龙珠大道33号桃源村86栋,113.983485,22.55779
深圳桃源,广东,深圳市,南山区,桃源街道办光前村东区25栋,广东深圳市南山区桃源街道办光前村东区25栋,广东深圳市南山区桃源街道办光前村东区25栋,113.96346,22.56314
深圳桃源,广东,深圳市,南山区,桃源街道长岭陂路御岭公馆三块地2栋楼,广东深圳市南山区桃源街道长岭陂路御岭公馆三块地2栋楼,广东深圳市南山区桃源街道长岭陂路御岭公馆三块地2栋楼,113.964844,22.589104
深圳桃源,广东,深圳市,南山区,南山区西丽桃源街道新屋村27栋,广东深圳市南山区西丽桃源街道新屋村27栋,广东深圳市南山区西丽桃源街道新屋村27栋,113.966002,22.568752
深圳桃源,广东,深圳市,南山区,深云车辆段文体员工宿舍,广东深圳市南山区深云车辆段文体员工宿舍,广东深圳市南山区深云车辆段文体员工宿舍,113.995016,22.566481
深圳桃源,广东,深圳市,南山区,桃源街道龙珠七路43号俊峰丽舍3栋单元,广东深圳市南山区桃源街道龙珠七路43号俊峰丽舍3栋单元,广东深圳市南山区桃源街道龙珠七路43号俊峰丽舍3栋单元,113.98309,22.560166
深圳桃源,广东,深圳市,南山区,桃源街道西丽珠光村塘朗雅苑6栋,广东深圳市南山区桃源街道西丽珠光村塘朗雅苑6栋,广东深圳市南山区桃源街道西丽珠光村塘朗雅苑6栋,113.960312,22.573742
深圳桃源,广东,深圳市,南山区,桃源街道水木丹华F栋,广东深圳市南山区桃源街道水木丹华F栋,广东深圳市南山区桃源街道水木丹华F栋,113.989883,22.591333
深圳桃源,广东,深圳市,南山区,宝能城D2栋,广东深圳市南山区宝能城D2栋,广东深圳市南山区宝能城D2栋,113.997471,22.591645
深圳桃源,广东,深圳市,南山区,西丽龙珠大道龙珠六路郁金香家园2栋,广东深圳市南山区西丽龙珠大道龙珠六路郁金香家园2栋,广东深圳市南山区西丽龙珠大道龙珠六路郁金香家园2栋,113.981767,22.561965
深圳桃源,广东,深圳市,南山区,桃源街道珠光村西区2号楼,广东深圳市南山区桃源街道珠光村西区2号楼,广东深圳市南山区桃源街道珠光村西区2号楼,113.959474,22.571874
深圳桃源,广东,深圳市,南山区,南山区桃源街道南山智园C1栋楼,广东深圳市南山区桃源街道南山智园C1栋楼,广东深圳市南山区桃源街道南山智园C1栋楼,113.964844,22.589104
深圳桃源,广东,深圳市,南山区,桃源街道塘朗社区球场7-1,广东深圳市南山区桃源街道塘朗社区球场7-1,广东深圳市南山区桃源街道塘朗社区球场7-1,113.987864,22.590573
深圳桃源,广东,深圳市,南山区,桃源街道学苑大道崇文花园17栋,广东深圳市南山区桃源街道学苑大道崇文花园17栋,广东深圳市南山区桃源街道学苑大道崇文花园17栋,113.991407,22.588476
深圳桃源,广东,深圳市,南山区,桃源街道西丽深圳大学城学苑大道1068号中国科学院先进技术研究院,广东深圳市南山区桃源街道西丽深圳大学城学苑大道1068号中国科学院先进技术研究院,广东深圳市南山区桃源街道西丽深圳大学城学苑大道1068号中国科学院先进技术研究院,113.990799,22.595606
深圳桃源,广东,深圳市,南山区,市南山区桃源街道龙苑路湖彬苑1栋,广东深圳市南山区市南山区桃源街道龙苑路湖彬苑1栋,广东深圳市南山区市南山区桃源街道龙苑路湖彬苑1栋,113.981999,22.56277
深圳桃源,广东,深圳市,南山区,龙珠大道水木华庭,广东深圳市南山区龙珠大道水木华庭,广东深圳市南山区龙珠大道水木华庭,113.98032,22.562499
深圳桃源,广东,深圳市,南山区,桃源街道新屋村西区14栋,广东深圳市南山区桃源街道新屋村西区14栋,广东深圳市南山区桃源街道新屋村西区14栋,113.966505,22.569768
深圳桃源,广东,深圳市,南山区,南山区桃源街道留仙大道深铁阅山境D,广东深圳市南山区桃源街道留仙大道深铁阅山境D,广东深圳市南山区桃源街道留仙大道深铁阅山境D,113.991836,22.585958
深圳桃源,广东,深圳市,南山区,桃源街道留仙大道1201号他她商务公寓深圳西丽大学城地铁站店楼小巴黎44,广东深圳市南山区桃源街道留仙大道1201号他她商务公寓深圳西丽大学城地铁站店楼小巴黎44,广东深圳市南山区桃源街道留仙大道1201号他她商务公寓深圳西丽大学城地铁站店楼小巴黎44,113.965307,22.581946
深圳桃源,广东,深圳市,南山区,南山区桃源街道京基御领公馆3地2栋房,广东深圳市南山区桃源街道京基御领公馆3地2栋房,广东深圳市南山区桃源街道京基御领公馆3地2栋房,113.964844,22.589104
深圳桃源,广东,深圳市,南山区,南山区桃源街道南山区桃源村二期103幢,广东深圳市南山区桃源街道南山区桃源村二期103幢,广东深圳市南山区桃源街道南山区桃源村二期103幢,113.980977,22.557946
深圳桃源,广东,深圳市,南山区,桃源村三期1F【请】,广东深圳市南山区桃源村三期1F,广东深圳市南山区桃源村三期1F,113.981074,22.558358
深圳桃源,广东,深圳市,南山区,桃源街道塘朗华晖云门1栋,广东深圳市南山区桃源街道塘朗华晖云门1栋,广东深圳市南山区桃源街道塘朗华晖云门1栋,114.000402,22.592538
深圳桃源,广东,深圳市,南山区,崇文花园10栋二单元,广东深圳市南山区崇文花园10栋二单元,广东深圳市南山区崇文花园10栋二单元,113.991911,22.590109
深圳桃源,广东,深圳市,南山区,桃源街道皇庭香格里花园117号铺中,广东深圳市南山区桃源街道皇庭香格里花园117号铺中,广东深圳市南山区桃源街道皇庭香格里花园117号铺中,113.980816,22.561517
深圳桃源,广东,深圳市,南山区,珠光花半里拾壹,广东深圳市南山区珠光花半里拾壹,广东深圳市南山区珠光花半里拾壹,113.961609,22.570297
深圳桃源,广东,深圳市,南山区,桃源街桃源村33栋,广东深圳市南山区桃源街桃源村33栋,广东深圳市南山区桃源街桃源村33栋,113.980305,22.55702
深圳桃源,广东,深圳市,南山区,南山区桃源街道京基御景峰2地块4栋,广东深圳市南山区桃源街道京基御景峰2地块4栋,广东深圳市南山区桃源街道京基御景峰2地块4栋,114.012339,22.597697
深圳桃源,广东,深圳市,南山区,桃源街道留仙大道长源京基御领公馆2栋,广东深圳市南山区桃源街道留仙大道长源京基御领公馆2栋,广东深圳市南山区桃源街道留仙大道长源京基御领公馆2栋,114.012385,22.598417
深圳桃源,广东,深圳市,南山区,西丽学苑大道华晖云门3栋,广东深圳市南山区西丽学苑大道华晖云门3栋,广东深圳市南山区西丽学苑大道华晖云门3栋,114.001166,22.592844
深圳桃源,广东,深圳市,南山区,桃源街道桃源街道珠光村东区72号鼻炎清1,广东深圳市南山区桃源街道桃源街道珠光村东区72号鼻炎清1,广东深圳市南山区桃源街道桃源街道珠光村东区72号鼻炎清1,113.964359,22.570652
深圳桃源,广东,深圳市,南山区,桃源街道珠光创新科技园1栋,广东深圳市南山区桃源街道珠光创新科技园1栋,广东深圳市南山区桃源街道珠光创新科技园1栋,113.966037,22.571445
深圳桃源,广东,深圳市,南山区,桃源街道广东省深圳市南山区龙珠大道俊峰丽舍1-4,广东深圳市南山区桃源街道广东省深圳市南山区龙珠大道俊峰丽舍1-4,广东深圳市南山区桃源街道广东省深圳市南山区龙珠大道俊峰丽舍1-4,113.983836,22.561998
深圳桃源,广东,深圳市,南山区,西丽龙苑路16号深圳禾正医院门诊,广东深圳市南山区西丽龙苑路16号深圳禾正医院门诊,广东深圳市南山区西丽龙苑路16号深圳禾正医院门诊,113.986302,22.562065
深圳桃源,广东,深圳市,南山区,桃源街道桃园街道桃源村53栋一单元,广东深圳市南山区桃源街道桃园街道桃源村53栋一单元,广东深圳市南山区桃源街道桃园街道桃源村53栋一单元,113.979221,22.558856
深圳桃源,广东,深圳市,南山区,龙井村路金丰大厦西南侧龙井村东区-51号楼,广东深圳市南山区龙井村路金丰大厦西南侧龙井村东区-51号楼,广东深圳市南山区龙井村路金丰大厦西南侧龙井村东区-51号楼,113.975926,22.559806
深圳桃源,广东,深圳市,南山区,南山区桃源街道龙井路一通七展场黄棚深圳市98经典名车有限公司,广东深圳市南山区桃源街道龙井路一通七展场黄棚深圳市98经典名车有限公司,广东深圳市南山区桃源街道龙井路一通七展场黄棚深圳市98经典名车有限公司,113.965331,22.561571
深圳桃源,广东,深圳市,南山区,留仙大道3333号塘朗城B座,广东深圳市南山区留仙大道3333号塘朗城B座,广东深圳市南山区留仙大道3333号塘朗城B座,114.000967,22.589695
深圳桃源,广东,深圳市,南山区,长源社区桃源街道长源社区御景峰3,广东深圳市南山区长源社区桃源街道长源社区御景峰3,广东深圳市南山区长源社区桃源街道长源社区御景峰3,113.980977,22.557946
深圳桃源,广东,深圳市,南山区,桃源村二期90栋,广东深圳市南山区桃源村二期90栋,广东深圳市南山区桃源村二期90栋,113.981074,22.558358
深圳桃源,广东,深圳市,南山区,龙珠大道桃源村9栋,广东深圳市南山区龙珠大道桃源村9栋,广东深圳市南山区龙珠大道桃源村9栋,113.982804,22.555351
深圳桃源,广东,深圳市,南山区,桃源街道深圳先,广东深圳市南山区桃源街道深圳先,广东深圳市南山区桃源街道深圳先,113.964844,22.589104
深圳桃源,广东,深圳市,南山区,桃源村一期28栋,广东深圳市南山区桃源村一期28栋,广东深圳市南山区桃源村一期28栋,113.981074,22.558358
深圳桃源,广东,深圳市,南山区,桃源街道桃源街道留仙大道1201号大学城创客小镇15栋,广东深圳市南山区桃源街道桃源街道留仙大道1201号大学城创客小镇15栋,广东深圳市南山区桃源街道桃源街道留仙大道1201号大学城创客小镇15栋,113.961959,22.580453
深圳桃源,广东,深圳市,南山区,南山区西丽新屋村嘉瑞达公寓南山新屋村中路,广东深圳市南山区西丽新屋村嘉瑞达公寓南山新屋村中路,广东深圳市南山区西丽新屋村嘉瑞达公寓南山新屋村中路,113.967508,22.56993
深圳桃源,广东,深圳市,南山区,桃源村99栋后桃源实验幼儿园,广东深圳市南山区桃源村99栋后桃源实验幼儿园,广东深圳市南山区桃源村99栋后桃源实验幼儿园,113.964844,22.589104
深圳桃源,广东,深圳市,南山区,桃源村56栋,广东深圳市南山区桃源村56栋,广东深圳市南山区桃源村56栋,113.978474,22.559092
深圳桃源,广东,深圳市,南山区,南山区匠造数字产业园楼跨境电子商,广东深圳市南山区匠造数字产业园楼跨境电子商,广东深圳市南山区匠造数字产业园楼跨境电子商,113.968481,22.57821
深圳桃源,广东,深圳市,南山区,学苑大道与长岭皮路交叉口东北角京基御景峰6栋,广东深圳市南山区学苑大道与长岭皮路交叉口东北角京基御景峰6栋,广东深圳市南山区学苑大道与长岭皮路交叉口东北角京基御景峰6栋,114.012449,22.597258
深圳桃源,广东,深圳市,南山区,桃源街道祥瑞学苑大道1443号美路鸣谷,广东深圳市南山区桃源街道祥瑞学苑大道1443号美路鸣谷,广东深圳市南山区桃源街道祥瑞学苑大道1443号美路鸣谷,113.98243,22.589749
深圳桃源,广东,深圳市,南山区,桃源街道龙珠大道宝珠花园芸香阁,广东深圳市南山区桃源街道龙珠大道宝珠花园芸香阁,广东深圳市南山区桃源街道龙珠大道宝珠花园芸香阁,113.957847,22.571047
深圳桃源,广东,深圳市,南山区,南山区崇文花园17栋,广东深圳市南山区崇文花园17栋,广东深圳市南山区崇文花园17栋,113.991407,22.588476
深圳桃源,广东,深圳市,南山区,桃源街道新屋村-中区18栋,广东深圳市南山区桃源街道新屋村-中区18栋,广东深圳市南山区桃源街道新屋村-中区18栋,113.96793,22.567584
深圳桃源,广东,深圳市,南山区,桃源街道龙井路97号鼎胜林栖园商铺A108,广东深圳市南山区桃源街道龙井路97号鼎胜林栖园商铺A108,广东深圳市南山区桃源街道龙井路97号鼎胜林栖园商铺A108,113.964921,22.555388
深圳桃源,广东,深圳市,南山区,西丽镇珠光路268号圳宝大院圳宝宿舍10栋,广东深圳市南山区西丽镇珠光路268号圳宝大院圳宝宿舍10栋,广东深圳市南山区西丽镇珠光路268号圳宝大院圳宝宿舍10栋,113.959618,22.571226
深圳桃源,广东,深圳市,南山区,桃源街道崇文花园7栋单元,广东深圳市南山区桃源街道崇文花园7栋单元,广东深圳市南山区桃源街道崇文花园7栋单元,113.990941,22.590831
深圳桃源,广东,深圳市,南山区,龙珠大道桃源村,广东深圳市南山区龙珠大道桃源村,广东深圳市南山区龙珠大道桃源村,113.981074,22.558358
深圳桃源,广东,深圳市,南山区,桃源街道桃源村一期一单元41栋,广东深圳市南山区桃源街道桃源村一期一单元41栋,广东深圳市南山区桃源街道桃源村一期一单元41栋,113.980977,22.557946
深圳桃源,广东,深圳市,南山区,桃源街道珠光村西区42号,广东深圳市南山区桃源街道珠光村西区42号,广东深圳市南山区桃源街道珠光村西区42号,113.959689,22.572053
深圳桃源,广东,深圳市,南山区,留仙大道深铁阅山境D2905,广东深圳市南山区留仙大道深铁阅山境D2905,广东深圳市南山区留仙大道深铁阅山境D2905,113.991836,22.585958
深圳桃源,广东,深圳市,南山区,南山区桃源街道龙苑路9号龙珠军苑A栋C门口或快递,广东深圳市南山区桃源街道龙苑路9号龙珠军苑A栋,广东深圳市南山区桃源街道龙苑路9号龙珠军苑A栋,113.987482,22.559681
深圳桃源,广东,深圳市,南山区,桃源街道光前东区59栋,广东深圳市南山区桃源街道光前东区59栋,广东深圳市南山区桃源街道光前东区59栋,113.963222,22.563839
深圳桃源,广东,深圳市,南山区,桃源街道龙珠四路337号怡然天地居C栋C1,广东深圳市南山区桃源街道龙珠四路337号怡然天地居C栋C1,广东深圳市南山区桃源街道龙珠四路337号怡然天地居C栋C1,113.973703,22.563019
深圳桃源,广东,深圳市,南山区,桃源街道塘朗新村93号朗轩楼,广东深圳市南山区桃源街道塘朗新村93号朗轩楼,广东深圳市南山区桃源街道塘朗新村93号朗轩楼,113.988581,22.590419
深圳桃源,广东,深圳市,南山区,桃源街道默认地址与门牌号广东省深圳市南山区崇文花园桃源街道7号铺华鑫脆皮土鸡煲店收货人,广东深圳市南山区桃源街道默认地址与门牌号广东省深圳市南山区崇文花园桃源街道7号铺华鑫脆皮土鸡煲店收货人,广东深圳市南山区桃源街道默认地址与门牌号广东省深圳市南山区崇文花园桃源街道7号铺华鑫脆皮土鸡煲店收货人,113.991518,22.590431
深圳桃源,广东,深圳市,南山区,桃源街道龙珠六路水木华庭2D7C,广东深圳市南山区桃源街道龙珠六路水木华庭2D7C,广东深圳市南山区桃源街道龙珠六路水木华庭2D7C,113.980211,22.562269
深圳桃源,广东,深圳市,南山区,桃源街道留仙大道京基御景峯4栋,广东深圳市南山区桃源街道留仙大道京基御景峯4栋,广东深圳市南山区桃源街道留仙大道京基御景峯4栋,114.012339,22.597697
深圳桃源,广东,深圳市,南山区,龙井路348号润城花园3栋单元,广东深圳市南山区龙井路348号润城花园3栋单元,广东深圳市南山区龙井路348号润城花园3栋单元,113.958414,22.569046
深圳桃源,广东,深圳市,南山区,留仙大道3288号楼百丽柜台,广东深圳市南山区留仙大道3288号楼百丽柜台,广东深圳市南山区留仙大道3288号楼百丽柜台,113.998159,22.5904
深圳桃源,广东,深圳市,南山区,桃源街道宝能城东区H栋层D号,广东深圳市南山区桃源街道宝能城东区H栋层D号,广东深圳市南山区桃源街道宝能城东区H栋层D号,113.997491,22.589771
深圳桃源,广东,深圳市,南山区,桃源街道塘朗新村8号,广东深圳市南山区桃源街道塘朗新村8号,广东深圳市南山区桃源街道塘朗新村8号,113.987628,22.589854
深圳桃源,广东,深圳市,南山区,西丽学苑大道水木丹华园F,广东深圳市南山区西丽学苑大道水木丹华园F,广东深圳市南山区西丽学苑大道水木丹华园F,113.989479,22.591584
深圳桃源,广东,深圳市,南山区,桃源街道田察工业区田察公寓,广东深圳市南山区桃源街道田察工业区田察公寓,广东深圳市南山区桃源街道田察工业区田察公寓,113.964844,22.589104
深圳桃源,广东,深圳市,南山区,龙珠大道润城花园8栋单元,广东深圳市南山区龙珠大道润城花园8栋单元,广东深圳市南山区龙珠大道润城花园8栋单元,113.958284,22.569962
深圳桃源,广东,深圳市,南山区,桃源街道塘朗社区塘长路田寮大厦1116号朋,广东深圳市南山区桃源街道塘朗社区塘长路田寮大厦1116号朋,广东深圳市南山区桃源街道塘朗社区塘长路田寮大厦1116号朋,113.987864,22.590573
深圳桃源,广东,深圳市,南山区,桃源街道龙珠四路金谷创业园B栋,广东深圳市南山区桃源街道龙珠四路金谷创业园B栋,广东深圳市南山区桃源街道龙珠四路金谷创业园B栋,113.974383,22.561439
深圳桃源,广东,深圳市,南山区,桃源街道留仙大道3333号塘朗城1栋座,广东深圳市南山区桃源街道留仙大道3333号塘朗城1栋座,广东深圳市南山区桃源街道留仙大道3333号塘朗城1栋座,114.000032,22.58926
深圳桃源,广东,深圳市,南山区,桃源街道龙珠六路33号水木华庭1栋A,广东深圳市南山区桃源街道龙珠六路33号水木华庭1栋A,广东深圳市南山区桃源街道龙珠六路33号水木华庭1栋A,113.980682,22.562164
深圳桃源,广东,深圳市,南山区,西丽光前63栋,广东深圳市南山区西丽光前63栋,广东深圳市南山区西丽光前63栋,113.963222,22.563839
深圳桃源,广东,深圳市,南山区,桃源街道广东新安职业技术学院北区,广东深圳市南山区桃源街道广东新安职业技术学院北区,广东深圳市南山区桃源街道广东新安职业技术学院北区,113.970167,22.557678
深圳桃源,广东,深圳市,南山区,俊峰丽舍1-5,广东深圳市南山区俊峰丽舍1-5,广东深圳市南山区俊峰丽舍1-5,113.983836,22.561998
深圳桃源,广东,深圳市,南山区,街道新屋村中区20栋,广东深圳市南山区街道新屋村中区20栋,广东深圳市南山区街道新屋村中区20栋,113.966474,22.568748
深圳桃源,广东,深圳市,南山区,福光新村牌坊内40一,广东深圳市南山区福光新村牌坊内40一,广东深圳市南山区福光新村牌坊内40一,113.993269,22.589973
深圳桃源,广东,深圳市,南山区,睿园7栋,广东深圳市南山区睿园7栋,广东深圳市南山区睿园7栋,113.930478,22.533191
深圳桃源,广东,深圳市,南山区,桃源村三期3A,广东深圳市南山区桃源村三期3A,广东深圳市南山区桃源村三期3A,113.981074,22.558358
深圳桃源,广东,深圳市,南山区,西丽镇桃源社区龙珠大道33号桃源村40栋,广东深圳市南山区西丽镇桃源社区龙珠大道33号桃源村40栋,广东深圳市南山区西丽镇桃源社区龙珠大道33号桃源村40栋,113.980393,22.557928
深圳桃源,广东,深圳市,南山区,长源二街15号京基御岭公馆3块地2栋,广东深圳市南山区长源二街15号京基御岭公馆3块地2栋,广东深圳市南山区长源二街15号京基御岭公馆3块地2栋,114.011772,22.597551
深圳桃源,广东,深圳市,南山区,南山区桃源街道红花一路众冠红花岭工业区南2区5栋,广东深圳市南山区桃源街道红花一路众冠红花岭工业区南2区5栋,广东深圳市南山区桃源街道红花一路众冠红花岭工业区南2区5栋,113.966255,22.58123
深圳桃源,广东,深圳市,南山区,欧洲城香江家居楼芝华仕头等,广东深圳市南山区欧洲城香江家居楼芝华仕头等,广东深圳市南山区欧洲城香江家居楼芝华仕头等,113.964395,22.557742
深圳桃源,广东,深圳市,南山区,桃源街道龙珠七路俊峰丽舍5栋单元,广东深圳市南山区桃源街道龙珠七路俊峰丽舍5栋单元,广东深圳市南山区桃源街道龙珠七路俊峰丽舍5栋单元,113.983644,22.560787
深圳桃源,广东,深圳市,南山区,桃源街道新屋村东区2号楼,广东深圳市南山区桃源街道新屋村东区2号楼,广东深圳市南山区桃源街道新屋村东区2号楼,113.967277,22.567767
深圳桃源,广东,深圳市,南山区,桃源街道留仙大道塘朗城广场西区C座,广东深圳市南山区桃源街道留仙大道塘朗城广场西区C座,广东深圳市南山区桃源街道留仙大道塘朗城广场西区C座,113.999386,22.588934
深圳桃源,广东,深圳市,南山区,南山区桃源街道学苑大道1001号南山智园D2栋微,广东深圳市南山区桃源街道学苑大道1001号南山智园D2栋微,广东深圳市南山区桃源街道学苑大道1001号南山智园D2栋微,114.005376,22.595633
深圳桃源,广东,深圳市,南山区,桃源街道龙井路215号欧陆经典花园七栋,广东深圳市南山区桃源街道龙井路215号欧陆经典花园七栋,广东深圳市南山区桃源街道龙井路215号欧陆经典花园七栋,113.969425,22.559796
深圳桃源,广东,深圳市,南山区,西丽镇塘朗老村108栋,广东深圳市南山区西丽镇塘朗老村108栋,广东深圳市南山区西丽镇塘朗老村108栋,113.99035,22.588445
深圳桃源,广东,深圳市,南山区,龙珠四路金谷创业园魔方公寓快递柜,广东深圳市南山区龙珠四路金谷创业园魔方公寓快递柜,广东深圳市南山区龙珠四路金谷创业园魔方公寓快递柜,113.953786,22.575295
深圳桃源,广东,深圳市,南山区,桃源街道龙珠大道33号桃源村八十五栋八A,广东深圳市南山区桃源街道龙珠大道33号桃源村八十五栋八A,广东深圳市南山区桃源街道龙珠大道33号桃源村八十五栋八A,113.982635,22.557223
深圳桃源,广东,深圳市,南山区,西丽十五峯11栋A单元,广东深圳市南山区西丽十五峯11栋A单元,广东深圳市南山区西丽十五峯11栋A单元,113.943867,22.568801
深圳桃源,广东,深圳市,南山区,桃源街道桃源村91栋,广东深圳市南山区桃源街道桃源村91栋,广东深圳市南山区桃源街道桃源村91栋,113.983177,22.558447
深圳桃源,广东,深圳市,南山区,桃源街道宝能城东区B栋单元,广东深圳市南山区桃源街道宝能城东区B栋单元,广东深圳市南山区桃源街道宝能城东区B栋单元,113.998194,22.590731
深圳桃源,广东,深圳市,南山区,桃源街道城市假日花园8栋,广东深圳市南山区桃源街道城市假日花园8栋,广东深圳市南山区桃源街道城市假日花园8栋,113.978516,22.564025
深圳桃源,广东,深圳市,南山区,桃源街道珠光村东区60号,广东深圳市南山区桃源街道珠光村东区60号,广东深圳市南山区桃源街道珠光村东区60号,113.965277,22.570838
深圳桃源,广东,深圳市,南山区,龙珠大道33号桃源村79栋单,广东深圳市南山区龙珠大道33号桃源村79栋单,广东深圳市南山区龙珠大道33号桃源村79栋单,113.976863,22.560246
深圳桃源,广东,深圳市,南山区,龙珠大道龙珠7路中爱花园 G,广东深圳市南山区龙珠大道龙珠7路中爱花园 G,广东深圳市南山区龙珠大道龙珠7路中爱花园 G,113.984278,22.560817
深圳桃源,广东,深圳市,南山区,南山区桃源街道华晖云门3栋,广东深圳市南山区桃源街道华晖云门3栋,广东深圳市南山区桃源街道华晖云门3栋,114.000855,22.591641
深圳桃源,广东,深圳市,南山区,桃源街道 珠光路 珠光村东区89栋,广东深圳市南山区桃源街道 珠光路 珠光村东区89栋,广东深圳市南山区桃源街道 珠光路 珠光村东区89栋,113.96498,22.571508
深圳桃源,广东,深圳市,南山区,西丽街道龙都名园2栋,广东深圳市南山区西丽街道龙都名园2栋,广东深圳市南山区西丽街道龙都名园2栋,113.956633,22.570231
深圳桃源,广东,深圳市,南山区,桃源街道京基御领公馆1栋,广东深圳市南山区桃源街道京基御领公馆1栋,广东深圳市南山区桃源街道京基御领公馆1栋,113.964844,22.589104
深圳桃源,广东,深圳市,南山区,桃源街道留仙大道3355号朗麓家园6栋C,广东深圳市南山区桃源街道留仙大道3355号朗麓家园6栋C,广东深圳市南山区桃源街道留仙大道3355号朗麓家园6栋C,113.995551,22.586535
深圳桃源,广东,深圳市,南山区,桃源街道南山智园崇文园区1号楼层,广东深圳市南山区桃源街道南山智园崇文园区1号楼层,广东深圳市南山区桃源街道南山智园崇文园区1号楼层,113.991672,22.587529
深圳桃源,广东,深圳市,南山区,桃源街道塘朗老村138-2栋,广东深圳市南山区桃源街道塘朗老村138-2栋,广东深圳市南山区桃源街道塘朗老村138-2栋,113.990663,22.589807
深圳桃源,广东,深圳市,南山区,南山区医疗卫生专业服务中心,广东深圳市南山区医疗卫生专业服务中心,广东深圳市南山区医疗卫生专业服务中心,113.987589,22.561346
深圳桃源,广东,深圳市,南山区,龙井路欧陆经典4栋,广东深圳市南山区龙井路欧陆经典4栋,广东深圳市南山区龙井路欧陆经典4栋,113.971295,22.559097
深圳桃源,广东,深圳市,南山区,西丽镇光前村东区54栋,广东深圳市南山区西丽镇光前村东区54栋,广东深圳市南山区西丽镇光前村东区54栋,113.963633,22.563666
深圳桃源,广东,深圳市,南山区,南山区桃源街道珠光社区珠光路438号丽珠花园6-B座,广东深圳市南山区桃源街道珠光社区珠光路438号丽珠花园6-B座,广东深圳市南山区桃源街道珠光社区珠光路438号丽珠花园6-B座,113.958462,22.574366
深圳桃源,广东,深圳市,南山区,桃源街道西丽众冠红花岭南区闵利达宿舍B栋,广东深圳市南山区桃源街道西丽众冠红花岭南区闵利达宿舍B栋,广东深圳市南山区桃源街道西丽众冠红花岭南区闵利达宿舍B栋,113.967286,22.580199
深圳桃源,广东,深圳市,南山区,桃源街道光前村西区24号楼,广东深圳市南山区桃源街道光前村西区24号楼,广东深圳市南山区桃源街道光前村西区24号楼,113.962735,22.562959
深圳桃源,广东,深圳市,南山区,桃源街道留仙大道与塘开路交叉路口往东南约200米塘朗城1栋座6B,广东深圳市南山区桃源街道留仙大道与塘开路交叉路口往东南约200米塘朗城1栋座6B,广东深圳市南山区桃源街道留仙大道与塘开路交叉路口往东南约200米塘朗城1栋座6B,114.000849,22.589647
深圳桃源,广东,深圳市,南山区,学苑大道,广东深圳市南山区学苑大道,广东深圳市南山区学苑大道,113.988822,22.59194
深圳桃源,广东,深圳市,南山区,龙珠6路桃源村102栋,广东深圳市南山区龙珠6路桃源村102栋,广东深圳市南山区龙珠6路桃源村102栋,113.979618,22.560632
深圳桃源,广东,深圳市,南山区,俊峰丽舍五栋一单元,广东深圳市南山区俊峰丽舍五栋一单元,广东深圳市南山区俊峰丽舍五栋一单元,113.983644,22.560787
深圳桃源,广东,深圳市,南山区,桃源街道新屋村中区20栋室,广东深圳市南山区桃源街道新屋村中区20栋室,广东深圳市南山区桃源街道新屋村中区20栋室,113.966474,22.568748
深圳桃源,广东,深圳市,南山区,桃源街道名诚创客园,广东深圳市南山区桃源街道名诚创客园,广东深圳市南山区桃源街道名诚创客园,113.964844,22.589104
深圳桃源,广东,深圳市,南山区,桃源街道欧州城顺电楼顺电维修部,广东深圳市南山区桃源街道欧州城顺电楼顺电维修部,广东深圳市南山区桃源街道欧州城顺电楼顺电维修部,113.964844,22.589104
深圳桃源,广东,深圳市,南山区,龙珠大道龙苑路,广东深圳市南山区龙珠大道龙苑路,广东深圳市南山区龙珠大道龙苑路,113.974338,22.564126
深圳桃源,广东,深圳市,南山区,桃源街道丰巢柜,广东深圳市南山区桃源街道丰巢柜,广东深圳市南山区桃源街道丰巢柜,113.930478,22.533191
深圳桃源,广东,深圳市,南山区,西丽镇新屋村中区133栋,广东深圳市南山区西丽镇新屋村中区133栋,广东深圳市南山区西丽镇新屋村中区133栋,113.966474,22.568748
深圳桃源,广东,深圳市,南山区,南山区桃源街道崇文花园田寮村2栋,广东深圳市南山区桃源街道崇文花园田寮村2栋,广东深圳市南山区桃源街道崇文花园田寮村2栋,113.99548,22.591879
深圳桃源,广东,深圳市,南山区,桃源街道北环大道高发科技园陶然居小区,广东深圳市南山区桃源街道北环大道高发科技园陶然居小区,广东深圳市南山区桃源街道北环大道高发科技园陶然居小区,113.978742,22.554472
深圳桃源,广东,深圳市,南山区,桃源街道学苑大道水木丹华B栋,广东深圳市南山区桃源街道学苑大道水木丹华B栋,广东深圳市南山区桃源街道学苑大道水木丹华B栋,113.989527,22.59179
深圳桃源,广东,深圳市,南山区,桃源街道南山区桃源村1期59栋,广东深圳市南山区桃源街道南山区桃源村1期59栋,广东深圳市南山区桃源街道南山区桃源村1期59栋,113.982033,22.555691
深圳桃源,广东,深圳市,南山区,桃源街道龙光社区光前村东区59栋,广东深圳市南山区桃源街道龙光社区光前村东区59栋,广东深圳市南山区桃源街道龙光社区光前村东区59栋,113.963034,22.563554
深圳桃源,广东,深圳市,南山区,龙苑路29号桃源里家园B栋快递柜,广东深圳市南山区龙苑路29号桃源里家园B栋快递柜,广东深圳市南山区龙苑路29号桃源里家园B栋快递柜,113.985612,22.561367
深圳桃源,广东,深圳市,南山区,南山区桃源街道中国科学院深圳先进技术研究院,广东深圳市南山区桃源街道中国科学院深圳先进技术研究院,广东深圳市南山区桃源街道中国科学院深圳先进技术研究院,113.990775,22.594256
深圳桃源,广东,深圳市,南山区,桃源街道崇文花园,广东深圳市南山区桃源街道崇文花园,广东深圳市南山区桃源街道崇文花园,113.991518,22.590431
深圳桃源,广东,深圳市,南山区,桃源街道龙珠大道佳兆业香瑞园北区,广东深圳市南山区桃源街道龙珠大道佳兆业香瑞园北区,广东深圳市南山区桃源街道龙珠大道佳兆业香瑞园北区,113.994458,22.562172
深圳桃源,广东,深圳市,南山区,桃源街道珠光村东区13栋,广东深圳市南山区桃源街道珠光村东区13栋,广东深圳市南山区桃源街道珠光村东区13栋,113.964131,22.570123
深圳桃源,广东,深圳市,南山区,桃源街道珠光路丽珠花园5B,广东深圳市南山区桃源街道珠光路丽珠花园5B,广东深圳市南山区桃源街道珠光路丽珠花园5B,113.958391,22.574046
深圳桃源,广东,深圳市,南山区,桃源街道学苑大道崇文花园15栋,广东深圳市南山区桃源街道学苑大道崇文花园15栋,广东深圳市南山区桃源街道学苑大道崇文花园15栋,113.991406,22.589077
深圳桃源,广东,深圳市,南山区,南山区桃源街道学苑大道,广东深圳市南山区桃源街道学苑大道,广东深圳市南山区桃源街道学苑大道,113.988822,22.59194
深圳桃源,广东,深圳市,南山区,桃源西丽京基御景峰四栋楼号LUCY,广东深圳市南山区桃源西丽京基御景峰四栋楼号LUCY,广东深圳市南山区桃源西丽京基御景峰四栋楼号LUCY,114.012339,22.597697
深圳桃源,广东,深圳市,南山区,沙河东路255号欧洲城4栋麦德龙商场,广东深圳市南山区沙河东路255号欧洲城4栋麦德龙商场,广东深圳市南山区沙河东路255号欧洲城4栋麦德龙商场,113.966119,22.557891
深圳桃源,广东,深圳市,南山区,桃源街道龙井村西区103号翠湖客家楼楼,广东深圳市南山区桃源街道龙井村西区103号翠湖客家楼楼,广东深圳市南山区桃源街道龙井村西区103号翠湖客家楼楼,113.972373,22.560402
深圳桃源,广东,深圳市,南山区,桃源街道福光社区留仙大道3370号南山智园嵩文园区2号楼楼,广东深圳市南山区桃源街道福光社区留仙大道3370号南山智园嵩文园区2号楼楼,广东深圳市南山区桃源街道福光社区留仙大道3370号南山智园嵩文园区2号楼楼,113.992097,22.587732
深圳桃源,广东,深圳市,南山区,桃源街道光前村西区96栋,广东深圳市南山区桃源街道光前村西区96栋,广东深圳市南山区桃源街道光前村西区96栋,113.962498,22.564169
深圳桃源,广东,深圳市,南山区,桃源街道塘朗新村33栋,广东深圳市南山区桃源街道塘朗新村33栋,广东深圳市南山区桃源街道塘朗新村33栋,113.988054,22.590088
深圳桃源,广东,深圳市,南山区,桃源街道学苑路水木丹华B栋,广东深圳市南山区桃源街道学苑路水木丹华B栋,广东深圳市南山区桃源街道学苑路水木丹华B栋,113.989527,22.59179
深圳桃源,广东,深圳市,南山区,闽利达工业区宿舍BCD栋,广东深圳市南山区闽利达工业区宿舍BCD栋,广东深圳市南山区闽利达工业区宿舍BCD栋,114.080447,22.642484
深圳桃源,广东,深圳市,南山区,桃源街道桃源村92栋,广东深圳市南山区桃源街道桃源村92栋,广东深圳市南山区桃源街道桃源村92栋,113.982578,22.558923
深圳桃源,广东,深圳市,南山区,桃源街道留仙大道北3228号宝能城花园4栋H39D全,广东深圳市南山区桃源街道留仙大道北3228号宝能城花园4栋,广东深圳市南山区桃源街道留仙大道北3228号宝能城花园4栋,113.997457,22.590039
深圳桃源,广东,深圳市,南山区,宝能环球汇C馆楼酷玩电竞前,广东深圳市南山区宝能环球汇C馆楼酷玩电竞前,广东深圳市南山区宝能环球汇C馆楼酷玩电竞前,113.998331,22.591265
深圳桃源,广东,深圳市,南山区,桃源街道办新屋村中区2号,广东深圳市南山区桃源街道办新屋村中区2号,广东深圳市南山区桃源街道办新屋村中区2号,113.966474,22.568748
深圳桃源,广东,深圳市,南山区,南山区桃源街道光前村西区1栋,广东深圳市南山区桃源街道光前村西区1栋,广东深圳市南山区桃源街道光前村西区1栋,113.963229,22.562783
深圳桃源,广东,深圳市,南山区,桃源街道崇文花园16栋18466253649,广东深圳市南山区桃源街道崇文花园16栋,广东深圳市南山区桃源街道崇文花园16栋,113.992186,22.589279
深圳桃源,广东,深圳市,南山区,桃源街道润城花园,广东深圳市南山区桃源街道润城花园,广东深圳市南山区桃源街道润城花园,113.957954,22.569573
深圳桃源,广东,深圳市,南山区,西丽桃源村三期3D栋,广东深圳市南山区西丽桃源村三期3D栋,广东深圳市南山区西丽桃源村三期3D栋,113.981088,22.558421
深圳桃源,广东,深圳市,南山区,桃源街道峰景社区龙珠军苑A座,广东深圳市南山区桃源街道峰景社区龙珠军苑A座,广东深圳市南山区桃源街道峰景社区龙珠军苑A座,113.987278,22.560388
深圳桃源,广东,深圳市,南山区,西丽镇珠光创新科技园1栋,广东深圳市南山区西丽镇珠光创新科技园1栋,广东深圳市南山区西丽镇珠光创新科技园1栋,113.966037,22.571445
深圳桃源,广东,深圳市,南山区,桃源街道珠光村愿,广东深圳市南山区桃源街道珠光村愿,广东深圳市南山区桃源街道珠光村愿,113.960701,22.571329
深圳桃源,广东,深圳市,南山区,留仙大道塘朗城M层号铺,广东深圳市南山区留仙大道塘朗城M层号铺,广东深圳市南山区留仙大道塘朗城M层号铺,113.999307,22.588954
深圳桃源,广东,深圳市,南山区,龙苑路60号深圳市养老护理院,广东深圳市南山区龙苑路60号深圳市养老护理院,广东深圳市南山区龙苑路60号深圳市养老护理院,113.983914,22.562723
深圳桃源,广东,深圳市,南山区,西丽宝能环球汇B馆楼Tommy男装旁,广东深圳市南山区西丽宝能环球汇B馆楼Tommy男装旁,广东深圳市南山区西丽宝能环球汇B馆楼Tommy男装旁,113.998195,22.590733
深圳桃源,广东,深圳市,南山区,龙珠四路怡然天地居2栋b,广东深圳市南山区龙珠四路怡然天地居2栋b,广东深圳市南山区龙珠四路怡然天地居2栋b,113.9739,22.563801
深圳桃源,广东,深圳市,南山区,桃源街道塘朗城广场西区A座楼服装部OSD,广东深圳市南山区桃源街道塘朗城广场西区A座楼服装部OSD,广东深圳市南山区桃源街道塘朗城广场西区A座楼服装部OSD,114.000175,22.589251
深圳桃源,广东,深圳市,南山区,留仙大道塘朗城A座楼,广东深圳市南山区留仙大道塘朗城A座楼,广东深圳市南山区留仙大道塘朗城A座楼,114.000782,22.589079
深圳桃源,广东,深圳市,南山区,宝珠花园蘅香阁1B,广东深圳市南山区宝珠花园蘅香阁1B,广东深圳市南山区宝珠花园蘅香阁1B,113.957847,22.571047
深圳桃源,广东,深圳市,南山区,南山街道丽珠花园,广东深圳市南山区南山街道丽珠花园,广东深圳市南山区南山街道丽珠花园,113.958113,22.574608
深圳桃源,广东,深圳市,南山区,桃源街道留仙大道深圳地铁客运一分公,广东深圳市南山区桃源街道留仙大道深圳地铁客运一分公,广东深圳市南山区桃源街道留仙大道深圳地铁客运一分公,113.977716,22.584693
深圳桃源,广东,深圳市,南山区,桃源街道光前村东区98栋丰,广东深圳市南山区桃源街道光前村东区98栋丰,广东深圳市南山区桃源街道光前村东区98栋丰,113.963631,22.565222
深圳桃源,广东,深圳市,南山区,桃源街道龙井路龙井村东区59栋悦居,广东深圳市南山区桃源街道龙井路龙井村东区59栋悦居,广东深圳市南山区桃源街道龙井路龙井村东区59栋悦居,113.976334,22.560847
深圳桃源,广东,深圳市,南山区,桃源街道北环大道陶然居综合楼索尔顿公寓,广东深圳市南山区桃源街道北环大道陶然居综合楼索尔顿公寓,广东深圳市南山区桃源街道北环大道陶然居综合楼索尔顿公寓,113.978819,22.554296
深圳桃源,广东,深圳市,南山区,南山区桃源街道学苑大道华晖云门4A栋,广东深圳市南山区桃源街道学苑大道华晖云门4A栋,广东深圳市南山区桃源街道学苑大道华晖云门4A栋,114.000884,22.592251
深圳桃源,广东,深圳市,南山区,桃源街道龙珠四路88号众悦家园三单元2410,广东深圳市南山区桃源街道龙珠四路88号众悦家园三单元2410,广东深圳市南山区桃源街道龙珠四路88号众悦家园三单元2410,113.972142,22.559165
深圳桃源,广东,深圳市,南山区,桃源街道长源京基御领公馆3栋,广东深圳市南山区桃源街道长源京基御领公馆3栋,广东深圳市南山区桃源街道长源京基御领公馆3栋,113.934873,22.49841
深圳海上世界,广东,深圳市,南山区,蛇口街道爱榕路东,广东深圳市南山区蛇口街道爱榕路东,广东深圳市南山区蛇口街道爱榕路东,113.928949,22.501817
深圳海上世界,广东,深圳市,南山区,蛇口后海大道东帝海景二单元,广东深圳市南山区蛇口后海大道东帝海景二单元,广东深圳市南山区蛇口后海大道东帝海景二单元,113.934742,22.489129
深圳海上世界,广东,深圳市,南山区,蛇口街道公园南路34号楼,广东深圳市南山区蛇口街道公园南路34号楼,广东深圳市南山区蛇口街道公园南路34号楼,113.925153,22.489442
深圳海上世界,广东,深圳市,南山区,南山区蛇口街道南山区后海大道蓝天路澳城花园C栋D,广东深圳市南山区蛇口街道南山区后海大道蓝天路澳城花园C栋D,广东深圳市南山区蛇口街道南山区后海大道蓝天路澳城花园C栋D,113.938269,22.488589
深圳海上世界,广东,深圳市,南山区,蛇口街道科苑南路三湘海尚C,广东深圳市南山区蛇口街道科苑南路三湘海尚C,广东深圳市南山区蛇口街道科苑南路三湘海尚C,113.942572,22.502702
深圳海上世界,广东,深圳市,南山区,蛇口街道广博星海华庭G栋,广东深圳市南山区蛇口街道广博星海华庭G栋,广东深圳市南山区蛇口街道广博星海华庭G栋,113.935916,22.494552
深圳海上世界,广东,深圳市,南山区,蛇口金世纪路半岛城邦二期一栋一单元,广东深圳市南山区蛇口金世纪路半岛城邦二期一栋一单元,广东深圳市南山区蛇口金世纪路半岛城邦二期一栋一单元,113.931261,22.482973
深圳海上世界,广东,深圳市,南山区,广东省深圳市南山区南海大道1075号tcl科技大厦B,广东深圳市南山区广东省深圳市南山区南海大道1075号tcl科技大厦B,广东深圳市南山区广东省深圳市南山区南海大道1075号tcl科技大厦B,113.919524,22.496283
深圳海上世界,广东,深圳市,南山区,街道蛇口翠薇园南,广东深圳市南山区街道蛇口翠薇园南,广东深圳市南山区街道蛇口翠薇园南,113.92805,22.498707
深圳海上世界,广东,深圳市,南山区,海境界家园一期1栋,广东深圳市南山区海境界家园一期1栋,广东深圳市南山区海境界家园一期1栋,113.935071,22.492447
深圳海上世界,广东,深圳市,南山区,前海路山水情家园快递柜,广东深圳市南山区前海路山水情家园快递柜,广东深圳市南山区前海路山水情家园快递柜,113.907356,22.511606
深圳海上世界,广东,深圳市,南山区,街道南海大道TCL科技大厦B栋楼B区B,广东深圳市南山区街道南海大道TCL科技大厦B栋楼B区B,广东深圳市南山区街道南海大道TCL科技大厦B栋楼B区B,113.919524,22.496283
深圳海上世界,广东,深圳市,南山区,蛇口街道东滨路1009-1号深圳湾口岸中,广东深圳市南山区蛇口街道东滨路1009-1号深圳湾口岸中,广东深圳市南山区蛇口街道东滨路1009-1号深圳湾口岸中,113.93887,22.498567
深圳海上世界,广东,深圳市,南山区,街道南海大道1055号蛇口TCL科技大厦B栋楼,广东深圳市南山区街道南海大道1055号蛇口TCL科技大厦B栋楼,广东深圳市南山区街道南海大道1055号蛇口TCL科技大厦B栋楼,113.917657,22.49301
深圳海上世界,广东,深圳市,南山区,沿山路45号佳利泰大厦,广东深圳市南山区沿山路45号佳利泰大厦,广东深圳市南山区沿山路45号佳利泰大厦,113.917331,22.496328
深圳海上世界,广东,深圳市,南山区,蛇口街道南水村128栋M房,广东深圳市南山区蛇口街道南水村128栋M房,广东深圳市南山区蛇口街道南水村128栋M房,113.922574,22.489378
深圳海上世界,广东,深圳市,南山区,蛇口,广东深圳市南山区蛇口,广东深圳市南山区蛇口,113.926416,22.491588
深圳海上世界,广东,深圳市,南山区,兴华工业大厦8栋,广东深圳市南山区兴华工业大厦8栋,广东深圳市南山区兴华工业大厦8栋,113.91919,22.493338
深圳海上世界,广东,深圳市,南山区,街道海月路43海月花园一期23,广东深圳市南山区街道海月路43海月花园一期23,广东深圳市南山区街道海月路43海月花园一期23,113.933742,22.503189
深圳海上世界,广东,深圳市,南山区,蛇口老街73号港贸综合楼楼西侧广东省惠湾建安工程有限公司,广东深圳市南山区蛇口老街73号港贸综合楼楼西侧广东省惠湾建安工程有限公司,广东深圳市南山区蛇口老街73号港贸综合楼楼西侧广东省惠湾建安工程有限公司,113.906372,22.561721
深圳海上世界,广东,深圳市,南山区,街道南海大道晗山悦海B座,广东深圳市南山区街道南海大道晗山悦海B座,广东深圳市南山区街道南海大道晗山悦海B座,113.921071,22.500975
深圳海上世界,广东,深圳市,南山区,四海路,广东深圳市南山区四海路,广东深圳市南山区四海路,113.926684,22.501726
深圳海上世界,广东,深圳市,南山区,蛇口海月花园二期17栋,广东深圳市南山区蛇口海月花园二期17栋,广东深圳市南山区蛇口海月花园二期17栋,113.93286,22.500752
深圳海上世界,广东,深圳市,南山区,街道沿山路63号蛇口边检生活区丰巢柜,广东深圳市南山区街道沿山路63号蛇口边检生活区丰巢柜,广东深圳市南山区街道沿山路63号蛇口边检生活区丰巢柜,113.919324,22.499905
深圳海上世界,广东,深圳市,南山区,蛇口街道广东省深圳市南山区TCL科技大厦B座楼夹层G,广东深圳市南山区蛇口街道广东省深圳市南山区TCL科技大厦B座楼夹层G,广东深圳市南山区蛇口街道广东省深圳市南山区TCL科技大厦B座楼夹层G,113.919524,22.496283
深圳海上世界,广东,深圳市,南山区,蛇口街道广东省深圳市南山区蛇口新街滨海苑小区6栋,广东深圳市南山区蛇口街道广东省深圳市南山区蛇口新街滨海苑小区6栋,广东深圳市南山区蛇口街道广东省深圳市南山区蛇口新街滨海苑小区6栋,113.925937,22.489112
深圳海上世界,广东,深圳市,南山区,街道望海路双玺花园三期5栋,广东深圳市南山区街道望海路双玺花园三期5栋,广东深圳市南山区街道望海路双玺花园三期5栋,113.98774,22.543941
深圳海上世界,广东,深圳市,南山区,街道工业八路280号深圳蛇口壹棠服务公寓A,广东深圳市南山区街道工业八路280号深圳蛇口壹棠服务公寓A,广东深圳市南山区街道工业八路280号深圳蛇口壹棠服务公寓A,113.918524,22.504185
深圳海上世界,广东,深圳市,南山区,街道工业八路壹栈人才公寓花间2栋,广东深圳市南山区街道工业八路壹栈人才公寓花间2栋,广东深圳市南山区街道工业八路壹栈人才公寓花间2栋,113.915184,22.502933
深圳海上世界,广东,深圳市,南山区,深圳湾口岸顺,广东深圳市南山区深圳湾口岸顺,广东深圳市南山区深圳湾口岸顺,113.93887,22.498567
深圳海上世界,广东,深圳市,南山区,南山区街道半岛鲸山幼儿园,广东深圳市南山区街道半岛鲸山幼儿园,广东深圳市南山区街道半岛鲸山幼儿园,113.933388,22.479945
深圳海上世界,广东,深圳市,南山区,街道广东省深圳市南山区南山街道街道南海大道1055号TCL科技大厦B,广东深圳市南山区街道广东省深圳市南山区南山街道街道南海大道1055号TCL科技大厦B,广东深圳市南山区街道广东省深圳市南山区南山街道街道南海大道1055号TCL科技大厦B,113.919524,22.496283
深圳海上世界,广东,深圳市,南山区,南山街道南海大道1055号蛇口TCL科技大厦B栋楼B,广东深圳市南山区南山街道南海大道1055号蛇口TCL科技大厦B栋楼B,广东深圳市南山区南山街道南海大道1055号蛇口TCL科技大厦B栋楼B,113.917657,22.49301
深圳海上世界,广东,深圳市,南山区,南山区宝能太古城楼洗脸猫,广东深圳市南山区宝能太古城楼洗脸猫,广东深圳市南山区宝能太古城楼洗脸猫,113.94018,22.501055
深圳海上世界,广东,深圳市,南山区,蛇口半岛城邦三期6-8D，洛伊,广东深圳市南山区蛇口半岛城邦三期6-8D，洛伊,广东深圳市南山区蛇口半岛城邦三期6-8D，洛伊,113.933326,22.479888
深圳海上世界,广东,深圳市,南山区,南山街道荔林社区向南路65号福满园A栋,广东深圳市南山区南山街道荔林社区向南路65号福满园A栋,广东深圳市南山区南山街道荔林社区向南路65号福满园A栋,113.918589,22.505823
深圳海上世界,广东,深圳市,南山区,街道龙电花园B区第一单元2栋,广东深圳市南山区街道龙电花园B区第一单元2栋,广东深圳市南山区街道龙电花园B区第一单元2栋,113.9216,22.502215
深圳海上世界,广东,深圳市,南山区,花果路围仔西围仔西10,广东深圳市南山区花果路围仔西围仔西10,广东深圳市南山区花果路围仔西围仔西10,113.929564,22.489422
深圳海上世界,广东,深圳市,南山区,街道太子路87号荔园小区8-202光轮骨白W,广东深圳市南山区街道太子路87号荔园小区8-202,广东深圳市南山区街道太子路87号荔园小区8-202,113.917945,22.488298
深圳海上世界,广东,深圳市,南山区,海月花园一期18栋,广东深圳市南山区海月花园一期18栋,广东深圳市南山区海月花园一期18栋,113.93286,22.500752
深圳海上世界,广东,深圳市,南山区,前海路山水情家园1栋B座,广东深圳市南山区前海路山水情家园1栋B座,广东深圳市南山区前海路山水情家园1栋B座,113.907599,22.512106
深圳海上世界,广东,深圳市,南山区,蛇口街道蛇口新街港湾工业区B栋楼,广东深圳市南山区蛇口街道蛇口新街港湾工业区B栋楼,广东深圳市南山区蛇口街道蛇口新街港湾工业区B栋楼,113.93282,22.485778
深圳海上世界,广东,深圳市,南山区,蛇口街道三湘海尚E座楼,广东深圳市南山区蛇口街道三湘海尚E座楼,广东深圳市南山区蛇口街道三湘海尚E座楼,113.942572,22.502702
深圳海上世界,广东,深圳市,南山区,蛇口路52湾厦德园2-303,广东深圳市南山区蛇口路52湾厦德园2-303,广东深圳市南山区蛇口路52湾厦德园2-303,113.929059,22.4919
深圳海上世界,广东,深圳市,南山区,南山街道科苑南路三湘海尚C,广东深圳市南山区南山街道科苑南路三湘海尚C,广东深圳市南山区南山街道科苑南路三湘海尚C,113.942572,22.502702
深圳海上世界,广东,深圳市,南山区,街道南海大道1055号TCL科技大厦B栋楼B,广东深圳市南山区街道南海大道1055号TCL科技大厦B栋楼B,广东深圳市南山区街道南海大道1055号TCL科技大厦B栋楼B,113.919524,22.496283
深圳海上世界,广东,深圳市,南山区,蛇口四海宜家北座花果山东社康中心,广东深圳市南山区蛇口四海宜家北座花果山东社康中心,广东深圳市南山区蛇口四海宜家北座花果山东社康中心,113.924425,22.493525
深圳海上世界,广东,深圳市,南山区,南山街道东滨路城市山林西门,广东深圳市南山区南山街道东滨路城市山林西门,广东深圳市南山区南山街道东滨路城市山林西门,113.914856,22.510414
深圳海上世界,广东,深圳市,南山区,海上世界双玺花园2期A座,广东深圳市南山区海上世界双玺花园2期A座,广东深圳市南山区海上世界双玺花园2期A座,113.924164,22.488255
深圳海上世界,广东,深圳市,南山区,望海路半岛城邦三期3栋,广东深圳市南山区望海路半岛城邦三期3栋,广东深圳市南山区望海路半岛城邦三期3栋,113.933326,22.479888
深圳海上世界,广东,深圳市,南山区,蛇口街道后海滨路1168号阳光海滨花园H栋,广东深圳市南山区蛇口街道后海滨路1168号阳光海滨花园H栋,广东深圳市南山区蛇口街道后海滨路1168号阳光海滨花园H栋,113.939586,22.490145
深圳海上世界,广东,深圳市,南山区,南水村93号,广东深圳市南山区南水村93号,广东深圳市南山区南水村93号,113.922796,22.489366
深圳海上世界,广东,深圳市,南山区,蛇口新街 22 号港湾花园 5 栋,广东深圳市南山区蛇口新街 22 号港湾花园 5 栋,广东深圳市南山区蛇口新街 22 号港湾花园 5 栋,113.934611,22.486569
深圳海上世界,广东,深圳市,南山区,蛇口街道蛇口兴工路8号1栋,广东深圳市南山区蛇口街道蛇口兴工路8号1栋,广东深圳市南山区蛇口街道蛇口兴工路8号1栋,113.920951,22.502877
深圳海上世界,广东,深圳市,南山区,南粤山庄2栋单元,广东深圳市南山区南粤山庄2栋单元,广东深圳市南山区南粤山庄2栋单元,113.91593,22.508028
深圳海上世界,广东,深圳市,南山区,南山区蛇口街道半岛四路半岛城邦1期5栋,广东深圳市南山区蛇口街道半岛四路半岛城邦1期5栋,广东深圳市南山区蛇口街道半岛四路半岛城邦1期5栋,113.93053,22.478914
深圳海上世界,广东,深圳市,南山区,蛇口街道深圳市南山区街道沿山社区南海大道1055号TCL科技大厦A,广东深圳市南山区蛇口街道深圳市南山区街道沿山社区南海大道1055号TCL科技大厦A,广东深圳市南山区蛇口街道深圳市南山区街道沿山社区南海大道1055号TCL科技大厦A,113.919524,22.496283
深圳海上世界,广东,深圳市,南山区,睿景酒店,广东深圳市南山区睿景酒店,广东深圳市南山区睿景酒店,113.930478,22.533191
深圳海上世界,广东,深圳市,南山区,街道太子湾湾玺N2栋,广东深圳市南山区街道太子湾湾玺N2栋,广东深圳市南山区街道太子湾湾玺N2栋,113.911035,22.470612
深圳海上世界,广东,深圳市,南山区,蛇口翠薇园8栋,广东深圳市南山区蛇口翠薇园8栋,广东深圳市南山区蛇口翠薇园8栋,113.927791,22.498853
深圳海上世界,广东,深圳市,南山区,蛇口街道壹间网谷公寓1栋楼,广东深圳市南山区蛇口街道壹间网谷公寓1栋楼,广东深圳市南山区蛇口街道壹间网谷公寓1栋楼,113.916323,22.491299
深圳海上世界,广东,深圳市,南山区,蛇口-老街新寓,广东深圳市南山区蛇口-老街新寓,广东深圳市南山区蛇口-老街新寓,113.926416,22.491588
深圳海上世界,广东,深圳市,南山区,街道蛇口爱榕路雍景湾花园2,广东深圳市南山区街道蛇口爱榕路雍景湾花园2,广东深圳市南山区街道蛇口爱榕路雍景湾花园2,113.931448,22.494986
深圳海上世界,广东,深圳市,南山区,蛇口工业九路金竹园大厦北4栋,广东深圳市南山区蛇口工业九路金竹园大厦北4栋,广东深圳市南山区蛇口工业九路金竹园大厦北4栋,113.927094,22.500621
深圳海上世界,广东,深圳市,南山区,东滨路荔庭园b栋单元,广东深圳市南山区东滨路荔庭园b栋单元,广东深圳市南山区东滨路荔庭园b栋单元,113.912895,22.510678
深圳海上世界,广东,深圳市,南山区,街道沿山社区22号火炬大厦701,广东深圳市南山区街道沿山社区22号火炬大厦701,广东深圳市南山区街道沿山社区22号火炬大厦701,113.917579,22.495613
深圳海上世界,广东,深圳市,南山区,南山街道荔海春城5栋,广东深圳市南山区南山街道荔海春城5栋,广东深圳市南山区南山街道荔海春城5栋,113.916252,22.505804
深圳海上世界,广东,深圳市,南山区,科苑南路三湘海尚号铺圆通快递楼,广东深圳市南山区科苑南路三湘海尚号铺圆通快递楼,广东深圳市南山区科苑南路三湘海尚号铺圆通快递楼,113.942572,22.502702
深圳海上世界,广东,深圳市,南山区,街道兴工路晗山悦海城B座,广东深圳市南山区街道兴工路晗山悦海城B座,广东深圳市南山区街道兴工路晗山悦海城B座,113.92123,22.500691
深圳海上世界,广东,深圳市,南山区,街道金竹园大厦金竹园大厦北座,广东深圳市南山区街道金竹园大厦金竹园大厦北座,广东深圳市南山区街道金竹园大厦金竹园大厦北座,113.928444,22.50232
深圳海上世界,广东,深圳市,南山区,街道兴工路南园欣荔苑2栋梯,广东深圳市南山区街道兴工路南园欣荔苑2栋梯,广东深圳市南山区街道兴工路南园欣荔苑2栋梯,113.919757,22.502453
深圳海上世界,广东,深圳市,南山区,蛇口后海大道1041号港湾创业大厦层K-Q成,广东深圳市南山区蛇口后海大道1041号港湾创业大厦层K-Q成,广东深圳市南山区蛇口后海大道1041号港湾创业大厦层K-Q成,113.933789,22.492942
深圳海上世界,广东,深圳市,南山区,蛇口招北小区8,广东深圳市南山区蛇口招北小区8,广东深圳市南山区蛇口招北小区8,113.923872,22.491801
深圳海上世界,广东,深圳市,南山区,街道花园路2号四海臻邸一期1栋,广东深圳市南山区街道花园路2号四海臻邸一期1栋,广东深圳市南山区街道花园路2号四海臻邸一期1栋,113.921742,22.500336
深圳海上世界,广东,深圳市,南山区,前海路山居岁月D,广东深圳市南山区前海路山居岁月D,广东深圳市南山区前海路山居岁月D,113.914927,22.525524
深圳海上世界,广东,深圳市,南山区,蛇口街道后海滨路1188号名居绿海湾C座,广东深圳市南山区蛇口街道后海滨路1188号名居绿海湾C座,广东深圳市南山区蛇口街道后海滨路1188号名居绿海湾C座,113.939405,22.49174
深圳海上世界,广东,深圳市,南山区,金色阳光雅居,广东深圳市南山区金色阳光雅居,广东深圳市南山区金色阳光雅居,113.935847,22.490787
深圳海上世界,广东,深圳市,南山区,南山街道东滨路4321号汇宾广场商场层025,广东深圳市南山区南山街道东滨路4321号汇宾广场商场层025,广东深圳市南山区南山街道东滨路4321号汇宾广场商场层025,113.917946,22.508775
深圳海上世界,广东,深圳市,南山区,街道南海大道1055号TCL科技大厦B,广东深圳市南山区街道南海大道1055号TCL科技大厦B,广东深圳市南山区街道南海大道1055号TCL科技大厦B,113.919524,22.496283
深圳海上世界,广东,深圳市,南山区,蛇口街道南山器械医疗产业园B栋楼百丽直播基地,广东深圳市南山区蛇口街道南山器械医疗产业园B栋楼百丽直播基地,广东深圳市南山区蛇口街道南山器械医疗产业园B栋楼百丽直播基地,113.931018,22.492513
深圳海上世界,广东,深圳市,南山区,恒裕滨城2期1栋,广东深圳市南山区恒裕滨城2期1栋,广东深圳市南山区恒裕滨城2期1栋,113.938795,22.494975
深圳海上世界,广东,深圳市,南山区,街道蛇口边检生活区9栋Ⅰ室,广东深圳市南山区街道蛇口边检生活区9栋Ⅰ室,广东深圳市南山区街道蛇口边检生活区9栋Ⅰ室,113.916291,22.500019
深圳海上世界,广东,深圳市,南山区,南山街道南山街道南海大道1055号TCL科技大厦B,广东深圳市南山区南山街道南山街道南海大道1055号TCL科技大厦B,广东深圳市南山区南山街道南山街道南海大道1055号TCL科技大厦B,113.919524,22.496283
深圳海上世界,广东,深圳市,南山区,中心路卓越维港南区12,广东深圳市南山区中心路卓越维港南区12,广东深圳市南山区中心路卓越维港南区12,113.941753,22.494918
深圳海上世界,广东,深圳市,南山区,蛇口沿山路23号胜发大厦B栋,广东深圳市南山区蛇口沿山路23号胜发大厦B栋,广东深圳市南山区蛇口沿山路23号胜发大厦B栋,113.912961,22.491977
深圳海上世界,广东,深圳市,南山区,仕林臻邸小区4栋,广东深圳市南山区仕林臻邸小区4栋,广东深圳市南山区仕林臻邸小区4栋,113.930478,22.533191
深圳海上世界,广东,深圳市,南山区,南海玫瑰花园二期V,广东深圳市南山区南海玫瑰花园二期V,广东深圳市南山区南海玫瑰花园二期V,113.924306,22.484732
深圳海上世界,广东,深圳市,南山区,金世纪路南海玫瑰花园三期三栋,广东深圳市南山区金世纪路南海玫瑰花园三期三栋,广东深圳市南山区金世纪路南海玫瑰花园三期三栋,113.92889,22.479193
深圳海上世界,广东,深圳市,南山区,蛇口街道南山区望海路1146号枫叶望海公馆B栋单元,广东深圳市南山区蛇口街道南山区望海路1146号枫叶望海公馆B栋单元,广东深圳市南山区蛇口街道南山区望海路1146号枫叶望海公馆B栋单元,113.933736,22.482581
深圳海上世界,广东,深圳市,南山区,深圳市南山区工业八路玫瑰园13栋,广东深圳市南山区深圳市南山区工业八路玫瑰园13栋,广东深圳市南山区深圳市南山区工业八路玫瑰园13栋,113.932186,22.499821
深圳海上世界,广东,深圳市,南山区,工业八路303壹栈山前5,广东深圳市南山区工业八路303壹栈山前5,广东深圳市南山区工业八路303壹栈山前5,113.91657,22.50208
深圳海上世界,广东,深圳市,南山区,街道爱榕路75号雍华府2栋,广东深圳市南山区街道爱榕路75号雍华府2栋,广东深圳市南山区街道爱榕路75号雍华府2栋,113.928852,22.500116
深圳海上世界,广东,深圳市,南山区,蛇口南海玫瑰花园三期4栋,广东深圳市南山区蛇口南海玫瑰花园三期4栋,广东深圳市南山区蛇口南海玫瑰花园三期4栋,113.92889,22.479193
深圳海上世界,广东,深圳市,南山区,蛇口街道后海大道栖游家园4栋G,广东深圳市南山区蛇口街道后海大道栖游家园4栋G,广东深圳市南山区蛇口街道后海大道栖游家园4栋G,113.933528,22.487781
深圳海上世界,广东,深圳市,南山区,蛇口工业八路高山花园3栋楼,广东深圳市南山区蛇口工业八路高山花园3栋楼,广东深圳市南山区蛇口工业八路高山花园3栋楼,113.923917,22.49912
深圳海上世界,广东,深圳市,南山区,蛇口街道后海大道东角头栖游家园5栋,广东深圳市南山区蛇口街道后海大道东角头栖游家园5栋,广东深圳市南山区蛇口街道后海大道东角头栖游家园5栋,113.93312,22.488132
深圳海上世界,广东,深圳市,南山区,南山街道东滨路汇宾广场汇嘉阁,广东深圳市南山区南山街道东滨路汇宾广场汇嘉阁,广东深圳市南山区南山街道东滨路汇宾广场汇嘉阁,113.917592,22.508617
深圳海上世界,广东,深圳市,南山区,市南山区蛇12街道后海大道1021号东闸头工业区AI栋合欢大厦楼整层,广东深圳市南山区市南山区蛇12街道后海大道1021号东闸头工业区AI栋合欢大厦楼整层,广东深圳市南山区市南山区蛇12街道后海大道1021号东闸头工业区AI栋合欢大厦楼整层,113.934973,22.488192
深圳海上世界,广东,深圳市,南山区,蛇口老街51号蓝漪花园别墅8A楼,广东深圳市南山区蛇口老街51号蓝漪花园别墅8A楼,广东深圳市南山区蛇口老街51号蓝漪花园别墅8A楼,113.927973,22.485392
深圳海上世界,广东,深圳市,南山区,蛇口街道东滨路1009-9号深圳湾口岸圆通速递转徐小姐,广东深圳市南山区蛇口街道东滨路1009-9号深圳湾口岸圆通速递,广东深圳市南山区蛇口街道东滨路1009-9号深圳湾口岸圆通速递,113.93887,22.498567
深圳海上世界,广东,深圳市,南山区,东滨路城市山林18单元,广东深圳市南山区东滨路城市山林18单元,广东深圳市南山区东滨路城市山林18单元,113.914856,22.510414
深圳海上世界,广东,深圳市,南山区,中心路卓越维港南区深圳蒳美迩医疗美容门诊,广东深圳市南山区中心路卓越维港南区深圳蒳美迩医疗美容门诊,广东深圳市南山区中心路卓越维港南区深圳蒳美迩医疗美容门诊,113.941753,22.494918
深圳海上世界,广东,深圳市,南山区,中熙君南山4栋,广东深圳市南山区中熙君南山4栋,广东深圳市南山区中熙君南山4栋,113.917197,22.508359
深圳海上世界,广东,深圳市,南山区,南山区蛇口街道公园南路9号南水小区栋中集公寓,广东深圳市南山区蛇口街道公园南路9号南水小区栋中集公寓,广东深圳市南山区蛇口街道公园南路9号南水小区栋中集公寓,113.922499,22.487541
深圳海上世界,广东,深圳市,南山区,曦湾华府A,广东深圳市南山区曦湾华府A,广东深圳市南山区曦湾华府A,113.941269,22.501132
深圳海上世界,广东,深圳市,南山区,后海大道海月花园一期22,广东深圳市南山区后海大道海月花园一期22,广东深圳市南山区后海大道海月花园一期22,113.93286,22.500752
深圳海上世界,广东,深圳市,南山区,蛇口老街沁月亮足浴176号,广东深圳市南山区蛇口老街沁月亮足浴176号,广东深圳市南山区蛇口老街沁月亮足浴176号,113.927426,22.485791
深圳海上世界,广东,深圳市,南山区,向南路福庭苑4栋单位,广东深圳市南山区向南路福庭苑4栋单位,广东深圳市南山区向南路福庭苑4栋单位,113.918602,22.506448
深圳海上世界,广东,深圳市,南山区,蛇口路138号北,广东深圳市南山区蛇口路138号北,广东深圳市南山区蛇口路138号北,113.929709,22.486456
深圳海上世界,广东,深圳市,南山区,街道爱榕园西门快递柜,广东深圳市南山区街道爱榕园西门快递柜,广东深圳市南山区街道爱榕园西门快递柜,113.9292,22.500858
深圳海上世界,广东,深圳市,南山区,蛇口街道-蛇口半岛城邦二期-三栋Ab,广东深圳市南山区蛇口街道-蛇口半岛城邦二期-三栋Ab,广东深圳市南山区蛇口街道-蛇口半岛城邦二期-三栋Ab,113.931506,22.481453
深圳海上世界,广东,深圳市,南山区,街道新华路海滨花园海晖阁,广东深圳市南山区街道新华路海滨花园海晖阁,广东深圳市南山区街道新华路海滨花园海晖阁,113.915988,22.484427
深圳海上世界,广东,深圳市,南山区,蛇口街道岸湾八街与中心路交叉口东南方向90米曦湾华府A座前台,广东深圳市南山区蛇口街道岸湾八街与中心路交叉口东南方向90米曦湾华府A座前台,广东深圳市南山区蛇口街道岸湾八街与中心路交叉口东南方向90米曦湾华府A座前台,113.941139,22.501232
深圳海上世界,广东,深圳市,南山区,街道沿山路18号中建工业大厦1栋,广东深圳市南山区街道沿山路18号中建工业大厦1栋,广东深圳市南山区街道沿山路18号中建工业大厦1栋,113.916631,22.493558
深圳海上世界,广东,深圳市,南山区,南山区蛇口东角头工业区A2栋银沙大厦,广东深圳市南山区蛇口东角头工业区A2栋银沙大厦,广东深圳市南山区蛇口东角头工业区A2栋银沙大厦,113.935416,22.488257
深圳海上世界,广东,深圳市,南山区,桃源街道花样年美年广场4,广东深圳市南山区桃源街道花样年美年广场4,广东深圳市南山区桃源街道花样年美年广场4,113.921025,22.503424
深圳海上世界,广东,深圳市,南山区,东滨路汇宾广场楼,广东深圳市南山区东滨路汇宾广场楼,广东深圳市南山区东滨路汇宾广场楼,113.917946,22.508775
深圳海上世界,广东,深圳市,南山区,街道街道沿山社区沿山路43号创业壹号D栋D,广东深圳市南山区街道街道沿山社区沿山路43号创业壹号D栋D,广东深圳市南山区街道街道沿山社区沿山路43号创业壹号D栋D,113.916804,22.496545
深圳海上世界,广东,深圳市,南山区,永乐新村1栋,广东深圳市南山区永乐新村1栋,广东深圳市南山区永乐新村1栋,114.090948,22.703552
深圳海上世界,广东,深圳市,南山区,"广东省深圳市南山区蛇口街道, 永乐新村5栋C","广东深圳市南山区广东省深圳市南山区蛇口街道, 永乐新村5栋C","广东深圳市南山区广东省深圳市南山区蛇口街道, 永乐新村5栋C",113.931018,22.492513
深圳海上世界,广东,深圳市,南山区,街道半岛花园B区-9号楼,广东深圳市南山区街道半岛花园B区-9号楼,广东深圳市南山区街道半岛花园B区-9号楼,113.932478,22.498903
深圳海上世界,广东,深圳市,南山区,蛇口湾厦新村一巷8号阿珍,广东深圳市南山区蛇口湾厦新村一巷8号阿珍,广东深圳市南山区蛇口湾厦新村一巷8号阿珍,113.932769,22.490254
深圳海上世界,广东,深圳市,南山区,粤海街道海月花,广东深圳市南山区粤海街道海月花,广东深圳市南山区粤海街道海月花,113.937715,22.500409
深圳海上世界,广东,深圳市,南山区,蛇口街道海昌街3号海湾花园25栋,广东深圳市南山区蛇口街道海昌街3号海湾花园25栋,广东深圳市南山区蛇口街道海昌街3号海湾花园25栋,113.921443,22.486259
深圳海上世界,广东,深圳市,南山区,街道工业八路四海臻邸一期,广东深圳市南山区街道工业八路四海臻邸一期,广东深圳市南山区街道工业八路四海臻邸一期,113.921742,22.500336
深圳海上世界,广东,深圳市,南山区,街道花果山社区工业六路4号兴华工业大厦7栋CD座1C,广东深圳市南山区街道花果山社区工业六路4号兴华工业大厦7栋CD座1C,广东深圳市南山区街道花果山社区工业六路4号兴华工业大厦7栋CD座1C,113.920388,22.494623
深圳海上世界,广东,深圳市,南山区,街道四海小区七栋蜂巢柜,广东深圳市南山区街道四海小区七栋蜂巢柜,广东深圳市南山区街道四海小区七栋蜂巢柜,113.926186,22.501084
深圳海上世界,广东,深圳市,南山区,蛇口南海大道1055号TCL科技大厦B,广东深圳市南山区蛇口南海大道1055号TCL科技大厦B,广东深圳市南山区蛇口南海大道1055号TCL科技大厦B,113.919524,22.496283
深圳海上世界,广东,深圳市,南山区,南山区街道工业四路与南海大道交叉口万融大厦A座,广东深圳市南山区街道工业四路与南海大道交叉口万融大厦A座,广东深圳市南山区街道工业四路与南海大道交叉口万融大厦A座,113.924164,22.488255
深圳海上世界,广东,深圳市,南山区,深圳湾口岸圆通快递,广东深圳市南山区深圳湾口岸圆通快递,广东深圳市南山区深圳湾口岸圆通快递,113.93887,22.498567
深圳海上世界,广东,深圳市,南山区,南山区蛇口街道水湾路30号便家手机通讯店,广东深圳市南山区蛇口街道水湾路30号便家手机通讯店,广东深圳市南山区蛇口街道水湾路30号便家手机通讯店,113.920936,22.488798
深圳海上世界,广东,深圳市,南山区,蛇口街道TcL科技大厦B座B,广东深圳市南山区蛇口街道TcL科技大厦B座B,广东深圳市南山区蛇口街道TcL科技大厦B座B,113.919524,22.496283
深圳海上世界,广东,深圳市,南山区,蛇口街道爱榕路36号湾厦花园,广东深圳市南山区蛇口街道爱榕路36号湾厦花园,广东深圳市南山区蛇口街道爱榕路36号湾厦花园,113.93153,22.492988
深圳海上世界,广东,深圳市,南山区,南山街道东滨路29号绿云大厦,广东深圳市南山区南山街道东滨路29号绿云大厦,广东深圳市南山区南山街道东滨路29号绿云大厦,113.920982,22.50596
深圳海上世界,广东,深圳市,南山区,振兴小区Zoo工作室,广东深圳市南山区振兴小区Zoo工作室,广东深圳市南山区振兴小区Zoo工作室,113.962437,22.690825
深圳海上世界,广东,深圳市,南山区,兴华工业大厦7栋AB座楼,广东深圳市南山区兴华工业大厦7栋AB座楼,广东深圳市南山区兴华工业大厦7栋AB座楼,113.919219,22.493348
深圳海上世界,广东,深圳市,南山区,蛇口街道君汇新天1C,广东深圳市南山区蛇口街道君汇新天1C,广东深圳市南山区蛇口街道君汇新天1C,113.938077,22.504087
深圳海上世界,广东,深圳市,南山区,蛇口街道广东省深圳市南山区蛇口南海大道1055号TCL科技大厦B,广东深圳市南山区蛇口街道广东省深圳市南山区蛇口南海大道1055号TCL科技大厦B,广东深圳市南山区蛇口街道广东省深圳市南山区蛇口南海大道1055号TCL科技大厦B,113.919524,22.496283
深圳海上世界,广东,深圳市,南山区,蛇口街道后海滨路1168号阳光海滨花园B栋,广东深圳市南山区蛇口街道后海滨路1168号阳光海滨花园B栋,广东深圳市南山区蛇口街道后海滨路1168号阳光海滨花园B栋,113.939586,22.490145
深圳海上世界,广东,深圳市,南山区,街道蛇口工业八路海琴花园5B,广东深圳市南山区街道蛇口工业八路海琴花园5B,广东深圳市南山区街道蛇口工业八路海琴花园5B,113.923917,22.49912
深圳海上世界,广东,深圳市,南山区,南山区南山街道远洋滨海大厦2栋楼架子上,广东深圳市南山区南山街道远洋滨海大厦2栋楼架子上,广东深圳市南山区南山街道远洋滨海大厦2栋楼架子上,113.909987,22.511865
深圳海上世界,广东,深圳市,南山区,蛇口街道南水小区栋,广东深圳市南山区蛇口街道南水小区栋,广东深圳市南山区蛇口街道南水小区栋,113.923709,22.488108
深圳海上世界,广东,深圳市,南山区,蛇口街道后海大道1021号东角头工业区A1栋合欢大厦楼整层,广东深圳市南山区蛇口街道后海大道1021号东角头工业区A1栋合欢大厦楼整层,广东深圳市南山区蛇口街道后海大道1021号东角头工业区A1栋合欢大厦楼整层,113.934973,22.488192
深圳海上世界,广东,深圳市,南山区,向南路荔海春城商业街A,广东深圳市南山区向南路荔海春城商业街A,广东深圳市南山区向南路荔海春城商业街A,113.916409,22.506
深圳海上世界,广东,深圳市,南山区,南山区街道蛇口工业九路金竹园大厦北座安捷斯汽车快修有限公司,广东深圳市南山区街道蛇口工业九路金竹园大厦北座安捷斯汽车快修有限公司,广东深圳市南山区街道蛇口工业九路金竹园大厦北座安捷斯汽车快修有限公司,113.927094,22.500621
深圳海上世界,广东,深圳市,南山区,南山区蛇口街道蛇口沿山路18号中建工业大厦2栋,广东深圳市南山区蛇口街道蛇口沿山路18号中建工业大厦2栋,广东深圳市南山区蛇口街道蛇口沿山路18号中建工业大厦2栋,113.916338,22.493453
深圳海上世界,广东,深圳市,南山区,蛇口爱榕园28栋,广东深圳市南山区蛇口爱榕园28栋,广东深圳市南山区蛇口爱榕园28栋,113.931591,22.501727
深圳海上世界,广东,深圳市,南山区,前海路山居岁月B栋,广东深圳市南山区前海路山居岁月B栋,广东深圳市南山区前海路山居岁月B栋,113.914927,22.525524
深圳海上世界,广东,深圳市,南山区,南山区街道后海大道工业七路海洋星苑首层新福芝泰汽车美容中心,广东深圳市南山区街道后海大道工业七路海洋星苑首层新福芝泰汽车美容中心,广东深圳市南山区街道后海大道工业七路海洋星苑首层新福芝泰汽车美容中心,113.933993,22.495896
深圳海上世界,广东,深圳市,南山区,街道望海路海上世界双玺花园2期A栋,广东深圳市南山区街道望海路海上世界双玺花园2期A栋,广东深圳市南山区街道望海路海上世界双玺花园2期A栋,113.920689,22.480158
深圳海上世界,广东,深圳市,南山区,深圳蛇口邮轮中心K11CitiGO欢阁酒店,广东深圳市南山区深圳蛇口邮轮中心K11CitiGO欢阁酒店,广东深圳市南山区深圳蛇口邮轮中心K11CitiGO欢阁酒店,113.912359,22.469257
深圳海上世界,广东,深圳市,南山区,街道南海大道1055号TCL科技大厦B座B,广东深圳市南山区街道南海大道1055号TCL科技大厦B座B,广东深圳市南山区街道南海大道1055号TCL科技大厦B座B,113.919524,22.496283
深圳海上世界,广东,深圳市,南山区,蛇口街道望海路88号海韵嘉园4栋,广东深圳市南山区蛇口街道望海路88号海韵嘉园4栋,广东深圳市南山区蛇口街道望海路88号海韵嘉园4栋,113.925891,22.486103
深圳海上世界,广东,深圳市,南山区,南山区街道壹栈山前人才公寓7栋派送到家门口,广东深圳市南山区街道壹栈山前人才公寓7栋派送到家门口,广东深圳市南山区街道壹栈山前人才公寓7栋派送到家门口,113.930478,22.533191
深圳海上世界,广东,深圳市,南山区,蛇口街道广博星海华庭D栋,广东深圳市南山区蛇口街道广博星海华庭D栋,广东深圳市南山区蛇口街道广博星海华庭D栋,113.935916,22.494552
深圳海上世界,广东,深圳市,南山区,蛇口水湾路南水村,广东深圳市南山区蛇口水湾路南水村,广东深圳市南山区蛇口水湾路南水村,113.92229,22.488897
深圳海上世界,广东,深圳市,南山区,蛇口工业区工业六路鸣溪谷1栋,广东深圳市南山区蛇口工业区工业六路鸣溪谷1栋,广东深圳市南山区蛇口工业区工业六路鸣溪谷1栋,113.916176,22.496809
深圳海上世界,广东,深圳市,南山区,蛇口街道东角头厂区东南工贸大厦B座室退货M,广东深圳市南山区蛇口街道东角头厂区东南工贸大厦B座,广东深圳市南山区蛇口街道东角头厂区东南工贸大厦B座,113.934837,22.488747
深圳海上世界,广东,深圳市,南山区,岸湾六街6号鸿威海怡湾畔花园C栋,广东深圳市南山区岸湾六街6号鸿威海怡湾畔花园C栋,广东深圳市南山区岸湾六街6号鸿威海怡湾畔花园C栋,113.942442,22.492312
深圳海上世界,广东,深圳市,南山区,南山区爱榕路143号兰园小区4栋,广东深圳市南山区爱榕路143号兰园小区4栋,广东深圳市南山区爱榕路143号兰园小区4栋,113.927013,22.503989
深圳海上世界,广东,深圳市,南山区,南山区后海滨路澳城16186幢楼AB,广东深圳市南山区后海滨路澳城16186幢楼AB,广东深圳市南山区后海滨路澳城16186幢楼AB,113.937743,22.509371
深圳海上世界,广东,深圳市,南山区,街道1055号TCL科技大厦B栋,广东深圳市南山区街道1055号TCL科技大厦B栋,广东深圳市南山区街道1055号TCL科技大厦B栋,113.919524,22.496283
深圳海上世界,广东,深圳市,南山区,街道天骄华庭4栋i单元,广东深圳市南山区街道天骄华庭4栋i单元,广东深圳市南山区街道天骄华庭4栋i单元,113.935839,22.498997
深圳海上世界,广东,深圳市,南山区,蛇口街道深圳市南山区蛇口兴华工业大厦7栋AB座,广东深圳市南山区蛇口街道深圳市南山区蛇口兴华工业大厦7栋AB座,广东深圳市南山区蛇口街道深圳市南山区蛇口兴华工业大厦7栋AB座,113.919219,22.493348
深圳海上世界,广东,深圳市,南山区,后海大道东角头东帝海景6单元,广东深圳市南山区后海大道东角头东帝海景6单元,广东深圳市南山区后海大道东角头东帝海景6单元,113.93757,22.484922
深圳海上世界,广东,深圳市,南山区,蛇口东角头春树里B,广东深圳市南山区蛇口东角头春树里B,广东深圳市南山区蛇口东角头春树里B,113.93409,22.486878
深圳海上世界,广东,深圳市,南山区,街道壹栈山前人才公寓2栋,广东深圳市南山区街道壹栈山前人才公寓2栋,广东深圳市南山区街道壹栈山前人才公寓2栋,113.930478,22.533191
深圳海上世界,广东,深圳市,南山区,蛇口雍景湾6C栋,广东深圳市南山区蛇口雍景湾6C栋,广东深圳市南山区蛇口雍景湾6C栋,113.932017,22.495337
深圳海上世界,广东,深圳市,南山区,蛇口海上世界双玺花园二期B座,广东深圳市南山区蛇口海上世界双玺花园二期B座,广东深圳市南山区蛇口海上世界双玺花园二期B座,113.919798,22.48155
深圳海上世界,广东,深圳市,南山区,街道南海意库1栋,广东深圳市南山区街道南海意库1栋,广东深圳市南山区街道南海意库1栋,113.917409,22.486026
深圳海上世界,广东,深圳市,南山区,蛇口街道望海路1089号南海玫瑰花园2期40栋,广东深圳市南山区蛇口街道望海路1089号南海玫瑰花园2期40栋,广东深圳市南山区蛇口街道望海路1089号南海玫瑰花园2期40栋,113.923218,22.485256
深圳海上世界,广东,深圳市,南山区,蛇口工业七路37号税务小区保安亭丰巢快递柜,广东深圳市南山区蛇口工业七路37号税务小区保安亭丰巢快递柜,广东深圳市南山区蛇口工业七路37号税务小区保安亭丰巢快递柜,113.927732,22.494411
深圳海上世界,广东,深圳市,南山区,南山街道广东省深圳市南山区东滨路汇宾广场商场,广东深圳市南山区南山街道广东省深圳市南山区东滨路汇宾广场商场,广东深圳市南山区南山街道广东省深圳市南山区东滨路汇宾广场商场,113.917946,22.508775
深圳海上世界,广东,深圳市,南山区,蛇口街道招东小区2栋单元,广东深圳市南山区蛇口街道招东小区2栋单元,广东深圳市南山区蛇口街道招东小区2栋单元,113.930208,22.491858
深圳海上世界,广东,深圳市,南山区,蛇口新街港湾花园9栋b单元,广东深圳市南山区蛇口新街港湾花园9栋b单元,广东深圳市南山区蛇口新街港湾花园9栋b单元,113.934992,22.486473
深圳海上世界,广东,深圳市,南山区,蛇口新街石云路25号深圳蛇口海上世界RANY芮汐酒店,广东深圳市南山区蛇口新街石云路25号深圳蛇口海上世界RANY芮汐酒店,广东深圳市南山区蛇口新街石云路25号深圳蛇口海上世界RANY芮汐酒店,113.927123,22.489055
深圳海上世界,广东,深圳市,南山区,街道工业六路兴华工业大厦7栋CD座,广东深圳市南山区街道工业六路兴华工业大厦7栋CD座,广东深圳市南山区街道工业六路兴华工业大厦7栋CD座,113.920388,22.494623
深圳海上世界,广东,深圳市,南山区,南山区蛇口街道路招南小区9栋,广东深圳市南山区蛇口街道路招南小区9栋,广东深圳市南山区蛇口街道路招南小区9栋,113.924557,22.489242
深圳海上世界,广东,深圳市,南山区,沿山路佳利泰大厦楼B,广东深圳市南山区沿山路佳利泰大厦楼B,广东深圳市南山区沿山路佳利泰大厦楼B,113.917331,22.496328
深圳海上世界,广东,深圳市,南山区,前海路山水情家园二栋十三号商铺郑远元,广东深圳市南山区前海路山水情家园二栋十三号商铺郑远元,广东深圳市南山区前海路山水情家园二栋十三号商铺郑远元,113.907356,22.511606
深圳海上世界,广东,深圳市,南山区,街道数码大厦A座,广东深圳市南山区街道数码大厦A座,广东深圳市南山区街道数码大厦A座,113.924164,22.488255
深圳海上世界,广东,深圳市,南山区,蛇口街道TCL科技大厦B栋夹层G,广东深圳市南山区蛇口街道TCL科技大厦B栋夹层G,广东深圳市南山区蛇口街道TCL科技大厦B栋夹层G,113.919524,22.496283
深圳海上世界,广东,深圳市,南山区,蛇口太子路5号时间广场2期604,广东深圳市南山区蛇口太子路5号时间广场2期604,广东深圳市南山区蛇口太子路5号时间广场2期604,113.912275,22.479092
深圳海上世界,广东,深圳市,南山区,东滨路,广东深圳市南山区东滨路,广东深圳市南山区东滨路,113.927369,22.504894
深圳海上世界,广东,深圳市,南山区,工业九路3号爱榕园9栋,广东深圳市南山区工业九路3号爱榕园9栋,广东深圳市南山区工业九路3号爱榕园9栋,113.930378,22.501745
深圳海上世界,广东,深圳市,南山区,南山区蛇口街道科苑南路2277号海尚酒店,广东深圳市南山区蛇口街道科苑南路2277号海尚酒店,广东深圳市南山区蛇口街道科苑南路2277号海尚酒店,113.943338,22.504101
深圳海上世界,广东,深圳市,南山区,街道后海大道海月花园一期13栋,广东深圳市南山区街道后海大道海月花园一期13栋,广东深圳市南山区街道后海大道海月花园一期13栋,113.93286,22.500752
深圳海上世界,广东,深圳市,南山区,南山区后海滨路与望海路交叉口西南160米丰巢智能柜,广东深圳市南山区后海滨路与望海路交叉口西南160米丰巢智能柜,广东深圳市南山区后海滨路与望海路交叉口西南160米丰巢智能柜,113.920057,22.487191
深圳海上世界,广东,深圳市,南山区,蛇口街道合银沙大厦楼,广东深圳市南山区蛇口街道合银沙大厦楼,广东深圳市南山区蛇口街道合银沙大厦楼,113.935416,22.488257
深圳海上世界,广东,深圳市,南山区,街道花果山社区工业六路4号兴华工业大厦7栋CD座,广东深圳市南山区街道花果山社区工业六路4号兴华工业大厦7栋CD座,广东深圳市南山区街道花果山社区工业六路4号兴华工业大厦7栋CD座,113.920388,22.494623
深圳海上世界,广东,深圳市,南山区,兴工路8号花样年美年广场1栋A商家地址薇珀姿旗舰店,广东深圳市南山区兴工路8号花样年美年广场1栋A商家地址薇珀姿旗舰店,广东深圳市南山区兴工路8号花样年美年广场1栋A商家地址薇珀姿旗舰店,113.921446,22.501713
深圳海上世界,广东,深圳市,南山区,街道南海大道1055号TCL科技大厦,广东深圳市南山区街道南海大道1055号TCL科技大厦,广东深圳市南山区街道南海大道1055号TCL科技大厦,113.919524,22.496283
深圳海上世界,广东,深圳市,南山区,蛇口街道深圳市南山区街道沿山社区南海大道1055号TCL王牌电子公司A,广东深圳市南山区蛇口街道深圳市南山区街道沿山社区南海大道1055号TCL王牌电子公司A,广东深圳市南山区蛇口街道深圳市南山区街道沿山社区南海大道1055号TCL王牌电子公司A,113.917621,22.492875
深圳海上世界,广东,深圳市,南山区,蛇口街道蛇口TCL科技大厦B栋B,广东深圳市南山区蛇口街道蛇口TCL科技大厦B栋B,广东深圳市南山区蛇口街道蛇口TCL科技大厦B栋B,113.919524,22.496283
深圳海上世界,广东,深圳市,南山区,街道花果山社区工业六路4号兴华工业大厦7栋鼎瑞服饰有限公司,广东深圳市南山区街道花果山社区工业六路4号兴华工业大厦7栋鼎瑞服饰有限公司,广东深圳市南山区街道花果山社区工业六路4号兴华工业大厦7栋鼎瑞服饰有限公司,113.919647,22.493865
深圳海上世界,广东,深圳市,南山区,蛇口桂园小区14栋,广东深圳市南山区蛇口桂园小区14栋,广东深圳市南山区蛇口桂园小区14栋,113.930624,22.503113
深圳海上世界,广东,深圳市,南山区,蛇口湾厦新村一巷八号,广东深圳市南山区蛇口湾厦新村一巷八号,广东深圳市南山区蛇口湾厦新村一巷八号,113.932769,22.490254
深圳海上世界,广东,深圳市,南山区,蛇口街道金世纪路20号南海公寓C,广东深圳市南山区蛇口街道金世纪路20号南海公寓C,广东深圳市南山区蛇口街道金世纪路20号南海公寓C,113.931965,22.48486
深圳海上世界,广东,深圳市,南山区,南山街道街道天骄华庭1栋C单元,广东深圳市南山区南山街道街道天骄华庭1栋C单元,广东深圳市南山区南山街道街道天骄华庭1栋C单元,113.936781,22.499791
深圳海上世界,广东,深圳市,南山区,蛇口街道蓝漪花园漪涟阁,广东深圳市南山区蛇口街道蓝漪花园漪涟阁,广东深圳市南山区蛇口街道蓝漪花园漪涟阁,113.92778,22.48506
深圳海上世界,广东,深圳市,南山区,蛇口街道深圳湾海关北门保安室前台,广东深圳市南山区蛇口街道深圳湾海关北门保安室前台,广东深圳市南山区蛇口街道深圳湾海关北门保安室前台,113.945714,22.503564
深圳海上世界,广东,深圳市,南山区,街道局广场楼广,广东深圳市南山区街道局广场楼广,广东深圳市南山区街道局广场楼广,114.063068,22.52503
深圳海上世界,广东,深圳市,南山区,街道工业八路文竹园北门快递柜,广东深圳市南山区街道工业八路文竹园北门快递柜,广东深圳市南山区街道工业八路文竹园北门快递柜,113.930467,22.499523
深圳海上世界,广东,深圳市,南山区,远洋滨海大厦2栋,广东深圳市南山区远洋滨海大厦2栋,广东深圳市南山区远洋滨海大厦2栋,113.909987,22.511865
深圳海上世界,广东,深圳市,南山区,蛇口街道后海大道东角头厂房C栋层C707建,广东深圳市南山区蛇口街道后海大道东角头厂房C栋层C707建,广东深圳市南山区蛇口街道后海大道东角头厂房C栋层C707建,113.93757,22.484922
深圳海上世界,广东,深圳市,南山区,南油迪雅大厦楼,广东深圳市南山区南油迪雅大厦楼,广东深圳市南山区南油迪雅大厦楼,113.920635,22.506663
深圳海上世界,广东,深圳市,南山区,蛇口街道商海路与嘉海路交叉口正南方向40米左右太子湾云玺T8栋,广东深圳市南山区蛇口街道商海路与嘉海路交叉口正南方向40米左右太子湾云玺T8栋,广东深圳市南山区蛇口街道商海路与嘉海路交叉口正南方向40米左右太子湾云玺T8栋,113.906579,22.476187
深圳海上世界,广东,深圳市,南山区,南山区蛇口街道围仔西106栋,广东深圳市南山区蛇口街道围仔西106栋,广东深圳市南山区蛇口街道围仔西106栋,113.929564,22.489422
深圳海上世界,广东,深圳市,南山区,蛇口街道望海路海韵嘉园5栋D,广东深圳市南山区蛇口街道望海路海韵嘉园5栋D,广东深圳市南山区蛇口街道望海路海韵嘉园5栋D,113.926232,22.48601
深圳海上世界,广东,深圳市,南山区,南山街道东滨路汇宾广场江建工地保安室大门口货架,广东深圳市南山区南山街道东滨路汇宾广场江建工地保安室大门口货架,广东深圳市南山区南山街道东滨路汇宾广场江建工地保安室大门口货架,113.917946,22.508775
深圳海上世界,广东,深圳市,南山区,蛇口街道后海大道1017号丽枫酒店,广东深圳市南山区蛇口街道后海大道1017号丽枫酒店,广东深圳市南山区蛇口街道后海大道1017号丽枫酒店,113.935793,22.487211
深圳海上世界,广东,深圳市,南山区,东路深圳湾段59号皇庭港湾花园H座1单元,广东深圳市南山区东路深圳湾段59号皇庭港湾花园H座1单元,广东深圳市南山区东路深圳湾段59号皇庭港湾花园H座1单元,113.93532,22.48649
深圳海上世界,广东,深圳市,南山区,蛇口望海路南海玫瑰花园一期6-9A,广东深圳市南山区蛇口望海路南海玫瑰花园一期6-9A,广东深圳市南山区蛇口望海路南海玫瑰花园一期6-9A,113.921327,22.483099
深圳海上世界,广东,深圳市,南山区,街道海月花园二期会所楼爱,广东深圳市南山区街道海月花园二期会所楼爱,广东深圳市南山区街道海月花园二期会所楼爱,113.93286,22.500752
深圳海上世界,广东,深圳市,南山区,南山街道广东省深圳市南山区南海大道1055号蛇口TCL科技大厦B栋楼B,广东深圳市南山区南山街道广东省深圳市南山区南海大道1055号蛇口TCL科技大厦B栋楼B,广东深圳市南山区南山街道广东省深圳市南山区南海大道1055号蛇口TCL科技大厦B栋楼B,113.919524,22.496283
深圳海上世界,广东,深圳市,南山区,蛇口金世纪路1号半岛城邦花园一期1栋,广东深圳市南山区蛇口金世纪路1号半岛城邦花园一期1栋,广东深圳市南山区蛇口金世纪路1号半岛城邦花园一期1栋,113.933326,22.479888
深圳海上世界,广东,深圳市,南山区,南山街道南海大道1052号海翔广场,广东深圳市南山区南山街道南海大道1052号海翔广场,广东深圳市南山区南山街道南海大道1052号海翔广场,113.920224,22.494586
深圳海上世界,广东,深圳市,南山区,蛇口四海小区30栋,广东深圳市南山区蛇口四海小区30栋,广东深圳市南山区蛇口四海小区30栋,113.925438,22.50008
深圳海上世界,广东,深圳市,南山区,东滨路天宏1号楼,广东深圳市南山区东滨路天宏1号楼,广东深圳市南山区东滨路天宏1号楼,113.927369,22.504894
深圳海上世界,广东,深圳市,南山区,南山街道源海路19号玺5栋,广东深圳市南山区南山街道源海路19号玺5栋,广东深圳市南山区南山街道源海路19号玺5栋,113.912676,22.477752
深圳海上世界,广东,深圳市,南山区,南海大道南山区蛇口花样年美年广场东北,广东深圳市南山区南海大道南山区蛇口花样年美年广场东北,广东深圳市南山区南海大道南山区蛇口花样年美年广场东北,113.920951,22.502877
深圳海上世界,广东,深圳市,南山区,南山街道南山街道东滨路城市山林20单元,广东深圳市南山区南山街道南山街道东滨路城市山林20单元,广东深圳市南山区南山街道南山街道东滨路城市山林20单元,113.914856,22.510414
深圳海上世界,广东,深圳市,南山区,粤海街道南海大道1077号北科创业大厦,广东深圳市南山区粤海街道南海大道1077号北科创业大厦,广东深圳市南山区粤海街道南海大道1077号北科创业大厦,113.920607,22.49819
深圳海上世界,广东,深圳市,南山区,-中心路2233号宝能太古城北E20f李小姐请,广东深圳市南山区-中心路2233号宝能太古城北E20f,广东深圳市南山区-中心路2233号宝能太古城北E20f,113.939326,22.502612
深圳海上世界,广东,深圳市,南山区,后海滨路澳城花园C栋,广东深圳市南山区后海滨路澳城花园C栋,广东深圳市南山区后海滨路澳城花园C栋,113.938269,22.488589
深圳海上世界,广东,深圳市,南山区,海月花园二期22栋,广东深圳市南山区海月花园二期22栋,广东深圳市南山区海月花园二期22栋,113.93286,22.500752
深圳海上世界,广东,深圳市,南山区,蛇口街道后海大道1012号海境界家园一期4栋,广东深圳市南山区蛇口街道后海大道1012号海境界家园一期4栋,广东深圳市南山区蛇口街道后海大道1012号海境界家园一期4栋,113.935672,22.491231
深圳海上世界,广东,深圳市,南山区,蛇口街道半岛城邦2期6栋单元,广东深圳市南山区蛇口街道半岛城邦2期6栋单元,广东深圳市南山区蛇口街道半岛城邦2期6栋单元,113.933326,22.479888
深圳海上世界,广东,深圳市,南山区,南山区蛇口街道海湾新邨11号楼,广东深圳市南山区蛇口街道海湾新邨11号楼,广东深圳市南山区蛇口街道海湾新邨11号楼,113.930887,22.492688
深圳海上世界,广东,深圳市,南山区,南山区湾厦新村3巷10号仓库收【必须送】,广东深圳市南山区湾厦新村3巷10号仓库,广东深圳市南山区湾厦新村3巷10号仓库,113.932087,22.490726
深圳海上世界,广东,深圳市,南山区,蛇口街道万科蛇口公馆1b栋,广东深圳市南山区蛇口街道万科蛇口公馆1b栋,广东深圳市南山区蛇口街道万科蛇口公馆1b栋,113.932278,22.487522
深圳海上世界,广东,深圳市,南山区,蛇口街道港湾创业大厦,广东深圳市南山区蛇口街道港湾创业大厦,广东深圳市南山区蛇口街道港湾创业大厦,113.933789,22.492942
深圳海上世界,广东,深圳市,南山区,蛇口半岛二路6号南山外国语学校集,广东深圳市南山区蛇口半岛二路6号南山外国语学校集,广东深圳市南山区蛇口半岛二路6号南山外国语学校集,113.933388,22.479945
深圳海上世界,广东,深圳市,南山区,南山街道东滨路城市山林西门外仓库,广东深圳市南山区南山街道东滨路城市山林西门外仓库,广东深圳市南山区南山街道东滨路城市山林西门外仓库,113.914856,22.510414
深圳海上世界,广东,深圳市,南山区,街道时尚秀海上世界店,广东深圳市南山区街道时尚秀海上世界店,广东深圳市南山区街道时尚秀海上世界店,113.917846,22.482264
深圳海上世界,广东,深圳市,南山区,卓越维港北区7栋,广东深圳市南山区卓越维港北区7栋,广东深圳市南山区卓越维港北区7栋,113.941088,22.497003
深圳海上世界,广东,深圳市,南山区,蛇口街道湾厦旧村12巷28号,广东深圳市南山区蛇口街道湾厦旧村12巷28号,广东深圳市南山区蛇口街道湾厦旧村12巷28号,113.931861,22.491596
深圳海上世界,广东,深圳市,南山区,南山区蛇口街道望海路半岛城邦二期6栋单元,广东深圳市南山区蛇口街道望海路半岛城邦二期6栋单元,广东深圳市南山区蛇口街道望海路半岛城邦二期6栋单元,113.931506,22.481453
深圳海上世界,广东,深圳市,南山区,蛇口街道深圳市南山区蛇口湾厦新村,广东深圳市南山区蛇口街道深圳市南山区蛇口湾厦新村,广东深圳市南山区蛇口街道深圳市南山区蛇口湾厦新村,113.932125,22.490129
深圳海上世界,广东,深圳市,南山区,前海路山海翠庐16栋,广东深圳市南山区前海路山海翠庐16栋,广东深圳市南山区前海路山海翠庐16栋,113.905799,22.509374
深圳海上世界,广东,深圳市,南山区,街道胜发大厦B栋,广东深圳市南山区街道胜发大厦B栋,广东深圳市南山区街道胜发大厦B栋,113.912961,22.491977
深圳海上世界,广东,深圳市,南山区,蛇口街道蛇口街道-海昌街三号海湾花园11栋=,广东深圳市南山区蛇口街道蛇口街道-海昌街三号海湾花园11栋=,广东深圳市南山区蛇口街道蛇口街道-海昌街三号海湾花园11栋=,113.922939,22.486529
深圳海上世界,广东,深圳市,南山区,蛇口桃花园五期壹栈林下2栋,广东深圳市南山区蛇口桃花园五期壹栈林下2栋,广东深圳市南山区蛇口桃花园五期壹栈林下2栋,113.92428,22.533445
深圳海上世界,广东,深圳市,南山区,蛇口海月花园楼,广东深圳市南山区蛇口海月花园楼,广东深圳市南山区蛇口海月花园楼,113.93286,22.500752
深圳海上世界,广东,深圳市,南山区,近海路56号半岛花园B区4栋,广东深圳市南山区近海路56号半岛花园B区4栋,广东深圳市南山区近海路56号半岛花园B区4栋,113.932881,22.497604
深圳海上世界,广东,深圳市,南山区,蛇口街道湾厦泰福苑d栋,广东深圳市南山区蛇口街道湾厦泰福苑d栋,广东深圳市南山区蛇口街道湾厦泰福苑d栋,113.934565,22.490225
深圳海上世界,广东,深圳市,南山区,街道沿山路兰溪谷一期7栋,广东深圳市南山区街道沿山路兰溪谷一期7栋,广东深圳市南山区街道沿山路兰溪谷一期7栋,113.914255,22.490043
深圳海上世界,广东,深圳市,南山区,蛇口南海大道1033号泰格壹棠服务公寓H,广东深圳市南山区蛇口南海大道1033号泰格壹棠服务公寓H,广东深圳市南山区蛇口南海大道1033号泰格壹棠服务公寓H,113.912589,22.483671
深圳海上世界,广东,深圳市,南山区,半岛花园a区一栋三单元,广东深圳市南山区半岛花园a区一栋三单元,广东深圳市南山区半岛花园a区一栋三单元,113.934517,22.4994
深圳海上世界,广东,深圳市,南山区,希尔顿南海酒店南海翼,广东深圳市南山区希尔顿南海酒店南海翼,广东深圳市南山区希尔顿南海酒店南海翼,113.930478,22.533191
深圳海上世界,广东,深圳市,南山区,蛇口街道中心路2199号宝能太古城南区E栋,广东深圳市南山区蛇口街道中心路2199号宝能太古城南区E栋,广东深圳市南山区蛇口街道中心路2199号宝能太古城南区E栋,113.939186,22.499458
深圳海上世界,广东,深圳市,南山区,花园城三期4B栋,广东深圳市南山区花园城三期4B栋,广东深圳市南山区花园城三期4B栋,113.923138,22.499384
深圳海上世界,广东,深圳市,南山区,蛇口街道南海大道1055号TCL科技大厦B栋楼门,广东深圳市南山区蛇口街道南海大道1055号TCL科技大厦B栋楼门,广东深圳市南山区蛇口街道南海大道1055号TCL科技大厦B栋楼门,113.919524,22.496283
深圳海上世界,广东,深圳市,南山区,仕林臻邸4栋房周,广东深圳市南山区仕林臻邸4栋房周,广东深圳市南山区仕林臻邸4栋房周,113.930478,22.533191
深圳海上世界,广东,深圳市,南山区,曦湾华府c11妙心经络馆,广东深圳市南山区曦湾华府c11妙心经络馆,广东深圳市南山区曦湾华府c11妙心经络馆,113.941319,22.501604
深圳海上世界,广东,深圳市,南山区,蛇口湾厦新村七巷三号,广东深圳市南山区蛇口湾厦新村七巷三号,广东深圳市南山区蛇口湾厦新村七巷三号,113.931251,22.492808
深圳海上世界,广东,深圳市,南山区,街道海上世界B区市集奈雪正对面摊位脸红手放屋子里面地上别丢门口谢谢后面帘子可,广东深圳市南山区街道海上世界B区市集奈雪正对面摊位,广东深圳市南山区街道海上世界B区市集奈雪正对面摊位,113.916315,22.482196
深圳海上世界,广东,深圳市,南山区,南山街道南粤山庄6栋单元,广东深圳市南山区南山街道南粤山庄6栋单元,广东深圳市南山区南山街道南粤山庄6栋单元,113.916535,22.506819
深圳海上世界,广东,深圳市,南山区,街道千牛文化创意园8栋AB座楼B,广东深圳市南山区街道千牛文化创意园8栋AB座楼B,广东深圳市南山区街道千牛文化创意园8栋AB座楼B,113.919725,22.49379
深圳海上世界,广东,深圳市,南山区,海月路海月二期10栋B,广东深圳市南山区海月路海月二期10栋B,广东深圳市南山区海月路海月二期10栋B,113.935203,22.501412
深圳海上世界,广东,深圳市,南山区,蛇口街道深圳湾太古城北区E栋,广东深圳市南山区蛇口街道深圳湾太古城北区E栋,广东深圳市南山区蛇口街道深圳湾太古城北区E栋,113.950183,22.519126
深圳海上世界,广东,深圳市,南山区,南山街道南山街道南粤山庄福园1栋单元,广东深圳市南山区南山街道南山街道南粤山庄福园1栋单元,广东深圳市南山区南山街道南山街道南粤山庄福园1栋单元,113.918759,22.506033
深圳海上世界,广东,深圳市,南山区,街道TCL科技大厦B,广东深圳市南山区街道TCL科技大厦B,广东深圳市南山区街道TCL科技大厦B,113.919524,22.496283
深圳海上世界,广东,深圳市,南山区,招街道水湾广场座,广东深圳市南山区招街道水湾广场座,广东深圳市南山区招街道水湾广场座,113.919336,22.487668
深圳海上世界,广东,深圳市,南山区,鸿威海怡湾A,广东深圳市南山区鸿威海怡湾A,广东深圳市南山区鸿威海怡湾A,113.943079,22.490521
深圳海上世界,广东,深圳市,南山区,蛇口南园欣荔苑小区入口左侧丰巢柜,广东深圳市南山区蛇口南园欣荔苑小区入口左侧丰巢柜,广东深圳市南山区蛇口南园欣荔苑小区入口左侧丰巢柜,113.919631,22.501341
深圳海上世界,广东,深圳市,南山区,街道工业八路晗山悦海D座,广东深圳市南山区街道工业八路晗山悦海D座,广东深圳市南山区街道工业八路晗山悦海D座,113.919993,22.501535
深圳海上世界,广东,深圳市,南山区,南山街道蛇口南海大道1055号TCL科技大厦B,广东深圳市南山区南山街道蛇口南海大道1055号TCL科技大厦B,广东深圳市南山区南山街道蛇口南海大道1055号TCL科技大厦B,113.919524,22.496283
深圳海上世界,广东,深圳市,南山区,街道广东深圳市南山区街道新时代广场23M拒否则投诉,广东深圳市南山区街道广东深圳市南山区街道新时代广场23M,广东深圳市南山区街道广东深圳市南山区街道新时代广场23M,113.913071,22.482333
深圳海上世界,广东,深圳市,南山区,沿湖路荔湾太子苑6B,广东深圳市南山区沿湖路荔湾太子苑6B,广东深圳市南山区沿湖路荔湾太子苑6B,113.90694,22.508722
深圳海上世界,广东,深圳市,南山区,蛇口街道望海路枫叶公馆C座御宝湾楼餐厅,广东深圳市南山区蛇口街道望海路枫叶公馆C座御宝湾楼餐厅,广东深圳市南山区蛇口街道望海路枫叶公馆C座御宝湾楼餐厅,113.951785,22.501984
深圳海上世界,广东,深圳市,南山区,蛇口街道南水社区公园南路21号,广东深圳市南山区蛇口街道南水社区公园南路21号,广东深圳市南山区蛇口街道南水社区公园南路21号,113.92438,22.488914
深圳海上世界,广东,深圳市,南山区,东路后海雅园C栋,广东深圳市南山区东路后海雅园C栋,广东深圳市南山区东路后海雅园C栋,113.936035,22.493587
深圳海上世界,广东,深圳市,南山区,街道荔园路60号水湾小区裙楼楼,广东深圳市南山区街道荔园路60号水湾小区裙楼楼,广东深圳市南山区街道荔园路60号水湾小区裙楼楼,113.918534,22.491175
深圳海上世界,广东,深圳市,南山区,东滨路345号荔庭园B栋单元,广东深圳市南山区东滨路345号荔庭园B栋单元,广东深圳市南山区东滨路345号荔庭园B栋单元,113.912895,22.510678
深圳海上世界,广东,深圳市,南山区,街道中建工业大厦1栋,广东深圳市南山区街道中建工业大厦1栋,广东深圳市南山区街道中建工业大厦1栋,113.916631,22.493558
深圳海上世界,广东,深圳市,南山区,蛇口街道科苑南路三湘海尚M座9C,广东深圳市南山区蛇口街道科苑南路三湘海尚M座9C,广东深圳市南山区蛇口街道科苑南路三湘海尚M座9C,113.942572,22.502702
深圳海上世界,广东,深圳市,南山区,街道蛇口工业九路28号壹间公寓33栋快递柜,广东深圳市南山区街道蛇口工业九路28号壹间公寓33栋快递柜,广东深圳市南山区街道蛇口工业九路28号壹间公寓33栋快递柜,113.925447,22.502335
深圳海上世界,广东,深圳市,南山区,蛇口工业七路宏宝花园A栋,广东深圳市南山区蛇口工业七路宏宝花园A栋,广东深圳市南山区蛇口工业七路宏宝花园A栋,113.927959,22.492804
深圳海上世界,广东,深圳市,南山区,街道太子湾云玺T7,广东深圳市南山区街道太子湾云玺T7,广东深圳市南山区街道太子湾云玺T7,113.906579,22.476187
深圳海上世界,广东,深圳市,南山区,南山街道东滨路绿云大厦,广东深圳市南山区南山街道东滨路绿云大厦,广东深圳市南山区南山街道东滨路绿云大厦,113.920982,22.50596
深圳海上世界,广东,深圳市,南山区,街道玺家园2栋,广东深圳市南山区街道玺家园2栋,广东深圳市南山区街道玺家园2栋,113.930478,22.533191
深圳海上世界,广东,深圳市,南山区,南山区粤海街道海月花,广东深圳市南山区粤海街道海月花,广东深圳市南山区粤海街道海月花,113.937715,22.500409
深圳海上世界,广东,深圳市,南山区,街道南山区街道沿山社区南海大道1019号南山医疗器械产业园AB座楼百丽直,广东深圳市南山区街道南山区街道沿山社区南海大道1019号南山医疗器械产业园AB座楼百丽直,广东深圳市南山区街道南山区街道沿山社区南海大道1019号南山医疗器械产业园AB座楼百丽直,113.914117,22.486844
深圳海上世界,广东,深圳市,南山区,蛇口街道东南工贸大厦快递柜,广东深圳市南山区蛇口街道东南工贸大厦快递柜,广东深圳市南山区蛇口街道东南工贸大厦快递柜,113.934883,22.488985
深圳海上世界,广东,深圳市,南山区,蛇口工业八路高山花园1栋,广东深圳市南山区蛇口工业八路高山花园1栋,广东深圳市南山区蛇口工业八路高山花园1栋,113.932186,22.499821
深圳海上世界,广东,深圳市,南山区,街道晗山悦海D座2单元,广东深圳市南山区街道晗山悦海D座2单元,广东深圳市南山区街道晗山悦海D座2单元,113.919993,22.501535
深圳海上世界,广东,深圳市,南山区,三湘海尚号店,广东深圳市南山区三湘海尚号店,广东深圳市南山区三湘海尚号店,113.942572,22.502702
深圳海上世界,广东,深圳市,南山区,蛇口工业八路西303号壹栈人才公寓山前8栋杨宇婷,广东深圳市南山区蛇口工业八路西303号壹栈人才公寓山前8栋杨宇婷,广东深圳市南山区蛇口工业八路西303号壹栈人才公寓山前8栋杨宇婷,113.915124,22.502235
深圳海上世界,广东,深圳市,南山区,南山街道东滨路4321号汇宾广场商场层A,广东深圳市南山区南山街道东滨路4321号汇宾广场商场层A,广东深圳市南山区南山街道东滨路4321号汇宾广场商场层A,113.917946,22.508775
深圳海上世界,广东,深圳市,南山区,街道南海·意库6号楼楼,广东深圳市南山区街道南海·意库6号楼楼,广东深圳市南山区街道南海·意库6号楼楼,113.918067,22.487316
深圳海上世界,广东,深圳市,南山区,湾厦路33号蓝天苑B栋,广东深圳市南山区湾厦路33号蓝天苑B栋,广东深圳市南山区湾厦路33号蓝天苑B栋,113.930526,22.485762
深圳海上世界,广东,深圳市,南山区,东滨路汇宾广场汇嘉阁,广东深圳市南山区东滨路汇宾广场汇嘉阁,广东深圳市南山区东滨路汇宾广场汇嘉阁,113.917592,22.508617
深圳海上世界,广东,深圳市,南山区,深圳湾三湘海尚A053韵达快,广东深圳市南山区深圳湾三湘海尚A053韵达快,广东深圳市南山区深圳湾三湘海尚A053韵达快,113.942572,22.502702
深圳海上世界,广东,深圳市,南山区,蛇口街道宝能太古城北区楼JECCIFIVE,广东深圳市南山区蛇口街道宝能太古城北区楼JECCIFIVE,广东深圳市南山区蛇口街道宝能太古城北区楼JECCIFIVE,113.939043,22.501603
深圳海上世界,广东,深圳市,南山区,蛇口新街滨海苑9栋,广东深圳市南山区蛇口新街滨海苑9栋,广东深圳市南山区蛇口新街滨海苑9栋,113.926334,22.489027
深圳海上世界,广东,深圳市,南山区,南山区街道南山区晗山悦海D1丰巢柜,广东深圳市南山区街道南山区晗山悦海D1丰巢柜,广东深圳市南山区街道南山区晗山悦海D1丰巢柜,113.920699,22.501446
深圳海上世界,广东,深圳市,南山区,秋果S,广东深圳市南山区秋果S,广东深圳市南山区秋果S,114.050849,22.508959
深圳海上世界,广东,深圳市,南山区,三湘海尚别墅J座CS栋常轩,广东深圳市南山区三湘海尚别墅J座CS栋,广东深圳市南山区三湘海尚别墅J座CS栋,113.942572,22.502702
深圳海上世界,广东,深圳市,南山区,湾厦旧村二巷,广东深圳市南山区湾厦旧村二巷,广东深圳市南山区湾厦旧村二巷,113.931861,22.491596
深圳海上世界,广东,深圳市,南山区,阳光海滨花园H,广东深圳市南山区阳光海滨花园H,广东深圳市南山区阳光海滨花园H,113.940289,22.490262
深圳海上世界,广东,深圳市,南山区,街道蓝月湾畔小区3栋,广东深圳市南山区街道蓝月湾畔小区3栋,广东深圳市南山区街道蓝月湾畔小区3栋,113.9351,22.504552
深圳海上世界,广东,深圳市,南山区,蛇口米兰公寓一期3,广东深圳市南山区蛇口米兰公寓一期3,广东深圳市南山区蛇口米兰公寓一期3,113.927507,22.491035
深圳海上世界,广东,深圳市,南山区,街道广东省深圳市南山区育才路12号仕林臻邸小区4栋,广东深圳市南山区街道广东省深圳市南山区育才路12号仕林臻邸小区4栋,广东深圳市南山区街道广东省深圳市南山区育才路12号仕林臻邸小区4栋,113.941691,22.672201
深圳海上世界,广东,深圳市,南山区,蛇口街道后海大道澳城花园E栋,广东深圳市南山区蛇口街道后海大道澳城花园E栋,广东深圳市南山区蛇口街道后海大道澳城花园E栋,113.938388,22.488735
深圳海上世界,广东,深圳市,南山区,街道蛇口沿山路44花园城五期1栋,广东深圳市南山区街道蛇口沿山路44花园城五期1栋,广东深圳市南山区街道蛇口沿山路44花园城五期1栋,113.919716,22.499839
深圳海上世界,广东,深圳市,南山区,东滨路迪雅大厦楼c,广东深圳市南山区东滨路迪雅大厦楼c,广东深圳市南山区东滨路迪雅大厦楼c,113.920635,22.506663
深圳海上世界,广东,深圳市,南山区,街道南海大道花园城数码大厦A座,广东深圳市南山区街道南海大道花园城数码大厦A座,广东深圳市南山区街道南海大道花园城数码大厦A座,113.924164,22.488255
深圳海上世界,广东,深圳市,南山区,街道·海琴花园8b,广东深圳市南山区街道·海琴花园8b,广东深圳市南山区街道·海琴花园8b,113.930478,22.533191
深圳海上世界,广东,深圳市,南山区,南山区蛇口街道东角头社区蓝天路15号澳城花园B栋外面商铺车道驰汽,广东深圳市南山区蛇口街道东角头社区蓝天路15号澳城花园B栋外面商铺车道驰汽,广东深圳市南山区蛇口街道东角头社区蓝天路15号澳城花园B栋外面商铺车道驰汽,113.939216,22.487985
深圳海上世界,广东,深圳市,南山区,蛇口松湖二路鲸山九期17,广东深圳市南山区蛇口松湖二路鲸山九期17,广东深圳市南山区蛇口松湖二路鲸山九期17,113.905955,22.478235
深圳海上世界,广东,深圳市,南山区,蛇口万科蛇口公馆39号铺,广东深圳市南山区蛇口万科蛇口公馆39号铺,广东深圳市南山区蛇口万科蛇口公馆39号铺,113.932218,22.486736
深圳海上世界,广东,深圳市,南山区,街道爱榕园12栋,广东深圳市南山区街道爱榕园12栋,广东深圳市南山区街道爱榕园12栋,113.930556,22.500812
深圳海上世界,广东,深圳市,南山区,望海路双玺花园商铺102号美捺,广东深圳市南山区望海路双玺花园商铺102号,广东深圳市南山区望海路双玺花园商铺102号,113.951785,22.501984
深圳海上世界,广东,深圳市,南山区,蛇口街道后海滨路阳光海滨花园,广东深圳市南山区蛇口街道后海滨路阳光海滨花园,广东深圳市南山区蛇口街道后海滨路阳光海滨花园,113.940289,22.490262
深圳海上世界,广东,深圳市,南山区,蛇口街道南水村113栋,广东深圳市南山区蛇口街道南水村113栋,广东深圳市南山区蛇口街道南水村113栋,113.92096,22.489249
深圳海上世界,广东,深圳市,南山区,蛇口老街73号-6渔民大厦青,广东深圳市南山区蛇口老街73号-6渔民大厦青,广东深圳市南山区蛇口老街73号-6渔民大厦青,113.92682,22.485217
深圳海上世界,广东,深圳市,南山区,蛇口街道鸿威·海怡湾H,广东深圳市南山区蛇口街道鸿威·海怡湾H,广东深圳市南山区蛇口街道鸿威·海怡湾H,113.943079,22.490521
深圳海上世界,广东,深圳市,南山区,街道桃花园社区桃花园一期2,广东深圳市南山区街道桃花园社区桃花园一期2,广东深圳市南山区街道桃花园社区桃花园一期2,113.920021,22.502936
深圳海上世界,广东,深圳市,南山区,街道华彩花园南山阁,广东深圳市南山区街道华彩花园南山阁,广东深圳市南山区街道华彩花园南山阁,113.920318,22.49747
深圳海上世界,广东,深圳市,南山区,蛇口街道蛇口沿山路兰溪谷二期6栋,广东深圳市南山区蛇口街道蛇口沿山路兰溪谷二期6栋,广东深圳市南山区蛇口街道蛇口沿山路兰溪谷二期6栋,113.914255,22.490043
深圳海上世界,广东,深圳市,南山区,蛇口街道公园南路华里酒店楼,广东深圳市南山区蛇口街道公园南路华里酒店楼,广东深圳市南山区蛇口街道公园南路华里酒店楼,113.924839,22.488232
深圳海上世界,广东,深圳市,南山区,后海大道1012号海境界1栋,广东深圳市南山区后海大道1012号海境界1栋,广东深圳市南山区后海大道1012号海境界1栋,113.935368,22.491712
深圳海上世界,广东,深圳市,南山区,南山区街道南山区海月路海月二期10栋,广东深圳市南山区街道南山区海月路海月二期10栋,广东深圳市南山区街道南山区海月路海月二期10栋,113.935203,22.501412
深圳海上世界,广东,深圳市,南山区,街道兴工路8-9花样年美年广场3栋,广东深圳市南山区街道兴工路8-9花样年美年广场3栋,广东深圳市南山区街道兴工路8-9花样年美年广场3栋,113.92128,22.502864
深圳海上世界,广东,深圳市,南山区,后海滨路名居绿海湾A1,广东深圳市南山区后海滨路名居绿海湾A1,广东深圳市南山区后海滨路名居绿海湾A1,113.939158,22.492249
深圳海上世界,广东,深圳市,南山区,街道花果山大厦B栋,广东深圳市南山区街道花果山大厦B栋,广东深圳市南山区街道花果山大厦B栋,113.925153,22.493306
深圳海上世界,广东,深圳市,南山区,南山区街道蛇口边检生活区6栋,广东深圳市南山区街道蛇口边检生活区6栋,广东深圳市南山区街道蛇口边检生活区6栋,113.917677,22.499934
深圳海上世界,广东,深圳市,南山区,水湾路8号春天广场AB栋层格兰云天·阅酒店,广东深圳市南山区水湾路8号春天广场AB栋层格兰云天·阅酒店,广东深圳市南山区水湾路8号春天广场AB栋层格兰云天·阅酒店,113.920817,22.487343
深圳海上世界,广东,深圳市,南山区,半岛城邦二期一栋二单元,广东深圳市南山区半岛城邦二期一栋二单元,广东深圳市南山区半岛城邦二期一栋二单元,113.931261,22.482973
深圳海上世界,广东,深圳市,南山区,蛇口街道中心路翡翠海岸B栋,广东深圳市南山区蛇口街道中心路翡翠海岸B栋,广东深圳市南山区蛇口街道中心路翡翠海岸B栋,113.940972,22.489437
深圳海上世界,广东,深圳市,南山区,后海路海月花园一期11栋,广东深圳市南山区后海路海月花园一期11栋,广东深圳市南山区后海路海月花园一期11栋,113.93286,22.500752
深圳海上世界,广东,深圳市,南山区,街道新世界middot临海揽山1,广东深圳市南山区街道新世界middot临海揽山1,广东深圳市南山区街道新世界middot临海揽山1,113.889323,22.54416
深圳海上世界,广东,深圳市,南山区,蛇口街道南山区后海理想雅园c栋,广东深圳市南山区蛇口街道南山区后海理想雅园c栋,广东深圳市南山区蛇口街道南山区后海理想雅园c栋,113.93577,22.493452
深圳海上世界,广东,深圳市,南山区,荔林路南粤山庄4栋,广东深圳市南山区荔林路南粤山庄4栋,广东深圳市南山区荔林路南粤山庄4栋,113.916696,22.507616
深圳海上世界,广东,深圳市,南山区,深圳湾口岸圆通快递站,广东深圳市南山区深圳湾口岸圆通快递站,广东深圳市南山区深圳湾口岸圆通快递站,113.93887,22.498567
深圳海上世界,广东,深圳市,南山区,蛇口街道科院路三湘海尚号铺圆通快递（,广东深圳市南山区蛇口街道科院路三湘海尚号铺圆通快递（,广东深圳市南山区蛇口街道科院路三湘海尚号铺圆通快递（,113.942572,22.502702
深圳海上世界,广东,深圳市,南山区,街道工业八路303号壹栈山前6栋,广东深圳市南山区街道工业八路303号壹栈山前6栋,广东深圳市南山区街道工业八路303号壹栈山前6栋,113.91657,22.50208
深圳海上世界,广东,深圳市,南山区,卓越维港北区3栋,广东深圳市南山区卓越维港北区3栋,广东深圳市南山区卓越维港北区3栋,113.941375,22.498357
深圳海上世界,广东,深圳市,南山区,南山街道荔林社区远洋滨海大厦2栋写字楼,广东深圳市南山区南山街道荔林社区远洋滨海大厦2栋写字楼,广东深圳市南山区南山街道荔林社区远洋滨海大厦2栋写字楼,113.909987,22.511865
深圳海上世界,广东,深圳市,南山区,街道南海大道TCL科技大厦楼A栋处旁边花,广东深圳市南山区街道南海大道TCL科技大厦楼A栋处旁边花,广东深圳市南山区街道南海大道TCL科技大厦楼A栋处旁边花,113.919524,22.496283
深圳海上世界,广东,深圳市,南山区,四海路紫竹园26栋,广东深圳市南山区四海路紫竹园26栋,广东深圳市南山区四海路紫竹园26栋,113.925663,22.503963
深圳海上世界,广东,深圳市,南山区,蛇口街道恒裕滨城二期2栋D,广东深圳市南山区蛇口街道恒裕滨城二期2栋D,广东深圳市南山区蛇口街道恒裕滨城二期2栋D,113.939133,22.494683
深圳海上世界,广东,深圳市,南山区,后海大道海境界花园1期4栋,广东深圳市南山区后海大道海境界花园1期4栋,广东深圳市南山区后海大道海境界花园1期4栋,113.932393,22.512566
深圳海上世界,广东,深圳市,南山区,太子路迎朝大厦,广东深圳市南山区太子路迎朝大厦,广东深圳市南山区太子路迎朝大厦,113.913234,22.480177
深圳海上世界,广东,深圳市,南山区,街道--荔园路8号水湾1979一期2座,广东深圳市南山区街道--荔园路8号水湾1979一期2座,广东深圳市南山区街道--荔园路8号水湾1979一期2座,113.919072,22.490275
深圳海上世界,广东,深圳市,南山区,南山街道前海路太子山庄3号楼,广东深圳市南山区南山街道前海路太子山庄3号楼,广东深圳市南山区南山街道前海路太子山庄3号楼,113.90556,22.510079
深圳海上世界,广东,深圳市,南山区,街道中建工业大厦2栋楼,广东深圳市南山区街道中建工业大厦2栋楼,广东深圳市南山区街道中建工业大厦2栋楼,113.916311,22.493537
深圳海上世界,广东,深圳市,南山区,南山区蛇口雷公岭村9号,广东深圳市南山区蛇口雷公岭村9号,广东深圳市南山区蛇口雷公岭村9号,113.92799,22.491109
深圳海上世界,广东,深圳市,南山区,后海滨路1188号绿海湾花园A座,广东深圳市南山区后海滨路1188号绿海湾花园A座,广东深圳市南山区后海滨路1188号绿海湾花园A座,113.924164,22.488255
深圳海上世界,广东,深圳市,南山区,南山区街道南山区街道近海路51号综合楼A一,广东深圳市南山区街道南山区街道近海路51号综合楼A一,广东深圳市南山区街道南山区街道近海路51号综合楼A一,113.931888,22.497379
深圳海上世界,广东,深圳市,南山区,南山街道东滨路城市山林西门外仓,广东深圳市南山区南山街道东滨路城市山林西门外仓,广东深圳市南山区南山街道东滨路城市山林西门外仓,113.914856,22.510414
深圳海上世界,广东,深圳市,南山区,街道街道海月花园2期26栋,广东深圳市南山区街道街道海月花园2期26栋,广东深圳市南山区街道街道海月花园2期26栋,113.935086,22.502813
深圳海上世界,广东,深圳市,南山区,蛇口街道渔二村,广东深圳市南山区蛇口街道渔二村,广东深圳市南山区蛇口街道渔二村,113.930598,22.485416
深圳海上世界,广东,深圳市,南山区,蛇口望海路半岛城邦三期4,广东深圳市南山区蛇口望海路半岛城邦三期4,广东深圳市南山区蛇口望海路半岛城邦三期4,113.933326,22.479888
深圳海上世界,广东,深圳市,南山区,蛇口沿山路兰溪谷一期11栋,广东深圳市南山区蛇口沿山路兰溪谷一期11栋,广东深圳市南山区蛇口沿山路兰溪谷一期11栋,113.914255,22.490043
深圳海上世界,广东,深圳市,南山区,蛇口街道湾厦路1号华侨城新玺名苑2栋,广东深圳市南山区蛇口街道湾厦路1号华侨城新玺名苑2栋,广东深圳市南山区蛇口街道湾厦路1号华侨城新玺名苑2栋,113.927151,22.480565
深圳海上世界,广东,深圳市,南山区,南山街道荔英路2号中熙君南山1栋,广东深圳市南山区南山街道荔英路2号中熙君南山1栋,广东深圳市南山区南山街道荔英路2号中熙君南山1栋,113.916544,22.508723
深圳海上世界,广东,深圳市,南山区,前海路太子山庄13栋,广东深圳市南山区前海路太子山庄13栋,广东深圳市南山区前海路太子山庄13栋,113.908935,22.508742
深圳海上世界,广东,深圳市,南山区,蛇口街道蓝天路后海公馆2栋,广东深圳市南山区蛇口街道蓝天路后海公馆2栋,广东深圳市南山区蛇口街道蓝天路后海公馆2栋,113.936952,22.49153
深圳海上世界,广东,深圳市,南山区,街道鲸山别墅2栋,广东深圳市南山区街道鲸山别墅2栋,广东深圳市南山区街道鲸山别墅2栋,113.911079,22.480383
深圳海上世界,广东,深圳市,南山区,南山区蛇口街道深圳湾社区中心路2269号君汇新天花园1栋号深圳安美馨口,广东深圳市南山区蛇口街道深圳湾社区中心路2269号君汇新天花园1栋号深圳安美馨口,广东深圳市南山区蛇口街道深圳湾社区中心路2269号君汇新天花园1栋号深圳安美馨口,113.940319,22.503141
深圳海上世界,广东,深圳市,南山区,南山街道向南路65号福园花园1栋,广东深圳市南山区南山街道向南路65号福园花园1栋,广东深圳市南山区南山街道向南路65号福园花园1栋,113.918759,22.506033
深圳海上世界,广东,深圳市,南山区,蛇口街道围仔西83号,广东深圳市南山区蛇口街道围仔西83号,广东深圳市南山区蛇口街道围仔西83号,113.929564,22.489422
深圳海上世界,广东,深圳市,南山区,街道工业八路260号深圳南山睿景酒店,广东深圳市南山区街道工业八路260号深圳南山睿景酒店,广东深圳市南山区街道工业八路260号深圳南山睿景酒店,113.92066,22.50082
深圳海上世界,广东,深圳市,南山区,街道蛇口街道办工业六路4号7栋CD座层,广东深圳市南山区街道蛇口街道办工业六路4号7栋CD座层,广东深圳市南山区街道蛇口街道办工业六路4号7栋CD座层,113.919217,22.493348
深圳海上世界,广东,深圳市,南山区,海月路海月花园二期18-19A室投二期19A,广东深圳市南山区海月路海月花园二期18-19A室投二期19A,广东深圳市南山区海月路海月花园二期18-19A室投二期19A,113.93286,22.500752
深圳海上世界,广东,深圳市,南山区,三湘海尚A,广东深圳市南山区三湘海尚A,广东深圳市南山区三湘海尚A,113.942572,22.502702
深圳海上世界,广东,深圳市,南山区,南海大道1055号TCL科技大厦B栋A5019,广东深圳市南山区南海大道1055号TCL科技大厦B栋A5019,广东深圳市南山区南海大道1055号TCL科技大厦B栋A5019,113.919524,22.496283
深圳海上世界,广东,深圳市,南山区,蛇口水湾B区七栋一单元,广东深圳市南山区蛇口水湾B区七栋一单元,广东深圳市南山区蛇口水湾B区七栋一单元,113.920366,22.489281
深圳海上世界,广东,深圳市,南山区,蛇口街道水湾路14号华洋大厦,广东深圳市南山区蛇口街道水湾路14号华洋大厦,广东深圳市南山区蛇口街道水湾路14号华洋大厦,113.921005,22.488044
深圳海上世界,广东,深圳市,南山区,蛇口沿山路44号花园城5期1栋快递柜,广东深圳市南山区蛇口沿山路44号花园城5期1栋快递柜,广东深圳市南山区蛇口沿山路44号花园城5期1栋快递柜,113.919528,22.500244
深圳海上世界,广东,深圳市,南山区,蛇口新街54号渔港大楼C,广东深圳市南山区蛇口新街54号渔港大楼C,广东深圳市南山区蛇口新街54号渔港大楼C,113.93122,22.486794
深圳海上世界,广东,深圳市,南山区,前海路山海翠庐15栋,广东深圳市南山区前海路山海翠庐15栋,广东深圳市南山区前海路山海翠庐15栋,113.904412,22.508287
深圳海上世界,广东,深圳市,南山区,街道望海路双玺花园双玺·时光道2栋,广东深圳市南山区街道望海路双玺花园双玺·时光道2栋,广东深圳市南山区街道望海路双玺花园双玺·时光道2栋,113.919595,22.482192
深圳海上世界,广东,深圳市,南山区,街道中心路岸湾八街C07铺,广东深圳市南山区街道中心路岸湾八街C07铺,广东深圳市南山区街道中心路岸湾八街C07铺,113.941913,22.50094
深圳海上世界,广东,深圳市,南山区,街道蛇口兴华工业大厦五栋楼A座,广东深圳市南山区街道蛇口兴华工业大厦五栋楼A座,广东深圳市南山区街道蛇口兴华工业大厦五栋楼A座,113.924164,22.488255
深圳海上世界,广东,深圳市,南山区,街道沿山路6号半山海景兰溪谷2期,广东深圳市南山区街道沿山路6号半山海景兰溪谷2期,广东深圳市南山区街道沿山路6号半山海景兰溪谷2期,113.914177,22.488089
深圳海上世界,广东,深圳市,南山区,蛇口街道半岛城邦三期1栋单元,广东深圳市南山区蛇口街道半岛城邦三期1栋单元,广东深圳市南山区蛇口街道半岛城邦三期1栋单元,113.933326,22.479888
深圳海上世界,广东,深圳市,南山区,蛇口翠苑小区3栋,广东深圳市南山区蛇口翠苑小区3栋,广东深圳市南山区蛇口翠苑小区3栋,113.928751,22.487491
深圳海上世界,广东,深圳市,南山区,街道桃花园五期五栋,广东深圳市南山区街道桃花园五期五栋,广东深圳市南山区街道桃花园五期五栋,113.92428,22.533445
深圳海上世界,广东,深圳市,南山区,蛇口街道TCL科技大厦B栋B,广东深圳市南山区蛇口街道TCL科技大厦B栋B,广东深圳市南山区蛇口街道TCL科技大厦B栋B,113.919524,22.496283
深圳海上世界,广东,深圳市,南山区,南山区蛇口街道花果路万科蛇口公馆1B,广东深圳市南山区蛇口街道花果路万科蛇口公馆1B,广东深圳市南山区蛇口街道花果路万科蛇口公馆1B,113.931679,22.48739
深圳海上世界,广东,深圳市,南山区,四海小区22栋,广东深圳市南山区四海小区22栋,广东深圳市南山区四海小区22栋,113.926413,22.500618
深圳海上世界,广东,深圳市,南山区,蛇口望海路南海玫瑰花园31栋B,广东深圳市南山区蛇口望海路南海玫瑰花园31栋B,广东深圳市南山区蛇口望海路南海玫瑰花园31栋B,113.921482,22.484102
深圳海上世界,广东,深圳市,南山区,南山区蛇口街道商乐路236号水湾壹间公寓水湾南区1栋,广东深圳市南山区蛇口街道商乐路236号水湾壹间公寓水湾南区1栋,广东深圳市南山区蛇口街道商乐路236号水湾壹间公寓水湾南区1栋,113.920313,22.487224
深圳海上世界,广东,深圳市,南山区,三湘海尚号圆通店蔡,广东深圳市南山区三湘海尚号圆通店蔡,广东深圳市南山区三湘海尚号圆通店蔡,113.942572,22.502702
深圳海上世界,广东,深圳市,南山区,工业七路8号海月花园6栋一单元,广东深圳市南山区工业七路8号海月花园6栋一单元,广东深圳市南山区工业七路8号海月花园6栋一单元,113.937345,22.497704
深圳海上世界,广东,深圳市,南山区,工业九路爱容园19栋,广东深圳市南山区工业九路爱容园19栋,广东深圳市南山区工业九路爱容园19栋,113.926684,22.501726
深圳海上世界,广东,深圳市,南山区,街道工业六路一号南玻大厦南玻集团,广东深圳市南山区街道工业六路一号南玻大厦南玻集团,广东深圳市南山区街道工业六路一号南玻大厦南玻集团,113.918018,22.492185
深圳海上世界,广东,深圳市,南山区,线上街道海月二期15栋,广东深圳市南山区线上街道海月二期15栋,广东深圳市南山区线上街道海月二期15栋,113.935203,22.501412
深圳海上世界,广东,深圳市,南山区,蛇口工业七路华彩花园南海阁10G,广东深圳市南山区蛇口工业七路华彩花园南海阁10G,广东深圳市南山区蛇口工业七路华彩花园南海阁10G,113.921473,22.486536
深圳海上世界,广东,深圳市,南山区,街道工业七路99号振兴小区,广东深圳市南山区街道工业七路99号振兴小区,广东深圳市南山区街道工业七路99号振兴小区,113.922611,22.493702
深圳海上世界,广东,深圳市,南山区,蛇口街道名居绿海湾c栋碳纤维纹磁吸支架苹果16pm,广东深圳市南山区蛇口街道名居绿海湾c栋,广东深圳市南山区蛇口街道名居绿海湾c栋,113.939158,22.492249
深圳海上世界,广东,深圳市,南山区,蛇口兰溪谷2期1栋,广东深圳市南山区蛇口兰溪谷2期1栋,广东深圳市南山区蛇口兰溪谷2期1栋,113.914177,22.488089
深圳海上世界,广东,深圳市,南山区,街道海月路144号蓝月湾畔4A二单元栋,广东深圳市南山区街道海月路144号蓝月湾畔4A二单元栋,广东深圳市南山区街道海月路144号蓝月湾畔4A二单元栋,113.935223,22.503342
深圳海上世界,广东,深圳市,南山区,广博星海华庭d栋丰巢快递柜,广东深圳市南山区广博星海华庭d栋丰巢快递柜,广东深圳市南山区广博星海华庭d栋丰巢快递柜,113.935916,22.494552
深圳海上世界,广东,深圳市,南山区,街道松湖二路鲸山9期14,广东深圳市南山区街道松湖二路鲸山9期14,广东深圳市南山区街道松湖二路鲸山9期14,113.905955,22.478235
深圳海上世界,广东,深圳市,南山区,后海大道1006号永乐新村5栋D座403吕,广东深圳市南山区后海大道1006号永乐新村5栋D座403吕,广东深圳市南山区后海大道1006号永乐新村5栋D座403吕,113.936148,22.488015
深圳海上世界,广东,深圳市,南山区,街道花园城三期4栋A单元,广东深圳市南山区街道花园城三期4栋A单元,广东深圳市南山区街道花园城三期4栋A单元,113.923466,22.499487
深圳海上世界,广东,深圳市,南山区,蛇口湾厦旧村一巷三号,广东深圳市南山区蛇口湾厦旧村一巷三号,广东深圳市南山区蛇口湾厦旧村一巷三号,113.931251,22.492808
深圳海上世界,广东,深圳市,南山区,深圳市南山区吉祥龙花园,广东深圳市南山区深圳市南山区吉祥龙花园,广东深圳市南山区深圳市南山区吉祥龙花园,113.939054,22.49707
深圳海上世界,广东,深圳市,南山区,向南路66号汉京峰景苑地下停车场保安亭,广东深圳市南山区向南路66号汉京峰景苑地下停车场保安亭,广东深圳市南山区向南路66号汉京峰景苑地下停车场保安亭,113.919625,22.505277
深圳海上世界,广东,深圳市,南山区,海月华庭4栋B祁煜,广东深圳市南山区海月华庭4栋B祁煜,广东深圳市南山区海月华庭4栋B祁煜,113.937715,22.500409
深圳海上世界,广东,深圳市,南山区,蛇街道围仔西号,广东深圳市南山区蛇街道围仔西号,广东深圳市南山区蛇街道围仔西号,113.929564,22.489422
深圳海上世界,广东,深圳市,南山区,蛇口街道南海大道1055号TCL科技大厦B栋静然抖音3,广东深圳市南山区蛇口街道南海大道1055号TCL科技大厦B栋,广东深圳市南山区蛇口街道南海大道1055号TCL科技大厦B栋,113.919524,22.496283
深圳海上世界,广东,深圳市,南山区,蛇口望海路南海玫瑰花园一期12栋,广东深圳市南山区蛇口望海路南海玫瑰花园一期12栋,广东深圳市南山区蛇口望海路南海玫瑰花园一期12栋,113.921327,22.483099
深圳海上世界,广东,深圳市,南山区,南山街道兴工路福源单身公寓,广东深圳市南山区南山街道兴工路福源单身公寓,广东深圳市南山区南山街道兴工路福源单身公寓,113.920104,22.506148
深圳海上世界,广东,深圳市,南山区,南海大道1055号蛇口TCL科技大厦B栋楼,广东深圳市南山区南海大道1055号蛇口TCL科技大厦B栋楼,广东深圳市南山区南海大道1055号蛇口TCL科技大厦B栋楼,113.917657,22.49301
深圳海上世界,广东,深圳市,南山区,街道海月花园二期26栋,广东深圳市南山区街道海月花园二期26栋,广东深圳市南山区街道海月花园二期26栋,113.93286,22.500752
深圳海上世界,广东,深圳市,南山区,街道文竹园22栋单元,广东深圳市南山区街道文竹园22栋单元,广东深圳市南山区街道文竹园22栋单元,113.931835,22.499491
深圳海上世界,广东,深圳市,南山区,蛇口街道科苑南路三湘海尚M栋,广东深圳市南山区蛇口街道科苑南路三湘海尚M栋,广东深圳市南山区蛇口街道科苑南路三湘海尚M栋,113.942572,22.502702
深圳海上世界,广东,深圳市,南山区,蛇口街道深圳湾口岸圆,广东深圳市南山区蛇口街道深圳湾口岸圆,广东深圳市南山区蛇口街道深圳湾口岸圆,113.93887,22.498567
深圳海上世界,广东,深圳市,南山区,街道四海路20号金竹园,广东深圳市南山区街道四海路20号金竹园,广东深圳市南山区街道四海路20号金竹园,113.926866,22.500118
深圳海上世界,广东,深圳市,南山区,荔林路南,广东深圳市南山区荔林路南,广东深圳市南山区荔林路南,113.913128,22.511903
深圳海上世界,广东,深圳市,南山区,南山区蛇口街道望海路1089号南海玫瑰园二期42栋,广东深圳市南山区蛇口街道望海路1089号南海玫瑰园二期42栋,广东深圳市南山区蛇口街道望海路1089号南海玫瑰园二期42栋,113.923753,22.485187
深圳海上世界,广东,深圳市,南山区,蛇口望海路海上世界双玺花园M,广东深圳市南山区蛇口望海路海上世界双玺花园M,广东深圳市南山区蛇口望海路海上世界双玺花园M,113.919798,22.48155
深圳海上世界,广东,深圳市,南山区,中心路三湘海尚科菀路A,广东深圳市南山区中心路三湘海尚科菀路A,广东深圳市南山区中心路三湘海尚科菀路A,113.942572,22.502702
深圳海上世界,广东,深圳市,南山区,桃花园A区1栋,广东深圳市南山区桃花园A区1栋,广东深圳市南山区桃花园A区1栋,113.92428,22.533445
深圳海上世界,广东,深圳市,南山区,半岛城邦三期1-1,广东深圳市南山区半岛城邦三期1-1,广东深圳市南山区半岛城邦三期1-1,113.933326,22.479888
深圳海上世界,广东,深圳市,南山区,科苑南路三湘海尚号商铺圆,广东深圳市南山区科苑南路三湘海尚号商铺圆,广东深圳市南山区科苑南路三湘海尚号商铺圆,113.942572,22.502702
深圳海上世界,广东,深圳市,南山区,向南路工业八路交汇处荔海春城4栋,广东深圳市南山区向南路工业八路交汇处荔海春城4栋,广东深圳市南山区向南路工业八路交汇处荔海春城4栋,113.916767,22.505664
深圳海上世界,广东,深圳市,南山区,南山区蛇口四海小区30栋,广东深圳市南山区蛇口四海小区30栋,广东深圳市南山区蛇口四海小区30栋,113.925438,22.50008
深圳海上世界,广东,深圳市,南山区,街道爱熔路48号雍景湾3栋单元,广东深圳市南山区街道爱熔路48号雍景湾3栋单元,广东深圳市南山区街道爱熔路48号雍景湾3栋单元,113.931448,22.494986
深圳海上世界,广东,深圳市,南山区,湾厦9巷42号,广东深圳市南山区湾厦9巷42号,广东深圳市南山区湾厦9巷42号,113.932147,22.492589
深圳海上世界,广东,深圳市,南山区,街道华府假日大厦,广东深圳市南山区街道华府假日大厦,广东深圳市南山区街道华府假日大厦,113.918928,22.487987
深圳海上世界,广东,深圳市,南山区,蛇口南水步行街312号,广东深圳市南山区蛇口南水步行街312号,广东深圳市南山区蛇口南水步行街312号,113.921551,22.488641
深圳海上世界,广东,深圳市,南山区,街道蛇口景园大厦北座,广东深圳市南山区街道蛇口景园大厦北座,广东深圳市南山区街道蛇口景园大厦北座,113.930151,22.49513
深圳海上世界,广东,深圳市,南山区,蛇口沿山路18号中建工业大厦一栋楼,广东深圳市南山区蛇口沿山路18号中建工业大厦一栋楼,广东深圳市南山区蛇口沿山路18号中建工业大厦一栋楼,113.915988,22.49369
深圳海上世界,广东,深圳市,南山区,科苑路鸿威海怡湾畔花园D,广东深圳市南山区科苑路鸿威海怡湾畔花园D,广东深圳市南山区科苑路鸿威海怡湾畔花园D,113.951244,22.549872
深圳海上世界,广东,深圳市,南山区,蛇口南海大道1079号花园城数码大厦B座楼,广东深圳市南山区蛇口南海大道1079号花园城数码大厦B座楼,广东深圳市南山区蛇口南海大道1079号花园城数码大厦B座楼,113.920924,22.499315
深圳海上世界,广东,深圳市,南山区,后海公馆3栋,广东深圳市南山区后海公馆3栋,广东深圳市南山区后海公馆3栋,113.93755,22.491674
深圳海上世界,广东,深圳市,南山区,蛇口街道三湘海尚D1,广东深圳市南山区蛇口街道三湘海尚D1,广东深圳市南山区蛇口街道三湘海尚D1,113.94527,22.502436
深圳海上世界,广东,深圳市,南山区,南山街道工业六路4号兴华工业大厦8栋CD座,广东深圳市南山区南山街道工业六路4号兴华工业大厦8栋CD座,广东深圳市南山区南山街道工业六路4号兴华工业大厦8栋CD座,113.918864,22.493284
深圳海上世界,广东,深圳市,南山区,南山区街道光大路四海小区,广东深圳市南山区街道光大路四海小区,广东深圳市南山区街道光大路四海小区,113.924997,22.500039
深圳海上世界,广东,深圳市,南山区,蛇口街道广东省深圳市南山区TCL科技大厦B座楼夹层G212口,广东深圳市南山区蛇口街道广东省深圳市南山区TCL科技大厦B座楼夹层G212口,广东深圳市南山区蛇口街道广东省深圳市南山区TCL科技大厦B座楼夹层G212口,113.919524,22.496283
深圳海上世界,广东,深圳市,南山区,街道壹间公寓海涛303,广东深圳市南山区街道壹间公寓海涛303,广东深圳市南山区街道壹间公寓海涛303,113.920057,22.48753
深圳海上世界,广东,深圳市,南山区,蛇口湾厦旧村12巷28号,广东深圳市南山区蛇口湾厦旧村12巷28号,广东深圳市南山区蛇口湾厦旧村12巷28号,113.931861,22.491596
深圳海上世界,广东,深圳市,南山区,蛇口街道科苑南路三湘海尚D1栋,广东深圳市南山区蛇口街道科苑南路三湘海尚D1栋,广东深圳市南山区蛇口街道科苑南路三湘海尚D1栋,113.94527,22.502436
深圳海上世界,广东,深圳市,南山区,晗山悦海城B座802,广东深圳市南山区晗山悦海城B座802,广东深圳市南山区晗山悦海城B座802,113.92123,22.500691
深圳海上世界,广东,深圳市,南山区,蛇口街道蛇口兴华工业大厦7栋AB座,广东深圳市南山区蛇口街道蛇口兴华工业大厦7栋AB座,广东深圳市南山区蛇口街道蛇口兴华工业大厦7栋AB座,113.919219,22.493348
深圳海上世界,广东,深圳市,南山区,街道海上世界双玺花园2期B,广东深圳市南山区街道海上世界双玺花园2期B,广东深圳市南山区街道海上世界双玺花园2期B,113.920689,22.480158
深圳海上世界,广东,深圳市,南山区,蛇口街道海滨社区蛇口望海路1088号海韵嘉园第一街西,广东深圳市南山区蛇口街道海滨社区蛇口望海路1088号海韵嘉园第一街西,广东深圳市南山区蛇口街道海滨社区蛇口望海路1088号海韵嘉园第一街西,113.925337,22.485734
深圳海上世界,广东,深圳市,南山区,蛇口街道南海玫瑰花园一期31,广东深圳市南山区蛇口街道南海玫瑰花园一期31,广东深圳市南山区蛇口街道南海玫瑰花园一期31,113.921327,22.483099
深圳海上世界,广东,深圳市,南山区,兴工路8号花样年美年广场1栋A人商家地,广东深圳市南山区兴工路8号花样年美年广场1栋A人商家地,广东深圳市南山区兴工路8号花样年美年广场1栋A人商家地,113.921446,22.501713
深圳海上世界,广东,深圳市,南山区,工业八路303号壹栈人才公寓山前,广东深圳市南山区工业八路303号壹栈人才公寓山前,广东深圳市南山区工业八路303号壹栈人才公寓山前,113.91542,22.502261
深圳海上世界,广东,深圳市,南山区,南山区街道鲸山别墅40栋,广东深圳市南山区街道鲸山别墅40栋,广东深圳市南山区街道鲸山别墅40栋,113.908209,22.480935
深圳海上世界,广东,深圳市,南山区,蛇口街道蛇口新街45号东角头羽毛球馆门口,广东深圳市南山区蛇口街道蛇口新街45号东角头羽毛球馆门口,广东深圳市南山区蛇口街道蛇口新街45号东角头羽毛球馆门口,113.930654,22.486707
深圳海上世界,广东,深圳市,南山区,蛇口湾厦路电业宿舍保,广东深圳市南山区蛇口湾厦路电业宿舍保,广东深圳市南山区蛇口湾厦路电业宿舍保,113.932996,22.488627
深圳海上世界,广东,深圳市,南山区,蛇口街道南水步行街69,广东深圳市南山区蛇口街道南水步行街69,广东深圳市南山区蛇口街道南水步行街69,113.928021,22.486965
深圳海上世界,广东,深圳市,南山区,蛇口街道围仔西34号,广东深圳市南山区蛇口街道围仔西34号,广东深圳市南山区蛇口街道围仔西34号,113.929562,22.489674
深圳海上世界,广东,深圳市,南山区,中心路2233号宝能太古城花园购物中心北区负楼真美诗专柜,广东深圳市南山区中心路2233号宝能太古城花园购物中心北区负楼真美诗专柜,广东深圳市南山区中心路2233号宝能太古城花园购物中心北区负楼真美诗专柜,113.938786,22.500924
深圳海上世界,广东,深圳市,南山区,科苑大道鸿威·海怡湾140号商铺亦,广东深圳市南山区科苑大道鸿威·海怡湾140号商铺,广东深圳市南山区科苑大道鸿威·海怡湾140号商铺,113.943079,22.490521
深圳海上世界,广东,深圳市,南山区,南山区街道望海路海上世界双玺三期五栋,广东深圳市南山区街道望海路海上世界双玺三期五栋,广东深圳市南山区街道望海路海上世界双玺三期五栋,113.917846,22.482264
深圳海上世界,广东,深圳市,南山区,蛇口街道深圳市南山区后海滨路1168号赛嘉服务式公寓,广东深圳市南山区蛇口街道深圳市南山区后海滨路1168号赛嘉服务式公寓,广东深圳市南山区蛇口街道深圳市南山区后海滨路1168号赛嘉服务式公寓,113.940304,22.490261
深圳海上世界,广东,深圳市,南山区,蛇口工业八路高山花园6栋,广东深圳市南山区蛇口工业八路高山花园6栋,广东深圳市南山区蛇口工业八路高山花园6栋,113.923917,22.49912
深圳海上世界,广东,深圳市,南山区,育才路12号仕林臻邸4栋,广东深圳市南山区育才路12号仕林臻邸4栋,广东深圳市南山区育才路12号仕林臻邸4栋,113.941691,22.672201
深圳海上世界,广东,深圳市,南山区,街道沿山路31号海洋深圳中心,广东深圳市南山区街道沿山路31号海洋深圳中心,广东深圳市南山区街道沿山路31号海洋深圳中心,113.914448,22.492975
深圳海上世界,广东,深圳市,南山区,南山街道东滨路南山主角楼,广东深圳市南山区南山街道东滨路南山主角楼,广东深圳市南山区南山街道东滨路南山主角楼,113.927369,22.504894
深圳海上世界,广东,深圳市,南山区,蛇口街道蛇口街道公园南路海尚国际丰润阁2栋-16B窗台,广东深圳市南山区蛇口街道蛇口街道公园南路海尚国际丰润阁2栋-16B窗台,广东深圳市南山区蛇口街道蛇口街道公园南路海尚国际丰润阁2栋-16B窗台,113.924003,22.485942
深圳海上世界,广东,深圳市,南山区,深圳市南山区天宏,广东深圳市南山区深圳市南山区天宏,广东深圳市南山区深圳市南山区天宏,113.930478,22.533191
深圳海上世界,广东,深圳市,南山区,街道四海路20号金竹园小区1栋,广东深圳市南山区街道四海路20号金竹园小区1栋,广东深圳市南山区街道四海路20号金竹园小区1栋,113.926866,22.500118
深圳海上世界,广东,深圳市,南山区,绿海湾D栋楼,广东深圳市南山区绿海湾D栋楼,广东深圳市南山区绿海湾D栋楼,113.939498,22.492184
深圳海上世界,广东,深圳市,南山区,南山区蛇口后海滨路澳城花园一期C栋,广东深圳市南山区蛇口后海滨路澳城花园一期C栋,广东深圳市南山区蛇口后海滨路澳城花园一期C栋,113.938456,22.488473
深圳海上世界,广东,深圳市,南山区,蛇口街道后海滨路2013号澳城花园二期4栋d,广东深圳市南山区蛇口街道后海滨路2013号澳城花园二期4栋d,广东深圳市南山区蛇口街道后海滨路2013号澳城花园二期4栋d,113.938472,22.48969
深圳海上世界,广东,深圳市,南山区,沿山路1号伊顿春满园后门,广东深圳市南山区沿山路1号伊顿春满园后门,广东深圳市南山区沿山路1号伊顿春满园后门,113.916422,22.480348
深圳海上世界,广东,深圳市,南山区,后海大道海月花园一期3栋,广东深圳市南山区后海大道海月花园一期3栋,广东深圳市南山区后海大道海月花园一期3栋,113.93286,22.500752
深圳海上世界,广东,深圳市,南山区,街道蛇口工业八路天骄华庭2C,广东深圳市南山区街道蛇口工业八路天骄华庭2C,广东深圳市南山区街道蛇口工业八路天骄华庭2C,113.93495,22.49916
深圳海上世界,广东,深圳市,南山区,蛇口街道蛇口老街,广东深圳市南山区蛇口街道蛇口老街,广东深圳市南山区蛇口街道蛇口老街,113.927426,22.485791
深圳海上世界,广东,深圳市,南山区,蛇口街道广东省深圳市南山区蛇口街道东角头社区半岛城邦一期8,广东深圳市南山区蛇口街道广东省深圳市南山区蛇口街道东角头社区半岛城邦一期8,广东深圳市南山区蛇口街道广东省深圳市南山区蛇口街道东角头社区半岛城邦一期8,113.933326,22.479888
深圳海上世界,广东,深圳市,南山区,蛇口街道深圳湾社区工业七路8号卓越维港花园北区246铺维港教育城,广东深圳市南山区蛇口街道深圳湾社区工业七路8号卓越维港花园北区246铺维港教育城,广东深圳市南山区蛇口街道深圳湾社区工业七路8号卓越维港花园北区246铺维港教育城,113.941077,22.494533
深圳海上世界,广东,深圳市,南山区,蛇口街道蓝天路15号澳城花园B座1单元,广东深圳市南山区蛇口街道蓝天路15号澳城花园B座1单元,广东深圳市南山区蛇口街道蓝天路15号澳城花园B座1单元,113.938516,22.487827
深圳海上世界,广东,深圳市,南山区,蛇口街道港湾工业区楼,广东深圳市南山区蛇口街道港湾工业区楼,广东深圳市南山区蛇口街道港湾工业区楼,113.93282,22.485778
深圳海上世界,广东,深圳市,南山区,蛇口街道半岛城邦二期五栋一单元,广东深圳市南山区蛇口街道半岛城邦二期五栋一单元,广东深圳市南山区蛇口街道半岛城邦二期五栋一单元,113.931506,22.481453
深圳海上世界,广东,深圳市,南山区,东滨路4321号汇宾广场商场层2A,广东深圳市南山区东滨路4321号汇宾广场商场层2A,广东深圳市南山区东滨路4321号汇宾广场商场层2A,113.917946,22.508775
深圳海上世界,广东,深圳市,南山区,后海理想雅园c,广东深圳市南山区后海理想雅园c,广东深圳市南山区后海理想雅园c,113.93577,22.493452
深圳海上世界,广东,深圳市,南山区,蛇口街道恒裕滨城2期1栋,广东深圳市南山区蛇口街道恒裕滨城2期1栋,广东深圳市南山区蛇口街道恒裕滨城2期1栋,113.938795,22.494975
深圳海上世界,广东,深圳市,南山区,前海路太子山庄1栋,广东深圳市南山区前海路太子山庄1栋,广东深圳市南山区前海路太子山庄1栋,113.905954,22.510475
深圳海上世界,广东,深圳市,南山区,南山街道东滨路迪雅大厦A,广东深圳市南山区南山街道东滨路迪雅大厦A,广东深圳市南山区南山街道东滨路迪雅大厦A,113.920635,22.506663
深圳海上世界,广东,深圳市,南山区,深圳市南山区中心路致远大厦B座楼室粤九叔代卖评级部,广东深圳市南山区深圳市南山区中心路致远大厦B座楼室粤九叔代卖评级部,广东深圳市南山区深圳市南山区中心路致远大厦B座楼室粤九叔代卖评级部,113.940931,22.499386
深圳海上世界,广东,深圳市,南山区,南山街道东滨路4343号铂悦尚品中心负楼仓,广东深圳市南山区南山街道东滨路4343号铂悦尚品中心负楼仓,广东深圳市南山区南山街道东滨路4343号铂悦尚品中心负楼仓,113.916186,22.510655
深圳海上世界,广东,深圳市,南山区,蛇口街道蛇口新街46号港湾工业区C栋楼,广东深圳市南山区蛇口街道蛇口新街46号港湾工业区C栋楼,广东深圳市南山区蛇口街道蛇口新街46号港湾工业区C栋楼,113.933025,22.485315
深圳海上世界,广东,深圳市,南山区,工业八路天骄华庭诚品行123,广东深圳市南山区工业八路天骄华庭诚品行123,广东深圳市南山区工业八路天骄华庭诚品行123,113.93611,22.49935
深圳海上世界,广东,深圳市,南山区,太子路自贸中心10E,广东深圳市南山区太子路自贸中心10E,广东深圳市南山区太子路自贸中心10E,113.918627,22.488391
深圳海上世界,广东,深圳市,南山区,广东省深圳市南山区蛇口街道南水村103~2叶子,广东深圳市南山区广东省深圳市南山区蛇口街道南水村,广东深圳市南山区广东省深圳市南山区蛇口街道南水村,113.92229,22.488897
深圳海上世界,广东,深圳市,南山区,街道海月花园1期13栋,广东深圳市南山区街道海月花园1期13栋,广东深圳市南山区街道海月花园1期13栋,113.933281,22.501832
深圳海上世界,广东,深圳市,南山区,街道广东省深圳市南山区海月路116号16栋,广东深圳市南山区街道广东省深圳市南山区海月路116号16栋,广东深圳市南山区街道广东省深圳市南山区海月路116号16栋,113.93551,22.50205
深圳海上世界,广东,深圳市,南山区,南山街道城市山林8单元,广东深圳市南山区南山街道城市山林8单元,广东深圳市南山区南山街道城市山林8单元,113.914856,22.510414
深圳海上世界,广东,深圳市,南山区,望海路1031号双玺花园一,广东深圳市南山区望海路1031号双玺花园一,广东深圳市南山区望海路1031号双玺花园一,113.9253,22.485424
深圳海上世界,广东,深圳市,南山区,后海工业八路136号芭朗baby,广东深圳市南山区后海工业八路136号,广东深圳市南山区后海工业八路136号,113.935932,22.500225
深圳海上世界,广东,深圳市,南山区,广博星海华庭A栋,广东深圳市南山区广博星海华庭A栋,广东深圳市南山区广博星海华庭A栋,113.935626,22.495058
深圳海上世界,广东,深圳市,南山区,街道街道天骄华庭工业八路天骄华庭1c,广东深圳市南山区街道街道天骄华庭工业八路天骄华庭1c,广东深圳市南山区街道街道天骄华庭工业八路天骄华庭1c,113.932186,22.499821
深圳海上世界,广东,深圳市,南山区,街道望海路1008号局广场,广东深圳市南山区街道望海路1008号局广场,广东深圳市南山区街道望海路1008号局广场,113.915428,22.481258
深圳海上世界,广东,深圳市,南山区,中心路科苑大道鸿威·海怡湾畔A座,广东深圳市南山区中心路科苑大道鸿威·海怡湾畔A座,广东深圳市南山区中心路科苑大道鸿威·海怡湾畔A座,113.945408,22.516039
深圳海上世界,广东,深圳市,南山区,蛇口街道蛇口后海深圳湾口岸卓越维港北区6栋,广东深圳市南山区蛇口街道蛇口后海深圳湾口岸卓越维港北区6栋,广东深圳市南山区蛇口街道蛇口后海深圳湾口岸卓越维港北区6栋,113.941008,22.497493
深圳海上世界,广东,深圳市,南山区,三湘海尚C,广东深圳市南山区三湘海尚C,广东深圳市南山区三湘海尚C,113.942572,22.502702
深圳海上世界,广东,深圳市,南山区,街道南海大道联合大厦楼,广东深圳市南山区街道南海大道联合大厦楼,广东深圳市南山区街道南海大道联合大厦楼,113.919958,22.49657
深圳海上世界,广东,深圳市,南山区,街道南海大道1055号蛇口TCL科技大厦B栋楼B,广东深圳市南山区街道南海大道1055号蛇口TCL科技大厦B栋楼B,广东深圳市南山区街道南海大道1055号蛇口TCL科技大厦B栋楼B,113.917657,22.49301
深圳海上世界,广东,深圳市,南山区,蛇口招北小区30栋,广东深圳市南山区蛇口招北小区30栋,广东深圳市南山区蛇口招北小区30栋,113.922675,22.492666
深圳海上世界,广东,深圳市,南山区,望海路半岛城邦三期7栋,广东深圳市南山区望海路半岛城邦三期7栋,广东深圳市南山区望海路半岛城邦三期7栋,113.933326,22.479888
深圳海上世界,广东,深圳市,南山区,蛇口工业七路四海公寓,广东深圳市南山区蛇口工业七路四海公寓,广东深圳市南山区蛇口工业七路四海公寓,113.931484,22.49404
深圳海上世界,广东,深圳市,南山区,街道海月路28号海月花园5期5A栋,广东深圳市南山区街道海月路28号海月花园5期5A栋,广东深圳市南山区街道海月路28号海月花园5期5A栋,113.935127,22.498601
深圳海上世界,广东,深圳市,南山区,东滨路迪雅大厦,广东深圳市南山区东滨路迪雅大厦,广东深圳市南山区东滨路迪雅大厦,113.920635,22.506663
深圳海上世界,广东,深圳市,南山区,南海大道和东滨路交叉口蛇口沃尔玛楼家电部,广东深圳市南山区南海大道和东滨路交叉口蛇口沃尔玛楼家电部,广东深圳市南山区南海大道和东滨路交叉口蛇口沃尔玛楼家电部,113.92281,22.502728
深圳海上世界,广东,深圳市,南山区,蛇口街道中心路恒裕滨城1期B栋,广东深圳市南山区蛇口街道中心路恒裕滨城1期B栋,广东深圳市南山区蛇口街道中心路恒裕滨城1期B栋,113.940172,22.492169
深圳海上世界,广东,深圳市,南山区,蛇口水湾一里街坊楼铺ALOHA服装店,广东深圳市南山区蛇口水湾一里街坊楼铺ALOHA服装店,广东深圳市南山区蛇口水湾一里街坊楼铺ALOHA服装店,113.919103,22.48989
深圳海上世界,广东,深圳市,南山区,蛇口望海路南海玫瑰二期V13栋楼C座,广东深圳市南山区蛇口望海路南海玫瑰二期V13栋楼C座,广东深圳市南山区蛇口望海路南海玫瑰二期V13栋楼C座,113.922016,22.484996
深圳海上世界,广东,深圳市,南山区,蛇口街道花果山小区,广东深圳市南山区蛇口街道花果山小区,广东深圳市南山区蛇口街道花果山小区,113.931018,22.492513
深圳海上世界,广东,深圳市,南山区,蛇口街道万科蛇口公馆停车场斜对面中建板房,广东深圳市南山区蛇口街道万科蛇口公馆停车场斜对面中建板房,广东深圳市南山区蛇口街道万科蛇口公馆停车场斜对面中建板房,113.932343,22.487397
深圳海上世界,广东,深圳市,南山区,蛇口街道南水步行街149-1号便,广东深圳市南山区蛇口街道南水步行街149-1号便,广东深圳市南山区蛇口街道南水步行街149-1号便,113.924399,22.488033
深圳海上世界,广东,深圳市,南山区,街道桂园小区32栋,广东深圳市南山区街道桂园小区32栋,广东深圳市南山区街道桂园小区32栋,113.930624,22.503113
深圳海上世界,广东,深圳市,南山区,蛇口街道恒裕滨城二期4栋,广东深圳市南山区蛇口街道恒裕滨城二期4栋,广东深圳市南山区蛇口街道恒裕滨城二期4栋,113.938907,22.495682
深圳海上世界,广东,深圳市,南山区,街道招北小区27栋,广东深圳市南山区街道招北小区27栋,广东深圳市南山区街道招北小区27栋,113.923891,22.492178
深圳海上世界,广东,深圳市,南山区,南山区街道蛇口太子路111号深圳自贸中心3A楼A,广东深圳市南山区街道蛇口太子路111号深圳自贸中心3A楼A,广东深圳市南山区街道蛇口太子路111号深圳自贸中心3A楼A,113.919027,22.489065
深圳海上世界,广东,深圳市,南山区,蛇口街道后海滨路1122号翡翠海岸B座,广东深圳市南山区蛇口街道后海滨路1122号翡翠海岸B座,广东深圳市南山区蛇口街道后海滨路1122号翡翠海岸B座,113.940244,22.488307
深圳海上世界,广东,深圳市,南山区,南山区街道工业八路蛇口高山花园楼下快递柜,广东深圳市南山区街道工业八路蛇口高山花园楼下快递柜,广东深圳市南山区街道工业八路蛇口高山花园楼下快递柜,113.915989,22.501023
深圳海上世界,广东,深圳市,南山区,南山街道南海大道1055号TCL科技大厦B,广东深圳市南山区南山街道南海大道1055号TCL科技大厦B,广东深圳市南山区南山街道南海大道1055号TCL科技大厦B,113.919524,22.496283
深圳海上世界,广东,深圳市,南山区,南山区街道四海小区36栋,广东深圳市南山区街道四海小区36栋,广东深圳市南山区街道四海小区36栋,113.924224,22.500168
深圳海上世界,广东,深圳市,南山区,规划二路TCL科技大厦B栋楼A区,广东深圳市南山区规划二路TCL科技大厦B栋楼A区,广东深圳市南山区规划二路TCL科技大厦B栋楼A区,113.919524,22.496283
深圳海上世界,广东,深圳市,南山区,蛇口街道金世纪路半岛城邦一期5栋,广东深圳市南山区蛇口街道金世纪路半岛城邦一期5栋,广东深圳市南山区蛇口街道金世纪路半岛城邦一期5栋,113.933326,22.479888
深圳海上世界,广东,深圳市,南山区,蛇口街道卓越维港南区3栋B,广东深圳市南山区蛇口街道卓越维港南区3栋B,广东深圳市南山区蛇口街道卓越维港南区3栋B,113.941896,22.494422
深圳海上世界,广东,深圳市,南山区,南山街道恒裕滨城二期3栋,广东深圳市南山区南山街道恒裕滨城二期3栋,广东深圳市南山区南山街道恒裕滨城二期3栋,113.938959,22.495286
深圳海上世界,广东,深圳市,南山区,蛇口工业八路桃花园12栋,广东深圳市南山区蛇口工业八路桃花园12栋,广东深圳市南山区蛇口工业八路桃花园12栋,113.92428,22.533445
深圳海上世界,广东,深圳市,南山区,南山街道东滨路4289迪雅大厦,广东深圳市南山区南山街道东滨路4289迪雅大厦,广东深圳市南山区南山街道东滨路4289迪雅大厦,113.920635,22.506663
深圳海上世界,广东,深圳市,南山区,工业七路117号南达楼楼校服工厂店,广东深圳市南山区工业七路117号南达楼楼校服工厂店,广东深圳市南山区工业七路117号南达楼楼校服工厂店,113.922923,22.494162
深圳海上世界,广东,深圳市,南山区,南山区街道四海小区33栋,广东深圳市南山区街道四海小区33栋,广东深圳市南山区街道四海小区33栋,113.924816,22.500115
深圳海上世界,广东,深圳市,南山区,蛇口沿山路边检生活区依山居2栋,广东深圳市南山区蛇口沿山路边检生活区依山居2栋,广东深圳市南山区蛇口沿山路边检生活区依山居2栋,114.089267,22.562183
深圳海上世界,广东,深圳市,南山区,南海大道悠然居蜂巢快递柜,广东深圳市南山区南海大道悠然居蜂巢快递柜,广东深圳市南山区南海大道悠然居蜂巢快递柜,113.929153,22.525524
深圳海上世界,广东,深圳市,南山区,蛇口街道后海大道1021号东南工贸大厦B座,广东深圳市南山区蛇口街道后海大道1021号东南工贸大厦B座,广东深圳市南山区蛇口街道后海大道1021号东南工贸大厦B座,113.934837,22.488747
深圳海上世界,广东,深圳市,南山区,蛇口兰溪谷一期3B栋,广东深圳市南山区蛇口兰溪谷一期3B栋,广东深圳市南山区蛇口兰溪谷一期3B栋,113.914255,22.490043
深圳海上世界,广东,深圳市,南山区,南山区街道沿山社区蛇口工业八路303壹栈山前公寓2栋,广东深圳市南山区街道沿山社区蛇口工业八路303壹栈山前公寓2栋,广东深圳市南山区街道沿山社区蛇口工业八路303壹栈山前公寓2栋,113.917002,22.502159
深圳海上世界,广东,深圳市,南山区,广东省深圳市南区蛇口街道新街深圳湾中信工南门,广东深圳市南山区广东省深圳市南区蛇口街道新街深圳湾中信工南门,广东深圳市南山区广东省深圳市南区蛇口街道新街深圳湾中信工南门,113.950183,22.519126
深圳海上世界,广东,深圳市,南山区,蛇口街道石云路7号栋,广东深圳市南山区蛇口街道石云路7号栋,广东深圳市南山区蛇口街道石云路7号栋,113.926069,22.488137
深圳海上世界,广东,深圳市,南山区,蛇口花果山了3栋,广东深圳市南山区蛇口花果山了3栋,广东深圳市南山区蛇口花果山了3栋,113.926416,22.491588
深圳海上世界,广东,深圳市,南山区,街道沿山路6号兰溪谷二期十栋,广东深圳市南山区街道沿山路6号兰溪谷二期十栋,广东深圳市南山区街道沿山路6号兰溪谷二期十栋,113.91417,22.489067
深圳海上世界,广东,深圳市,南山区,街道蛇口工业七路后海大道交汇处海洋星苑4单元,广东深圳市南山区街道蛇口工业七路后海大道交汇处海洋星苑4单元,广东深圳市南山区街道蛇口工业七路后海大道交汇处海洋星苑4单元,113.9343,22.495724
深圳海上世界,广东,深圳市,南山区,南山街道东滨路汇宾广场汇锦阁,广东深圳市南山区南山街道东滨路汇宾广场汇锦阁,广东深圳市南山区南山街道东滨路汇宾广场汇锦阁,113.917625,22.509492
深圳海上世界,广东,深圳市,南山区,南山区街道海月路海月二期9栋,广东深圳市南山区街道海月路海月二期9栋,广东深圳市南山区街道海月路海月二期9栋,113.935203,22.501412
深圳海上世界,广东,深圳市,南山区,蛇口海昌街水产楼D栋,广东深圳市南山区蛇口海昌街水产楼D栋,广东深圳市南山区蛇口海昌街水产楼D栋,113.920741,22.487119
深圳海上世界,广东,深圳市,南山区,蛇口街道科苑南路鸿威海怡湾A栋,广东深圳市南山区蛇口街道科苑南路鸿威海怡湾A栋,广东深圳市南山区蛇口街道科苑南路鸿威海怡湾A栋,113.94308,22.489132
深圳海上世界,广东,深圳市,南山区,街道海月路海月花园二期26栋,广东深圳市南山区街道海月路海月花园二期26栋,广东深圳市南山区街道海月路海月花园二期26栋,113.93286,22.500752
深圳海上世界,广东,深圳市,南山区,蛇口街道海境界家园二期B座2单元,广东深圳市南山区蛇口街道海境界家园二期B座2单元,广东深圳市南山区蛇口街道海境界家园二期B座2单元,113.936453,22.491969
深圳海上世界,广东,深圳市,南山区,南山街道城市山林西门外快递仓库,广东深圳市南山区南山街道城市山林西门外快递仓库,广东深圳市南山区南山街道城市山林西门外快递仓库,113.914856,22.510414
深圳海上世界,广东,深圳市,南山区,蛇口街道蛇口望海路南海玫瑰园二期42栋,广东深圳市南山区蛇口街道蛇口望海路南海玫瑰园二期42栋,广东深圳市南山区蛇口街道蛇口望海路南海玫瑰园二期42栋,113.916126,22.481371
深圳海上世界,广东,深圳市,南山区,蛇口湾厦旧村九巷十号楼,广东深圳市南山区蛇口湾厦旧村九巷十号楼,广东深圳市南山区蛇口湾厦旧村九巷十号楼,113.931861,22.491596
深圳海上世界,广东,深圳市,南山区,街道海月路4号后海花半里雅居3栋,广东深圳市南山区街道海月路4号后海花半里雅居3栋,广东深圳市南山区街道海月路4号后海花半里雅居3栋,113.934853,22.497423
深圳海上世界,广东,深圳市,南山区,街道沿山路胜发大厦B栋,广东深圳市南山区街道沿山路胜发大厦B栋,广东深圳市南山区街道沿山路胜发大厦B栋,113.912961,22.491977
深圳海上世界,广东,深圳市,南山区,南山街道东滨路城市山林4,广东深圳市南山区南山街道东滨路城市山林4,广东深圳市南山区南山街道东滨路城市山林4,113.914856,22.510414
深圳海上世界,广东,深圳市,南山区,蛇口湾厦新村七巷三,广东深圳市南山区蛇口湾厦新村七巷三,广东深圳市南山区蛇口湾厦新村七巷三,113.931251,22.492808
深圳海上世界,广东,深圳市,南山区,街道海月花园一期12栋一单元室,广东深圳市南山区街道海月花园一期12栋一单元室,广东深圳市南山区街道海月花园一期12栋一单元室,113.93286,22.500752
深圳海上世界,广东,深圳市,南山区,蛇口工业七路百花苑丰巢快递柜,广东深圳市南山区蛇口工业七路百花苑丰巢快递柜,广东深圳市南山区蛇口工业七路百花苑丰巢快递柜,113.926728,22.493809
深圳海上世界,广东,深圳市,南山区,蛇口海滨花园蓝海楼,广东深圳市南山区蛇口海滨花园蓝海楼,广东深圳市南山区蛇口海滨花园蓝海楼,113.917478,22.485051
深圳海上世界,广东,深圳市,南山区,蛇口太子湾路61号太子湾新世界文化购物坊北馆NL,广东深圳市南山区蛇口太子湾路61号太子湾新世界文化购物坊北馆NL,广东深圳市南山区蛇口太子湾路61号太子湾新世界文化购物坊北馆NL,113.906579,22.476187
深圳海上世界,广东,深圳市,南山区,蛇口街道花果路围仔西,广东深圳市南山区蛇口街道花果路围仔西,广东深圳市南山区蛇口街道花果路围仔西,113.929564,22.489422
深圳海上世界,广东,深圳市,南山区,南山区街道荔园路9号beeplus联合办公,广东深圳市南山区街道荔园路9号beeplus联合办公,广东深圳市南山区街道荔园路9号beeplus联合办公,113.918894,22.492023
深圳海上世界,广东,深圳市,南山区,蛇口海上世界双玺花园三期一栋,广东深圳市南山区蛇口海上世界双玺花园三期一栋,广东深圳市南山区蛇口海上世界双玺花园三期一栋,113.919798,22.48155
深圳海上世界,广东,深圳市,南山区,南山街道东滨路396号远洋滨海大厦,广东深圳市南山区南山街道东滨路396号远洋滨海大厦,广东深圳市南山区南山街道东滨路396号远洋滨海大厦,113.909987,22.511865
深圳海上世界,广东,深圳市,南山区,大道南水村107栋层,广东深圳市南山区大道南水村107栋层,广东深圳市南山区大道南水村107栋层,113.921699,22.489076
深圳海上世界,广东,深圳市,南山区,蛇口街道TCL科技大厦B栋夹包曾G,广东深圳市南山区蛇口街道TCL科技大厦B栋夹包曾G,广东深圳市南山区蛇口街道TCL科技大厦B栋夹包曾G,113.919524,22.496283
深圳海上世界,广东,深圳市,南山区,蛇口街道恒裕滨城二期香悦里街铺象泰spA前台,广东深圳市南山区蛇口街道恒裕滨城二期香悦里街铺象泰spA前台,广东深圳市南山区蛇口街道恒裕滨城二期香悦里街铺象泰spA前台,113.939477,22.494873
深圳海上世界,广东,深圳市,南山区,近海路56号半岛花园B区6栋,广东深圳市南山区近海路56号半岛花园B区6栋,广东深圳市南山区近海路56号半岛花园B区6栋,113.932508,22.498196
深圳海上世界,广东,深圳市,南山区,荔园小区12栋,广东深圳市南山区荔园小区12栋,广东深圳市南山区荔园小区12栋,113.917815,22.488816
深圳海上世界,广东,深圳市,南山区,蛇口街道湾厦社区新村五巷,广东深圳市南山区蛇口街道湾厦社区新村五巷,广东深圳市南山区蛇口街道湾厦社区新村五巷,113.932969,22.490767
深圳海上世界,广东,深圳市,南山区,蛇口街道后海滨路澳城16186栋,广东深圳市南山区蛇口街道后海滨路澳城16186栋,广东深圳市南山区蛇口街道后海滨路澳城16186栋,113.938838,22.491285
深圳海上世界,广东,深圳市,南山区,城市山林铂悦尚品中心负楼A号,广东深圳市南山区城市山林铂悦尚品中心负楼A号,广东深圳市南山区城市山林铂悦尚品中心负楼A号,113.915044,22.51154
深圳海上世界,广东,深圳市,南山区,蛇口东角头春树里D2-1106,广东深圳市南山区蛇口东角头春树里D2-1106,广东深圳市南山区蛇口东角头春树里D2-1106,113.93409,22.486878
深圳海上世界,广东,深圳市,南山区,蛇口街道蛇口街道兴华路6号南海意库1栋楼,广东深圳市南山区蛇口街道蛇口街道兴华路6号南海意库1栋楼,广东深圳市南山区蛇口街道蛇口街道兴华路6号南海意库1栋楼,113.91779,22.486024
深圳海上世界,广东,深圳市,南山区,前海路山水情家园1A,广东深圳市南山区前海路山水情家园1A,广东深圳市南山区前海路山水情家园1A,113.907356,22.511606
深圳海上世界,广东,深圳市,南山区,兰园22栋楼,广东深圳市南山区兰园22栋楼,广东深圳市南山区兰园22栋楼,113.927579,22.503571
深圳海上世界,广东,深圳市,南山区,街道南海大道1111号龙电b区小区二栋,广东深圳市南山区街道南海大道1111号龙电b区小区二栋,广东深圳市南山区街道南海大道1111号龙电b区小区二栋,113.9219,22.50105
深圳海上世界,广东,深圳市,南山区,海上世界环船广场B区层112商铺博,广东深圳市南山区海上世界环船广场B区层112商铺博,广东深圳市南山区海上世界环船广场B区层112商铺博,113.916163,22.482985
深圳海上世界,广东,深圳市,南山区,蛇口天海豪景苑19C张,广东深圳市南山区蛇口天海豪景苑19C张,广东深圳市南山区蛇口天海豪景苑19C张,113.930156,22.495622
深圳海上世界,广东,深圳市,南山区,蛇口四海宜家北座,广东深圳市南山区蛇口四海宜家北座,广东深圳市南山区蛇口四海宜家北座,113.924593,22.493425
深圳海上世界,广东,深圳市,南山区,蛇口TCL科技大厦B栋楼A5007售后部,广东深圳市南山区蛇口TCL科技大厦B栋楼A5007售后部,广东深圳市南山区蛇口TCL科技大厦B栋楼A5007售后部,113.919524,22.496283
深圳海上世界,广东,深圳市,南山区,蛇口澳城花园一期F栋C,广东深圳市南山区蛇口澳城花园一期F栋C,广东深圳市南山区蛇口澳城花园一期F栋C,113.93764,22.488249
深圳海上世界,广东,深圳市,南山区,街道邮轮大道太子湾云玺T7-单元,广东深圳市南山区街道邮轮大道太子湾云玺T7-单元,广东深圳市南山区街道邮轮大道太子湾云玺T7-单元,113.906579,22.476187
深圳海上世界,广东,深圳市,南山区,街道工业八路305号桃花园1期2栋B,广东深圳市南山区街道工业八路305号桃花园1期2栋B,广东深圳市南山区街道工业八路305号桃花园1期2栋B,113.92428,22.533445
深圳海上世界,广东,深圳市,南山区,蛇口街道海湾小区E栋,广东深圳市南山区蛇口街道海湾小区E栋,广东深圳市南山区蛇口街道海湾小区E栋,113.930243,22.491269
深圳海上世界,广东,深圳市,南山区,南山街道南海大道1077号北科创业大厦,广东深圳市南山区南山街道南海大道1077号北科创业大厦,广东深圳市南山区南山街道南海大道1077号北科创业大厦,113.920607,22.49819
深圳海上世界,广东,深圳市,南山区,前海沿湖路19号荔湾太子苑富水烟,广东深圳市南山区前海沿湖路19号荔湾太子苑富水烟,广东深圳市南山区前海沿湖路19号荔湾太子苑富水烟,113.907199,22.508548
深圳海上世界,广东,深圳市,南山区,南山街道向南路21号联检大院商检2栋二单元,广东深圳市南山区南山街道向南路21号联检大院商检2栋二单元,广东深圳市南山区南山街道向南路21号联检大院商检2栋二单元,113.918093,22.505429
深圳海上世界,广东,深圳市,南山区,卓越维港南区10栋A2,广东深圳市南山区卓越维港南区10栋A2,广东深圳市南山区卓越维港南区10栋A2,113.941228,22.495239
深圳海上世界,广东,深圳市,南山区,蛇口街道TCL科技大厦B座楼夹层G212二号超,广东深圳市南山区蛇口街道TCL科技大厦B座楼夹层G212,广东深圳市南山区蛇口街道TCL科技大厦B座楼夹层G212,113.919524,22.496283
深圳海上世界,广东,深圳市,南山区,爱榕路143号兰园小区17栋,广东深圳市南山区爱榕路143号兰园小区17栋,广东深圳市南山区爱榕路143号兰园小区17栋,113.927017,22.503426
深圳海上世界,广东,深圳市,南山区,蛇口街道海滨社区蛇口老街95号楼大,广东深圳市南山区蛇口街道海滨社区蛇口老街95号楼大,广东深圳市南山区蛇口街道海滨社区蛇口老街95号楼大,113.926514,22.485909
深圳海上世界,广东,深圳市,南山区,东滨路天宏尾货一号楼,广东深圳市南山区东滨路天宏尾货一号楼,广东深圳市南山区东滨路天宏尾货一号楼,113.927369,22.504894
深圳海上世界,广东,深圳市,南山区,后海滨路绿海湾花园d1栋,广东深圳市南山区后海滨路绿海湾花园d1栋,广东深圳市南山区后海滨路绿海湾花园d1栋,113.939498,22.492184
深圳海上世界,广东,深圳市,南山区,蛇口工业9路雍华府9栋,广东深圳市南山区蛇口工业9路雍华府9栋,广东深圳市南山区蛇口工业9路雍华府9栋,113.927571,22.500943
深圳海上世界,广东,深圳市,南山区,街道荔园路48号深圳水湾禾美文化科技有限公司门口,广东深圳市南山区街道荔园路48号深圳水湾禾美文化科技有限公司门口,广东深圳市南山区街道荔园路48号深圳水湾禾美文化科技有限公司门口,113.91844,22.491113
深圳海上世界,广东,深圳市,南山区,蛇口街道南海意库1号楼工行工业区支行理财室,广东深圳市南山区蛇口街道南海意库1号楼工行工业区支行理财室,广东深圳市南山区蛇口街道南海意库1号楼工行工业区支行理财室,113.91779,22.486024
深圳海上世界,广东,深圳市,南山区,蛇口街道望海路半岛城邦4期c栋,广东深圳市南山区蛇口街道望海路半岛城邦4期c栋,广东深圳市南山区蛇口街道望海路半岛城邦4期c栋,113.932657,22.480906
深圳海上世界,广东,深圳市,南山区,蛇口翠竹园6-1,广东深圳市南山区蛇口翠竹园6-1,广东深圳市南山区蛇口翠竹园6-1,113.923407,22.497976
深圳海上世界,广东,深圳市,南山区,蛇口街道半岛二路南外滨,广东深圳市南山区蛇口街道半岛二路南外滨,广东深圳市南山区蛇口街道半岛二路南外滨,113.933388,22.479945
深圳海上世界,广东,深圳市,南山区,街道沿山路23号胜发大厦B座,广东深圳市南山区街道沿山路23号胜发大厦B座,广东深圳市南山区街道沿山路23号胜发大厦B座,113.913414,22.491719
深圳海上世界,广东,深圳市,南山区,东滨路城市山林一期10栋C,广东深圳市南山区东滨路城市山林一期10栋C,广东深圳市南山区东滨路城市山林一期10栋C,113.915905,22.511363
深圳海上世界,广东,深圳市,南山区,蛇口街道东角头路半岛城邦1期7栋,广东深圳市南山区蛇口街道东角头路半岛城邦1期7栋,广东深圳市南山区蛇口街道东角头路半岛城邦1期7栋,113.93053,22.478914
深圳海上世界,广东,深圳市,南山区,街道沿山社区沿山路29号临海揽山御园2栋B座,广东深圳市南山区街道沿山社区沿山路29号临海揽山御园2栋B座,广东深圳市南山区街道沿山社区沿山路29号临海揽山御园2栋B座,113.913685,22.492529
深圳海上世界,广东,深圳市,南山区,街道湾厦旧村11巷24号,广东深圳市南山区街道湾厦旧村11巷24号,广东深圳市南山区街道湾厦旧村11巷24号,113.931861,22.491596
深圳海上世界,广东,深圳市,南山区,中心路太古城北区j栋,广东深圳市南山区中心路太古城北区j栋,广东深圳市南山区中心路太古城北区j栋,113.941909,22.507775
深圳海上世界,广东,深圳市,南山区,金世纪路一号半岛城邦一期6栋,广东深圳市南山区金世纪路一号半岛城邦一期6栋,广东深圳市南山区金世纪路一号半岛城邦一期6栋,113.931793,22.478859
深圳海上世界,广东,深圳市,南山区,蛇口汇港购物中心-期负楼ole超市旁小,广东深圳市南山区蛇口汇港购物中心-期负楼ole超市旁小,广东深圳市南山区蛇口汇港购物中心-期负楼ole超市旁小,113.916531,22.48599
深圳海上世界,广东,深圳市,南山区,蛇口街道湾厦旧村六巷,广东深圳市南山区蛇口街道湾厦旧村六巷,广东深圳市南山区蛇口街道湾厦旧村六巷,113.931861,22.491596
深圳海上世界,广东,深圳市,南山区,街道花园城三期19栋单元,广东深圳市南山区街道花园城三期19栋单元,广东深圳市南山区街道花园城三期19栋单元,113.921448,22.498079
深圳海上世界,广东,深圳市,南山区,蛇口湾厦路126号南山互联网创新创意服务基地A,广东深圳市南山区蛇口湾厦路126号南山互联网创新创意服务基地A,广东深圳市南山区蛇口湾厦路126号南山互联网创新创意服务基地A,113.933606,22.488951
深圳海上世界,广东,深圳市,南山区,南山街道荔源广场B栋楼前台,广东深圳市南山区南山街道荔源广场B栋楼前台,广东深圳市南山区南山街道荔源广场B栋楼前台,113.91268,22.511381
深圳海上世界,广东,深圳市,南山区,街道龙电花园B区2栋单元,广东深圳市南山区街道龙电花园B区2栋单元,广东深圳市南山区街道龙电花园B区2栋单元,113.921719,22.502763
深圳海上世界,广东,深圳市,南山区,蛇口栖游家园5栋,广东深圳市南山区蛇口栖游家园5栋,广东深圳市南山区蛇口栖游家园5栋,113.93312,22.488132
深圳海上世界,广东,深圳市,南山区,蛇口海韵嘉园3栋,广东深圳市南山区蛇口海韵嘉园3栋,广东深圳市南山区蛇口海韵嘉园3栋,113.925492,22.485917
深圳海上世界,广东,深圳市,南山区,望海路水映山岸公馆,广东深圳市南山区望海路水映山岸公馆,广东深圳市南山区望海路水映山岸公馆,113.931874,22.483313
深圳海上世界,广东,深圳市,南山区,东滨路迪雅大厦楼,广东深圳市南山区东滨路迪雅大厦楼,广东深圳市南山区东滨路迪雅大厦楼,113.920635,22.506663
深圳海上世界,广东,深圳市,南山区,南山街道东滨路福满园D栋,广东深圳市南山区南山街道东滨路福满园D栋,广东深圳市南山区南山街道东滨路福满园D栋,113.91767,22.506
深圳海上世界,广东,深圳市,南山区,街道太子湾地铁站口太子湾新世界文化购物坊瑞幸咖啡门店,广东深圳市南山区街道太子湾地铁站口太子湾新世界文化购物坊瑞幸咖啡门店,广东深圳市南山区街道太子湾地铁站口太子湾新世界文化购物坊瑞幸咖啡门店,113.912773,22.472394
深圳海上世界,广东,深圳市,南山区,海月2期2栋C,广东深圳市南山区海月2期2栋C,广东深圳市南山区海月2期2栋C,113.935203,22.501412
深圳海上世界,广东,深圳市,南山区,南山区广东省深圳市南山区街道育才路4号招北小区入口岗亭,广东深圳市南山区广东省深圳市南山区街道育才路4号招北小区入口岗亭,广东深圳市南山区广东省深圳市南山区街道育才路4号招北小区入口岗亭,113.923557,22.491713
深圳海上世界,广东,深圳市,南山区,蛇口街道丰华阁层,广东深圳市南山区蛇口街道丰华阁层,广东深圳市南山区蛇口街道丰华阁层,113.923209,22.486313
深圳海上世界,广东,深圳市,南山区,街道邮轮大道与太子湾大道交汇处太子湾湾玺N2栋,广东深圳市南山区街道邮轮大道与太子湾大道交汇处太子湾湾玺N2栋,广东深圳市南山区街道邮轮大道与太子湾大道交汇处太子湾湾玺N2栋,113.911035,22.470612
深圳海上世界,广东,深圳市,南山区,南山街道迪亚大厦楼,广东深圳市南山区南山街道迪亚大厦楼,广东深圳市南山区南山街道迪亚大厦楼,113.930478,22.533191
深圳海上世界,广东,深圳市,南山区,街道蛇口壹间槟榔园,广东深圳市南山区街道蛇口壹间槟榔园,广东深圳市南山区街道蛇口壹间槟榔园,113.920018,22.487268
深圳海上世界,广东,深圳市,南山区,南山街道东滨路4321号汇宾广场商场层2A,广东深圳市南山区南山街道东滨路4321号汇宾广场商场层2A,广东深圳市南山区南山街道东滨路4321号汇宾广场商场层2A,113.917946,22.508775
深圳海上世界,广东,深圳市,南山区,后海滨路吉祥龙花园A1,广东深圳市南山区后海滨路吉祥龙花园A1,广东深圳市南山区后海滨路吉祥龙花园A1,113.939054,22.49707
深圳海上世界,广东,深圳市,南山区,南油东滨路天宏尾货,广东深圳市南山区南油东滨路天宏尾货,广东深圳市南山区南油东滨路天宏尾货,113.929601,22.506083
深圳海上世界,广东,深圳市,南山区,科苑南路三湘海尚C,广东深圳市南山区科苑南路三湘海尚C,广东深圳市南山区科苑南路三湘海尚C,113.942572,22.502702
深圳海上世界,广东,深圳市,南山区,街道四海路一号D,广东深圳市南山区街道四海路一号D,广东深圳市南山区街道四海路一号D,113.926565,22.498512
深圳海上世界,广东,深圳市,南山区,街道深圳市南山区南海大道1055号TCL科技大厦B栋,广东深圳市南山区街道深圳市南山区南海大道1055号TCL科技大厦B栋,广东深圳市南山区街道深圳市南山区南海大道1055号TCL科技大厦B栋,113.919524,22.496283
深圳海上世界,广东,深圳市,南山区,南山区蛇口街道蛇口新街春树里小区D1,广东深圳市南山区蛇口街道蛇口新街春树里小区D1,广东深圳市南山区蛇口街道蛇口新街春树里小区D1,113.934182,22.486226
深圳海上世界,广东,深圳市,南山区,蛇口街道科院路三湘海尚号铺圆,广东深圳市南山区蛇口街道科院路三湘海尚号铺圆,广东深圳市南山区蛇口街道科院路三湘海尚号铺圆,113.942572,22.502702
深圳海上世界,广东,深圳市,南山区,街道南山区街道工业8路303号壹栈人才公寓山前6栋,广东深圳市南山区街道南山区街道工业8路303号壹栈人才公寓山前6栋,广东深圳市南山区街道南山区街道工业8路303号壹栈人才公寓山前6栋,113.914044,22.502608
深圳海上世界,广东,深圳市,南山区,街道海月花园1期28栋单元,广东深圳市南山区街道海月花园1期28栋单元,广东深圳市南山区街道海月花园1期28栋单元,113.93289,22.503334
深圳海上世界,广东,深圳市,南山区,蛇口街道太古城北区,广东深圳市南山区蛇口街道太古城北区,广东深圳市南山区蛇口街道太古城北区,113.931018,22.492513
深圳海上世界,广东,深圳市,南山区,东滨路4321号汇宾广场商场层A,广东深圳市南山区东滨路4321号汇宾广场商场层A,广东深圳市南山区东滨路4321号汇宾广场商场层A,113.917946,22.508775
深圳海上世界,广东,深圳市,南山区,南山街道东滨路迪雅大厦楼,广东深圳市南山区南山街道东滨路迪雅大厦楼,广东深圳市南山区南山街道东滨路迪雅大厦楼,113.920635,22.506663
深圳海上世界,广东,深圳市,南山区,望海路1199号深圳湾,广东深圳市南山区望海路1199号深圳湾,广东深圳市南山区望海路1199号深圳湾,113.938942,22.500703
深圳海上世界,广东,深圳市,南山区,街道水湾大厦1号冠寓海上世界店,广东深圳市南山区街道水湾大厦1号冠寓海上世界店,广东深圳市南山区街道水湾大厦1号冠寓海上世界店,113.917846,22.482264
深圳海上世界,广东,深圳市,南山区,蛇口街道岸弯三街五号吉祥龙花园A1栋,广东深圳市南山区蛇口街道岸弯三街五号吉祥龙花园A1栋,广东深圳市南山区蛇口街道岸弯三街五号吉祥龙花园A1栋,113.939054,22.49707
深圳海上世界,广东,深圳市,南山区,蛇口近海路榆园二期10栋,广东深圳市南山区蛇口近海路榆园二期10栋,广东深圳市南山区蛇口近海路榆园二期10栋,113.932072,22.501141
深圳海上世界,广东,深圳市,南山区,街道南海大道TCL科技大厦,广东深圳市南山区街道南海大道TCL科技大厦,广东深圳市南山区街道南海大道TCL科技大厦,113.919524,22.496283
深圳海上世界,广东,深圳市,南山区,东滨路汇宾广场汇锦阁,广东深圳市南山区东滨路汇宾广场汇锦阁,广东深圳市南山区东滨路汇宾广场汇锦阁,113.917625,22.509492
深圳海上世界,广东,深圳市,南山区,深圳湾口岸第二加油站后面参战老,广东深圳市南山区深圳湾口岸第二加油站后面参战老,广东深圳市南山区深圳湾口岸第二加油站后面参战老,113.93887,22.498567
深圳海上世界,广东,深圳市,南山区,街道桃花源E区壹栈林下2号楼,广东深圳市南山区街道桃花源E区壹栈林下2号楼,广东深圳市南山区街道桃花源E区壹栈林下2号楼,113.930478,22.533191
深圳海上世界,广东,深圳市,南山区,街道水湾1979二栋,广东深圳市南山区街道水湾1979二栋,广东深圳市南山区街道水湾1979二栋,113.919144,22.489738
深圳海上世界,广东,深圳市,南山区,南海大道南山区白盈医疗器械产业园号滇鲜厨房.云南特色,广东深圳市南山区南海大道南山区白盈医疗器械产业园号滇鲜厨房.云南特色,广东深圳市南山区南海大道南山区白盈医疗器械产业园号滇鲜厨房.云南特色,113.929153,22.525524
深圳海上世界,广东,深圳市,南山区,区前海路山路岁月A栋,广东深圳市南山区区前海路山路岁月A栋,广东深圳市南山区区前海路山路岁月A栋,114.10904,22.593547
深圳海上世界,广东,深圳市,南山区,沿山路兰溪谷二期3B一,广东深圳市南山区沿山路兰溪谷二期3B一,广东深圳市南山区沿山路兰溪谷二期3B一,113.914255,22.490043
深圳海上世界,广东,深圳市,南山区,蛇口街道枫叶望海公馆A,广东深圳市南山区蛇口街道枫叶望海公馆A,广东深圳市南山区蛇口街道枫叶望海公馆A,113.933798,22.482709
深圳海上世界,广东,深圳市,南山区,蛇口四海路招银小区2,广东深圳市南山区蛇口四海路招银小区2,广东深圳市南山区蛇口四海路招银小区2,113.926678,22.502546
深圳海上世界,广东,深圳市,南山区,广东省深圳市南山区花园路口小区保安室,广东深圳市南山区广东省深圳市南山区花园路口小区保安室,广东深圳市南山区广东省深圳市南山区花园路口小区保安室,114.057939,22.543527
深圳海上世界,广东,深圳市,南山区,后海大道1012号海境界家园一期4栋,广东深圳市南山区后海大道1012号海境界家园一期4栋,广东深圳市南山区后海大道1012号海境界家园一期4栋,113.935672,22.491231
深圳海上世界,广东,深圳市,南山区,街道壹间槟榔园24栋,广东深圳市南山区街道壹间槟榔园24栋,广东深圳市南山区街道壹间槟榔园24栋,113.920018,22.487268
深圳海上世界,广东,深圳市,南山区,蛇口工业七路四海公寓A座放快递,广东深圳市南山区蛇口工业七路四海公寓A座放快递,广东深圳市南山区蛇口工业七路四海公寓A座放快递,113.924164,22.488255
深圳海上世界,广东,深圳市,南山区,蛇囗街道南水步行街123一9香满堂,广东深圳市南山区蛇囗街道南水步行街123一9香满堂,广东深圳市南山区蛇囗街道南水步行街123一9香满堂,113.925905,22.487639
深圳海上世界,广东,深圳市,南山区,蛇口街道东角头市政单身,广东深圳市南山区蛇口街道东角头市政单身,广东深圳市南山区蛇口街道东角头市政单身,113.93757,22.484922
深圳海上世界,广东,深圳市,南山区,鸣溪谷6A栋玛,广东深圳市南山区鸣溪谷6A栋玛,广东深圳市南山区鸣溪谷6A栋玛,113.916058,22.496855
深圳海上世界,广东,深圳市,南山区,蛇口街道南水村93栋,广东深圳市南山区蛇口街道南水村93栋,广东深圳市南山区蛇口街道南水村93栋,113.923005,22.489405
深圳海上世界,广东,深圳市,南山区,南山区街道爱榕路雍华府1栋,广东深圳市南山区街道爱榕路雍华府1栋,广东深圳市南山区街道爱榕路雍华府1栋,113.928164,22.499849
深圳海上世界,广东,深圳市,南山区,蛇口街道中心路2269号君汇新天1C栋,广东深圳市南山区蛇口街道中心路2269号君汇新天1C栋,广东深圳市南山区蛇口街道中心路2269号君汇新天1C栋,113.939394,22.502821
深圳海上世界,广东,深圳市,南山区,街道沿山路6号半山海景兰溪谷2期2B栋,广东深圳市南山区街道沿山路6号半山海景兰溪谷2期2B栋,广东深圳市南山区街道沿山路6号半山海景兰溪谷2期2B栋,113.914177,22.488089
深圳海上世界,广东,深圳市,南山区,南山区蛇口街道中心路宝能太古城南区丰巢柜,广东深圳市南山区蛇口街道中心路宝能太古城南区丰巢柜,广东深圳市南山区蛇口街道中心路宝能太古城南区丰巢柜,113.939095,22.499262
深圳海上世界,广东,深圳市,南山区,街道工业九路与近海路交叉口西150米桂园小区蛇口工业九路桂园小区20栋,广东深圳市南山区街道工业九路与近海路交叉口西150米桂园小区蛇口工业九路桂园小区20栋,广东深圳市南山区街道工业九路与近海路交叉口西150米桂园小区蛇口工业九路桂园小区20栋,113.926416,22.491588
深圳海上世界,广东,深圳市,南山区,街道工业九路壹间公寓槟榔园7栋,广东深圳市南山区街道工业九路壹间公寓槟榔园7栋,广东深圳市南山区街道工业九路壹间公寓槟榔园7栋,113.92552,22.50283
深圳海上世界,广东,深圳市,南山区,蛇口工业八路303号壹栈山前人才公寓4栋,广东深圳市南山区蛇口工业八路303号壹栈山前人才公寓4栋,广东深圳市南山区蛇口工业八路303号壹栈山前人才公寓4栋,113.917002,22.502159
深圳海上世界,广东,深圳市,南山区,蛇口街道后海滨路翡翠海岸A座,广东深圳市南山区蛇口街道后海滨路翡翠海岸A座,广东深圳市南山区蛇口街道后海滨路翡翠海岸A座,113.924164,22.488255
深圳海上世界,广东,深圳市,南山区,南山区街道南海大道1055号tcl科技大厦B,广东深圳市南山区街道南海大道1055号tcl科技大厦B,广东深圳市南山区街道南海大道1055号tcl科技大厦B,113.919524,22.496283
深圳海上世界,广东,深圳市,南山区,万科蛇口公馆3栋,广东深圳市南山区万科蛇口公馆3栋,广东深圳市南山区万科蛇口公馆3栋,113.932794,22.487366
深圳海上世界,广东,深圳市,南山区,蛇口老街135号美利达专卖店,广东深圳市南山区蛇口老街135号美利达专卖店,广东深圳市南山区蛇口老街135号美利达专卖店,113.924809,22.486442
深圳海上世界,广东,深圳市,南山区,南山街道向南路5号荔海春城4栋【18466249391-8327】,广东深圳市南山区南山街道向南路5号荔海春城4栋,广东深圳市南山区南山街道向南路5号荔海春城4栋,113.916767,22.505664
深圳海上世界,广东,深圳市,南山区,蛇口湾夏路万科蛇口公馆3栋,广东深圳市南山区蛇口湾夏路万科蛇口公馆3栋,广东深圳市南山区蛇口湾夏路万科蛇口公馆3栋,113.932794,22.487366
深圳海上世界,广东,深圳市,南山区,南山街道联检大院2栋商检306～2号,广东深圳市南山区南山街道联检大院2栋商检306～2号,广东深圳市南山区南山街道联检大院2栋商检306～2号,113.917547,22.505546
深圳海上世界,广东,深圳市,南山区,蛇口街道湾厦新村四巷20号,广东深圳市南山区蛇口街道湾厦新村四巷20号,广东深圳市南山区蛇口街道湾厦新村四巷20号,113.931387,22.491446
深圳海上世界,广东,深圳市,南山区,南山区蛇口南海玫瑰花园三期金世纪路3号,广东深圳市南山区蛇口南海玫瑰花园三期金世纪路3号,广东深圳市南山区蛇口南海玫瑰花园三期金世纪路3号,113.930208,22.479015
深圳海上世界,广东,深圳市,南山区,蛇口街道花果路围仔西28-1栋,广东深圳市南山区蛇口街道花果路围仔西28-1栋,广东深圳市南山区蛇口街道花果路围仔西28-1栋,113.929415,22.489551
深圳海上世界,广东,深圳市,南山区,蛇口街道望海路1068号蓝漪花园漪悠阁,广东深圳市南山区蛇口街道望海路1068号蓝漪花园漪悠阁,广东深圳市南山区蛇口街道望海路1068号蓝漪花园漪悠阁,113.927739,22.484561
深圳海上世界,广东,深圳市,南山区,爱榕园5栋三单元,广东深圳市南山区爱榕园5栋三单元,广东深圳市南山区爱榕园5栋三单元,113.929554,22.500441
深圳海上世界,广东,深圳市,南山区,后海大道半岛花园B区七栋,广东深圳市南山区后海大道半岛花园B区七栋,广东深圳市南山区后海大道半岛花园B区七栋,113.932685,22.498589
深圳海上世界,广东,深圳市,南山区,广东省深圳市南山区工业七路四海公寓A座对面莱博,广东深圳市南山区广东省深圳市南山区工业七路四海公寓A座对面莱博,广东深圳市南山区广东省深圳市南山区工业七路四海公寓A座对面莱博,113.924164,22.488255
深圳海上世界,广东,深圳市,南山区,南山区 岸湾二街阳光海滨花园北门A,广东深圳市南山区 岸湾二街阳光海滨花园北门A,广东深圳市南山区 岸湾二街阳光海滨花园北门A,113.940289,22.490262
深圳海上世界,广东,深圳市,南山区,蛇口街道南水步行街286号福寿康理疗馆,广东深圳市南山区蛇口街道南水步行街286号福寿康理疗馆,广东深圳市南山区蛇口街道南水步行街286号福寿康理疗馆,113.922687,22.488491
深圳海上世界,广东,深圳市,南山区,南山街道南粤山庄7栋单元,广东深圳市南山区南山街道南粤山庄7栋单元,广东深圳市南山区南山街道南粤山庄7栋单元,113.916092,22.506813
深圳海上世界,广东,深圳市,南山区,南山区爱榕路62号榆园13栋,广东深圳市南山区爱榕路62号榆园13栋,广东深圳市南山区爱榕路62号榆园13栋,113.929113,22.503639
深圳海上世界,广东,深圳市,南山区,半岛城邦四期b栋,广东深圳市南山区半岛城邦四期b栋,广东深圳市南山区半岛城邦四期b栋,113.933326,22.479888
深圳海上世界,广东,深圳市,南山区,蛇口东角头半岛城邦二期二栋,广东深圳市南山区蛇口东角头半岛城邦二期二栋,广东深圳市南山区蛇口东角头半岛城邦二期二栋,113.93109,22.483015
深圳海上世界,广东,深圳市,南山区,蛇口街道深圳湾口岸中通快递【13076909487-8974】,广东深圳市南山区蛇口街道深圳湾口岸,广东深圳市南山区蛇口街道深圳湾口岸,113.93887,22.498567
深圳海上世界,广东,深圳市,南山区,工业八路高山花园1栋,广东深圳市南山区工业八路高山花园1栋,广东深圳市南山区工业八路高山花园1栋,113.912583,22.55656
深圳海上世界,广东,深圳市,南山区,蛇口望海路半岛城邦1期6栋,广东深圳市南山区蛇口望海路半岛城邦1期6栋,广东深圳市南山区蛇口望海路半岛城邦1期6栋,113.93053,22.478914
深圳海上世界,广东,深圳市,南山区,花果路68号蛇口,广东深圳市南山区花果路68号蛇口,广东深圳市南山区花果路68号蛇口,113.926535,22.49253
深圳海上世界,广东,深圳市,南山区,蛇口东帝海景家园楼号商铺深圳皇疗艾康中,广东深圳市南山区蛇口东帝海景家园楼号商铺深圳皇疗艾康中,广东深圳市南山区蛇口东帝海景家园楼号商铺深圳皇疗艾康中,113.935972,22.489603
深圳海上世界,广东,深圳市,南山区,南山街道东滨路4321号汇宾广场商场层,广东深圳市南山区南山街道东滨路4321号汇宾广场商场层,广东深圳市南山区南山街道东滨路4321号汇宾广场商场层,113.917946,22.508775
深圳海上世界,广东,深圳市,南山区,南山区深圳市南山区街道爱榕路143号兰园小区2栋,广东深圳市南山区深圳市南山区街道爱榕路143号兰园小区2栋,广东深圳市南山区深圳市南山区街道爱榕路143号兰园小区2栋,113.927013,22.503989
深圳海上世界,广东,深圳市,南山区,科苑南路三湘海尚花园B1座27A,广东深圳市南山区科苑南路三湘海尚花园B1座27A,广东深圳市南山区科苑南路三湘海尚花园B1座27A,113.942572,22.502702
深圳海上世界,广东,深圳市,南山区,街道后海路海月花园二期18栋B,广东深圳市南山区街道后海路海月花园二期18栋B,广东深圳市南山区街道后海路海月花园二期18栋B,113.93286,22.500752
深圳海上世界,广东,深圳市,南山区,蛇口街道米兰公寓花果路36号一期3单元,广东深圳市南山区蛇口街道米兰公寓花果路36号一期3单元,广东深圳市南山区蛇口街道米兰公寓花果路36号一期3单元,113.927507,22.491035
深圳海上世界,广东,深圳市,南山区,蛇口兰园小区23栋号,广东深圳市南山区蛇口兰园小区23栋号,广东深圳市南山区蛇口兰园小区23栋号,113.927013,22.503989
深圳海上世界,广东,深圳市,南山区,街道工业九路28号壹间28栋,广东深圳市南山区街道工业九路28号壹间28栋,广东深圳市南山区街道工业九路28号壹间28栋,113.925447,22.502335
深圳海上世界,广东,深圳市,南山区,宝能太古城北区D栋,广东深圳市南山区宝能太古城北区D栋,广东深圳市南山区宝能太古城北区D栋,113.938354,22.501987
深圳海上世界,广东,深圳市,南山区,蛇口南水路108号都市女人内衣店,广东深圳市南山区蛇口南水路108号都市女人内衣店,广东深圳市南山区蛇口南水路108号都市女人内衣店,113.927123,22.487358
深圳海上世界,广东,深圳市,南山区,后海街道榆桂小区榆园1栋,广东深圳市南山区后海街道榆桂小区榆园1栋,广东深圳市南山区后海街道榆桂小区榆园1栋,113.931032,22.504356
深圳海上世界,广东,深圳市,南山区,蛇口街道渔村路63号德隆广场楼天,广东深圳市南山区蛇口街道渔村路63号德隆广场楼天,广东深圳市南山区蛇口街道渔村路63号德隆广场楼天,113.928138,22.487199
深圳海上世界,广东,深圳市,南山区,蛇口街道蛇口新街翠苑小区二幢,广东深圳市南山区蛇口街道蛇口新街翠苑小区二幢,广东深圳市南山区蛇口街道蛇口新街翠苑小区二幢,113.928274,22.487641
深圳海上世界,广东,深圳市,南山区,太子湾人才公寓,广东深圳市南山区太子湾人才公寓,广东深圳市南山区太子湾人才公寓,113.906579,22.476187
深圳海上世界,广东,深圳市,南山区,蛇口街道蛇口海昌街南蛇口海欣花园1号楼C栋,广东深圳市南山区蛇口街道蛇口海昌街南蛇口海欣花园1号楼C栋,广东深圳市南山区蛇口街道蛇口海昌街南蛇口海欣花园1号楼C栋,113.920866,22.4851
深圳海上世界,广东,深圳市,南山区,蛇口街道半岛城邦一期7栋,广东深圳市南山区蛇口街道半岛城邦一期7栋,广东深圳市南山区蛇口街道半岛城邦一期7栋,113.933326,22.479888
深圳海上世界,广东,深圳市,南山区,蛇口街道兴工路龙电B区菜鸟快递柜E,广东深圳市南山区蛇口街道兴工路龙电B区菜鸟快递柜E,广东深圳市南山区蛇口街道兴工路龙电B区菜鸟快递柜E,113.919178,22.504362
深圳海上世界,广东,深圳市,南山区,中心路2233号太古城楼百丽专柜,广东深圳市南山区中心路2233号太古城楼百丽专柜,广东深圳市南山区中心路2233号太古城楼百丽专柜,113.938922,22.500062
深圳海上世界,广东,深圳市,南山区,蛇口街道路39号重,广东深圳市南山区蛇口街道路39号重,广东深圳市南山区蛇口街道路39号重,113.931018,22.492513
深圳海上世界,广东,深圳市,南山区,爱榕路143兰园5栋,广东深圳市南山区爱榕路143兰园5栋,广东深圳市南山区爱榕路143兰园5栋,113.928337,22.503526
深圳海上世界,广东,深圳市,南山区,蛇口兴华工业大厦7栋AB座,广东深圳市南山区蛇口兴华工业大厦7栋AB座,广东深圳市南山区蛇口兴华工业大厦7栋AB座,113.919219,22.493348
深圳海上世界,广东,深圳市,南山区,蛇口街道荣村小区9栋,广东深圳市南山区蛇口街道荣村小区9栋,广东深圳市南山区蛇口街道荣村小区9栋,113.926922,22.486398
深圳海上世界,广东,深圳市,南山区,蛇口工业7路99号振兴小区2,广东深圳市南山区蛇口工业7路99号振兴小区2,广东深圳市南山区蛇口工业7路99号振兴小区2,113.922611,22.493702
深圳海上世界,广东,深圳市,南山区,南山街道铭筑荔苑2A栋,广东深圳市南山区南山街道铭筑荔苑2A栋,广东深圳市南山区南山街道铭筑荔苑2A栋,113.909237,22.510823
深圳海上世界,广东,深圳市,南山区,街道南海大道1078号花园城3期10栋一单元2B,广东深圳市南山区街道南海大道1078号花园城3期10栋一单元2B,广东深圳市南山区街道南海大道1078号花园城3期10栋一单元2B,113.922493,22.499919
深圳海上世界,广东,深圳市,南山区,南油迪雅大厦楼A30王家皮草3号店,广东深圳市南山区南油迪雅大厦楼A30王家皮草3号店,广东深圳市南山区南油迪雅大厦楼A30王家皮草3号店,113.930039,22.519857
深圳海上世界,广东,深圳市,南山区,南山区街道海上世界品上酒店太子路111号水湾1979商业楼自贸中心楼,广东深圳市南山区街道海上世界品上酒店太子路111号水湾1979商业楼自贸中心楼,广东深圳市南山区街道海上世界品上酒店太子路111号水湾1979商业楼自贸中心楼,113.917959,22.490551
深圳海上世界,广东,深圳市,南山区,后海滨路绿海湾D1,广东深圳市南山区后海滨路绿海湾D1,广东深圳市南山区后海滨路绿海湾D1,113.939498,22.492184
深圳海上世界,广东,深圳市,南山区,湾厦路创新创意园服务基地二期福嘉达汽车服务有限公司,广东深圳市南山区湾厦路创新创意园服务基地二期福嘉达汽车服务有限公司,广东深圳市南山区湾厦路创新创意园服务基地二期福嘉达汽车服务有限公司,113.930526,22.485401
深圳海上世界,广东,深圳市,南山区,街道海湾公馆半岛群楼,广东深圳市南山区街道海湾公馆半岛群楼,广东深圳市南山区街道海湾公馆半岛群楼,113.932883,22.497826
深圳海上世界,广东,深圳市,南山区,爱榕路75号雍华府8栋A座,广东深圳市南山区爱榕路75号雍华府8栋A座,广东深圳市南山区爱榕路75号雍华府8栋A座,113.924164,22.488255
深圳海上世界,广东,深圳市,南山区,工业九路爱榕园,广东深圳市南山区工业九路爱榕园,广东深圳市南山区工业九路爱榕园,113.930556,22.500812
深圳海上世界,广东,深圳市,南山区,街道深圳市南山区南海大道1052号海翔广场楼商家退货说,广东深圳市南山区街道深圳市南山区南海大道1052号海翔广场楼,广东深圳市南山区街道深圳市南山区南海大道1052号海翔广场楼,113.920224,22.494586
深圳海上世界,广东,深圳市,南山区,后海大道海洋星苑4单元,广东深圳市南山区后海大道海洋星苑4单元,广东深圳市南山区后海大道海洋星苑4单元,113.9343,22.495724
深圳海上世界,广东,深圳市,南山区,街道南海大道1055号tcl科技大厦B,广东深圳市南山区街道南海大道1055号tcl科技大厦B,广东深圳市南山区街道南海大道1055号tcl科技大厦B,113.919524,22.496283
深圳海上世界,广东,深圳市,南山区,蛇口街道科苑南路三湘海尚F2,广东深圳市南山区蛇口街道科苑南路三湘海尚F2,广东深圳市南山区蛇口街道科苑南路三湘海尚F2,113.942572,22.502702
深圳海上世界,广东,深圳市,南山区,南油汇宾广场龙际服装批发城楼B,广东深圳市南山区南油汇宾广场龙际服装批发城楼B,广东深圳市南山区南油汇宾广场龙际服装批发城楼B,113.917946,22.508775
深圳海上世界,广东,深圳市,南山区,招东小区-3号楼,广东深圳市南山区招东小区-3号楼,广东深圳市南山区招东小区-3号楼,113.929957,22.491647
深圳海上世界,广东,深圳市,南山区,蛇口花园城三期--13栋单元,广东深圳市南山区蛇口花园城三期--13栋单元,广东深圳市南山区蛇口花园城三期--13栋单元,113.922597,22.498528
深圳海上世界,广东,深圳市,南山区,蛇口街道湾厦新村六巷四-4号,广东深圳市南山区蛇口街道湾厦新村六巷四-4号,广东深圳市南山区蛇口街道湾厦新村六巷四-4号,113.931251,22.492808
深圳海上世界,广东,深圳市,南山区,蛇口街道蛇口东角头望海路半岛城邦三期5栋,广东深圳市南山区蛇口街道蛇口东角头望海路半岛城邦三期5栋,广东深圳市南山区蛇口街道蛇口东角头望海路半岛城邦三期5栋,113.935989,22.481041
深圳海上世界,广东,深圳市,南山区,中熙君南山一栋送到家门口,广东深圳市南山区中熙君南山一栋送到家门口,广东深圳市南山区中熙君南山一栋送到家门口,113.916807,22.508589
深圳海上世界,广东,深圳市,南山区,枫叶荟国际行政公寓蜂巢柜架子上,广东深圳市南山区枫叶荟国际行政公寓蜂巢柜架子上,广东深圳市南山区枫叶荟国际行政公寓蜂巢柜架子上,113.933986,22.482457
深圳海上世界,广东,深圳市,南山区,蛇口东路海境界3栋,广东深圳市南山区蛇口东路海境界3栋,广东深圳市南山区蛇口东路海境界3栋,113.926416,22.491588
深圳海上世界,广东,深圳市,南山区,兴华工业大厦7栋,广东深圳市南山区兴华工业大厦7栋,广东深圳市南山区兴华工业大厦7栋,113.919647,22.493865
深圳海上世界,广东,深圳市,南山区,蛇口街道恒裕滨城二期2栋B单元21C,广东深圳市南山区蛇口街道恒裕滨城二期2栋B单元21C,广东深圳市南山区蛇口街道恒裕滨城二期2栋B单元21C,113.939133,22.494683
深圳海上世界,广东,深圳市,南山区,蛇口街道半岛城邦2期1栋楼C室,广东深圳市南山区蛇口街道半岛城邦2期1栋楼C室,广东深圳市南山区蛇口街道半岛城邦2期1栋楼C室,113.933326,22.479888
深圳海上世界,广东,深圳市,南山区,爱榕路62号桂园小区1区5栋室,广东深圳市南山区爱榕路62号桂园小区1区5栋室,广东深圳市南山区爱榕路62号桂园小区1区5栋室,113.929994,22.503214
深圳海上世界,广东,深圳市,南山区,蛇口街道南海大道1055号TCL科技大厦B栋视频号店,广东深圳市南山区蛇口街道南海大道1055号TCL科技大厦B栋视频号店,广东深圳市南山区蛇口街道南海大道1055号TCL科技大厦B栋视频号店,113.919524,22.496283
深圳海上世界,广东,深圳市,南山区,蛇口街道米兰第2季围仔山花园南山区蛇口街道米兰第2季围仔山花园,广东深圳市南山区蛇口街道米兰第2季围仔山花园南山区蛇口街道米兰第2季围仔山花园,广东深圳市南山区蛇口街道米兰第2季围仔山花园南山区蛇口街道米兰第2季围仔山花园,113.929574,22.490924
深圳海上世界,广东,深圳市,南山区,街道沿山路兰溪谷2期6栋,广东深圳市南山区街道沿山路兰溪谷2期6栋,广东深圳市南山区街道沿山路兰溪谷2期6栋,113.914177,22.488089
深圳海上世界,广东,深圳市,南山区,南山区蛇口街道广博星海华庭D栋,广东深圳市南山区蛇口街道广博星海华庭D栋,广东深圳市南山区蛇口街道广博星海华庭D栋,113.935916,22.494552
深圳海上世界,广东,深圳市,南山区,-南海大道1029号万融大厦B座企业服务中心,广东深圳市南山区-南海大道1029号万融大厦B座企业服务中心,广东深圳市南山区-南海大道1029号万融大厦B座企业服务中心,113.915773,22.4907
深圳海上世界,广东,深圳市,南山区,街道东滨路4343号铂悦尚品中心负楼仓,广东深圳市南山区街道东滨路4343号铂悦尚品中心负楼仓,广东深圳市南山区街道东滨路4343号铂悦尚品中心负楼仓,113.916186,22.510655
深圳海上世界,广东,深圳市,南山区,蛇口湾厦旧村十巷三十二号,广东深圳市南山区蛇口湾厦旧村十巷三十二号,广东深圳市南山区蛇口湾厦旧村十巷三十二号,113.931861,22.491596
深圳海上世界,广东,深圳市,南山区,街道南海大道TCL科技大厦B,广东深圳市南山区街道南海大道TCL科技大厦B,广东深圳市南山区街道南海大道TCL科技大厦B,113.919524,22.496283
深圳海上世界,广东,深圳市,南山区,深圳口岸中通,广东深圳市南山区深圳口岸中通,广东深圳市南山区深圳口岸中通,114.061959,22.51116
深圳海上世界,广东,深圳市,南山区,蛇口工业七路华彩花园南海阁,广东深圳市南山区蛇口工业七路华彩花园南海阁,广东深圳市南山区蛇口工业七路华彩花园南海阁,113.921473,22.486536
深圳海上世界,广东,深圳市,南山区,光大路四海小区27栋,广东深圳市南山区光大路四海小区27栋,广东深圳市南山区光大路四海小区27栋,113.926103,22.500108
深圳海上世界,广东,深圳市,南山区,蛇口街道后海大道与蛇口新街交汇处金色海琴苑,广东深圳市南山区蛇口街道后海大道与蛇口新街交汇处金色海琴苑,广东深圳市南山区蛇口街道后海大道与蛇口新街交汇处金色海琴苑,113.937437,22.487243
深圳海上世界,广东,深圳市,南山区,蛇口南海玫瑰花园三期8号铺微地产,广东深圳市南山区蛇口南海玫瑰花园三期8号铺微地产,广东深圳市南山区蛇口南海玫瑰花园三期8号铺微地产,113.930245,22.479143
深圳海上世界,广东,深圳市,南山区,蛇口街道蛇口沿山路23号胜发大厦B栋,广东深圳市南山区蛇口街道蛇口沿山路23号胜发大厦B栋,广东深圳市南山区蛇口街道蛇口沿山路23号胜发大厦B栋,113.912961,22.491977
深圳海上世界,广东,深圳市,南山区,蛇口街道南水社区南水村44栋,广东深圳市南山区蛇口街道南水社区南水村44栋,广东深圳市南山区蛇口街道南水社区南水村44栋,113.922521,22.488859
深圳海上世界,广东,深圳市,南山区,南山区 蛇口街道后海滨路海境界家园二期A座2单元,广东深圳市南山区 蛇口街道后海滨路海境界家园二期A座2单元,广东深圳市南山区 蛇口街道后海滨路海境界家园二期A座2单元,113.924164,22.488255
深圳海上世界,广东,深圳市,南山区,围仔西6巷,广东深圳市南山区围仔西6巷,广东深圳市南山区围仔西6巷,113.929217,22.489218
深圳海上世界,广东,深圳市,南山区,蛇口街道湾夏路蛇口公馆3栋,广东深圳市南山区蛇口街道湾夏路蛇口公馆3栋,广东深圳市南山区蛇口街道湾夏路蛇口公馆3栋,113.927801,22.488385
深圳海上世界,广东,深圳市,南山区,工业8路281号国检小区3栋,广东深圳市南山区工业8路281号国检小区3栋,广东深圳市南山区工业8路281号国检小区3栋,113.919042,22.501031
深圳海上世界,广东,深圳市,南山区,蛇口街道中心路2233号宝能太古城北区E,广东深圳市南山区蛇口街道中心路2233号宝能太古城北区E,广东深圳市南山区蛇口街道中心路2233号宝能太古城北区E,113.939043,22.501603
深圳海上世界,广东,深圳市,南山区,蛇口街道望海路半岛城邦二期6栋-39A配送拨打,广东深圳市南山区蛇口街道望海路半岛城邦二期6栋-39A,广东深圳市南山区蛇口街道望海路半岛城邦二期6栋-39A,113.931506,22.481453
深圳海上世界,广东,深圳市,南山区,街道花果山大厦A座,广东深圳市南山区街道花果山大厦A座,广东深圳市南山区街道花果山大厦A座,113.924164,22.488255
深圳海上世界,广东,深圳市,南山区,蛇口米兰公寓一期一单元郝志超,广东深圳市南山区蛇口米兰公寓一期一单元郝志超,广东深圳市南山区蛇口米兰公寓一期一单元郝志超,113.927507,22.491035
深圳海上世界,广东,深圳市,南山区,南山区蛇口街道工业七路四海宜家大厦南座,广东深圳市南山区蛇口街道工业七路四海宜家大厦南座,广东深圳市南山区蛇口街道工业七路四海宜家大厦南座,113.924387,22.49277
深圳海上世界,广东,深圳市,南山区,城市山林6单元,广东深圳市南山区城市山林6单元,广东深圳市南山区城市山林6单元,113.914856,22.510414
深圳海上世界,广东,深圳市,南山区,后海大道1041号港湾创业大厦,广东深圳市南山区后海大道1041号港湾创业大厦,广东深圳市南山区后海大道1041号港湾创业大厦,113.933789,22.492942
深圳海上世界,广东,深圳市,南山区,街道深圳市南山区南海大道1052号海翔广场楼,广东深圳市南山区街道深圳市南山区南海大道1052号海翔广场楼,广东深圳市南山区街道深圳市南山区南海大道1052号海翔广场楼,113.920224,22.494586
深圳海上世界,广东,深圳市,南山区,广东省深圳市南山区街道海洋星苑 楼商铺九号电动车店,广东深圳市南山区广东省深圳市南山区街道海洋星苑 楼商铺九号电动车店,广东深圳市南山区广东省深圳市南山区街道海洋星苑 楼商铺九号电动车店,113.9343,22.495724
深圳海上世界,广东,深圳市,南山区,蛇口街道海滨社区蛇口老街51-39号正肤堂店,广东深圳市南山区蛇口街道海滨社区蛇口老街51-39号正肤堂店,广东深圳市南山区蛇口街道海滨社区蛇口老街51-39号正肤堂店,113.92808,22.48546
深圳海上世界,广东,深圳市,南山区,街道工业八路西303号壹栈人才公寓8栋,广东深圳市南山区街道工业八路西303号壹栈人才公寓8栋,广东深圳市南山区街道工业八路西303号壹栈人才公寓8栋,113.91542,22.502261
深圳海上世界,广东,深圳市,南山区,街道兰园社区工业九路1号兰园商住楼海,广东深圳市南山区街道兰园社区工业九路1号兰园商住楼海,广东深圳市南山区街道兰园社区工业九路1号兰园商住楼海,113.927426,22.501926
深圳海上世界,广东,深圳市,南山区,深圳市南山区沿湖路45号山海翠庐16栋B林启红,广东深圳市南山区深圳市南山区沿湖路45号山海翠庐16栋B林启红,广东深圳市南山区深圳市南山区沿湖路45号山海翠庐16栋B林启红,113.905799,22.509374
深圳海上世界,广东,深圳市,南山区,海月华庭5A12A法式披肩领长袖睡裙XHL5507白色L,广东深圳市南山区海月华庭5A12A,广东深圳市南山区海月华庭5A12A,113.937715,22.500409
深圳海上世界,广东,深圳市,南山区,蛇口街道望海路半岛城邦4期C栋,广东深圳市南山区蛇口街道望海路半岛城邦4期C栋,广东深圳市南山区蛇口街道望海路半岛城邦4期C栋,113.932657,22.480906
深圳海上世界,广东,深圳市,南山区,蛇口爱榕园3栋二单元,广东深圳市南山区蛇口爱榕园3栋二单元,广东深圳市南山区蛇口爱榕园3栋二单元,113.930556,22.500812
深圳海上世界,广东,深圳市,南山区,蛇口街道四海公寓B座快递或快递柜,广东深圳市南山区蛇口街道四海公寓B座快递或快递柜,广东深圳市南山区蛇口街道四海公寓B座快递或快递柜,113.931699,22.494076
深圳海上世界,广东,深圳市,南山区,爱榕路翠微园栋,广东深圳市南山区爱榕路翠微园,广东深圳市南山区爱榕路翠微园,113.928949,22.501817
深圳海上世界,广东,深圳市,南山区,蛇口街道花果路24号围仔西,广东深圳市南山区蛇口街道花果路24号围仔西,广东深圳市南山区蛇口街道花果路24号围仔西,113.929435,22.489019
深圳海上世界,广东,深圳市,南山区,蛇口街道路海湾小区路17号铺张姐益阳,广东深圳市南山区蛇口街道路海湾小区路17号铺张姐益阳,广东深圳市南山区蛇口街道路海湾小区路17号铺张姐益阳,113.929761,22.491527
深圳海上世界,广东,深圳市,南山区,街道太子湾大道太子湾云玺T8栋,广东深圳市南山区街道太子湾大道太子湾云玺T8栋,广东深圳市南山区街道太子湾大道太子湾云玺T8栋,113.913557,22.471471
深圳海上世界,广东,深圳市,南山区,蛇口太子湾湾玺N2栋,广东深圳市南山区蛇口太子湾湾玺N2栋,广东深圳市南山区蛇口太子湾湾玺N2栋,113.911035,22.470612
深圳海上世界,广东,深圳市,南山区,蛇口街道蛇口老街渔二村64栋,广东深圳市南山区蛇口街道蛇口老街渔二村64栋,广东深圳市南山区蛇口街道蛇口老街渔二村64栋,113.929233,22.486209
深圳海上世界,广东,深圳市,南山区,南山街道汉京山景苑B栋一单元楼F,广东深圳市南山区南山街道汉京山景苑B栋一单元楼F,广东深圳市南山区南山街道汉京山景苑B栋一单元楼F,113.920059,22.505615
深圳海上世界,广东,深圳市,南山区,东滨路城市山林小区11单元,广东深圳市南山区东滨路城市山林小区11单元,广东深圳市南山区东滨路城市山林小区11单元,113.914856,22.510414
深圳海上世界,广东,深圳市,南山区,蛇口街道半岛城邦四期C栋,广东深圳市南山区蛇口街道半岛城邦四期C栋,广东深圳市南山区蛇口街道半岛城邦四期C栋,113.933326,22.479888
深圳海上世界,广东,深圳市,南山区,蛇口街道荣村8栋二单元1o,广东深圳市南山区蛇口街道荣村8栋二单元1o,广东深圳市南山区蛇口街道荣村8栋二单元1o,113.927306,22.486189
深圳海上世界,广东,深圳市,南山区,维也纳酒店,广东深圳市南山区维也纳酒店,广东深圳市南山区维也纳酒店,113.930478,22.533191
深圳海上世界,广东,深圳市,南山区,蛇口街道围仔西村53栋,广东深圳市南山区蛇口街道围仔西村53栋,广东深圳市南山区蛇口街道围仔西村53栋,113.929886,22.48889
深圳海上世界,广东,深圳市,南山区,街道光大路四海之家四,广东深圳市南山区街道光大路四海之家四,广东深圳市南山区街道光大路四海之家四,113.921742,22.500336
深圳海上世界,广东,深圳市,南山区,蛇口花果山社区28栋,广东深圳市南山区蛇口花果山社区28栋,广东深圳市南山区蛇口花果山社区28栋,113.926373,22.492143
深圳海上世界,广东,深圳市,南山区,四海玫瑰园7栋,广东深圳市南山区四海玫瑰园7栋,广东深圳市南山区四海玫瑰园7栋,113.921742,22.500336
深圳海上世界,广东,深圳市,南山区,蛇口街道后海大道1021号BC座B,广东深圳市南山区蛇口街道后海大道1021号BC座B,广东深圳市南山区蛇口街道后海大道1021号BC座B,113.934983,22.489279
深圳海上世界,广东,深圳市,南山区,前海路山水情家园1栋,广东深圳市南山区前海路山水情家园1栋,广东深圳市南山区前海路山水情家园1栋,113.907599,22.512106
深圳海上世界,广东,深圳市,南山区,蛇口街道宝能太古城南区负楼云味馆过桥米线【白色飞人苹果4】,广东深圳市南山区蛇口街道宝能太古城南区负楼云味馆过桥米线,广东深圳市南山区蛇口街道宝能太古城南区负楼云味馆过桥米线,113.939095,22.499262
深圳海上世界,广东,深圳市,南山区,半岛城邦三期1栋二单元,广东深圳市南山区半岛城邦三期1栋二单元,广东深圳市南山区半岛城邦三期1栋二单元,113.933326,22.479888
深圳海上世界,广东,深圳市,南山区,深圳湾口岸三湘海尚C008快递点圆,广东深圳市南山区深圳湾口岸三湘海尚C008快递点圆,广东深圳市南山区深圳湾口岸三湘海尚C008快递点圆,113.942572,22.502702
深圳海上世界,广东,深圳市,南山区,蛇口街道后海大道东南工贸大厦A本店正品,广东深圳市南山区蛇口街道后海大道东南工贸大厦A本店正品,广东深圳市南山区蛇口街道后海大道东南工贸大厦A本店正品,113.934883,22.488985
深圳海上世界,广东,深圳市,南山区,街道爱榕路48号雍景湾,广东深圳市南山区街道爱榕路48号雍景湾,广东深圳市南山区街道爱榕路48号雍景湾,113.932023,22.495278
深圳海上世界,广东,深圳市,南山区,金湾东二路深圳湾口岸顺丰营业厅,广东深圳市南山区金湾东二路深圳湾口岸顺丰营业厅,广东深圳市南山区金湾东二路深圳湾口岸顺丰营业厅,113.93887,22.498567
深圳海上世界,广东,深圳市,南山区,街道爱榕路64号榆桂小区-西门,广东深圳市南山区街道爱榕路64号榆桂小区-西门,广东深圳市南山区街道爱榕路64号榆桂小区-西门,113.92882,22.5039
深圳海上世界,广东,深圳市,南山区,街道工业五路新世界临海揽山御园8栋,广东深圳市南山区街道工业五路新世界临海揽山御园8栋,广东深圳市南山区街道工业五路新世界临海揽山御园8栋,113.912785,22.493425
深圳海上世界,广东,深圳市,南山区,蛇口工业七路振兴小,广东深圳市南山区蛇口工业七路振兴小,广东深圳市南山区蛇口工业七路振兴小,113.927788,22.493932
深圳海上世界,广东,深圳市,南山区,蛇口工业七路弘都世纪公寓,广东深圳市南山区蛇口工业七路弘都世纪公寓,广东深圳市南山区蛇口工业七路弘都世纪公寓,113.936297,22.495158
深圳海上世界,广东,深圳市,南山区,街道鲸山觐海15栋,广东深圳市南山区街道鲸山觐海15栋,广东深圳市南山区街道鲸山觐海15栋,113.905718,22.478763
深圳海上世界,广东,深圳市,南山区,南山区街道工业八路晗山悦海D1座1708,广东深圳市南山区街道工业八路晗山悦海D1座1708,广东深圳市南山区街道工业八路晗山悦海D1座1708,113.920699,22.501446
深圳海上世界,广东,深圳市,南山区,兴华工业大厦七栋CD座5,广东深圳市南山区兴华工业大厦七栋CD座5,广东深圳市南山区兴华工业大厦七栋CD座5,113.91917,22.493254
深圳海上世界,广东,深圳市,南山区,工业八路303号壹栈人才公寓•,广东深圳市南山区工业八路303号壹栈人才公寓,广东深圳市南山区工业八路303号壹栈人才公寓,113.91542,22.502261
深圳海上世界,广东,深圳市,南山区,街道招北综合楼A栋a601,广东深圳市南山区街道招北综合楼A栋a601,广东深圳市南山区街道招北综合楼A栋a601,113.9241,22.493541
深圳海上世界,广东,深圳市,南山区,南山区街道蛇口工业八路文竹园21栋,广东深圳市南山区街道蛇口工业八路文竹园21栋,广东深圳市南山区街道蛇口工业八路文竹园21栋,113.931322,22.499494
深圳海上世界,广东,深圳市,南山区,蛇口街道金世纪路1号半岛城邦1期7栋,广东深圳市南山区蛇口街道金世纪路1号半岛城邦1期7栋,广东深圳市南山区蛇口街道金世纪路1号半岛城邦1期7栋,113.93053,22.478914
深圳海上世界,广东,深圳市,南山区,蛇口街道金世纪路华侨城新玺1栋三四单元,广东深圳市南山区蛇口街道金世纪路华侨城新玺1栋三四单元,广东深圳市南山区蛇口街道金世纪路华侨城新玺1栋三四单元,113.931032,22.483284
深圳海上世界,广东,深圳市,南山区,南山街道向南路2号汉京山A1栋,广东深圳市南山区南山街道向南路2号汉京山A1栋,广东深圳市南山区南山街道向南路2号汉京山A1栋,113.92014,22.505529
深圳海上世界,广东,深圳市,南山区,街道海湾新村街雍景湾,广东深圳市南山区街道海湾新村街雍景湾,广东深圳市南山区街道海湾新村街雍景湾,113.931448,22.494986
深圳红树湾,广东,深圳市,南山区,沙河街道-东方花园-桂花苑-华侨城深南大道旁丹霞阁,广东深圳市南山区沙河街道-东方花园-桂花苑-华侨城深南大道旁丹霞阁,广东深圳市南山区沙河街道-东方花园-桂花苑-华侨城深南大道旁丹霞阁,113.978553,22.534507
深圳红树湾,广东,深圳市,南山区,深湾五路蓝楹湾,广东深圳市南山区深湾五路蓝楹湾,广东深圳市南山区深湾五路蓝楹湾,113.986791,22.52137
深圳红树湾,广东,深圳市,南山区,南山区深湾一路与白石三道交汇处2616，束,广东深圳市南山区深湾一路与白石三道交汇处2616,广东深圳市南山区深湾一路与白石三道交汇处2616,113.967107,22.525046
深圳红树湾,广东,深圳市,南山区,沙河街道红树西岸3栋单元,广东深圳市南山区沙河街道红树西岸3栋单元,广东深圳市南山区沙河街道红树西岸3栋单元,113.966038,22.522631
深圳红树湾,广东,深圳市,南山区,白石三道瑞河耶纳7栋单元,广东深圳市南山区白石三道瑞河耶纳7栋单元,广东深圳市南山区白石三道瑞河耶纳7栋单元,113.97636,22.526298
深圳红树湾,广东,深圳市,南山区,华侨城东方花园服务楼,广东深圳市南山区华侨城东方花园服务楼,广东深圳市南山区华侨城东方花园服务楼,113.979821,22.538544
深圳红树湾,广东,深圳市,南山区,沙河街道红树西岸-1栋-4单元北北,广东深圳市南山区沙河街道红树西岸-1栋-4单元北北,广东深圳市南山区沙河街道红树西岸-1栋-4单元北北,113.965793,22.522231
深圳红树湾,广东,深圳市,南山区,深圳湾二路与白石路交汇处御景东方1号楼E房,广东深圳市南山区深圳湾二路与白石路交汇处御景东方1号楼E房,广东深圳市南山区深圳湾二路与白石路交汇处御景东方1号楼E房,113.968315,22.53243
深圳红树湾,广东,深圳市,南山区,沙河街道沙河东路1号沙河高尔夫球会别墅E16栋,广东深圳市南山区沙河街道沙河东路1号沙河高尔夫球会别墅E16栋,广东深圳市南山区沙河街道沙河东路1号沙河高尔夫球会别墅E16栋,113.959801,22.52628
深圳红树湾,广东,深圳市,南山区,沙河街道京基御景东方1栋B,广东深圳市南山区沙河街道京基御景东方1栋B,广东深圳市南山区沙河街道京基御景东方1栋B,113.970243,22.530434
深圳红树湾,广东,深圳市,南山区,沙河东路世纪村1栋座,广东深圳市南山区沙河东路世纪村1栋座,广东深圳市南山区沙河东路世纪村1栋座,113.966373,22.534448
深圳红树湾,广东,深圳市,南山区,沙河街道深超总中海地,广东深圳市南山区沙河街道深超总中海地,广东深圳市南山区沙河街道深超总中海地,113.820611,22.770143
深圳红树湾,广东,深圳市,南山区,沙河街道深湾二路超总壹号国际创新中心楼,广东深圳市南山区沙河街道深湾二路超总壹号国际创新中心楼,广东深圳市南山区沙河街道深湾二路超总壹号国际创新中心楼,113.970742,22.525261
深圳红树湾,广东,深圳市,南山区,沙河街道118号世纪村14栋,广东深圳市南山区沙河街道118号世纪村14栋,广东深圳市南山区沙河街道118号世纪村14栋,113.967045,22.533612
深圳红树湾,广东,深圳市,南山区,沙河街道白石路御景东方二期东堤园3幢,广东深圳市南山区沙河街道白石路御景东方二期东堤园3幢,广东深圳市南山区沙河街道白石路御景东方二期东堤园3幢,113.8761,22.5703
深圳红树湾,广东,深圳市,南山区,深湾一路红树西岸3-4,广东深圳市南山区深湾一路红树西岸3-4,广东深圳市南山区深湾一路红树西岸3-4,113.966749,22.522512
深圳红树湾,广东,深圳市,南山区,沙河街道世纪村6栋一座,广东深圳市南山区沙河街道世纪村6栋一座,广东深圳市南山区沙河街道世纪村6栋一座,113.965001,22.531957
深圳红树湾,广东,深圳市,南山区,深湾三路瑞河耶纳2栋单元,广东深圳市南山区深湾三路瑞河耶纳2栋单元,广东深圳市南山区深湾三路瑞河耶纳2栋单元,113.975092,22.525988
深圳红树湾,广东,深圳市,南山区,中信红树湾花园17栋,广东深圳市南山区中信红树湾花园17栋,广东深圳市南山区中信红树湾花园17栋,113.965517,22.528087
深圳红树湾,广东,深圳市,南山区,欢乐海岸购物中心无印良品门前市集,广东深圳市南山区欢乐海岸购物中心无印良品门前市集,广东深圳市南山区欢乐海岸购物中心无印良品门前市集,113.98885,22.525106
深圳红树湾,广东,深圳市,南山区,深湾一路红树西岸2栋单元,广东深圳市南山区深湾一路红树西岸2栋单元,广东深圳市南山区深湾一路红树西岸2栋单元,113.966134,22.521184
深圳红树湾,广东,深圳市,南山区,深南大道9017号东方花园G5栋,广东深圳市南山区深南大道9017号东方花园G5栋,广东深圳市南山区深南大道9017号东方花园G5栋,113.980368,22.533748
深圳红树湾,广东,深圳市,南山区,白石洲御景东方3栎31E彭,广东深圳市南山区白石洲御景东方3栎31E,广东深圳市南山区白石洲御景东方3栎31E,113.967465,22.538369
深圳红树湾,广东,深圳市,南山区,华侨城东方花园综合楼楼深南大道9015-3号银行,广东深圳市南山区华侨城东方花园综合楼楼深南大道9015-3号银行,广东深圳市南山区华侨城东方花园综合楼楼深南大道9015-3号银行,113.980625,22.533563
深圳红树湾,广东,深圳市,南山区,白石三道与深湾二路交叉口西南方向180米臻湾汇g栋,广东深圳市南山区白石三道与深湾二路交叉口西南方向180米臻湾汇g栋,广东深圳市南山区白石三道与深湾二路交叉口西南方向180米臻湾汇g栋,113.970813,22.5251
深圳红树湾,广东,深圳市,南山区,沙河街道深超总B塔项目部,广东深圳市南山区沙河街道深超总B塔项目部,广东深圳市南山区沙河街道深超总B塔项目部,113.975172,22.522324
深圳红树湾,广东,深圳市,南山区,沙河街道深湾一路瑧湾汇f栋,广东深圳市南山区沙河街道深湾一路瑧湾汇f栋,广东深圳市南山区沙河街道深湾一路瑧湾汇f栋,113.968998,22.524567
深圳红树湾,广东,深圳市,南山区,沙河街道白石二道中信红树湾3栋B座,广东深圳市南山区沙河街道白石二道中信红树湾3栋B座,广东深圳市南山区沙河街道白石二道中信红树湾3栋B座,113.965517,22.528087
深圳红树湾,广东,深圳市,南山区,瑞河耶纳2栋单元,广东深圳市南山区瑞河耶纳2栋单元,广东深圳市南山区瑞河耶纳2栋单元,113.975092,22.525988
深圳红树湾,广东,深圳市,南山区,沙河东路一号沙河高尔夫别墅C17栋,广东深圳市南山区沙河东路一号沙河高尔夫别墅C17栋,广东深圳市南山区沙河东路一号沙河高尔夫别墅C17栋,113.963462,22.529765
深圳红树湾,广东,深圳市,南山区,沙河街道深湾一路红树西岸1栋单元,广东深圳市南山区沙河街道深湾一路红树西岸1栋单元,广东深圳市南山区沙河街道深湾一路红树西岸1栋单元,113.964833,22.522257
深圳红树湾,广东,深圳市,南山区,南山区沙河东路沙河高尔夫球会员工宿舍丰巢快递柜,广东深圳市南山区沙河东路沙河高尔夫球会员工宿舍丰巢快递柜,广东深圳市南山区沙河东路沙河高尔夫球会员工宿舍丰巢快递柜,113.939225,22.630775
深圳红树湾,广东,深圳市,南山区,中信红树湾16B,广东深圳市南山区中信红树湾16B,广东深圳市南山区中信红树湾16B,113.965517,22.528087
深圳红树湾,广东,深圳市,南山区,白石洲西二坊23号,广东深圳市南山区白石洲西二坊23号,广东深圳市南山区白石洲西二坊23号,113.967704,22.533121
深圳红树湾,广东,深圳市,南山区,沙河街道博耐家居广场志邦家居,广东深圳市南山区沙河街道博耐家居广场志邦家居,广东深圳市南山区沙河街道博耐家居广场志邦家居,113.823451,22.735895
深圳红树湾,广东,深圳市,南山区,沙河街道白石四道海港生鲜隔壁罗会所《,广东深圳市南山区沙河街道白石四道海港生鲜隔壁罗会所《,广东深圳市南山区沙河街道白石四道海港生鲜隔壁罗会所《,113.968754,22.523189
深圳红树湾,广东,深圳市,南山区,南山区白石四道地铁红树湾南B口旁银行总部生活区,广东深圳市南山区白石四道地铁红树湾南B口旁银行总部生活区,广东深圳市南山区白石四道地铁红树湾南B口旁银行总部生活区,113.971433,22.523023
深圳红树湾,广东,深圳市,南山区,百石洲东四坊,广东深圳市南山区百石洲东四坊,广东深圳市南山区百石洲东四坊,113.924896,22.54461
深圳红树湾,广东,深圳市,南山区,沙河街道白石路中信红树湾18栋A座房,广东深圳市南山区沙河街道白石路中信红树湾18栋A座房,广东深圳市南山区沙河街道白石路中信红树湾18栋A座房,113.966683,22.531136
深圳红树湾,广东,深圳市,南山区,沙河街道石洲中路25号美庐锦园丰巢快递柜,广东深圳市南山区沙河街道石洲中路25号美庐锦园丰巢快递柜,广东深圳市南山区沙河街道石洲中路25号美庐锦园丰巢快递柜,113.966699,22.536663
深圳红树湾,广东,深圳市,南山区,白石路名商高尔夫球会沙河高尔夫球会员工宿舍篮球场,广东深圳市南山区白石路名商高尔夫球会沙河高尔夫球会员工宿舍篮球场,广东深圳市南山区白石路名商高尔夫球会沙河高尔夫球会员工宿舍篮球场,113.9651,22.546438
深圳红树湾,广东,深圳市,南山区,沙河街道沙河天虹,广东深圳市南山区沙河街道沙河天虹,广东深圳市南山区沙河街道沙河天虹,113.968552,22.530807
深圳红树湾,广东,深圳市,南山区,沙河街道白石路2288号棕榈泉国际高尔夫学院宿舍篮球场,广东深圳市南山区沙河街道白石路2288号棕榈泉国际高尔夫学院宿舍篮球场,广东深圳市南山区沙河街道白石路2288号棕榈泉国际高尔夫学院宿舍篮球场,113.963017,22.532971
深圳红树湾,广东,深圳市,南山区,沙河街道白石二道8号中信红树湾18栋B座,广东深圳市南山区沙河街道白石二道8号中信红树湾18栋B座,广东深圳市南山区沙河街道白石二道8号中信红树湾18栋B座,113.965144,22.52812
深圳红树湾,广东,深圳市,南山区,白石洲汇雅苑4栋,广东深圳市南山区白石洲汇雅苑4栋,广东深圳市南山区白石洲汇雅苑4栋,113.965243,22.53683
深圳红树湾,广东,深圳市,南山区,沙河街道中信红树湾15A,广东深圳市南山区沙河街道中信红树湾15A,广东深圳市南山区沙河街道中信红树湾15A,113.965517,22.528087
深圳红树湾,广东,深圳市,南山区,沙河街道南山区沙河街道中信红树湾九栋C,广东深圳市南山区沙河街道南山区沙河街道中信红树湾九栋C,广东深圳市南山区沙河街道南山区沙河街道中信红树湾九栋C,113.965517,22.528087
深圳红树湾,广东,深圳市,南山区,白石路168号御景东方13-5a,广东深圳市南山区白石路168号御景东方13-5a,广东深圳市南山区白石路168号御景东方13-5a,113.969331,22.530888
深圳红树湾,广东,深圳市,南山区,白石洲东一坊104栋,广东深圳市南山区白石洲东一坊104栋,广东深圳市南山区白石洲东一坊104栋,113.967908,22.535791
深圳红树湾,广东,深圳市,南山区,白石洲学校东2门深圳建工项目部,广东深圳市南山区白石洲学校东2门深圳建工项目部,广东深圳市南山区白石洲学校东2门深圳建工项目部,113.925692,22.564318
深圳红树湾,广东,深圳市,南山区,国际市长交流中心,广东深圳市南山区国际市长交流中心,广东深圳市南山区国际市长交流中心,113.966375,22.538675
深圳红树湾,广东,深圳市,南山区,沙河街道红树西岸2栋B,广东深圳市南山区沙河街道红树西岸2栋B,广东深圳市南山区沙河街道红树西岸2栋B,113.966134,22.521184
深圳红树湾,广东,深圳市,南山区,白石二道中信红树湾2栋B座,广东深圳市南山区白石二道中信红树湾2栋B座,广东深圳市南山区白石二道中信红树湾2栋B座,113.966029,22.527874
深圳红树湾,广东,深圳市,南山区,南山区沙河街道广东省深圳市南山区深湾一路1号红树西岸1栋六单元,广东深圳市南山区沙河街道广东省深圳市南山区深湾一路1号红树西岸1栋六单元,广东深圳市南山区沙河街道广东省深圳市南山区深湾一路1号红树西岸1栋六单元,113.964833,22.522257
深圳红树湾,广东,深圳市,南山区,沙河街道白石洲东一坊111号A,广东深圳市南山区沙河街道白石洲东一坊111号A,广东深圳市南山区沙河街道白石洲东一坊111号A,113.968388,22.535509
深圳红树湾,广东,深圳市,南山区,沙河街道深南大道9039号博耐家具广场楼美食城里街C1002明洞,广东深圳市南山区沙河街道深南大道9039号博耐家具广场楼美食城里街C1002明洞,广东深圳市南山区沙河街道深南大道9039号博耐家具广场楼美食城里街C1002明洞,113.967473,22.537516
深圳红树湾,广东,深圳市,南山区,沙河东路中信红树湾11栋,广东深圳市南山区沙河东路中信红树湾11栋,广东深圳市南山区沙河东路中信红树湾11栋,113.966683,22.531136
深圳红树湾,广东,深圳市,南山区,南山区沙河街道深湾一路瑧湾汇D座,广东深圳市南山区沙河街道深湾一路瑧湾汇D座,广东深圳市南山区沙河街道深湾一路瑧湾汇D座,113.969146,22.524084
深圳红树湾,广东,深圳市,南山区,沙河东路红树西岸106栋,广东深圳市南山区沙河东路红树西岸106栋,广东深圳市南山区沙河东路红树西岸106栋,113.965793,22.522231
深圳红树湾,广东,深圳市,南山区,沙河东路与白石二道交叉口东100米中信红树湾南区T2,广东深圳市南山区沙河东路与白石二道交叉口东100米中信红树湾南区T2,广东深圳市南山区沙河东路与白石二道交叉口东100米中信红树湾南区T2,113.966925,22.527061
深圳红树湾,广东,深圳市,南山区,南山区沙河街道Ole精品超市,广东深圳市南山区沙河街道Ole精品超市,广东深圳市南山区沙河街道Ole精品超市,113.935376,22.517647
深圳红树湾,广东,深圳市,南山区,白石洲东一坊,广东深圳市南山区白石洲东一坊,广东深圳市南山区白石洲东一坊,113.967913,22.534854
深圳红树湾,广东,深圳市,南山区,白石洲东四坊122栋,广东深圳市南山区白石洲东四坊122栋,广东深圳市南山区白石洲东四坊122栋,113.970988,22.532187
深圳红树湾,广东,深圳市,南山区,深南大道9017号东方花园R2栋,广东深圳市南山区深南大道9017号东方花园R2栋,广东深圳市南山区深南大道9017号东方花园R2栋,113.980368,22.533748
深圳红树湾,广东,深圳市,南山区,世纪村2栋座,广东深圳市南山区世纪村2栋座,广东深圳市南山区世纪村2栋座,113.967045,22.533612
深圳红树湾,广东,深圳市,南山区,白石路168号京基百纳广场天虹商场楼天美意专柜,广东深圳市南山区白石路168号京基百纳广场天虹商场楼天美意专柜,广东深圳市南山区白石路168号京基百纳广场天虹商场楼天美意专柜,113.969345,22.530691
深圳红树湾,广东,深圳市,南山区,沙河街道白石路2288号棕榈泉国际俱乐部员工宿舍,广东深圳市南山区沙河街道白石路2288号棕榈泉国际俱乐部员工宿舍,广东深圳市南山区沙河街道白石路2288号棕榈泉国际俱乐部员工宿舍,113.962899,22.532765
深圳红树湾,广东,深圳市,南山区,沙河东路中信红树湾10B楼,广东深圳市南山区沙河东路中信红树湾10B楼,广东深圳市南山区沙河东路中信红树湾10B楼,113.966683,22.531136
深圳红树湾,广东,深圳市,南山区,沙河街道京基御景东方1栋D,广东深圳市南山区沙河街道京基御景东方1栋D,广东深圳市南山区沙河街道京基御景东方1栋D,113.970243,22.530434
深圳红树湾,广东,深圳市,南山区,白石二道中信红树湾16C,广东深圳市南山区白石二道中信红树湾16C,广东深圳市南山区白石二道中信红树湾16C,113.965517,22.528087
深圳红树湾,广东,深圳市,南山区,白石路与深湾二路交汇处京基百纳广场西区-楼负楼青,广东深圳市南山区白石路与深湾二路交汇处京基百纳广场西区-楼负楼青,广东深圳市南山区白石路与深湾二路交汇处京基百纳广场西区-楼负楼青,113.969345,22.530691
深圳红树湾,广东,深圳市,南山区,沙河街道沙河高尔夫员工宿舍丰巢处,广东深圳市南山区沙河街道沙河高尔夫员工宿舍丰巢处,广东深圳市南山区沙河街道沙河高尔夫员工宿舍丰巢处,113.289125,23.120125
深圳红树湾,广东,深圳市,南山区,沙河街道深湾一路瑧湾汇H栋,广东深圳市南山区沙河街道深湾一路瑧湾汇H栋,广东深圳市南山区沙河街道深湾一路瑧湾汇H栋,113.969997,22.524792
深圳红树湾,广东,深圳市,南山区,沙河街道南山区东二坊东二坊,广东深圳市南山区沙河街道南山区东二坊东二坊,广东深圳市南山区沙河街道南山区东二坊东二坊,113.967478,22.548658
深圳红树湾,广东,深圳市,南山区,沙河街道白石路168号南山京基百纳广场楼工程管理部,广东深圳市南山区沙河街道白石路168号南山京基百纳广场楼工程管理部,广东深圳市南山区沙河街道白石路168号南山京基百纳广场楼工程管理部,113.969345,22.530691
深圳红树湾,广东,深圳市,南山区,南山区中信红树湾3栋A单元,广东深圳市南山区中信红树湾3栋A单元,广东深圳市南山区中信红树湾3栋A单元,113.965517,22.528087
深圳红树湾,广东,深圳市,南山区,白石中路美庐锦园b栋,广东深圳市南山区白石中路美庐锦园b栋,广东深圳市南山区白石中路美庐锦园b栋,113.966121,22.53642
深圳红树湾,广东,深圳市,南山区,白石洲东一坊76号雅锦苑,广东深圳市南山区白石洲东一坊76号雅锦苑,广东深圳市南山区白石洲东一坊76号雅锦苑,113.967913,22.534854
深圳红树湾,广东,深圳市,南山区,沙河街道非常城市,广东深圳市南山区沙河街道非常城市,广东深圳市南山区沙河街道非常城市,113.930478,22.533191
深圳红树湾,广东,深圳市,南山区,沙河街道白石三道瑧湾汇一期D栋,广东深圳市南山区沙河街道白石三道瑧湾汇一期D栋,广东深圳市南山区沙河街道白石三道瑧湾汇一期D栋,113.967927,22.525235
深圳红树湾,广东,深圳市,南山区,南山区沙河街道南山区白石洲里街楼,广东深圳市南山区沙河街道南山区白石洲里街楼,广东深圳市南山区沙河街道南山区白石洲里街楼,113.967465,22.538369
深圳红树湾,广东,深圳市,南山区,白石四道深圳京东总部宏业基京东项目部,广东深圳市南山区白石四道深圳京东总部宏业基京东项目部,广东深圳市南山区白石四道深圳京东总部宏业基京东项目部,113.977808,22.524206
深圳红树湾,广东,深圳市,南山区,沙河街道白石路中信红树湾北区13C,广东深圳市南山区沙河街道白石路中信红树湾北区13C,广东深圳市南山区沙河街道白石路中信红树湾北区13C,113.96553,22.529519
深圳红树湾,广东,深圳市,南山区,白石路东8号OPLAZA欢乐海岸购物中心楼奇谷米街区-网易乐谷店,广东深圳市南山区白石路东8号OPLAZA欢乐海岸购物中心楼奇谷米街区-网易乐谷店,广东深圳市南山区白石路东8号OPLAZA欢乐海岸购物中心楼奇谷米街区-网易乐谷店,113.989225,22.526175
深圳红树湾,广东,深圳市,南山区,明心数智科技有限公司广东省深圳市南山区沙河街道白石洲西二坊91号海,广东深圳市南山区明心数智科技有限公司广东省深圳市南山区沙河街道白石洲西二坊91号海,广东深圳市南山区明心数智科技有限公司广东省深圳市南山区沙河街道白石洲西二坊91号海,113.968227,22.53205
深圳红树湾,广东,深圳市,南山区,沙河街道南山区沙河东路世纪村14栋,广东深圳市南山区沙河街道南山区沙河东路世纪村14栋,广东深圳市南山区沙河街道南山区沙河东路世纪村14栋,113.967045,22.533612
深圳红树湾,广东,深圳市,南山区,沙河街道红树西岸2-1,广东深圳市南山区沙河街道红树西岸2-1,广东深圳市南山区沙河街道红树西岸2-1,113.965793,22.522231
深圳红树湾,广东,深圳市,南山区,沙河街道红树西岸2栋单元,广东深圳市南山区沙河街道红树西岸2栋单元,广东深圳市南山区沙河街道红树西岸2栋单元,113.966134,22.521184
深圳红树湾,广东,深圳市,南山区,沙河街道深湾一路3号红树西岸花园2栋单元,广东深圳市南山区沙河街道深湾一路3号红树西岸花园2栋单元,广东深圳市南山区沙河街道深湾一路3号红树西岸花园2栋单元,113.965793,22.522231
深圳红树湾,广东,深圳市,南山区,沙河街道美庐锦园D栋,广东深圳市南山区沙河街道美庐锦园D栋,广东深圳市南山区沙河街道美庐锦园D栋,113.966576,22.535799
深圳红树湾,广东,深圳市,南山区,沙河东路世纪村6栋铺伊,广东深圳市南山区沙河东路世纪村6栋铺伊,广东深圳市南山区沙河东路世纪村6栋铺伊,113.965001,22.531957
深圳红树湾,广东,深圳市,南山区,南山区沙河街道地铁九号线深圳湾公园站A口k01维多园,广东深圳市南山区沙河街道地铁九号线深圳湾公园站A口k01维多园,广东深圳市南山区沙河街道地铁九号线深圳湾公园站A口k01维多园,113.993114,22.521591
深圳红树湾,广东,深圳市,南山区,沙河街道红树街50号柯达照相馆,广东深圳市南山区沙河街道红树街50号柯达照相馆,广东深圳市南山区沙河街道红树街50号柯达照相馆,113.969445,22.532265
深圳红树湾,广东,深圳市,南山区,红树西岸1栋单元,广东深圳市南山区红树西岸1栋单元,广东深圳市南山区红树西岸1栋单元,113.964833,22.522257
深圳红树湾,广东,深圳市,南山区,南山区沙河街道沙河东路中信红树湾10栋A2901,广东深圳市南山区沙河街道沙河东路中信红树湾10栋A2901,广东深圳市南山区沙河街道沙河东路中信红树湾10栋A2901,113.966683,22.531136
深圳红树湾,广东,深圳市,南山区,中信红树湾10A,广东深圳市南山区中信红树湾10A,广东深圳市南山区中信红树湾10A,113.965517,22.528087
深圳红树湾,广东,深圳市,南山区,白石路160号白石洲东四坊-122号楼,广东深圳市南山区白石路160号白石洲东四坊-122号楼,广东深圳市南山区白石路160号白石洲东四坊-122号楼,113.970934,22.532183
深圳红树湾,广东,深圳市,南山区,沙河街道白石三道29号深圳外国语学校国际部侧门,广东深圳市南山区沙河街道白石三道29号深圳外国语学校国际部侧门,广东深圳市南山区沙河街道白石三道29号深圳外国语学校国际部侧门,113.965517,22.523646
深圳红树湾,广东,深圳市,南山区,南山区沙河街道白石路188号京基东堤园1栋,广东深圳市南山区沙河街道白石路188号京基东堤园1栋,广东深圳市南山区沙河街道白石路188号京基东堤园1栋,113.971359,22.529807
深圳红树湾,广东,深圳市,南山区,沙河街道西二坊 56 号 1002,广东深圳市南山区沙河街道西二坊 56 号 1002,广东深圳市南山区沙河街道西二坊 56 号 1002,113.968296,22.532039
深圳红树湾,广东,深圳市,南山区,臻湾汇H栋,广东深圳市南山区臻湾汇H栋,广东深圳市南山区臻湾汇H栋,113.930478,22.533191
深圳红树湾,广东,深圳市,南山区,沙河天虹比,广东深圳市南山区沙河天虹比,广东深圳市南山区沙河天虹比,113.968552,22.530807
深圳红树湾,广东,深圳市,南山区,白石洲村东一坊54号,广东深圳市南山区白石洲村东一坊54号,广东深圳市南山区白石洲村东一坊54号,113.967475,22.53392
深圳红树湾,广东,深圳市,南山区,白石洲西一坊七十二栋黑色轮胎,广东深圳市南山区白石洲西一坊七十二栋,广东深圳市南山区白石洲西一坊七十二栋,113.967268,22.533922
深圳红树湾,广东,深圳市,南山区,沙河街道华侨城东方花园深南大道南150米深南大道丹霞阁,广东深圳市南山区沙河街道华侨城东方花园深南大道南150米深南大道丹霞阁,广东深圳市南山区沙河街道华侨城东方花园深南大道南150米深南大道丹霞阁,114.020631,22.533731
深圳红树湾,广东,深圳市,南山区,沙河街道白石洲西二坊,广东深圳市南山区沙河街道白石洲西二坊,广东深圳市南山区沙河街道白石洲西二坊,113.967704,22.533121
深圳红树湾,广东,深圳市,南山区,沙河东路沙河高尔夫别墅C,广东深圳市南山区沙河东路沙河高尔夫别墅C,广东深圳市南山区沙河东路沙河高尔夫别墅C,113.965479,22.546171
深圳红树湾,广东,深圳市,南山区,东方花园丹霞阁20E,广东深圳市南山区东方花园丹霞阁20E,广东深圳市南山区东方花园丹霞阁20E,113.930478,22.533191
深圳红树湾,广东,深圳市,南山区,沙河街道白石路中信红树湾北区18,广东深圳市南山区沙河街道白石路中信红树湾北区18,广东深圳市南山区沙河街道白石路中信红树湾北区18,113.96553,22.529519
深圳红树湾,广东,深圳市,南山区,沙河街道白石路瑞河耶纳1栋单元,广东深圳市南山区沙河街道白石路瑞河耶纳1栋单元,广东深圳市南山区沙河街道白石路瑞河耶纳1栋单元,113.975113,22.525584
深圳红树湾,广东,深圳市,南山区,沙河街道石洲中路33号东门南山实验教育集团白石,广东深圳市南山区沙河街道石洲中路33号东门南山实验教育集团白石,广东深圳市南山区沙河街道石洲中路33号东门南山实验教育集团白石,113.966657,22.537387
深圳红树湾,广东,深圳市,南山区,沙河街道白石三道神州数码国际创新中心,广东深圳市南山区沙河街道白石三道神州数码国际创新中心,广东深圳市南山区沙河街道白石三道神州数码国际创新中心,113.855836,22.607815
深圳红树湾,广东,深圳市,南山区,白石路168号京基百纳广场深湾二路口天虹商场负楼鳄鱼恤专柜,广东深圳市南山区白石路168号京基百纳广场深湾二路口天虹商场负楼鳄鱼恤专柜,广东深圳市南山区白石路168号京基百纳广场深湾二路口天虹商场负楼鳄鱼恤专柜,113.969345,22.530691
深圳红树湾,广东,深圳市,南山区,深圳市南山区沙河高尔夫球会宿舍楼丰巢柜,广东深圳市南山区深圳市南山区沙河高尔夫球会宿舍楼丰巢柜,广东深圳市南山区深圳市南山区沙河高尔夫球会宿舍楼丰巢柜,114.237375,22.676225
深圳红树湾,广东,深圳市,南山区,白石州沙河街道西一坊73号,广东深圳市南山区白石州沙河街道西一坊73号,广东深圳市南山区白石州沙河街道西一坊73号,113.92007,22.541604
深圳红树湾,广东,深圳市,南山区,沙河街道沙河东路中信红树湾3a,广东深圳市南山区沙河街道沙河东路中信红树湾3a,广东深圳市南山区沙河街道沙河东路中信红树湾3a,113.966683,22.531136
深圳红树湾,广东,深圳市,南山区,白石三道臻湾汇,广东深圳市南山区白石三道臻湾汇,广东深圳市南山区白石三道臻湾汇,113.967927,22.525235
深圳红树湾,广东,深圳市,南山区,沙河街道深南大道东方花园E16栋共,广东深圳市南山区沙河街道深南大道东方花园E16栋共,广东深圳市南山区沙河街道深南大道东方花园E16栋共,113.993509,22.533391
深圳红树湾,广东,深圳市,南山区,白石洲村西一坊51号,广东深圳市南山区白石洲村西一坊51号,广东深圳市南山区白石洲村西一坊51号,113.966913,22.534366
深圳红树湾,广东,深圳市,南山区,华侨城东方花园会所楼前台,广东深圳市南山区华侨城东方花园会所楼前台,广东深圳市南山区华侨城东方花园会所楼前台,113.979821,22.538544
深圳红树湾,广东,深圳市,南山区,南山区沙河街道沙河东路中信红树湾13A,广东深圳市南山区沙河街道沙河东路中信红树湾13A,广东深圳市南山区沙河街道沙河东路中信红树湾13A,113.966683,22.531136
深圳红树湾,广东,深圳市,南山区,沙河街道深湾一路中信红树湾南区3A号楼栋～A~,广东深圳市南山区沙河街道深湾一路中信红树湾南区3A号楼,广东深圳市南山区沙河街道深湾一路中信红树湾南区3A号楼,113.965574,22.526626
深圳红树湾,广东,深圳市,南山区,京基百纳广场L3-30号指,广东深圳市南山区京基百纳广场L3-30号指,广东深圳市南山区京基百纳广场L3-30号指,113.969424,22.530651
深圳红树湾,广东,深圳市,南山区,白石洲一街91号李萍牙科隔壁中,广东深圳市南山区白石洲一街91号李萍牙科隔壁中,广东深圳市南山区白石洲一街91号李萍牙科隔壁中,113.967465,22.538369
深圳红树湾,广东,深圳市,南山区,沙河街道白石洲东社区消防站,广东深圳市南山区沙河街道白石洲东社区消防站,广东深圳市南山区沙河街道白石洲东社区消防站,114.224905,22.69294
深圳红树湾,广东,深圳市,南山区,沙河街道御景东方2,广东深圳市南山区沙河街道御景东方2,广东深圳市南山区沙河街道御景东方2,113.930478,22.533191
深圳红树湾,广东,深圳市,南山区,深湾一路与白石三道交汇处臻湾汇G栋,广东深圳市南山区深湾一路与白石三道交汇处臻湾汇G栋,广东深圳市南山区深湾一路与白石三道交汇处臻湾汇G栋,113.967107,22.525046
深圳红树湾,广东,深圳市,南山区,白石洲沙河街道国际市长中心交流中心1505号米兰工作室,广东深圳市南山区白石洲沙河街道国际市长中心交流中心1505号米兰工作室,广东深圳市南山区白石洲沙河街道国际市长中心交流中心1505号米兰工作室,113.968603,22.541786
深圳红树湾,广东,深圳市,南山区,南山区沙河街道白石洲东一坊37号,广东深圳市南山区沙河街道白石洲东一坊37号,广东深圳市南山区沙河街道白石洲东一坊37号,113.967588,22.534442
深圳红树湾,广东,深圳市,南山区,中信红树湾1栋,广东深圳市南山区中信红树湾1栋,广东深圳市南山区中信红树湾1栋,113.965517,22.528087
深圳红树湾,广东,深圳市,南山区,沙河街道京基御景东方2栋,广东深圳市南山区沙河街道京基御景东方2栋,广东深圳市南山区沙河街道京基御景东方2栋,113.969576,22.530667
深圳红树湾,广东,深圳市,南山区,沙河街道白石洲东二房十二号,广东深圳市南山区沙河街道白石洲东二房十二号,广东深圳市南山区沙河街道白石洲东二房十二号,113.967465,22.538369
深圳红树湾,广东,深圳市,南山区,沙河街道华侨城东方花园玉蕊阁,广东深圳市南山区沙河街道华侨城东方花园玉蕊阁,广东深圳市南山区沙河街道华侨城东方花园玉蕊阁,113.979821,22.538544
深圳红树湾,广东,深圳市,南山区,沙河东路118号世纪村西门裙楼艾斯威高球城,广东深圳市南山区沙河东路118号世纪村西门裙楼艾斯威高球城,广东深圳市南山区沙河东路118号世纪村西门裙楼艾斯威高球城,113.964626,22.533606
深圳红树湾,广东,深圳市,南山区,白石洲西二坊70号楼鸿,广东深圳市南山区白石洲西二坊70号楼,广东深圳市南山区白石洲西二坊70号楼,113.967704,22.533121
深圳红树湾,广东,深圳市,南山区,白石洲沙河天虹楼美标专柜,广东深圳市南山区白石洲沙河天虹楼美标专柜,广东深圳市南山区白石洲沙河天虹楼美标专柜,113.968603,22.541786
深圳红树湾,广东,深圳市,南山区,沙河街道白石路白石洲东四坊40号,广东深圳市南山区沙河街道白石路白石洲东四坊40号,广东深圳市南山区沙河街道白石路白石洲东四坊40号,113.969988,22.532431
深圳红树湾,广东,深圳市,南山区,湾汇深湾一路与白石三路交汇处深圳湾睿印F1A栋,广东深圳市南山区湾汇深湾一路与白石三路交汇处深圳湾睿印F1A栋,广东深圳市南山区湾汇深湾一路与白石三路交汇处深圳湾睿印F1A栋,113.950183,22.519126
深圳红树湾,广东,深圳市,南山区,南山区白石洲西一坊44号,广东深圳市南山区白石洲西一坊44号,广东深圳市南山区白石洲西一坊44号,113.967249,22.53415
深圳红树湾,广东,深圳市,南山区,南山区沙河街道白石洲东四坊86号楼,广东深圳市南山区沙河街道白石洲东四坊86号楼,广东深圳市南山区沙河街道白石洲东四坊86号楼,113.969988,22.532431
深圳红树湾,广东,深圳市,南山区,白石路御景东方二号楼,广东深圳市南山区白石路御景东方二号楼,广东深圳市南山区白石路御景东方二号楼,113.970735,22.529536
深圳红树湾,广东,深圳市,南山区,沙河街道白石三道42号深圳湾睿印正,广东深圳市南山区沙河街道白石三道42号深圳湾睿印正,广东深圳市南山区沙河街道白石三道42号深圳湾睿印正,113.965469,22.524039
深圳红树湾,广东,深圳市,南山区,滨海大道红树西岸2-4,广东深圳市南山区滨海大道红树西岸2-4,广东深圳市南山区滨海大道红树西岸2-4,113.965793,22.522231
深圳红树湾,广东,深圳市,南山区,沙河街道美庐锦园丰巢快递柜,广东深圳市南山区沙河街道美庐锦园丰巢快递柜,广东深圳市南山区沙河街道美庐锦园丰巢快递柜,113.966161,22.536122
深圳红树湾,广东,深圳市,南山区,红树西岸花园1栋单元,广东深圳市南山区红树西岸花园1栋单元,广东深圳市南山区红树西岸花园1栋单元,113.965793,22.522231
深圳红树湾,广东,深圳市,南山区,沙河东路中信红树湾花园11栋,广东深圳市南山区沙河东路中信红树湾花园11栋,广东深圳市南山区沙河东路中信红树湾花园11栋,113.966683,22.531136
深圳红树湾,广东,深圳市,南山区,深圳市南山区白石二道中信红树湾16栋C,广东深圳市南山区深圳市南山区白石二道中信红树湾16栋C,广东深圳市南山区深圳市南山区白石二道中信红树湾16栋C,113.965517,22.528087
深圳红树湾,广东,深圳市,南山区,南山区沙河街道白石洲东二坊44号,广东深圳市南山区沙河街道白石洲东二坊44号,广东深圳市南山区沙河街道白石洲东二坊44号,113.968172,22.533692
深圳红树湾,广东,深圳市,南山区,南山区沙河街道白石路中信红树湾北区19栋,广东深圳市南山区沙河街道白石路中信红树湾北区19栋,广东深圳市南山区沙河街道白石路中信红树湾北区19栋,113.966117,22.530549
深圳红树湾,广东,深圳市,南山区,沙河街道白石三道8号瑞河耶纳四栋一单元,广东深圳市南山区沙河街道白石三道8号瑞河耶纳四栋一单元,广东深圳市南山区沙河街道白石三道8号瑞河耶纳四栋一单元,113.976117,22.526338
深圳红树湾,广东,深圳市,南山区,石洲中路美庐锦园A,广东深圳市南山区石洲中路美庐锦园A,广东深圳市南山区石洲中路美庐锦园A,113.966161,22.536122
深圳红树湾,广东,深圳市,南山区,沙河街道白石洲村东二坊13,广东深圳市南山区沙河街道白石洲村东二坊13,广东深圳市南山区沙河街道白石洲村东二坊13,113.968486,22.533616
深圳红树湾,广东,深圳市,南山区,沙河街道沙河世纪村5栋座层A,广东深圳市南山区沙河街道沙河世纪村5栋座层A,广东深圳市南山区沙河街道沙河世纪村5栋座层A,113.96629,22.532043
深圳红树湾,广东,深圳市,南山区,沙河街道沙河东路沙河高尔夫练习场楼club,广东深圳市南山区沙河街道沙河东路沙河高尔夫练习场,广东深圳市南山区沙河街道沙河东路沙河高尔夫练习场,113.965479,22.546171
深圳红树湾,广东,深圳市,南山区,沙河街道中信红树湾7栋,广东深圳市南山区沙河街道中信红树湾7栋,广东深圳市南山区沙河街道中信红树湾7栋,113.965517,22.528087
深圳红树湾,广东,深圳市,南山区,沙河东路中信红树湾2B,广东深圳市南山区沙河东路中信红树湾2B,广东深圳市南山区沙河东路中信红树湾2B,113.966029,22.527874
深圳红树湾,广东,深圳市,南山区,白石洲东一坊105栋,广东深圳市南山区白石洲东一坊105栋,广东深圳市南山区白石洲东一坊105栋,113.96804,22.53586
深圳红树湾,广东,深圳市,南山区,沙河街道美庐锦园快递柜,广东深圳市南山区沙河街道美庐锦园快递柜,广东深圳市南山区沙河街道美庐锦园快递柜,113.966161,22.536122
深圳红树湾,广东,深圳市,南山区,沙河街道南山区沙河东路138号桂苑1栋C2单元,广东深圳市南山区沙河街道南山区沙河东路138号桂苑1栋C2单元,广东深圳市南山区沙河街道南山区沙河东路138号桂苑1栋C2单元,113.964941,22.535309
深圳红树湾,广东,深圳市,南山区,白石洲东四坊122栋A903,广东深圳市南山区白石洲东四坊122栋A903,广东深圳市南山区白石洲东四坊122栋A903,113.970988,22.532187
深圳红树湾,广东,深圳市,南山区,中信红树湾2栋B座2301。嗡嗡欧日韩工作室,广东深圳市南山区中信红树湾2栋B座2301,广东深圳市南山区中信红树湾2栋B座2301,113.966029,22.527874
深圳红树湾,广东,深圳市,南山区,南山区沙河街道世纪村1-2,广东深圳市南山区沙河街道世纪村1-2,广东深圳市南山区沙河街道世纪村1-2,113.967045,22.533612
深圳红树湾,广东,深圳市,南山区,沙河街道沙河高尔球会宿舍篮球场,广东深圳市南山区沙河街道沙河高尔球会宿舍篮球场,广东深圳市南山区沙河街道沙河高尔球会宿舍篮球场,113.930478,22.533191
深圳红树湾,广东,深圳市,南山区,南山区石洲中路25号美庐锦园和园D301，福,广东深圳市南山区石洲中路25号美庐锦园和园D301,广东深圳市南山区石洲中路25号美庐锦园和园D301,113.966699,22.536663
深圳红树湾,广东,深圳市,南山区,沙河街道中信红树湾,广东深圳市南山区沙河街道中信红树湾,广东深圳市南山区沙河街道中信红树湾,113.965517,22.528087
深圳红树湾,广东,深圳市,南山区,沙河街道白石洲东一坊8号a栋,广东深圳市南山区沙河街道白石洲东一坊8号a栋,广东深圳市南山区沙河街道白石洲东一坊8号a栋,113.967847,22.535209
深圳红树湾,广东,深圳市,南山区,中信红树湾18栋B座,广东深圳市南山区中信红树湾18栋B座,广东深圳市南山区中信红树湾18栋B座,113.965517,22.528087
深圳红树湾,广东,深圳市,南山区,白石二道中信红树湾16A,广东深圳市南山区白石二道中信红树湾16A,广东深圳市南山区白石二道中信红树湾16A,113.965517,22.528087
深圳红树湾,广东,深圳市,南山区,白石二道8号中信红树湾花城10栋C,广东深圳市南山区白石二道8号中信红树湾花城10栋C,广东深圳市南山区白石二道8号中信红树湾花城10栋C,113.96682,22.527026
深圳红树湾,广东,深圳市,南山区,沙河街道白石路御景东方1栋,广东深圳市南山区沙河街道白石路御景东方1栋,广东深圳市南山区沙河街道白石路御景东方1栋,113.970735,22.529536
深圳红树湾,广东,深圳市,南山区,沙河街道白石路东8号海鲜码头房809卡其,广东深圳市南山区沙河街道白石路东8号海鲜码头房809卡其,广东深圳市南山区沙河街道白石路东8号海鲜码头房809卡其,113.992305,22.52518
深圳红树湾,广东,深圳市,南山区,沙河街道棕榈泉国际中心丰巢柜,广东深圳市南山区沙河街道棕榈泉国际中心丰巢柜,广东深圳市南山区沙河街道棕榈泉国际中心丰巢柜,113.962844,22.532981
深圳红树湾,广东,深圳市,南山区,沙河天虹楼男装浪登柜台,广东深圳市南山区沙河天虹楼男装浪登柜台,广东深圳市南山区沙河天虹楼男装浪登柜台,113.968482,22.531177
深圳红树湾,广东,深圳市,南山区,深湾一路红树西岸3-8,广东深圳市南山区深湾一路红树西岸3-8,广东深圳市南山区深湾一路红树西岸3-8,113.966749,22.522512
深圳红树湾,广东,深圳市,南山区,沙河街道深圳湾睿印RAILIN,广东深圳市南山区沙河街道深圳湾睿印RAILIN,广东深圳市南山区沙河街道深圳湾睿印RAILIN,113.950183,22.519126
深圳红树湾,广东,深圳市,南山区,南山区沙河街道沙河东路118号世纪村二期二栋一座楼C室,广东深圳市南山区沙河街道沙河东路118号世纪村二期二栋一座楼C室,广东深圳市南山区沙河街道沙河东路118号世纪村二期二栋一座楼C室,113.966749,22.532594
深圳红树湾,广东,深圳市,南山区,沙河东路世纪村I6栋,广东深圳市南山区沙河东路世纪村I6栋,广东深圳市南山区沙河东路世纪村I6栋,113.964674,22.532069
深圳红树湾,广东,深圳市,南山区,沙河街道深圳湾2路与白石路交汇处御景东方京基百纳楼,广东深圳市南山区沙河街道深圳湾2路与白石路交汇处御景东方京基百纳楼,广东深圳市南山区沙河街道深圳湾2路与白石路交汇处御景东方京基百纳楼,113.968315,22.53243
深圳红树湾,广东,深圳市,南山区,石州中路世纪村5栋座8c,广东深圳市南山区石州中路世纪村5栋座8c,广东深圳市南山区石州中路世纪村5栋座8c,113.96629,22.532043
深圳红树湾,广东,深圳市,南山区,中信红树湾6B栋,广东深圳市南山区中信红树湾6B栋,广东深圳市南山区中信红树湾6B栋,113.965517,22.528087
深圳红树湾,广东,深圳市,南山区,沙河街道深湾五路蓝楹湾度假公寓,广东深圳市南山区沙河街道深湾五路蓝楹湾度假公寓,广东深圳市南山区沙河街道深湾五路蓝楹湾度假公寓,113.986791,22.52137
深圳红树湾,广东,深圳市,南山区,棕榈泉国际中心,广东深圳市南山区棕榈泉国际中心,广东深圳市南山区棕榈泉国际中心,113.962844,22.532981
深圳红树湾,广东,深圳市,南山区,白石洲西二坊,广东深圳市南山区白石洲西二坊,广东深圳市南山区白石洲西二坊,113.967704,22.533121
深圳红树湾,广东,深圳市,南山区,深湾一路与白石三路交汇处深圳湾睿印F1瑧湾汇b,广东深圳市南山区深湾一路与白石三路交汇处深圳湾睿印F1瑧湾汇b,广东深圳市南山区深湾一路与白石三路交汇处深圳湾睿印F1瑧湾汇b,113.969146,22.524084
深圳红树湾,广东,深圳市,南山区,沙河街道白石路168号御景东方-51品质优健身中心,广东深圳市南山区沙河街道白石路168号御景东方-51品质优健身中心,广东深圳市南山区沙河街道白石路168号御景东方-51品质优健身中心,113.969331,22.530888
深圳红树湾,广东,深圳市,南山区,沙河街道白石洲西一坊12号吉洲大,广东深圳市南山区沙河街道白石洲西一坊12号吉洲大,广东深圳市南山区沙河街道白石洲西一坊12号吉洲大,113.967604,22.535876
深圳红树湾,广东,深圳市,南山区,沙河街道白石洲东二坊108栋,广东深圳市南山区沙河街道白石洲东二坊108栋,广东深圳市南山区沙河街道白石洲东二坊108栋,113.968952,22.533439
深圳红树湾,广东,深圳市,南山区,京基百纳广场负楼修机潮壳店,广东深圳市南山区京基百纳广场负楼修机潮壳店,广东深圳市南山区京基百纳广场负楼修机潮壳店,113.969345,22.530691
深圳红树湾,广东,深圳市,南山区,南山区沙河街道东方花园E区20栋4-5周氏1,广东深圳市南山区沙河街道东方花园E区20栋4-5周氏1,广东深圳市南山区沙河街道东方花园E区20栋4-5周氏1,113.930478,22.533191
深圳红树湾,广东,深圳市,南山区,深湾汇云中心睿印商场负层-246铺GOZ高品,广东深圳市南山区深湾汇云中心睿印商场负层-246铺GOZ高品,广东深圳市南山区深湾汇云中心睿印商场负层-246铺GOZ高品,113.970441,22.524145
深圳红树湾,广东,深圳市,南山区,沙河街道中信红树湾3栋A单元,广东深圳市南山区沙河街道中信红树湾3栋A单元,广东深圳市南山区沙河街道中信红树湾3栋A单元,113.965517,22.528087
深圳红树湾,广东,深圳市,南山区,沙河东路118号世纪村12栋,广东深圳市南山区沙河东路118号世纪村12栋,广东深圳市南山区沙河东路118号世纪村12栋,113.967045,22.533612
深圳红树湾,广东,深圳市,南山区,海园二路蓝汐酒店,广东深圳市南山区海园二路蓝汐酒店,广东深圳市南山区海园二路蓝汐酒店,113.993218,22.522124
深圳红树湾,广东,深圳市,南山区,沙河街道沙河东路世纪村王府7栋座,广东深圳市南山区沙河街道沙河东路世纪村王府7栋座,广东深圳市南山区沙河街道沙河东路世纪村王府7栋座,113.95316,22.533784
深圳红树湾,广东,深圳市,南山区,白石洲东四坊71号楼,广东深圳市南山区白石洲东四坊71号楼,广东深圳市南山区白石洲东四坊71号楼,113.969988,22.532431
深圳红树湾,广东,深圳市,南山区,华侨城中学高中部,广东深圳市南山区华侨城中学高中部,广东深圳市南山区华侨城中学高中部,113.968437,22.528048
深圳红树湾,广东,深圳市,南山区,沙河街道白石路东8号欢乐海岸北区德,广东深圳市南山区沙河街道白石路东8号欢乐海岸北区德,广东深圳市南山区沙河街道白石路东8号欢乐海岸北区德,113.992305,22.52518
深圳红树湾,广东,深圳市,南山区,沙河街道深圳市南山区沙河街道御景东方花园3号楼C,广东深圳市南山区沙河街道深圳市南山区沙河街道御景东方花园3号楼C,广东深圳市南山区沙河街道深圳市南山区沙河街道御景东方花园3号楼C,113.930478,22.533191
深圳红树湾,广东,深圳市,南山区,沙河街道国际市长交流中心1523不要,广东深圳市南山区沙河街道国际市长交流中心,广东深圳市南山区沙河街道国际市长交流中心,113.966375,22.538675
深圳红树湾,广东,深圳市,南山区,南山区沙河街道白石路2039号深圳欢乐海岸万豪行政公寓T1,广东深圳市南山区沙河街道白石路2039号深圳欢乐海岸万豪行政公寓T1,广东深圳市南山区沙河街道白石路2039号深圳欢乐海岸万豪行政公寓T1,113.988087,22.525453
深圳红树湾,广东,深圳市,南山区,白石洲美庐锦园A栋,广东深圳市南山区白石洲美庐锦园A栋,广东深圳市南山区白石洲美庐锦园A栋,113.965736,22.536692
深圳红树湾,广东,深圳市,南山区,沙河街道白石洲东社区深南大道9039号博耐家具楼梵帝尔,广东深圳市南山区沙河街道白石洲东社区深南大道9039号博耐家具楼梵帝尔,广东深圳市南山区沙河街道白石洲东社区深南大道9039号博耐家具楼梵帝尔,113.967473,22.537516
深圳红树湾,广东,深圳市,南山区,南山区白石三道臻湾汇G栋,广东深圳市南山区白石三道臻湾汇G栋,广东深圳市南山区白石三道臻湾汇G栋,113.967927,22.525235
深圳红树湾,广东,深圳市,南山区,沙河街道沙河东路白石二道中信红树湾2栋C单元,广东深圳市南山区沙河街道沙河东路白石二道中信红树湾2栋C单元,广东深圳市南山区沙河街道沙河东路白石二道中信红树湾2栋C单元,113.966029,22.527874
深圳红树湾,广东,深圳市,南山区,沙河街道世纪村14栋,广东深圳市南山区沙河街道世纪村14栋,广东深圳市南山区沙河街道世纪村14栋,113.967045,22.533612
深圳红树湾,广东,深圳市,南山区,沙河东路世纪村16栋D,广东深圳市南山区沙河东路世纪村16栋D,广东深圳市南山区沙河东路世纪村16栋D,113.967045,22.533612
深圳红树湾,广东,深圳市,南山区,沙河街道白石洲西一坊,广东深圳市南山区沙河街道白石洲西一坊,广东深圳市南山区沙河街道白石洲西一坊,113.967249,22.53415
深圳红树湾,广东,深圳市,南山区,沙河东路中信红树湾2A,广东深圳市南山区沙河东路中信红树湾2A,广东深圳市南山区沙河东路中信红树湾2A,113.966029,22.527874
深圳红树湾,广东,深圳市,南山区,白石洲西一坊69号,广东深圳市南山区白石洲西一坊69号,广东深圳市南山区白石洲西一坊69号,113.966787,22.534008
深圳红树湾,广东,深圳市,南山区,白石洲西一坊,广东深圳市南山区白石洲西一坊,广东深圳市南山区白石洲西一坊,113.967249,22.53415
深圳红树湾,广东,深圳市,南山区,深圳南山区沙河街道御景东方2栋,广东深圳市南山区深圳南山区沙河街道御景东方2栋,广东深圳市南山区深圳南山区沙河街道御景东方2栋,113.930478,22.533191
深圳红树湾,广东,深圳市,南山区,沙河街道中信红树湾花园16B,广东深圳市南山区沙河街道中信红树湾花园16B,广东深圳市南山区沙河街道中信红树湾花园16B,113.965517,22.528087
深圳红树湾,广东,深圳市,南山区,沙河街道臻湾汇E,广东深圳市南山区沙河街道臻湾汇E,广东深圳市南山区沙河街道臻湾汇E,113.930478,22.533191
深圳红树湾,广东,深圳市,南山区,白石路御景东方花园4栋,广东深圳市南山区白石路御景东方花园4栋,广东深圳市南山区白石路御景东方花园4栋,113.970735,22.529536
深圳红树湾,广东,深圳市,南山区,沙河街道中信红树湾二期5A,广东深圳市南山区沙河街道中信红树湾二期5A,广东深圳市南山区沙河街道中信红树湾二期5A,113.965517,22.528087
深圳红树湾,广东,深圳市,南山区,欢乐海岸购物中心8号门熊猫,广东深圳市南山区欢乐海岸购物中心8号门熊猫,广东深圳市南山区欢乐海岸购物中心8号门熊猫,113.98885,22.525106
深圳红树湾,广东,深圳市,南山区,沙河东路世纪村小区16栋F,广东深圳市南山区沙河东路世纪村小区16栋F,广东深圳市南山区沙河东路世纪村小区16栋F,113.96485,22.534043
深圳红树湾,广东,深圳市,南山区,沙河街道世纪村2栋座,广东深圳市南山区沙河街道世纪村2栋座,广东深圳市南山区沙河街道世纪村2栋座,113.967045,22.533612
深圳红树湾,广东,深圳市,南山区,沙河街道白石二道中信红树湾3B,广东深圳市南山区沙河街道白石二道中信红树湾3B,广东深圳市南山区沙河街道白石二道中信红树湾3B,113.965517,22.528087
深圳红树湾,广东,深圳市,南山区,臻湾汇H栋臻湾汇H栋,广东深圳市南山区臻湾汇H栋臻湾汇H栋,广东深圳市南山区臻湾汇H栋臻湾汇H栋,113.930478,22.533191
深圳红树湾,广东,深圳市,南山区,南山区沙河街道中信红树湾北区12栋,广东深圳市南山区沙河街道中信红树湾北区12栋,广东深圳市南山区沙河街道中信红树湾北区12栋,113.965125,22.530663
深圳红树湾,广东,深圳市,南山区,沙河街道东方社区深南大道9037号梅拉尼娅小镇7号铺,广东深圳市南山区沙河街道东方社区深南大道9037号梅拉尼娅小镇7号铺,广东深圳市南山区沙河街道东方社区深南大道9037号梅拉尼娅小镇7号铺,113.973715,22.534481
深圳红树湾,广东,深圳市,南山区,白石二道8号中信红树湾16b,广东深圳市南山区白石二道8号中信红树湾16b,广东深圳市南山区白石二道8号中信红树湾16b,113.965144,22.52812
深圳红树湾,广东,深圳市,南山区,白石三道瑞河耶纳6栋单元,广东深圳市南山区白石三道瑞河耶纳6栋单元,广东深圳市南山区白石三道瑞河耶纳6栋单元,113.975606,22.526561
深圳红树湾,广东,深圳市,南山区,白石二路中信红树湾T7,广东深圳市南山区白石二路中信红树湾T7,广东深圳市南山区白石二路中信红树湾T7,113.966683,22.531136
深圳红树湾,广东,深圳市,南山区,沙河街道红树西岸1号楼五单元,广东深圳市南山区沙河街道红树西岸1号楼五单元,广东深圳市南山区沙河街道红树西岸1号楼五单元,113.965793,22.522231
深圳红树湾,广东,深圳市,南山区,白石三道瑞河耶纳9-2,广东深圳市南山区白石三道瑞河耶纳9-2,广东深圳市南山区白石三道瑞河耶纳9-2,113.976117,22.526338
深圳红树湾,广东,深圳市,南山区,沙河街道白石路188号东堤园1栋B,广东深圳市南山区沙河街道白石路188号东堤园1栋B,广东深圳市南山区沙河街道白石路188号东堤园1栋B,113.971061,22.530489
深圳红树湾,广东,深圳市,南山区,沙河街道白石路瑞河耶纳小区2栋单元,广东深圳市南山区沙河街道白石路瑞河耶纳小区2栋单元,广东深圳市南山区沙河街道白石路瑞河耶纳小区2栋单元,113.976117,22.526338
深圳红树湾,广东,深圳市,南山区,深湾一路银行全球总部大厦,广东深圳市南山区深湾一路银行全球总部大厦,广东深圳市南山区深湾一路银行全球总部大厦,113.967232,22.525231
深圳红树湾,广东,深圳市,南山区,沙河街道白石二道中信红树湾2c,广东深圳市南山区沙河街道白石二道中信红树湾2c,广东深圳市南山区沙河街道白石二道中信红树湾2c,113.966029,22.527874
深圳红树湾,广东,深圳市,南山区,沙河街道小米之家,广东深圳市南山区沙河街道小米之家,广东深圳市南山区沙河街道小米之家,113.930478,22.533191
深圳红树湾,广东,深圳市,南山区,南山区沙河街道洲际大酒店宴会厅楼五星,广东深圳市南山区沙河街道洲际大酒店宴会厅楼五星,广东深圳市南山区沙河街道洲际大酒店宴会厅楼五星,113.930478,22.533191
深圳红树湾,广东,深圳市,南山区,沙河街道白石路中信红树湾北区19栋,广东深圳市南山区沙河街道白石路中信红树湾北区19栋,广东深圳市南山区沙河街道白石路中信红树湾北区19栋,113.966117,22.530549
深圳红树湾,广东,深圳市,南山区,南山区沙河街道南山区白石三道深湾汇云中心四期G座,广东深圳市南山区沙河街道南山区白石三道深湾汇云中心四期G座,广东深圳市南山区沙河街道南山区白石三道深湾汇云中心四期G座,113.970441,22.524145
深圳红树湾,广东,深圳市,南山区,中信红树湾8A,广东深圳市南山区中信红树湾8A,广东深圳市南山区中信红树湾8A,113.965227,22.529786
深圳红树湾,广东,深圳市,南山区,白石洲东四纺92号-1祥福便利店,广东深圳市南山区白石洲东四纺92号-1祥福便利店,广东深圳市南山区白石洲东四纺92号-1祥福便利店,113.967465,22.538369
深圳红树湾,广东,深圳市,南山区,中信红树湾3栋A单元,广东深圳市南山区中信红树湾3栋A单元,广东深圳市南山区中信红树湾3栋A单元,113.965517,22.528087
深圳红树湾,广东,深圳市,南山区,沙河街道白石路168号京基御景东方花园3栋,广东深圳市南山区沙河街道白石路168号京基御景东方花园3栋,广东深圳市南山区沙河街道白石路168号京基御景东方花园3栋,113.970242,22.530454
深圳红树湾,广东,深圳市,南山区,沙河街道梅拉尼亚小镇教堂旁边蓝色门店nini’cake,广东深圳市南山区沙河街道梅拉尼亚小镇教堂旁边蓝色门店,广东深圳市南山区沙河街道梅拉尼亚小镇教堂旁边蓝色门店,113.973041,22.536391
深圳红树湾,广东,深圳市,南山区,白石洲一街54号,广东深圳市南山区白石洲一街54号,广东深圳市南山区白石洲一街54号,113.967465,22.538369
深圳红树湾,广东,深圳市,南山区,白石洲东四坊87栋,广东深圳市南山区白石洲东四坊87栋,广东深圳市南山区白石洲东四坊87栋,113.969988,22.532431
深圳红树湾,广东,深圳市,南山区,沙河街道沙河天虹负楼yonex专柜,广东深圳市南山区沙河街道沙河天虹负楼yonex专柜,广东深圳市南山区沙河街道沙河天虹负楼yonex专柜,113.968731,22.530713
深圳红树湾,广东,深圳市,南山区,白石三道瑧湾汇北欧加大厦,广东深圳市南山区白石三道瑧湾汇北欧加大厦,广东深圳市南山区白石三道瑧湾汇北欧加大厦,113.968712,22.525949
深圳红树湾,广东,深圳市,南山区,沙河街道广东省深圳市南山区京基佰纳广场永东巴士港,广东深圳市南山区沙河街道广东省深圳市南山区京基佰纳广场永东巴士港,广东深圳市南山区沙河街道广东省深圳市南山区京基佰纳广场永东巴士港,113.888287,22.554807
深圳红树湾,广东,深圳市,南山区,沙河街道白石路2288号棕榈泉国际中心负楼的最左边高尔夫学院前台,广东深圳市南山区沙河街道白石路2288号棕榈泉国际中心负楼的最左边高尔夫学院前台,广东深圳市南山区沙河街道白石路2288号棕榈泉国际中心负楼的最左边高尔夫学院前台,113.962844,22.532981
深圳红树湾,广东,深圳市,南山区,白石洲西二坊58栋,广东深圳市南山区白石洲西二坊58栋,广东深圳市南山区白石洲西二坊58栋,113.967704,22.533121
深圳红树湾,广东,深圳市,南山区,沙河街道沙河东路中信红树湾12栋B,广东深圳市南山区沙河街道沙河东路中信红树湾12栋B,广东深圳市南山区沙河街道沙河东路中信红树湾12栋B,113.966683,22.531136
深圳红树湾,广东,深圳市,南山区,沙河街道白石三道8号瑞河耶纳9-2,广东深圳市南山区沙河街道白石三道8号瑞河耶纳9-2,广东深圳市南山区沙河街道白石三道8号瑞河耶纳9-2,113.976117,22.526338
深圳红树湾,广东,深圳市,南山区,沙河街道白石路御景东方10,广东深圳市南山区沙河街道白石路御景东方10,广东深圳市南山区沙河街道白石路御景东方10,113.970735,22.529536
深圳红树湾,广东,深圳市,南山区,深湾一路红树西岸3,广东深圳市南山区深湾一路红树西岸3,广东深圳市南山区深湾一路红树西岸3,113.966749,22.522512
深圳红树湾,广东,深圳市,南山区,白石洲沙河天虹楼曲歌专柜,广东深圳市南山区白石洲沙河天虹楼曲歌专柜,广东深圳市南山区白石洲沙河天虹楼曲歌专柜,113.955487,22.581452
深圳红树湾,广东,深圳市,南山区,红盔甲白石洲店,广东深圳市南山区红盔甲白石洲店,广东深圳市南山区红盔甲白石洲店,113.967465,22.538369
深圳红树湾,广东,深圳市,南山区,南山区沙河街道华侨城臻湾汇G座,广东深圳市南山区沙河街道华侨城臻湾汇G座,广东深圳市南山区沙河街道华侨城臻湾汇G座,113.979821,22.538544
深圳红树湾,广东,深圳市,南山区,沙河街道白石路二路神州数码国际创新中心,广东深圳市南山区沙河街道白石路二路神州数码国际创新中心,广东深圳市南山区沙河街道白石路二路神州数码国际创新中心,113.855836,22.607815
深圳红树湾,广东,深圳市,南山区,去沙河东路中信红树湾15A,广东深圳市南山区去沙河东路中信红树湾15A,广东深圳市南山区去沙河东路中信红树湾15A,113.966683,22.531136
深圳红树湾,广东,深圳市,南山区,臻湾汇D,广东深圳市南山区臻湾汇D,广东深圳市南山区臻湾汇D,113.930478,22.533191
深圳红树湾,广东,深圳市,南山区,南山区白石路与沙河东路交叉口西北方向130米沙河高尔夫球会宿舍,广东深圳市南山区白石路与沙河东路交叉口西北方向130米沙河高尔夫球会宿舍,广东深圳市南山区白石路与沙河东路交叉口西北方向130米沙河高尔夫球会宿舍,113.964028,22.531613
深圳红树湾,广东,深圳市,南山区,南山区沙河街道滨海大道2008号欢乐海岸狂欢广场中影国际影城门口果,广东深圳市南山区沙河街道滨海大道2008号欢乐海岸狂欢广场中影国际影城门口果,广东深圳市南山区沙河街道滨海大道2008号欢乐海岸狂欢广场中影国际影城门口果,113.992405,22.522552
深圳红树湾,广东,深圳市,南山区,南山区沙河街道深圳市南山区沙河街道世纪村五栋二座,广东深圳市南山区沙河街道深圳市南山区沙河街道世纪村五栋二座,广东深圳市南山区沙河街道深圳市南山区沙河街道世纪村五栋二座,113.966296,22.531903
深圳红树湾,广东,深圳市,南山区,沙河街道东方社区白石路东8号欢乐海岸购物中心L2-E220觅野山房,广东深圳市南山区沙河街道东方社区白石路东8号欢乐海岸购物中心L2-E220觅野山房,广东深圳市南山区沙河街道东方社区白石路东8号欢乐海岸购物中心L2-E220觅野山房,113.991268,22.526256
深圳红树湾,广东,深圳市,南山区,沙河街道京基百纳广场楼哥弟,广东深圳市南山区沙河街道京基百纳广场楼,广东深圳市南山区沙河街道京基百纳广场楼,113.969345,22.530691
深圳红树湾,广东,深圳市,南山区,红树西岸3栋单元,广东深圳市南山区红树西岸3栋单元,广东深圳市南山区红树西岸3栋单元,113.966038,22.522631
深圳红树湾,广东,深圳市,南山区,白石洲东四坊28号欧健药业白石洲分店,广东深圳市南山区白石洲东四坊28号欧健药业白石洲分店,广东深圳市南山区白石洲东四坊28号欧健药业白石洲分店,113.969988,22.532431
深圳红树湾,广东,深圳市,南山区,沙河街道石洲中路博耐家具楼-18号李记湛光蚝庄深圳总店,广东深圳市南山区沙河街道石洲中路博耐家具楼-18号李记湛光蚝庄深圳总店,广东深圳市南山区沙河街道石洲中路博耐家具楼-18号李记湛光蚝庄深圳总店,113.867403,22.571831
深圳红树湾,广东,深圳市,南山区,沙河街道白石路中信红树湾5期19栋大堂对面中信永年,广东深圳市南山区沙河街道白石路中信红树湾5期19栋大堂对面中信永年,广东深圳市南山区沙河街道白石路中信红树湾5期19栋大堂对面中信永年,113.966683,22.531136
深圳红树湾,广东,深圳市,南山区,世纪村5-3号,广东深圳市南山区世纪村5-3号,广东深圳市南山区世纪村5-3号,113.96559,22.53175
深圳红树湾,广东,深圳市,南山区,沙河街道世纪村一栋四座,广东深圳市南山区沙河街道世纪村一栋四座,广东深圳市南山区沙河街道世纪村一栋四座,113.967045,22.533612
深圳红树湾,广东,深圳市,南山区,南山区沙河街道石洲中路与石洲北路交叉口南160米白石洲西一坊71号楼,广东深圳市南山区沙河街道石洲中路与石洲北路交叉口南160米白石洲西一坊71号楼,广东深圳市南山区沙河街道石洲中路与石洲北路交叉口南160米白石洲西一坊71号楼,113.967123,22.534087
深圳红树湾,广东,深圳市,南山区,南山区沙河街道沙河东路世纪村5栋单元,广东深圳市南山区沙河街道沙河东路世纪村5栋单元,广东深圳市南山区沙河街道沙河东路世纪村5栋单元,113.966183,22.531907
深圳红树湾,广东,深圳市,南山区,沙河街道南山区中信红树湾15A,广东深圳市南山区沙河街道南山区中信红树湾15A,广东深圳市南山区沙河街道南山区中信红树湾15A,113.965517,22.528087
深圳红树湾,广东,深圳市,南山区,深湾一路红树西岸花园3-2,广东深圳市南山区深湾一路红树西岸花园3-2,广东深圳市南山区深湾一路红树西岸花园3-2,113.965793,22.522231
深圳红树湾,广东,深圳市,南山区,沙河街道世纪村6栋座,广东深圳市南山区沙河街道世纪村6栋座,广东深圳市南山区沙河街道世纪村6栋座,113.965001,22.531957
深圳红树湾,广东,深圳市,南山区,南山区中信红树湾6B,广东深圳市南山区中信红树湾6B,广东深圳市南山区中信红树湾6B,113.965517,22.528087
深圳红树湾,广东,深圳市,南山区,沙河街道白石二道中信红树湾16C,广东深圳市南山区沙河街道白石二道中信红树湾16C,广东深圳市南山区沙河街道白石二道中信红树湾16C,113.965517,22.528087
深圳红树湾,广东,深圳市,南山区,沙街道 路号棕榈泉中心篮球场蜂巢柜,广东深圳市南山区沙街道 路号棕榈泉中心篮球场蜂巢柜,广东深圳市南山区沙街道 路号棕榈泉中心篮球场蜂巢柜,113.005375,22.668125
深圳红树湾,广东,深圳市,南山区,白石二道中信红树湾北二期12A,广东深圳市南山区白石二道中信红树湾北二期12A,广东深圳市南山区白石二道中信红树湾北二期12A,113.965517,22.528087
深圳红树湾,广东,深圳市,南山区,白石路京基百纳广场沙河天虹商场负楼扶手电梯旁携,广东深圳市南山区白石路京基百纳广场沙河天虹商场负楼扶手电梯旁携,广东深圳市南山区白石路京基百纳广场沙河天虹商场负楼扶手电梯旁携,113.969345,22.530691
深圳红树湾,广东,深圳市,南山区,沙河街道地铁九号线深圳湾公园站A口k01维多园,广东深圳市南山区沙河街道地铁九号线深圳湾公园站A口k01维多园,广东深圳市南山区沙河街道地铁九号线深圳湾公园站A口k01维多园,113.993114,22.521591
深圳红树湾,广东,深圳市,南山区,沙河街道白石洲东社区白石三道深湾汇云中心四期G座睿印-B,广东深圳市南山区沙河街道白石洲东社区白石三道深湾汇云中心四期G座睿印-B,广东深圳市南山区沙河街道白石洲东社区白石三道深湾汇云中心四期G座睿印-B,113.982385,22.518968
深圳红树湾,广东,深圳市,南山区,沙河街道白石洲东一,广东深圳市南山区沙河街道白石洲东一,广东深圳市南山区沙河街道白石洲东一,113.967465,22.538369
深圳红树湾,广东,深圳市,南山区,沙河街道东方花园金辉阁,广东深圳市南山区沙河街道东方花园金辉阁,广东深圳市南山区沙河街道东方花园金辉阁,113.930478,22.533191
深圳红树湾,广东,深圳市,南山区,沙河街道沙河东路世纪村14栋,广东深圳市南山区沙河街道沙河东路世纪村14栋,广东深圳市南山区沙河街道沙河东路世纪村14栋,113.967045,22.533612
深圳红树湾,广东,深圳市,南山区,白石二道中信红树湾2号门3栋A,广东深圳市南山区白石二道中信红树湾2号门3栋A,广东深圳市南山区白石二道中信红树湾2号门3栋A,113.966029,22.527874
深圳红树湾,广东,深圳市,南山区,美庐锦园D栋和园,广东深圳市南山区美庐锦园D栋和园,广东深圳市南山区美庐锦园D栋和园,113.966576,22.535799
深圳红树湾,广东,深圳市,南山区,沙河街道中信红树湾9C,广东深圳市南山区沙河街道中信红树湾9C,广东深圳市南山区沙河街道中信红树湾9C,113.965517,22.528087
深圳红树湾,广东,深圳市,南山区,沙河街道白石三道8号瑞河耶纳一栋四单元,广东深圳市南山区沙河街道白石三道8号瑞河耶纳一栋四单元,广东深圳市南山区沙河街道白石三道8号瑞河耶纳一栋四单元,113.976117,22.526338
深圳红树湾,广东,深圳市,南山区,沙河街道沙河东路世纪村7栋,广东深圳市南山区沙河街道沙河东路世纪村7栋,广东深圳市南山区沙河街道沙河东路世纪村7栋,113.964536,22.533573
深圳红树湾,广东,深圳市,南山区,南山区沙河街道白石洲东社区白石三道臻湾汇云中心四期H座,广东深圳市南山区沙河街道白石洲东社区白石三道臻湾汇云中心四期H座,广东深圳市南山区沙河街道白石洲东社区白石三道臻湾汇云中心四期H座,113.967927,22.525235
深圳红树湾,广东,深圳市,南山区,滨海大道208号欢乐海岸购物中心L楼华家里,广东深圳市南山区滨海大道208号欢乐海岸购物中心L楼华家里,广东深圳市南山区滨海大道208号欢乐海岸购物中心L楼华家里,113.98885,22.525106
深圳红树湾,广东,深圳市,南山区,沙河街道沙河东路118号世纪村2栋座,广东深圳市南山区沙河街道沙河东路118号世纪村2栋座,广东深圳市南山区沙河街道沙河东路118号世纪村2栋座,113.967045,22.533612
深圳红树湾,广东,深圳市,南山区,白石路瑞河耶纳小区1栋单元,广东深圳市南山区白石路瑞河耶纳小区1栋单元,广东深圳市南山区白石路瑞河耶纳小区1栋单元,113.976117,22.526338
深圳红树湾,广东,深圳市,南山区,沙河街道东方花园P14栋,广东深圳市南山区沙河街道东方花园P14栋,广东深圳市南山区沙河街道东方花园P14栋,113.930478,22.533191
深圳红树湾,广东,深圳市,南山区,白石洲路博耐家居广场,广东深圳市南山区白石洲路博耐家居广场,广东深圳市南山区白石洲路博耐家居广场,113.966596,22.53613
深圳红树湾,广东,深圳市,南山区,白石洲中路沙河天虹楼依,广东深圳市南山区白石洲中路沙河天虹楼依,广东深圳市南山区白石洲中路沙河天虹楼依,113.967007,22.536751
深圳红树湾,广东,深圳市,南山区,沙河街道沙河东路中信红树湾16A,广东深圳市南山区沙河街道沙河东路中信红树湾16A,广东深圳市南山区沙河街道沙河东路中信红树湾16A,113.966683,22.531136
深圳红树湾,广东,深圳市,南山区,南山区沙河街道白石洲东一坊40栋,广东深圳市南山区沙河街道白石洲东一坊40栋,广东深圳市南山区沙河街道白石洲东一坊40栋,113.967913,22.534854
深圳红树湾,广东,深圳市,南山区,东方花园玉蕊阁4F罗,广东深圳市南山区东方花园玉蕊阁4F罗,广东深圳市南山区东方花园玉蕊阁4F罗,113.930478,22.533191
深圳红树湾,广东,深圳市,南山区,南山区沙河街道瑧湾汇H栋,广东深圳市南山区沙河街道瑧湾汇H栋,广东深圳市南山区沙河街道瑧湾汇H栋,113.969997,22.524792
深圳红树湾,广东,深圳市,南山区,沙河街道美庐锦园D栋-1号祥和堂中,广东深圳市南山区沙河街道美庐锦园D栋-1号祥和堂,广东深圳市南山区沙河街道美庐锦园D栋-1号祥和堂,113.966576,22.535799
深圳红树湾,广东,深圳市,南山区,白石洲东一坊12号,广东深圳市南山区白石洲东一坊12号,广东深圳市南山区白石洲东一坊12号,113.967554,22.535082
深圳红树湾,广东,深圳市,南山区,石洲中路国际市场交流中心55号,广东深圳市南山区石洲中路国际市场交流中心55号,广东深圳市南山区石洲中路国际市场交流中心55号,113.96675,22.535278
深圳红树湾,广东,深圳市,南山区,白石洲东四坊菜鸟驿,广东深圳市南山区白石洲东四坊菜鸟驿,广东深圳市南山区白石洲东四坊菜鸟驿,113.969988,22.532431
深圳红树湾,广东,深圳市,南山区,沙河街道白石三路瑞河耶纳5栋单元,广东深圳市南山区沙河街道白石三路瑞河耶纳5栋单元,广东深圳市南山区沙河街道白石三路瑞河耶纳5栋单元,113.976385,22.52592
深圳红树湾,广东,深圳市,南山区,沙河街道沙河东路3号沙河高尔夫球会篮球场,广东深圳市南山区沙河街道沙河东路3号沙河高尔夫球会篮球场,广东深圳市南山区沙河街道沙河东路3号沙河高尔夫球会篮球场,113.959801,22.52628
深圳红树湾,广东,深圳市,南山区,沙河街道百石洲2288号沙河高尔夫员工宿舍丰巢快递柜,广东深圳市南山区沙河街道百石洲2288号沙河高尔夫员工宿舍丰巢快递柜,广东深圳市南山区沙河街道百石洲2288号沙河高尔夫员工宿舍丰巢快递柜,113.939225,22.630775
深圳红树湾,广东,深圳市,南山区,南山区沙河街道深湾一路3号红树西岸3栋单元,广东深圳市南山区沙河街道深湾一路3号红树西岸3栋单元,广东深圳市南山区沙河街道深湾一路3号红树西岸3栋单元,113.966038,22.522631
深圳红树湾,广东,深圳市,南山区,沙河街道深铁万科瑧湾汇E座,广东深圳市南山区沙河街道深铁万科瑧湾汇E座,广东深圳市南山区沙河街道深铁万科瑧湾汇E座,113.969146,22.524084
深圳红树湾,广东,深圳市,南山区,沙河街道深铁万科瑧湾汇G栋,广东深圳市南山区沙河街道深铁万科瑧湾汇G栋,广东深圳市南山区沙河街道深铁万科瑧湾汇G栋,113.969435,22.524225
深圳红树湾,广东,深圳市,南山区,沙河街道欢乐海岸独角兽UnicornBearbrick营地尽头橙色的公路,广东深圳市南山区沙河街道欢乐海岸独角兽UnicornBearbrick,广东深圳市南山区沙河街道欢乐海岸独角兽UnicornBearbrick,113.991235,22.523474
深圳红树湾,广东,深圳市,南山区,深南大道白石洲东二坊115号白色+,广东深圳市南山区深南大道白石洲东二坊115号,广东深圳市南山区深南大道白石洲东二坊115号,113.968172,22.533692
深圳红树湾,广东,深圳市,南山区,沙河街道白石洲东一坊54号,广东深圳市南山区沙河街道白石洲东一坊54号,广东深圳市南山区沙河街道白石洲东一坊54号,113.967568,22.534288
深圳红树湾,广东,深圳市,南山区,白石洲东江公寓,广东深圳市南山区白石洲东江公寓,广东深圳市南山区白石洲东江公寓,113.967465,22.538369
深圳红树湾,广东,深圳市,南山区,白石洲东一坊60号,广东深圳市南山区白石洲东一坊60号,广东深圳市南山区白石洲东一坊60号,113.967913,22.534854
深圳红树湾,广东,深圳市,南山区,棕榈泉国际高尔夫学院员工宿舍A栋篮球架子上,广东深圳市南山区棕榈泉国际高尔夫学院员工宿舍A栋篮球架子上,广东深圳市南山区棕榈泉国际高尔夫学院员工宿舍A栋篮球架子上,113.963017,22.532971
深圳红树湾,广东,深圳市,南山区,沙河街道白石二道中信红树湾17栋,广东深圳市南山区沙河街道白石二道中信红树湾17栋,广东深圳市南山区沙河街道白石二道中信红树湾17栋,113.965517,22.528087
深圳红树湾,广东,深圳市,南山区,沙河街道红树西岸3栋,广东深圳市南山区沙河街道红树西岸3栋,广东深圳市南山区沙河街道红树西岸3栋,113.966038,22.522631
深圳红树湾,广东,深圳市,南山区,南山区沙河街道白石路沙河街道白石洲白石一街12号旗,广东深圳市南山区沙河街道白石路沙河街道白石洲白石一街12号旗,广东深圳市南山区沙河街道白石路沙河街道白石洲白石一街12号旗,113.969449,22.540798
深圳红树湾,广东,深圳市,南山区,白石洲东四坊78栋,广东深圳市南山区白石洲东四坊78栋,广东深圳市南山区白石洲东四坊78栋,113.969988,22.532431
深圳红树湾,广东,深圳市,南山区,沙河街道锦绣中华民俗村,广东深圳市南山区沙河街道锦绣中华民俗村,广东深圳市南山区沙河街道锦绣中华民俗村,113.992991,22.530399
深圳红树湾,广东,深圳市,南山区,南山区沙河街道沙河东路中信红树湾6B,广东深圳市南山区沙河街道沙河东路中信红树湾6B,广东深圳市南山区沙河街道沙河东路中信红树湾6B,113.966683,22.531136
深圳红树湾,广东,深圳市,南山区,白石路与海园二路交叉口西340米LYNJ耳道L2,广东深圳市南山区白石路与海园二路交叉口西340米LYNJ耳道L2,广东深圳市南山区白石路与海园二路交叉口西340米LYNJ耳道L2,113.992441,22.526937
深圳红树湾,广东,深圳市,南山区,白石三道瑞河耶纳花园6栋单元,广东深圳市南山区白石三道瑞河耶纳花园6栋单元,广东深圳市南山区白石三道瑞河耶纳花园6栋单元,113.976117,22.526338
深圳红树湾,广东,深圳市,南山区,沙河街道中信红树湾北区19栋,广东深圳市南山区沙河街道中信红树湾北区19栋,广东深圳市南山区沙河街道中信红树湾北区19栋,113.966117,22.530549
深圳红树湾,广东,深圳市,南山区,中信红树湾12,广东深圳市南山区中信红树湾12,广东深圳市南山区中信红树湾12,113.965517,22.528087
深圳红树湾,广东,深圳市,南山区,南山区沙河街道深湾一路1号红树西岸2栋单元,广东深圳市南山区沙河街道深湾一路1号红树西岸2栋单元,广东深圳市南山区沙河街道深湾一路1号红树西岸2栋单元,113.966134,22.521184
深圳红树湾,广东,深圳市,南山区,沙河东路中信红树湾12栋B一,广东深圳市南山区沙河东路中信红树湾12栋B一,广东深圳市南山区沙河东路中信红树湾12栋B一,113.966683,22.531136
深圳红树湾,广东,深圳市,南山区,沙河街道深圳华侨城世界之窗秋果酒店,广东深圳市南山区沙河街道深圳华侨城世界之窗秋果酒店,广东深圳市南山区沙河街道深圳华侨城世界之窗秋果酒店,113.919138,22.530406
深圳红树湾,广东,深圳市,南山区,欢乐海岸购物中心3号门L1-E101THEPUPLAND,广东深圳市南山区欢乐海岸购物中心3号门L1-E101THEPUPLAND,广东深圳市南山区欢乐海岸购物中心3号门L1-E101THEPUPLAND,113.989956,22.525813
深圳红树湾,广东,深圳市,南山区,沙河街道白石洲东社区西一坊,广东深圳市南山区沙河街道白石洲东社区西一坊,广东深圳市南山区沙河街道白石洲东社区西一坊,113.967125,22.535023
深圳红树湾,广东,深圳市,南山区,深湾一路中信红树湾北区19栋银尔通,广东深圳市南山区深湾一路中信红树湾北区19栋银尔通,广东深圳市南山区深湾一路中信红树湾北区19栋银尔通,113.966117,22.530549
深圳红树湾,广东,深圳市,南山区,南山区沙河街道白石洲西一坊38号层,广东深圳市南山区沙河街道白石洲西一坊38号层,广东深圳市南山区沙河街道白石洲西一坊38号层,113.967036,22.535174
深圳红树湾,广东,深圳市,南山区,沙河街道石洲中路世纪村5栋座外围商铺7一13深易德永泰中,广东深圳市南山区沙河街道石洲中路世纪村5栋座外围商铺7一13深易德永泰中,广东深圳市南山区沙河街道石洲中路世纪村5栋座外围商铺7一13深易德永泰中,113.96629,22.532043
深圳红树湾,广东,深圳市,南山区,沙河东路世纪村5栋座15D,广东深圳市南山区沙河东路世纪村5栋座15D,广东深圳市南山区沙河东路世纪村5栋座15D,113.96629,22.532043
深圳红树湾,广东,深圳市,南山区,瑞河耶纳花园1,广东深圳市南山区瑞河耶纳花园1,广东深圳市南山区瑞河耶纳花园1,113.976117,22.526338
深圳红树湾,广东,深圳市,南山区,沙河街道世纪村6栋座25A,广东深圳市南山区沙河街道世纪村6栋座25A,广东深圳市南山区沙河街道世纪村6栋座25A,113.965001,22.531957
深圳红树湾,广东,深圳市,南山区,沙河街道白石洲西二坊24栋,广东深圳市南山区沙河街道白石洲西二坊24栋,广东深圳市南山区沙河街道白石洲西二坊24栋,113.967704,22.533121
深圳红树湾,广东,深圳市,南山区,南山区沙河街道深南大道9017号东方花园W5栋,广东深圳市南山区沙河街道深南大道9017号东方花园W5栋,广东深圳市南山区沙河街道深南大道9017号东方花园W5栋,113.980368,22.533748
深圳红树湾,广东,深圳市,南山区,沙河街道南山区沙河街道京经百纳广场负楼,广东深圳市南山区沙河街道南山区沙河街道京经百纳广场负楼,广东深圳市南山区沙河街道南山区沙河街道京经百纳广场负楼,113.96957,22.529942
深圳红树湾,广东,深圳市,南山区,深圳市南山区白石洲东一坊103号店,广东深圳市南山区深圳市南山区白石洲东一坊103号店,广东深圳市南山区深圳市南山区白石洲东一坊103号店,113.967846,22.535676
深圳红树湾,广东,深圳市,南山区,沙河街道深圳市南山区白石州石州中路市长大厦楼,广东深圳市南山区沙河街道深圳市南山区白石州石州中路市长大厦楼,广东深圳市南山区沙河街道深圳市南山区白石州石州中路市长大厦楼,113.92061,22.542171
深圳红树湾,广东,深圳市,南山区,石洲中路国际市长交流中心对面卓,广东深圳市南山区石洲中路国际市长交流中心对面,广东深圳市南山区石洲中路国际市长交流中心对面,113.966375,22.538675
深圳红树湾,广东,深圳市,南山区,沙河街道白石路2288号棕榈泉国际中心篮球场宿舍,广东深圳市南山区沙河街道白石路2288号棕榈泉国际中心篮球场宿舍,广东深圳市南山区沙河街道白石路2288号棕榈泉国际中心篮球场宿舍,113.962844,22.532981
深圳红树湾,广东,深圳市,南山区,深南大道9009号深圳华侨城洲际大酒店,广东深圳市南山区深南大道9009号深圳华侨城洲际大酒店,广东深圳市南山区深南大道9009号深圳华侨城洲际大酒店,113.986358,22.532892
深圳红树湾,广东,深圳市,南山区,沙河东路世纪村5-3,广东深圳市南山区沙河东路世纪村5-3,广东深圳市南山区沙河东路世纪村5-3,113.966296,22.531903
深圳红树湾,广东,深圳市,南山区,沙河街道白石洲东一坊,广东深圳市南山区沙河街道白石洲东一坊,广东深圳市南山区沙河街道白石洲东一坊,113.967913,22.534854
深圳红树湾,广东,深圳市,南山区,白石路京基御景东方二栋E,广东深圳市南山区白石路京基御景东方二栋E,广东深圳市南山区白石路京基御景东方二栋E,113.969493,22.531086
深圳红树湾,广东,深圳市,南山区,南山区沙河街道中信红树湾北区,广东深圳市南山区沙河街道中信红树湾北区,广东深圳市南山区沙河街道中信红树湾北区,113.96553,22.529519
深圳红树湾,广东,深圳市,南山区,沙河街道白石洲东四坊13号,广东深圳市南山区沙河街道白石洲东四坊13号,广东深圳市南山区沙河街道白石洲东四坊13号,113.969988,22.532431
深圳红树湾,广东,深圳市,南山区,沙河街道深湾一路三号红树西岸3-5,广东深圳市南山区沙河街道深湾一路三号红树西岸3-5,广东深圳市南山区沙河街道深湾一路三号红树西岸3-5,113.966749,22.522512
深圳红树湾,广东,深圳市,南山区,沙河街道白石三道中信红树湾10B,广东深圳市南山区沙河街道白石三道中信红树湾10B,广东深圳市南山区沙河街道白石三道中信红树湾10B,113.965517,22.528087
深圳红树湾,广东,深圳市,南山区,沙河街道世界之窗海边宿舍3栋,广东深圳市南山区沙河街道世界之窗海边宿舍3栋,广东深圳市南山区沙河街道世界之窗海边宿舍3栋,113.974216,22.5369
深圳红树湾,广东,深圳市,南山区,沙河街道白石洲西二坊57号,广东深圳市南山区沙河街道白石洲西二坊57号,广东深圳市南山区沙河街道白石洲西二坊57号,113.967253,22.532013
深圳红树湾,广东,深圳市,南山区,深圳市南山区深湾一路红树西岸一橦三单元七A,广东深圳市南山区深圳市南山区深湾一路红树西岸一橦三单元七A,广东深圳市南山区深圳市南山区深湾一路红树西岸一橦三单元七A,113.965793,22.522231
深圳红树湾,广东,深圳市,南山区,沙河街道白石路2168号京基御景东方7栋,广东深圳市南山区沙河街道白石路2168号京基御景东方7栋,广东深圳市南山区沙河街道白石路2168号京基御景东方7栋,113.969212,22.531616
深圳红树湾,广东,深圳市,南山区,白石洲西二坊29号 101号 刘小姐,广东深圳市南山区白石洲西二坊29号,广东深圳市南山区白石洲西二坊29号,113.967704,22.533121
深圳红树湾,广东,深圳市,南山区,白石洲东二坊20号楼,广东深圳市南山区白石洲东二坊20号楼,广东深圳市南山区白石洲东二坊20号楼,113.968172,22.533692
深圳红树湾,广东,深圳市,南山区,沙河街道白石路御景东方2栋,广东深圳市南山区沙河街道白石路御景东方2栋,广东深圳市南山区沙河街道白石路御景东方2栋,113.970735,22.529536
深圳红树湾,广东,深圳市,南山区,白石洲未来时代公寓3栋,广东深圳市南山区白石洲未来时代公寓3栋,广东深圳市南山区白石洲未来时代公寓3栋,113.967589,22.536436
深圳红树湾,广东,深圳市,南山区,沙河街道沙河东路世纪村7栋座,广东深圳市南山区沙河街道沙河东路世纪村7栋座,广东深圳市南山区沙河街道沙河东路世纪村7栋座,113.964536,22.533573
深圳红树湾,广东,深圳市,南山区,沙河东路世纪村5栋座,广东深圳市南山区沙河东路世纪村5栋座,广东深圳市南山区沙河东路世纪村5栋座,113.96629,22.532043
深圳红树湾,广东,深圳市,南山区,沙河街道深湾一路红树西岸1,广东深圳市南山区沙河街道深湾一路红树西岸1,广东深圳市南山区沙河街道深湾一路红树西岸1,113.965793,22.522231
深圳红树湾,广东,深圳市,南山区,白石路京基百纳广场2栋,广东深圳市南山区白石路京基百纳广场2栋,广东深圳市南山区白石路京基百纳广场2栋,113.969425,22.530642
深圳红树湾,广东,深圳市,南山区,中信红树湾南区-8号楼-a单元,广东深圳市南山区中信红树湾南区-8号楼-a单元,广东深圳市南山区中信红树湾南区-8号楼-a单元,113.965574,22.526626
深圳红树湾,广东,深圳市,南山区,沙河东路世纪村六栋二座,广东深圳市南山区沙河东路世纪村六栋二座,广东深圳市南山区沙河东路世纪村六栋二座,113.964674,22.532069
深圳红树湾,广东,深圳市,南山区,沙河街道白石路京基东堤园1栋,广东深圳市南山区沙河街道白石路京基东堤园1栋,广东深圳市南山区沙河街道白石路京基东堤园1栋,113.971359,22.529807
深圳红树湾,广东,深圳市,南山区,中信红树湾5a,广东深圳市南山区中信红树湾5a,广东深圳市南山区中信红树湾5a,113.965517,22.528087
深圳红树湾,广东,深圳市,南山区,东方花园玉蕊阁,广东深圳市南山区东方花园玉蕊阁,广东深圳市南山区东方花园玉蕊阁,113.930478,22.533191
深圳红树湾,广东,深圳市,南山区,白石洲东三坊,广东深圳市南山区白石洲东三坊,广东深圳市南山区白石洲东三坊,113.969021,22.533255
深圳红树湾,广东,深圳市,南山区,沙河街道白石路瑞河耶纳花园2-3,广东深圳市南山区沙河街道白石路瑞河耶纳花园2-3,广东深圳市南山区沙河街道白石路瑞河耶纳花园2-3,113.976117,22.526338
深圳红树湾,广东,深圳市,南山区,沙河街道石洲中路55号国际市长交流中心,广东深圳市南山区沙河街道石洲中路55号国际市长交流中心,广东深圳市南山区沙河街道石洲中路55号国际市长交流中心,113.966441,22.538792
深圳红树湾,广东,深圳市,南山区,沙河街道紫苑茶馆·新派,广东深圳市南山区沙河街道紫苑茶馆·新派,广东深圳市南山区沙河街道紫苑茶馆·新派,114.02144,22.542631
深圳红树湾,广东,深圳市,南山区,沙河街道深湾一路瑧湾汇g栋睿印商场号zn造型DK粉色主,广东深圳市南山区沙河街道深湾一路瑧湾汇g栋睿印商场,广东深圳市南山区沙河街道深湾一路瑧湾汇g栋睿印商场,113.969435,22.524225
深圳红树湾,广东,深圳市,南山区,沙河街道深湾一路3号红树西岸1栋单元,广东深圳市南山区沙河街道深湾一路3号红树西岸1栋单元,广东深圳市南山区沙河街道深湾一路3号红树西岸1栋单元,113.964833,22.522257
深圳红树湾,广东,深圳市,南山区,白石洲西二坊98号,广东深圳市南山区白石洲西二坊98号,广东深圳市南山区白石洲西二坊98号,113.968083,22.532195
深圳红树湾,广东,深圳市,南山区,沙河世纪村2栋座,广东深圳市南山区沙河世纪村2栋座,广东深圳市南山区沙河世纪村2栋座,113.967045,22.533612
深圳红树湾,广东,深圳市,南山区,白石路京基东堤园一栋,广东深圳市南山区白石路京基东堤园一栋,广东深圳市南山区白石路京基东堤园一栋,113.971168,22.530316
深圳红树湾,广东,深圳市,南山区,白沙河街道白石洲村东一坊夸,广东深圳市南山区白沙河街道白石洲村东一坊,广东深圳市南山区白沙河街道白石洲村东一坊,113.968107,22.535628
深圳红树湾,广东,深圳市,南山区,沙河街道中信红树湾9栋C单元楼,广东深圳市南山区沙河街道中信红树湾9栋C单元楼,广东深圳市南山区沙河街道中信红树湾9栋C单元楼,113.965517,22.528087
深圳红树湾,广东,深圳市,南山区,中信红树湾10B,广东深圳市南山区中信红树湾10B,广东深圳市南山区中信红树湾10B,113.965517,22.528087
深圳红树湾,广东,深圳市,南山区,沙河街道沙河东路118号世纪村15栋,广东深圳市南山区沙河街道沙河东路118号世纪村15栋,广东深圳市南山区沙河街道沙河东路118号世纪村15栋,113.967045,22.533612
深圳红树湾,广东,深圳市,南山区,白石三道与深湾南路交叉口超总壹号营销中心,广东深圳市南山区白石三道与深湾南路交叉口超总壹号营销中心,广东深圳市南山区白石三道与深湾南路交叉口超总壹号营销中心,113.968945,22.530912
深圳红树湾,广东,深圳市,南山区,沙河街道南山万科瑧湾汇云中心G栋,广东深圳市南山区沙河街道南山万科瑧湾汇云中心G栋,广东深圳市南山区沙河街道南山万科瑧湾汇云中心G栋,113.969146,22.524084
深圳红树湾,广东,深圳市,南山区,南山区沙河街道白石二道中信红树湾13c栋房BenjaminLorentz,广东深圳市南山区沙河街道白石二道中信红树湾13c栋房BenjaminLorentz,广东深圳市南山区沙河街道白石二道中信红树湾13c栋房BenjaminLorentz,113.965517,22.528087
深圳红树湾,广东,深圳市,南山区,沙河东路汇雅苑1栋,广东深圳市南山区沙河东路汇雅苑1栋,广东深圳市南山区沙河东路汇雅苑1栋,113.964704,22.537562
深圳红树湾,广东,深圳市,南山区,石洲中路,广东深圳市南山区石洲中路,广东深圳市南山区石洲中路,113.96675,22.535278
深圳红树湾,广东,深圳市,南山区,南山区弘文文化广场楼U乐街舞培训中心,广东深圳市南山区弘文文化广场楼U乐街舞培训中心,广东深圳市南山区弘文文化广场楼U乐街舞培训中心,113.966683,22.532136
深圳红树湾,广东,深圳市,南山区,白石洲东四坊53号,广东深圳市南山区白石洲东四坊53号,广东深圳市南山区白石洲东四坊53号,113.969988,22.532431
深圳红树湾,广东,深圳市,南山区,沙河街道深圳南山区白石洲东四坊140栋,广东深圳市南山区沙河街道深圳南山区白石洲东四坊140栋,广东深圳市南山区沙河街道深圳南山区白石洲东四坊140栋,113.969988,22.532431
深圳红树湾,广东,深圳市,南山区,白石路京基百纳广场楼银行,广东深圳市南山区白石路京基百纳广场楼银行,广东深圳市南山区白石路京基百纳广场楼银行,113.969345,22.530691
深圳红树湾,广东,深圳市,南山区,白石洲东一坊73号,广东深圳市南山区白石洲东一坊73号,广东深圳市南山区白石洲东一坊73号,113.967731,22.53382
深圳红树湾,广东,深圳市,南山区,瑞河耶纳,广东深圳市南山区瑞河耶纳,广东深圳市南山区瑞河耶纳,113.976117,22.526338
深圳红树湾,广东,深圳市,南山区,沙河街道白石洲西一坊15号楼,广东深圳市南山区沙河街道白石洲西一坊15号楼,广东深圳市南山区沙河街道白石洲西一坊15号楼,113.96766,22.53353
深圳红树湾,广东,深圳市,南山区,沙河东路1号沙河高尔夫俱乐部,广东深圳市南山区沙河东路1号沙河高尔夫俱乐部,广东深圳市南山区沙河东路1号沙河高尔夫俱乐部,113.963462,22.529765
深圳红树湾,广东,深圳市,南山区,沙河街道臻湾汇F栋,广东深圳市南山区沙河街道臻湾汇F栋,广东深圳市南山区沙河街道臻湾汇F栋,113.930478,22.533191
深圳红树湾,广东,深圳市,南山区,沙河街道白石洲东一坊103号中,广东深圳市南山区沙河街道白石洲东一坊103号中,广东深圳市南山区沙河街道白石洲东一坊103号中,113.967846,22.535676
深圳红树湾,广东,深圳市,南山区,沙河街道中信金融中心北门,广东深圳市南山区沙河街道中信金融中心北门,广东深圳市南山区沙河街道中信金融中心北门,113.967409,22.520583
深圳红树湾,广东,深圳市,南山区,沙河街道南山区沙河街道白石路2288号深圳棕榈泉国际中心放篮球场旁边,广东深圳市南山区沙河街道南山区沙河街道白石路2288号深圳棕榈泉国际中心放篮球场旁边,广东深圳市南山区沙河街道南山区沙河街道白石路2288号深圳棕榈泉国际中心放篮球场旁边,113.962844,22.532981
深圳红树湾,广东,深圳市,南山区,沙河街道白石洲红树街90号益众,广东深圳市南山区沙河街道白石洲红树街90号益众,广东深圳市南山区沙河街道白石洲红树街90号益众,113.968556,22.531808
深圳红树湾,广东,深圳市,南山区,沙河街道白石洲西二坊13号,广东深圳市南山区沙河街道白石洲西二坊13号,广东深圳市南山区沙河街道白石洲西二坊13号,113.967335,22.533339
深圳红树湾,广东,深圳市,南山区,南山区沙河街道深圳市南山区棕榈泉练习场桐行高尔夫专卖店,广东深圳市南山区沙河街道深圳市南山区棕榈泉练习场桐行高尔夫专卖店,广东深圳市南山区沙河街道深圳市南山区棕榈泉练习场桐行高尔夫专卖店,113.962875,22.532775
深圳红树湾,广东,深圳市,南山区,白石路瑞河耶纳3栋单元,广东深圳市南山区白石路瑞河耶纳3栋单元,广东深圳市南山区白石路瑞河耶纳3栋单元,113.974978,22.526429
深圳红树湾,广东,深圳市,南山区,深圳市南山区沙河高尔夫球会蜂巢,广东深圳市南山区深圳市南山区沙河高尔夫球会蜂巢,广东深圳市南山区深圳市南山区沙河高尔夫球会蜂巢,113.930478,22.533191
深圳红树湾,广东,深圳市,南山区,白石洲美庐锦园周,广东深圳市南山区白石洲美庐锦园,广东深圳市南山区白石洲美庐锦园,113.966161,22.536122
深圳红树湾,广东,深圳市,南山区,桔子酒店地址深圳南山区深南大道,广东深圳市南山区桔子酒店地址深圳南山区深南大道,广东深圳市南山区桔子酒店地址深圳南山区深南大道,113.993509,22.533391
深圳红树湾,广东,深圳市,南山区,白石洲西二坊2,广东深圳市南山区白石洲西二坊2,广东深圳市南山区白石洲西二坊2,113.967263,22.533669
深圳红树湾,广东,深圳市,南山区,深圳市南山区白石洲中路沙河天虹楼曲歌专柜,广东深圳市南山区深圳市南山区白石洲中路沙河天虹楼曲歌专柜,广东深圳市南山区深圳市南山区白石洲中路沙河天虹楼曲歌专柜,113.967007,22.536751
深圳红树湾,广东,深圳市,南山区,深湾三路天音大厦,广东深圳市南山区深湾三路天音大厦,广东深圳市南山区深湾三路天音大厦,113.972296,22.52777
深圳红树湾,广东,深圳市,南山区,白石洲红树街88号中国,广东深圳市南山区白石洲红树街88号中国,广东深圳市南山区白石洲红树街88号中国,113.968581,22.531823
深圳红树湾,广东,深圳市,南山区,沙河街道东方社区党群服务中心楼办事大厅,广东深圳市南山区沙河街道东方社区党群服务中心楼办事大厅,广东深圳市南山区沙河街道东方社区党群服务中心楼办事大厅,110.45316,21.244798
深圳红树湾,广东,深圳市,南山区,南山区沙河街道白石洲东二坊,广东深圳市南山区沙河街道白石洲东二坊,广东深圳市南山区沙河街道白石洲东二坊,113.968172,22.533692
深圳红树湾,广东,深圳市,南山区,沙河街道沙河高尔夫球会宿舍沙河高尔夫球会宿舍丰巢柜,广东深圳市南山区沙河街道沙河高尔夫球会宿舍沙河高尔夫球会宿舍丰巢柜,广东深圳市南山区沙河街道沙河高尔夫球会宿舍沙河高尔夫球会宿舍丰巢柜,113.959801,22.52628
深圳红树湾,广东,深圳市,南山区,沙河街道白石洲东四坊,广东深圳市南山区沙河街道白石洲东四坊,广东深圳市南山区沙河街道白石洲东四坊,113.969988,22.532431
深圳红树湾,广东,深圳市,南山区,沙河街道白石洲一街135号古,广东深圳市南山区沙河街道白石洲一街135号古,广东深圳市南山区沙河街道白石洲一街135号古,113.967465,22.538369
深圳红树湾,广东,深圳市,南山区,沙河街道白石州御景东方花园4栋,广东深圳市南山区沙河街道白石州御景东方花园4栋,广东深圳市南山区沙河街道白石州御景东方花园4栋,113.912288,22.557187
深圳红树湾,广东,深圳市,南山区,白石路京基御景东方花园1,广东深圳市南山区白石路京基御景东方花园1,广东深圳市南山区白石路京基御景东方花园1,113.969493,22.531086
深圳红树湾,广东,深圳市,南山区,沙河街道深湾一路红树西岸小区2栋单元,广东深圳市南山区沙河街道深湾一路红树西岸小区2栋单元,广东深圳市南山区沙河街道深湾一路红树西岸小区2栋单元,113.965793,22.522231
深圳红树湾,广东,深圳市,南山区,白石洲东四坊39号白石洲东四坊,广东深圳市南山区白石洲东四坊39号白石洲东四坊,广东深圳市南山区白石洲东四坊39号白石洲东四坊,113.969988,22.532431
深圳红树湾,广东,深圳市,南山区,沙河东路118号世纪村5栋座,广东深圳市南山区沙河东路118号世纪村5栋座,广东深圳市南山区沙河东路118号世纪村5栋座,113.96629,22.532043
深圳红树湾,广东,深圳市,南山区,臻湾汇G栋,广东深圳市南山区臻湾汇G栋,广东深圳市南山区臻湾汇G栋,113.930478,22.533191
深圳红树湾,广东,深圳市,南山区,深湾一路中信红树湾6A,广东深圳市南山区深湾一路中信红树湾6A,广东深圳市南山区深湾一路中信红树湾6A,113.965517,22.528087
深圳红树湾,广东,深圳市,南山区,红树湾南地铁站深圳招行总部,广东深圳市南山区红树湾南地铁站深圳招行总部,广东深圳市南山区红树湾南地铁站深圳招行总部,113.971433,22.523023
深圳红树湾,广东,深圳市,南山区,沙河街道瑧湾汇H,广东深圳市南山区沙河街道瑧湾汇H,广东深圳市南山区沙河街道瑧湾汇H,113.969146,22.524084
深圳红树湾,广东,深圳市,南山区,世纪村一栋五座,广东深圳市南山区世纪村一栋五座,广东深圳市南山区世纪村一栋五座,113.967045,22.533612
深圳红树湾,广东,深圳市,南山区,非常城市,广东深圳市南山区非常城市,广东深圳市南山区非常城市,113.930478,22.533191
深圳红树湾,广东,深圳市,南山区,沙河街道世紀村2栋单元,广东深圳市南山区沙河街道世紀村2栋单元,广东深圳市南山区沙河街道世紀村2栋单元,113.967045,22.533612
深圳红树湾,广东,深圳市,南山区,南头街道-中交三公局深圳市轨道交通20号线土建一工区项目经理部,广东深圳市南山区南头街道-中交三公局深圳市轨道交通20号线土建一工区项目经理部,广东深圳市南山区南头街道-中交三公局深圳市轨道交通20号线土建一工区项目经理部,113.922817,22.543137
深圳红树湾,广东,深圳市,南山区,沙河街道广东深圳市南山区沙河东路118号世纪村6-1,广东深圳市南山区沙河街道广东深圳市南山区沙河东路118号世纪村6-1,广东深圳市南山区沙河街道广东深圳市南山区沙河东路118号世纪村6-1,113.964674,22.532069
深圳红树湾,广东,深圳市,南山区,深湾一路红树西岸1栋单元,广东深圳市南山区深湾一路红树西岸1栋单元,广东深圳市南山区深湾一路红树西岸1栋单元,113.964833,22.522257
深圳红树湾,广东,深圳市,南山区,沙河街道中信红树湾15B,广东深圳市南山区沙河街道中信红树湾15B,广东深圳市南山区沙河街道中信红树湾15B,113.965517,22.528087
深圳红树湾,广东,深圳市,南山区,白石街白石洲东一坊,广东深圳市南山区白石街白石洲东一坊,广东深圳市南山区白石街白石洲东一坊,113.967913,22.534854
深圳红树湾,广东,深圳市,南山区,南山区中信红树湾11栋2,广东深圳市南山区中信红树湾11栋2,广东深圳市南山区中信红树湾11栋2,113.965517,22.528087
深圳红树湾,广东,深圳市,南山区,沙河街道中信红树湾10栋B单元,广东深圳市南山区沙河街道中信红树湾10栋B单元,广东深圳市南山区沙河街道中信红树湾10栋B单元,113.965517,22.528087
深圳红树湾,广东,深圳市,南山区,华侨城东方花园玉蕊阁,广东深圳市南山区华侨城东方花园玉蕊阁,广东深圳市南山区华侨城东方花园玉蕊阁,113.979821,22.538544
深圳红树湾,广东,深圳市,南山区,南山街道白石州白石一街街头苹果购机及维修店,广东深圳市南山区南山街道白石州白石一街街头苹果购机及维修店,广东深圳市南山区南山街道白石州白石一街街头苹果购机及维修店,113.969449,22.540798
深圳红树湾,广东,深圳市,南山区,白石州白石一路116号立,广东深圳市南山区白石州白石一路116号立,广东深圳市南山区白石州白石一路116号立,113.969449,22.540798
深圳红树湾,广东,深圳市,南山区,沙河街道深圳市南山区白石路御景东方2栋D,广东深圳市南山区沙河街道深圳市南山区白石路御景东方2栋D,广东深圳市南山区沙河街道深圳市南山区白石路御景东方2栋D,113.970735,22.529536
深圳红树湾,广东,深圳市,南山区,沙河街道深湾二路82号神州数码创新中心3座写字楼楼建设银行深圳,广东深圳市南山区沙河街道深湾二路82号神州数码创新中心3座写字楼楼建设银行深圳,广东深圳市南山区沙河街道深湾二路82号神州数码创新中心3座写字楼楼建设银行深圳,113.970742,22.525261
深圳红树湾,广东,深圳市,南山区,石洲中路一坊31栋,广东深圳市南山区石洲中路一坊31栋,广东深圳市南山区石洲中路一坊31栋,113.92007,22.541604
深圳红树湾,广东,深圳市,南山区,沙河街道白石洲东二坊,广东深圳市南山区沙河街道白石洲东二坊,广东深圳市南山区沙河街道白石洲东二坊,113.968172,22.533692
深圳红树湾,广东,深圳市,南山区,沙河街道红树西岸一栋一单元,广东深圳市南山区沙河街道红树西岸一栋一单元,广东深圳市南山区沙河街道红树西岸一栋一单元,113.965793,22.522231
深圳红树湾,广东,深圳市,南山区,沙河东路东白石二道南中信红树湾花城5A,广东深圳市南山区沙河东路东白石二道南中信红树湾花城5A,广东深圳市南山区沙河东路东白石二道南中信红树湾花城5A,113.96682,22.527026
深圳红树湾,广东,深圳市,南山区,南山区沙河街道沙河东路世纪村花园5栋座,广东深圳市南山区沙河街道沙河东路世纪村花园5栋座,广东深圳市南山区沙河街道沙河东路世纪村花园5栋座,113.967045,22.533612
深圳红树湾,广东,深圳市,南山区,白石路深湾三路瑞河耶纳3-2,广东深圳市南山区白石路深湾三路瑞河耶纳3-2,广东深圳市南山区白石路深湾三路瑞河耶纳3-2,113.976117,22.526338
深圳红树湾,广东,深圳市,南山区,白石路与深湾二路交汇处京基百纳广场西侧负楼童装ELANDKIDS,广东深圳市南山区白石路与深湾二路交汇处京基百纳广场西侧负楼童装ELANDKIDS,广东深圳市南山区白石路与深湾二路交汇处京基百纳广场西侧负楼童装ELANDKIDS,113.969345,22.530691
深圳红树湾,广东,深圳市,南山区,白石洲东四坊,广东深圳市南山区白石洲东四坊,广东深圳市南山区白石洲东四坊,113.969988,22.532431
深圳红树湾,广东,深圳市,南山区,石洲中路25号美庐锦园A座,广东深圳市南山区石洲中路25号美庐锦园A座,广东深圳市南山区石洲中路25号美庐锦园A座,113.966699,22.536663
深圳红树湾,广东,深圳市,南山区,白石洲京基百纳负楼号wuyue,广东深圳市南山区白石洲京基百纳负楼号,广东深圳市南山区白石洲京基百纳负楼号,113.967465,22.538369
深圳红树湾,广东,深圳市,南山区,沙河街道白石路京基御景东方5栋,广东深圳市南山区沙河街道白石路京基御景东方5栋,广东深圳市南山区沙河街道白石路京基御景东方5栋,113.968543,22.531386
深圳红树湾,广东,深圳市,南山区,沙河街道深圳欢乐海岸万豪行政公寓t1栋Jeleven,广东深圳市南山区沙河街道深圳欢乐海岸万豪行政公寓t1栋Jeleven,广东深圳市南山区沙河街道深圳欢乐海岸万豪行政公寓t1栋Jeleven,113.98759,22.52537
深圳红树湾,广东,深圳市,南山区,沙河街道白石洲西一坊22号,广东深圳市南山区沙河街道白石洲西一坊22号,广东深圳市南山区沙河街道白石洲西一坊22号,113.967191,22.535801
深圳红树湾,广东,深圳市,南山区,沙河街道沙河高尔夫棕榈泉国际中心员工宿舍,广东深圳市南山区沙河街道沙河高尔夫棕榈泉国际中心员工宿舍,广东深圳市南山区沙河街道沙河高尔夫棕榈泉国际中心员工宿舍,113.962844,22.532981
深圳红树湾,广东,深圳市,南山区,广东深圳市南山区沙河街道银行总部中建八局项目部丰巢快递柜,广东深圳市南山区广东深圳市南山区沙河街道银行总部中建八局项目部丰巢快递柜,广东深圳市南山区广东深圳市南山区沙河街道银行总部中建八局项目部丰巢快递柜,113.939225,22.630775
深圳红树湾,广东,深圳市,南山区,石洲中路美庐锦园D栋,广东深圳市南山区石洲中路美庐锦园D栋,广东深圳市南山区石洲中路美庐锦园D栋,113.966576,22.535799
深圳红树湾,广东,深圳市,南山区,白石路欢乐海岸蓝楹国际商务中心,广东深圳市南山区白石路欢乐海岸蓝楹国际商务中心,广东深圳市南山区白石路欢乐海岸蓝楹国际商务中心,113.989863,22.526098
深圳红树湾,广东,深圳市,南山区,沙河街道沙河东路中信红树湾15号楼A座,广东深圳市南山区沙河街道沙河东路中信红树湾15号楼A座,广东深圳市南山区沙河街道沙河东路中信红树湾15号楼A座,113.966683,22.531136
深圳红树湾,广东,深圳市,南山区,南山区沙河街道中信红树湾5A603公司名称深圳市启航文化传媒有限公司,广东深圳市南山区沙河街道中信红树湾5A603公司名称深圳市启航文化传媒有限公司,广东深圳市南山区沙河街道中信红树湾5A603公司名称深圳市启航文化传媒有限公司,113.965517,22.528087
深圳红树湾,广东,深圳市,南山区,沙河街道白石三道深圳湾睿印RAILI号线空间负层室瑞,广东深圳市南山区沙河街道白石三道深圳湾睿印RAILI号线空间负层室瑞,广东深圳市南山区沙河街道白石三道深圳湾睿印RAILI号线空间负层室瑞,113.950183,22.519126
深圳红树湾,广东,深圳市,南山区,沙河街道白石四道中信建设北门,广东深圳市南山区沙河街道白石四道中信建设北门,广东深圳市南山区沙河街道白石四道中信建设北门,113.974326,22.523137
深圳红树湾,广东,深圳市,南山区,白石洲东四坊70-2栋,广东深圳市南山区白石洲东四坊70-2栋,广东深圳市南山区白石洲东四坊70-2栋,113.969988,22.532431
深圳红树湾,广东,深圳市,南山区,沙河街道石洲北路16号汇雅苑2栋,广东深圳市南山区沙河街道石洲北路16号汇雅苑2栋,广东深圳市南山区沙河街道石洲北路16号汇雅苑2栋,113.96468,22.536879
深圳红树湾,广东,深圳市,南山区,沙河街道白石洲东2坊13号【AE5短款星空灰】,广东深圳市南山区沙河街道白石洲东2坊13号,广东深圳市南山区沙河街道白石洲东2坊13号,113.967478,22.548658
深圳红树湾,广东,深圳市,南山区,红树西岸红树西岸深圳市南山区白石路红树西岸3栋单元,广东深圳市南山区红树西岸红树西岸深圳市南山区白石路红树西岸3栋单元,广东深圳市南山区红树西岸红树西岸深圳市南山区白石路红树西岸3栋单元,113.966038,22.522631
深圳红树湾,广东,深圳市,南山区,白石洲东四坊81栋,广东深圳市南山区白石洲东四坊81栋,广东深圳市南山区白石洲东四坊81栋,113.969988,22.532431
深圳红树湾,广东,深圳市,南山区,沙河街道深湾一路3号红树西岸102,广东深圳市南山区沙河街道深湾一路3号红树西岸102,广东深圳市南山区沙河街道深湾一路3号红树西岸102,113.965793,22.522231
深圳红树湾,广东,深圳市,南山区,白石路御景东方1栋,广东深圳市南山区白石路御景东方1栋,广东深圳市南山区白石路御景东方1栋,113.970735,22.529536
深圳红树湾,广东,深圳市,南山区,沙河街道京,广东深圳市南山区沙河街道京,广东深圳市南山区沙河街道京,113.930478,22.533191
深圳红树湾,广东,深圳市,南山区,白石洲石洲中路,广东深圳市南山区白石洲石洲中路,广东深圳市南山区白石洲石洲中路,113.96675,22.535278
深圳红树湾,广东,深圳市,南山区,沙河街道世纪村亨晖庭一栋座,广东深圳市南山区沙河街道世纪村亨晖庭一栋座,广东深圳市南山区沙河街道世纪村亨晖庭一栋座,113.967045,22.533612
深圳红树湾,广东,深圳市,南山区,沙河街道白石洲东四坊122,广东深圳市南山区沙河街道白石洲东四坊122,广东深圳市南山区沙河街道白石洲东四坊122,113.970934,22.532183
深圳红树湾,广东,深圳市,南山区,沙河东路中信红树湾二期10栋A座楼,广东深圳市南山区沙河东路中信红树湾二期10栋A座楼,广东深圳市南山区沙河东路中信红树湾二期10栋A座楼,113.966683,22.531136
深圳红树湾,广东,深圳市,南山区,沙河街道深圳市南山区沙河东路2288号沙河高尔夫员工宿舍丰巢,广东深圳市南山区沙河街道深圳市南山区沙河东路2288号沙河高尔夫员工宿舍丰巢,广东深圳市南山区沙河街道深圳市南山区沙河东路2288号沙河高尔夫员工宿舍丰巢,113.966438,22.548486
深圳红树湾,广东,深圳市,南山区,沙河街道深湾一路3号红树西岸2-1,广东深圳市南山区沙河街道深湾一路3号红树西岸2-1,广东深圳市南山区沙河街道深湾一路3号红树西岸2-1,113.965793,22.522231
深圳红树湾,广东,深圳市,南山区,沙河街道西二坊,广东深圳市南山区沙河街道西二坊,广东深圳市南山区沙河街道西二坊,113.968296,22.532039
深圳红树湾,广东,深圳市,南山区,沙河街道白石路2288号棕榈泉国际中心楼官邸2,广东深圳市南山区沙河街道白石路2288号棕榈泉国际中心楼官邸2,广东深圳市南山区沙河街道白石路2288号棕榈泉国际中心楼官邸2,113.962899,22.532765
深圳红树湾,广东,深圳市,南山区,沙河街道深湾一路与白石三道交界处深湾汇云中心E座,广东深圳市南山区沙河街道深湾一路与白石三道交界处深湾汇云中心E座,广东深圳市南山区沙河街道深湾一路与白石三道交界处深湾汇云中心E座,113.970441,22.524145
深圳红树湾,广东,深圳市,南山区,沙河街道白石洲美庐锦园C栋,广东深圳市南山区沙河街道白石洲美庐锦园C栋,广东深圳市南山区沙河街道白石洲美庐锦园C栋,113.966629,22.536166
深圳红树湾,广东,深圳市,南山区,沙河东路红树西岸二栋八单元10B,广东深圳市南山区沙河东路红树西岸二栋八单元10B,广东深圳市南山区沙河东路红树西岸二栋八单元10B,113.965793,22.522231
深圳红树湾,广东,深圳市,南山区,中信红树湾15栋b单元,广东深圳市南山区中信红树湾15栋b单元,广东深圳市南山区中信红树湾15栋b单元,113.965517,22.528087
深圳红树湾,广东,深圳市,南山区,沙河街道瑧湾汇G栋,广东深圳市南山区沙河街道瑧湾汇G栋,广东深圳市南山区沙河街道瑧湾汇G栋,113.969435,22.524225
深圳红树湾,广东,深圳市,南山区,沙河街道白石二道8-2中信红树湾一期3A,广东深圳市南山区沙河街道白石二道8-2中信红树湾一期3A,广东深圳市南山区沙河街道白石二道8-2中信红树湾一期3A,113.96531,22.528261
深圳红树湾,广东,深圳市,南山区,沙河东路1号沙河高尔夫别墅C,广东深圳市南山区沙河东路1号沙河高尔夫别墅C,广东深圳市南山区沙河东路1号沙河高尔夫别墅C,113.963462,22.529765
深圳红树湾,广东,深圳市,南山区,沙河街道中信红树湾北区13栋B,广东深圳市南山区沙河街道中信红树湾北区13栋B,广东深圳市南山区沙河街道中信红树湾北区13栋B,113.96509,22.529774
深圳红树湾,广东,深圳市,南山区,白石洲西二坊33栋,广东深圳市南山区白石洲西二坊33栋,广东深圳市南山区白石洲西二坊33栋,113.967558,22.532677
深圳红树湾,广东,深圳市,南山区,华侨城碧海云天一期,广东深圳市南山区华侨城碧海云天一期,广东深圳市南山区华侨城碧海云天一期,113.979821,22.538544
深圳红树湾,广东,深圳市,南山区,沙河街道石洲中路25号美庐锦园C,广东深圳市南山区沙河街道石洲中路25号美庐锦园C,广东深圳市南山区沙河街道石洲中路25号美庐锦园C,113.966699,22.536663
深圳红树湾,广东,深圳市,南山区,深南大道辅路东方花园U3栋B,广东深圳市南山区深南大道辅路东方花园U3栋B,广东深圳市南山区深南大道辅路东方花园U3栋B,113.928377,22.53978
深圳红树湾,广东,深圳市,南山区,沙河街道深湾一路红树西岸2-8,广东深圳市南山区沙河街道深湾一路红树西岸2-8,广东深圳市南山区沙河街道深湾一路红树西岸2-8,113.965793,22.522231
深圳红树湾,广东,深圳市,南山区,南山区沙河街道沙河东路世纪村三期王府7栋座,广东深圳市南山区沙河街道沙河东路世纪村三期王府7栋座,广东深圳市南山区沙河街道沙河东路世纪村三期王府7栋座,113.967045,22.533612
深圳红树湾,广东,深圳市,南山区,京基百纳广场沙河天虹楼棉麻布衣素专柜,广东深圳市南山区京基百纳广场沙河天虹楼棉麻布衣素专柜,广东深圳市南山区京基百纳广场沙河天虹楼棉麻布衣素专柜,113.969345,22.530691
深圳红树湾,广东,深圳市,南山区,白石三道瑧湾汇G栋,广东深圳市南山区白石三道瑧湾汇G栋,广东深圳市南山区白石三道瑧湾汇G栋,113.969435,22.524225
深圳红树湾,广东,深圳市,南山区,沙河街道深圳市南山区沙河东路世纪村7栋一座楼,广东深圳市南山区沙河街道深圳市南山区沙河东路世纪村7栋一座楼,广东深圳市南山区沙河街道深圳市南山区沙河东路世纪村7栋一座楼,113.964536,22.533573
深圳红树湾,广东,深圳市,南山区,白石路东8号欢乐海岸购物中心G层008-009全棉时代(对面保,广东深圳市南山区白石路东8号欢乐海岸购物中心G层008-009全棉时代,广东深圳市南山区白石路东8号欢乐海岸购物中心G层008-009全棉时代,113.989666,22.5255
深圳红树湾,广东,深圳市,南山区,沙河街道御景东方花园1栋,广东深圳市南山区沙河街道御景东方花园1栋,广东深圳市南山区沙河街道御景东方花园1栋,113.912583,22.55656
深圳红树湾,广东,深圳市,南山区,沙河街道沙河天虹负楼盼盼龙童装,广东深圳市南山区沙河街道沙河天虹负楼盼盼龙童装,广东深圳市南山区沙河街道沙河天虹负楼盼盼龙童装,113.968552,22.530807
深圳红树湾,广东,深圳市,南山区,沙河街道中信红树湾16b,广东深圳市南山区沙河街道中信红树湾16b,广东深圳市南山区沙河街道中信红树湾16b,113.965517,22.528087
深圳红树湾,广东,深圳市,南山区,深湾一路与白石三路交汇处负楼谭木匠专卖店,广东深圳市南山区深湾一路与白石三路交汇处负楼谭木匠专卖店,广东深圳市南山区深湾一路与白石三路交汇处负楼谭木匠专卖店,113.964819,22.525872
深圳红树湾,广东,深圳市,南山区,沙河街道世界之窗西侧欧风街1号楼,广东深圳市南山区沙河街道世界之窗西侧欧风街1号楼,广东深圳市南山区沙河街道世界之窗西侧欧风街1号楼,113.974216,22.5369
深圳红树湾,广东,深圳市,南山区,白石路御景东方3栋,广东深圳市南山区白石路御景东方3栋,广东深圳市南山区白石路御景东方3栋,113.970735,22.529536
深圳红树湾,广东,深圳市,南山区,白石三道臻湾汇A栋原单号,广东深圳市南山区白石三道臻湾汇A栋原单号,广东深圳市南山区白石三道臻湾汇A栋原单号,114.096667,22.564253
深圳红树湾,广东,深圳市,南山区,白石洲社区东四坊405中,广东深圳市南山区白石洲社区东四坊405中,广东深圳市南山区白石洲社区东四坊405中,113.969988,22.532431
深圳红树湾,广东,深圳市,南山区,京基东堤园4栋,广东深圳市南山区京基东堤园4栋,广东深圳市南山区京基东堤园4栋,113.970944,22.530072
深圳红树湾,广东,深圳市,南山区,沙河街道石洲中路25号美庐锦园-A,广东深圳市南山区沙河街道石洲中路25号美庐锦园-A,广东深圳市南山区沙河街道石洲中路25号美庐锦园-A,113.966699,22.536663
深圳红树湾,广东,深圳市,南山区,沙河街道白石洲东四坊109号快宝,广东深圳市南山区沙河街道白石洲东四坊109号快宝,广东深圳市南山区沙河街道白石洲东四坊109号快宝,113.969988,22.532431
深圳红树湾,广东,深圳市,南山区,红树西岸花园会所前台,广东深圳市南山区红树西岸花园会所前台,广东深圳市南山区红树西岸花园会所前台,113.965793,22.522231
深圳红树湾,广东,深圳市,南山区,沙河街道沙河东路中信红树湾10B栋,广东深圳市南山区沙河街道沙河东路中信红树湾10B栋,广东深圳市南山区沙河街道沙河东路中信红树湾10B栋,113.966683,22.531136
深圳红树湾,广东,深圳市,南山区,沙河街道南山区白石州68好碧海云天8栋楼B,广东深圳市南山区沙河街道南山区白石州68好碧海云天8栋楼B,广东深圳市南山区沙河街道南山区白石州68好碧海云天8栋楼B,113.995564,22.528706
深圳红树湾,广东,深圳市,南山区,沙河街道华侨城东方花园丹霞阁,广东深圳市南山区沙河街道华侨城东方花园丹霞阁,广东深圳市南山区沙河街道华侨城东方花园丹霞阁,113.979821,22.538544
深圳红树湾,广东,深圳市,南山区,南山区沙河街道南山区白石路京基百纳广场楼港湾宴会厅,广东深圳市南山区沙河街道南山区白石路京基百纳广场楼港湾宴会厅,广东深圳市南山区沙河街道南山区白石路京基百纳广场楼港湾宴会厅,113.968782,22.530699
深圳红树湾,广东,深圳市,南山区,沙河街道中信红树湾南区5栋A501派件请18400882757,广东深圳市南山区沙河街道中信红树湾南区5栋A501,广东深圳市南山区沙河街道中信红树湾南区5栋A501,113.966521,22.526884
深圳红树湾,广东,深圳市,南山区,瑧湾汇G栋,广东深圳市南山区瑧湾汇G栋,广东深圳市南山区瑧湾汇G栋,113.969435,22.524225
深圳红树湾,广东,深圳市,南山区,南山区沙河街道华侨城臻湾汇G,广东深圳市南山区沙河街道华侨城臻湾汇G,广东深圳市南山区沙河街道华侨城臻湾汇G,113.979821,22.538544
深圳红树湾,广东,深圳市,南山区,滨海大道2008号深圳华侨城都市娱乐投资公司南门,广东深圳市南山区滨海大道2008号深圳华侨城都市娱乐投资公司南门,广东深圳市南山区滨海大道2008号深圳华侨城都市娱乐投资公司南门,113.99,22.521495
深圳红树湾,广东,深圳市,南山区,白石洲东三坊1号,广东深圳市南山区白石洲东三坊1号,广东深圳市南山区白石洲东三坊1号,113.968126,22.533113
深圳红树湾,广东,深圳市,南山区,南山区沙田街道沙河高尔夫球场宿舍楼,广东深圳市南山区沙田街道沙河高尔夫球场宿舍楼,广东深圳市南山区沙田街道沙河高尔夫球场宿舍楼,114.397882,22.755833
深圳红树湾,广东,深圳市,南山区,沙河东路京基百纳天虹商场,广东深圳市南山区沙河东路京基百纳天虹商场,广东深圳市南山区沙河东路京基百纳天虹商场,113.965479,22.546171
深圳红树湾,广东,深圳市,南山区,白石洲东二坊7-1,广东深圳市南山区白石洲东二坊7-1,广东深圳市南山区白石洲东二坊7-1,113.968172,22.533692
深圳红树湾,广东,深圳市,南山区,沙河街道白石洲东四坊71号,广东深圳市南山区沙河街道白石洲东四坊71号,广东深圳市南山区沙河街道白石洲东四坊71号,113.969988,22.532431
深圳红树湾,广东,深圳市,南山区,南山区沙河街道白石洲西一坊,广东深圳市南山区沙河街道白石洲西一坊,广东深圳市南山区沙河街道白石洲西一坊,113.967249,22.53415
深圳红树湾,广东,深圳市,南山区,红树湾幼儿园,广东深圳市南山区红树湾幼儿园,广东深圳市南山区红树湾幼儿园,113.966577,22.530063
深圳红树湾,广东,深圳市,南山区,沙河街道深湾一路中信红树湾6B,广东深圳市南山区沙河街道深湾一路中信红树湾6B,广东深圳市南山区沙河街道深湾一路中信红树湾6B,113.965517,22.528087
深圳红树湾,广东,深圳市,南山区,沙河东路中信红树湾5A301,广东深圳市南山区沙河东路中信红树湾5A301,广东深圳市南山区沙河东路中信红树湾5A301,113.966683,22.531136
深圳红树湾,广东,深圳市,南山区,深湾一路3号红树西岸花园2号楼单元,广东深圳市南山区深湾一路3号红树西岸花园2号楼单元,广东深圳市南山区深湾一路3号红树西岸花园2号楼单元,113.965793,22.522231
深圳红树湾,广东,深圳市,南山区,白石洲东二坊35号,广东深圳市南山区白石洲东二坊35号,广东深圳市南山区白石洲东二坊35号,113.968354,22.533558
深圳红树湾,广东,深圳市,南山区,白石洲东三坊51号B,广东深圳市南山区白石洲东三坊51号B,广东深圳市南山区白石洲东三坊51号B,113.969021,22.533255
深圳红树湾,广东,深圳市,南山区,白石洲白石一街17号店,广东深圳市南山区白石洲白石一街17号店,广东深圳市南山区白石洲白石一街17号店,113.969449,22.540798
深圳红树湾,广东,深圳市,南山区,石洲中路55号国际市长交流中心,广东深圳市南山区石洲中路55号国际市长交流中心,广东深圳市南山区石洲中路55号国际市长交流中心,113.966441,22.538792
深圳红树湾,广东,深圳市,南山区,沙河街道中信红树湾5A,广东深圳市南山区沙河街道中信红树湾5A,广东深圳市南山区沙河街道中信红树湾5A,113.965517,22.528087
深圳红树湾,广东,深圳市,南山区,沙河街道南山区沙河街道臻湾汇H,广东深圳市南山区沙河街道南山区沙河街道臻湾汇H,广东深圳市南山区沙河街道南山区沙河街道臻湾汇H,113.930478,22.533191
深圳红树湾,广东,深圳市,南山区,沙河街道白石洲东四坊122号B,广东深圳市南山区沙河街道白石洲东四坊122号B,广东深圳市南山区沙河街道白石洲东四坊122号B,113.970934,22.532183
深圳红树湾,广东,深圳市,南山区,圳南山区沙河街道白石洲博耐家居广场楼德国路福专柜,广东深圳市南山区圳南山区沙河街道白石洲博耐家居广场楼德国路福专柜,广东深圳市南山区圳南山区沙河街道白石洲博耐家居广场楼德国路福专柜,113.967465,22.538369
深圳红树湾,广东,深圳市,南山区,沙河街道美庐锦园b栋,广东深圳市南山区沙河街道美庐锦园b栋,广东深圳市南山区沙河街道美庐锦园b栋,113.966121,22.53642
深圳红树湾,广东,深圳市,南山区,沙河街道白石洲红树街东四坊妈妈,广东深圳市南山区沙河街道白石洲红树街东四坊妈妈,广东深圳市南山区沙河街道白石洲红树街东四坊妈妈,113.969988,22.532431
深圳红树湾,广东,深圳市,南山区,沙河街道白石四道深铁万科瑧湾汇A栋,广东深圳市南山区沙河街道白石四道深铁万科瑧湾汇A栋,广东深圳市南山区沙河街道白石四道深铁万科瑧湾汇A栋,113.969047,22.523787
深圳红树湾,广东,深圳市,南山区,南山区沙河街道白石四道中建八局银行总部大厦项目部,广东深圳市南山区沙河街道白石四道中建八局银行总部大厦项目部,广东深圳市南山区沙河街道白石四道中建八局银行总部大厦项目部,113.974326,22.523137
深圳红树湾,广东,深圳市,南山区,南山区沙河街道沙河东路世纪村一栋二座,广东深圳市南山区沙河街道沙河东路世纪村一栋二座,广东深圳市南山区沙河街道沙河东路世纪村一栋二座,113.967045,22.533612
深圳红树湾,广东,深圳市,南山区,沙河街道南山区白石洲里街楼,广东深圳市南山区沙河街道南山区白石洲里街楼,广东深圳市南山区沙河街道南山区白石洲里街楼,113.967465,22.538369
深圳红树湾,广东,深圳市,南山区,沙河街道深湾一路红树西岸2栋单元,广东深圳市南山区沙河街道深湾一路红树西岸2栋单元,广东深圳市南山区沙河街道深湾一路红树西岸2栋单元,113.966134,22.521184
深圳红树湾,广东,深圳市,南山区,沙河街道沙河世纪村16栋,广东深圳市南山区沙河街道沙河世纪村16栋,广东深圳市南山区沙河街道沙河世纪村16栋,113.967045,22.533612
深圳红树湾,广东,深圳市,南山区,深圳市南山区白石路御景东方花园3栋,广东深圳市南山区深圳市南山区白石路御景东方花园3栋,广东深圳市南山区深圳市南山区白石路御景东方花园3栋,113.970735,22.529536
深圳红树湾,广东,深圳市,南山区,白石路与深湾二路交会沙河天虹层佐丹奴专柜CATB,广东深圳市南山区白石路与深湾二路交会沙河天虹层佐丹奴专柜CATB,广东深圳市南山区白石路与深湾二路交会沙河天虹层佐丹奴专柜CATB,113.968552,22.530807
深圳红树湾,广东,深圳市,南山区,白石洲东西坊121号,广东深圳市南山区白石洲东西坊121号,广东深圳市南山区白石洲东西坊121号,113.967465,22.538369
深圳红树湾,广东,深圳市,南山区,沙河街道石洲中路博耐建材家具市场A2087博克,广东深圳市南山区沙河街道石洲中路博耐建材家具市场A2087博克,广东深圳市南山区沙河街道石洲中路博耐建材家具市场A2087博克,113.96675,22.535278
深圳红树湾,广东,深圳市,南山区,白石洲东一坊53号,广东深圳市南山区白石洲东一坊53号,广东深圳市南山区白石洲东一坊53号,113.967913,22.534854
深圳红树湾,广东,深圳市,南山区,中信红树湾11栋2单,广东深圳市南山区中信红树湾11栋2单,广东深圳市南山区中信红树湾11栋2单,113.965517,22.528087
深圳红树湾,广东,深圳市,南山区,沙河街道美庐锦园D,广东深圳市南山区沙河街道美庐锦园D,广东深圳市南山区沙河街道美庐锦园D,113.966161,22.536122
深圳红树湾,广东,深圳市,南山区,白石洲社区红树街116号湘唧唧老长沙粉面馆,广东深圳市南山区白石洲社区红树街116号湘唧唧老长沙粉面馆,广东深圳市南山区白石洲社区红树街116号湘唧唧老长沙粉面馆,113.967878,22.531517
深圳红树湾,广东,深圳市,南山区,世纪村16栋,广东深圳市南山区世纪村16栋,广东深圳市南山区世纪村16栋,113.967045,22.533612
深圳红树湾,广东,深圳市,南山区,沙河街道白石洲村西一坊31号,广东深圳市南山区沙河街道白石洲村西一坊31号,广东深圳市南山区沙河街道白石洲村西一坊31号,113.967014,22.535093
深圳红树湾,广东,深圳市,南山区,南山区沙河街道中信红树湾南区8A,广东深圳市南山区沙河街道中信红树湾南区8A,广东深圳市南山区沙河街道中信红树湾南区8A,113.965574,22.526626
深圳红树湾,广东,深圳市,南山区,沙街道沙路中信红树湾,广东深圳市南山区沙街道沙路中信红树湾,广东深圳市南山区沙街道沙路中信红树湾,113.965517,22.528087
深圳红树湾,广东,深圳市,南山区,御景东方2栋,广东深圳市南山区御景东方2栋,广东深圳市南山区御景东方2栋,113.930478,22.533191
深圳红树湾,广东,深圳市,南山区,沙河街道白石路与深湾三路交叉口天音大厦项目部,广东深圳市南山区沙河街道白石路与深湾三路交叉口天音大厦项目部,广东深圳市南山区沙河街道白石路与深湾三路交叉口天音大厦项目部,113.972296,22.52777
深圳红树湾,广东,深圳市,南山区,沙河街道欧风街肆,广东深圳市南山区沙河街道欧风街肆,广东深圳市南山区沙河街道欧风街肆,113.930478,22.533191
深圳红树湾,广东,深圳市,南山区,滨海大道2018号蓝楹湾度假酒店1栋春满园,广东深圳市南山区滨海大道2018号蓝楹湾度假酒店1栋春满园,广东深圳市南山区滨海大道2018号蓝楹湾度假酒店1栋春满园,113.986791,22.52137
深圳红树湾,广东,深圳市,南山区,沙河街道白石四道中建八局银行总部大厦项目部,广东深圳市南山区沙河街道白石四道中建八局银行总部大厦项目部,广东深圳市南山区沙河街道白石四道中建八局银行总部大厦项目部,113.974326,22.523137
深圳红树湾,广东,深圳市,南山区,白石洲沙河街道西一坊710号,广东深圳市南山区白石洲沙河街道西一坊710号,广东深圳市南山区白石洲沙河街道西一坊710号,113.92007,22.541604
深圳红树湾,广东,深圳市,南山区,沙河街道沙河东路世纪村5栋座,广东深圳市南山区沙河街道沙河东路世纪村5栋座,广东深圳市南山区沙河街道沙河东路世纪村5栋座,113.96629,22.532043
深圳红树湾,广东,深圳市,南山区,白石洲白石中路108号店一体12蓝色壳带按键屏胶,广东深圳市南山区白石洲白石中路108号店一体12蓝色壳带按键屏胶,广东深圳市南山区白石洲白石中路108号店一体12蓝色壳带按键屏胶,113.967465,22.538369
深圳红树湾,广东,深圳市,南山区,沙河街道南山区白石洲世纪村12栋,广东深圳市南山区沙河街道南山区白石洲世纪村12栋,广东深圳市南山区沙河街道南山区白石洲世纪村12栋,113.967045,22.533612
深圳红树湾,广东,深圳市,南山区,沙河街道白石路棕榈泉国际中心员工宿舍,广东深圳市南山区沙河街道白石路棕榈泉国际中心员工宿舍,广东深圳市南山区沙河街道白石路棕榈泉国际中心员工宿舍,113.962844,22.532981
深圳红树湾,广东,深圳市,南山区,石洲中路美庐锦园c栋,广东深圳市南山区石洲中路美庐锦园c栋,广东深圳市南山区石洲中路美庐锦园c栋,113.966629,22.536166
深圳红树湾,广东,深圳市,南山区,中国白石路御景东方2栋,广东深圳市南山区中国白石路御景东方2栋,广东深圳市南山区中国白石路御景东方2栋,113.970735,22.529536
深圳红树湾,广东,深圳市,南山区,红树西岸一栋八单元十二B,广东深圳市南山区红树西岸一栋八单元十二B,广东深圳市南山区红树西岸一栋八单元十二B,113.965793,22.522231
深圳红树湾,广东,深圳市,南山区,白石洲东二坊113号东二坊113号,广东深圳市南山区白石洲东二坊113号东二坊113号,广东深圳市南山区白石洲东二坊113号东二坊113号,113.969005,22.534186
深圳红树湾,广东,深圳市,南山区,沙河街道广东省深圳市南山区白石路与海园二路交叉口中建穗莞深城际指挥部白黑,广东深圳市南山区沙河街道广东省深圳市南山区白石路与海园二路交叉口中建穗莞深城际指挥部白黑,广东深圳市南山区沙河街道广东省深圳市南山区白石路与海园二路交叉口中建穗莞深城际指挥部白黑,114.040239,22.514459
深圳红树湾,广东,深圳市,南山区,沙河街道沙河东路世纪村14栋D喷射战士+,广东深圳市南山区沙河街道沙河东路世纪村14栋D,广东深圳市南山区沙河街道沙河东路世纪村14栋D,113.967045,22.533612
深圳红树湾,广东,深圳市,南山区,沙河街道深湾一路瑧湾汇B,广东深圳市南山区沙河街道深湾一路瑧湾汇B,广东深圳市南山区沙河街道深湾一路瑧湾汇B,113.969146,22.524084
深圳红树湾,广东,深圳市,南山区,沙河街道红树街白石洲西二坊,广东深圳市南山区沙河街道红树街白石洲西二坊,广东深圳市南山区沙河街道红树街白石洲西二坊,113.967704,22.533121
深圳红树湾,广东,深圳市,南山区,沙河街道-中信红树湾二,广东深圳市南山区沙河街道-中信红树湾二,广东深圳市南山区沙河街道-中信红树湾二,113.966029,22.527874
深圳红树湾,广东,深圳市,南山区,沙河街道博耐家居里街柒号冰室糖水铺,广东深圳市南山区沙河街道博耐家居里街柒号冰室糖水铺,广东深圳市南山区沙河街道博耐家居里街柒号冰室糖水铺,113.967026,22.537279
深圳红树湾,广东,深圳市,南山区,沙河街道沙河高尔夫球会员工宿舍篮球场蜂巢柜,广东深圳市南山区沙河街道沙河高尔夫球会员工宿舍篮球场蜂巢柜,广东深圳市南山区沙河街道沙河高尔夫球会员工宿舍篮球场蜂巢柜,113.960175,22.532725
深圳红树湾,广东,深圳市,南山区,世纪村7栋座,广东深圳市南山区世纪村7栋座,广东深圳市南山区世纪村7栋座,113.964536,22.533573
深圳红树湾,广东,深圳市,南山区,沙河街道南山区沙河东路,广东深圳市南山区沙河街道南山区沙河东路,广东深圳市南山区沙河街道南山区沙河东路,113.965479,22.546171
深圳红树湾,广东,深圳市,南山区,沙河街道深圳市南山区中信红树湾T7102栋,广东深圳市南山区沙河街道深圳市南山区中信红树湾T7102栋,广东深圳市南山区沙河街道深圳市南山区中信红树湾T7102栋,113.965517,22.528087
深圳红树湾,广东,深圳市,南山区,中兴通讯总部大厦项目部工人宿舍区,广东深圳市南山区中兴通讯总部大厦项目部工人宿舍区,广东深圳市南山区中兴通讯总部大厦项目部工人宿舍区,113.979605,22.521698
深圳红树湾,广东,深圳市,南山区,沙河中信红树湾花城8,广东深圳市南山区沙河中信红树湾花城8,广东深圳市南山区沙河中信红树湾花城8,113.96682,22.527026
深圳红树湾,广东,深圳市,南山区,深湾一路红树西岸2-2单元,广东深圳市南山区深湾一路红树西岸2-2单元,广东深圳市南山区深湾一路红树西岸2-2单元,113.965793,22.522231
深圳红树湾,广东,深圳市,南山区,世界之窗售票处旁边永和豆浆餐厅,广东深圳市南山区世界之窗售票处旁边永和豆浆餐厅,广东深圳市南山区世界之窗售票处旁边永和豆浆餐厅,113.974216,22.5369
深圳红树湾,广东,深圳市,南山区,南山区沙河街道南山区沙河街道广东省深圳市南山区深湾一路3号,广东深圳市南山区沙河街道南山区沙河街道广东省深圳市南山区深湾一路3号,广东深圳市南山区沙河街道南山区沙河街道广东省深圳市南山区深湾一路3号,113.966689,22.522378
深圳红树湾,广东,深圳市,南山区,白石洲东一坊31号睿达实业有限公司,广东深圳市南山区白石洲东一坊31号睿达实业有限公司,广东深圳市南山区白石洲东一坊31号睿达实业有限公司,113.968016,22.534948
深圳红树湾,广东,深圳市,南山区,吉洲大楼西一坊,广东深圳市南山区吉洲大楼西一坊,广东深圳市南山区吉洲大楼西一坊,113.967125,22.535023
深圳红树湾,广东,深圳市,南山区,南山区白石路瑞河耶纳小区4-3,广东深圳市南山区白石路瑞河耶纳小区4-3,广东深圳市南山区白石路瑞河耶纳小区4-3,113.976117,22.526338
深圳红树湾,广东,深圳市,南山区,中信红树湾12栋b,广东深圳市南山区中信红树湾12栋b,广东深圳市南山区中信红树湾12栋b,113.965517,22.528087
深圳红树湾,广东,深圳市,南山区,白石路世纪村六栋一座楼B田𠘰英,广东深圳市南山区白石路世纪村六栋一座楼B,广东深圳市南山区白石路世纪村六栋一座楼B,113.964674,22.532069
深圳红树湾,广东,深圳市,南山区,沙河街道红树西岸1栋单元,广东深圳市南山区沙河街道红树西岸1栋单元,广东深圳市南山区沙河街道红树西岸1栋单元,113.964833,22.522257
深圳红树湾,广东,深圳市,南山区,中信红树湾十六,广东深圳市南山区中信红树湾十六,广东深圳市南山区中信红树湾十六,113.965517,22.528087
深圳红树湾,广东,深圳市,南山区,沙河街道沙河东路118号世纪村3期王府7-2,广东深圳市南山区沙河街道沙河东路118号世纪村3期王府7-2,广东深圳市南山区沙河街道沙河东路118号世纪村3期王府7-2,113.967045,22.533612
深圳红树湾,广东,深圳市,南山区,沙河东路世纪村一栋二座,广东深圳市南山区沙河东路世纪村一栋二座,广东深圳市南山区沙河东路世纪村一栋二座,113.967045,22.533612
深圳红树湾,广东,深圳市,南山区,沙河街道白石洲东二坊白石一街103中通快,广东深圳市南山区沙河街道白石洲东二坊白石一街103,广东深圳市南山区沙河街道白石洲东二坊白石一街103,113.969449,22.540798
深圳红树湾,广东,深圳市,南山区,深湾一路3号红树西岸2栋十单元5a,广东深圳市南山区深湾一路3号红树西岸2栋十单元5a,广东深圳市南山区深湾一路3号红树西岸2栋十单元5a,113.966134,22.521184
深圳红树湾,广东,深圳市,南山区,沙河街道白石洲东四坊111号,广东深圳市南山区沙河街道白石洲东四坊111号,广东深圳市南山区沙河街道白石洲东四坊111号,113.970033,22.532618
深圳红树湾,广东,深圳市,南山区,白石州东一坊110号,广东深圳市南山区白石州东一坊110号,广东深圳市南山区白石州东一坊110号,113.967805,22.535722
深圳红树湾,广东,深圳市,南山区,沙河街道白石路2168号京基御景东方2栋,广东深圳市南山区沙河街道白石路2168号京基御景东方2栋,广东深圳市南山区沙河街道白石路2168号京基御景东方2栋,113.969576,22.530667
深圳红树湾,广东,深圳市,南山区,沙河街道深南大道9009号华侨城洲际大酒店东翼G层美发沙龙外丰巢柜,广东深圳市南山区沙河街道深南大道9009号华侨城洲际大酒店东翼G层美发沙龙外丰巢柜,广东深圳市南山区沙河街道深南大道9009号华侨城洲际大酒店东翼G层美发沙龙外丰巢柜,113.984689,22.532356
深圳红树湾,广东,深圳市,南山区,沙河街道沙河东路世纪村2栋座,广东深圳市南山区沙河街道沙河东路世纪村2栋座,广东深圳市南山区沙河街道沙河东路世纪村2栋座,113.967045,22.533612
深圳红树湾,广东,深圳市,南山区,华侨城深南大道,广东深圳市南山区华侨城深南大道,广东深圳市南山区华侨城深南大道,113.979821,22.538544
深圳红树湾,广东,深圳市,南山区,白石三道八号瑞河耶纳三栋一单元,广东深圳市南山区白石三道八号瑞河耶纳三栋一单元,广东深圳市南山区白石三道八号瑞河耶纳三栋一单元,113.977224,22.525403
深圳红树湾,广东,深圳市,南山区,白石路沙河天虹,广东深圳市南山区白石路沙河天虹,广东深圳市南山区白石路沙河天虹,113.968552,22.530807
深圳红树湾,广东,深圳市,南山区,南山区沙河街道白石路中信红树湾北区18b,广东深圳市南山区沙河街道白石路中信红树湾北区18b,广东深圳市南山区沙河街道白石路中信红树湾北区18b,113.96553,22.529519
深圳红树湾,广东,深圳市,南山区,沙河街道神州数码国际创新中心508中,广东深圳市南山区沙河街道神州数码国际创新中心508中,广东深圳市南山区沙河街道神州数码国际创新中心508中,113.855836,22.607815
深圳红树湾,广东,深圳市,南山区,白石洲西二坊23号楼,广东深圳市南山区白石洲西二坊23号楼,广东深圳市南山区白石洲西二坊23号楼,113.967704,22.533121
深圳红树湾,广东,深圳市,南山区,深湾一路3号红树西岸3栋单元,广东深圳市南山区深湾一路3号红树西岸3栋单元,广东深圳市南山区深湾一路3号红树西岸3栋单元,113.966038,22.522631
深圳红树湾,广东,深圳市,南山区,白石路世纪村六栋一座楼B,广东深圳市南山区白石路世纪村六栋一座楼B,广东深圳市南山区白石路世纪村六栋一座楼B,113.964674,22.532069
深圳红树湾,广东,深圳市,南山区,红树湾南地铁站深圳招行总部（不要送货提前电,广东深圳市南山区红树湾南地铁站深圳招行总部,广东深圳市南山区红树湾南地铁站深圳招行总部,113.971433,22.523023
深圳红树湾,广东,深圳市,南山区,沙河街道深湾三路瑞河耶纳幼儿园,广东深圳市南山区沙河街道深湾三路瑞河耶纳幼儿园,广东深圳市南山区沙河街道深湾三路瑞河耶纳幼儿园,113.974784,22.526808
深圳红树湾,广东,深圳市,南山区,世纪村六栋二座五D,广东深圳市南山区世纪村六栋二座五D,广东深圳市南山区世纪村六栋二座五D,113.964674,22.532069
深圳红树湾,广东,深圳市,南山区,白石洲博耐家具顺德公猪肚鸡装修中,广东深圳市南山区白石洲博耐家具顺德公猪肚鸡装修中,广东深圳市南山区白石洲博耐家具顺德公猪肚鸡装修中,113.967465,22.538369
深圳红树湾,广东,深圳市,南山区,石洲北路汇雅苑1A,广东深圳市南山区石洲北路汇雅苑1A,广东深圳市南山区石洲北路汇雅苑1A,113.964654,22.537437
深圳红树湾,广东,深圳市,南山区,广东省深圳市南山区滨海大道2018蓝楹湾酒店营业台,广东深圳市南山区广东省深圳市南山区滨海大道2018蓝楹湾酒店营业台,广东深圳市南山区广东省深圳市南山区滨海大道2018蓝楹湾酒店营业台,113.986791,22.52137
深圳红树湾,广东,深圳市,南山区,沙河东路中信红树湾13栋B,广东深圳市南山区沙河东路中信红树湾13栋B,广东深圳市南山区沙河东路中信红树湾13栋B,113.966683,22.531136
深圳红树湾,广东,深圳市,南山区,沙河街道白石路御景东方10-14A,广东深圳市南山区沙河街道白石路御景东方10-14A,广东深圳市南山区沙河街道白石路御景东方10-14A,113.970735,22.529536
深圳红树湾,广东,深圳市,南山区,沙河街道深湾一路红树西岸一栋五单元,广东深圳市南山区沙河街道深湾一路红树西岸一栋五单元,广东深圳市南山区沙河街道深湾一路红树西岸一栋五单元,113.965793,22.522231
深圳红树湾,广东,深圳市,南山区,沙河东路桂苑小区三栋室,广东深圳市南山区沙河东路桂苑小区三栋室,广东深圳市南山区沙河东路桂苑小区三栋室,113.965479,22.546171
深圳红树湾,广东,深圳市,南山区,华侨城东方花园会所楼朗黛生活馆,广东深圳市南山区华侨城东方花园会所楼朗黛生活馆,广东深圳市南山区华侨城东方花园会所楼朗黛生活馆,113.979821,22.538544
深圳红树湾,广东,深圳市,南山区,白石洲东二坊34号,广东深圳市南山区白石洲东二坊34号,广东深圳市南山区白石洲东二坊34号,113.96809,22.533609
深圳红树湾,广东,深圳市,南山区,沙河街道白石路2288沙河高尔球会篮球场,广东深圳市南山区沙河街道白石路2288沙河高尔球会篮球场,广东深圳市南山区沙河街道白石路2288沙河高尔球会篮球场,113.962899,22.532765
深圳红树湾,广东,深圳市,南山区,白石路2288号沙河高尔夫球会员工宿舍篮球场旁,广东深圳市南山区白石路2288号沙河高尔夫球会员工宿舍篮球场旁,广东深圳市南山区白石路2288号沙河高尔夫球会员工宿舍篮球场旁,113.962899,22.532765
深圳红树湾,广东,深圳市,南山区,沙河街道白云二道8一7号中信红树湾深湾一路西16,广东深圳市南山区沙河街道白云二道8一7号中信红树湾深湾一路西16,广东深圳市南山区沙河街道白云二道8一7号中信红树湾深湾一路西16,113.967232,22.525231
深圳红树湾,广东,深圳市,南山区,沙河街道京东深圳总部项目,广东深圳市南山区沙河街道京东深圳总部,广东深圳市南山区沙河街道京东深圳总部,113.930543,22.549373
深圳红树湾,广东,深圳市,南山区,沙河街道红树西岸2,广东深圳市南山区沙河街道红树西岸2,广东深圳市南山区沙河街道红树西岸2,113.965793,22.522231
深圳红树湾,广东,深圳市,南山区,京基御景东方3栋,广东深圳市南山区京基御景东方3栋,广东深圳市南山区京基御景东方3栋,113.968933,22.530916
深圳红树湾,广东,深圳市,南山区,沙河街道深湾一路中信红树湾10栋C-1802,广东深圳市南山区沙河街道深湾一路中信红树湾10栋C-1802,广东深圳市南山区沙河街道深湾一路中信红树湾10栋C-1802,113.965517,22.528087
深圳红树湾,广东,深圳市,南山区,白石三道瑞河耶纳9栋一单元,广东深圳市南山区白石三道瑞河耶纳9栋一单元,广东深圳市南山区白石三道瑞河耶纳9栋一单元,113.97792,22.525897
深圳红树湾,广东,深圳市,南山区,沙河街道白石路188号京基东堤园传邸2栋,广东深圳市南山区沙河街道白石路188号京基东堤园传邸2栋,广东深圳市南山区沙河街道白石路188号京基东堤园传邸2栋,113.971061,22.530489
深圳红树湾,广东,深圳市,南山区,白石路沙河高尔夫球会员工宿舍丰巢快递柜,广东深圳市南山区白石路沙河高尔夫球会员工宿舍丰巢快递柜,广东深圳市南山区白石路沙河高尔夫球会员工宿舍丰巢快递柜,113.939225,22.630775
深圳红树湾,广东,深圳市,南山区,沙河街道沙河东路白石二道中信红树湾8B,广东深圳市南山区沙河街道沙河东路白石二道中信红树湾8B,广东深圳市南山区沙河街道沙河东路白石二道中信红树湾8B,113.965227,22.529786
深圳红树湾,广东,深圳市,南山区,沙河街道沙河东路118号世纪村五栋二座,广东深圳市南山区沙河街道沙河东路118号世纪村五栋二座,广东深圳市南山区沙河街道沙河东路118号世纪村五栋二座,113.966296,22.531903
深圳红树湾,广东,深圳市,南山区,沙河东路中信红树湾3A,广东深圳市南山区沙河东路中信红树湾3A,广东深圳市南山区沙河东路中信红树湾3A,113.966683,22.531136
深圳红树湾,广东,深圳市,南山区,沙河街道白石一街86号,广东深圳市南山区沙河街道白石一街86号,广东深圳市南山区沙河街道白石一街86号,113.969449,22.540798
深圳红树湾,广东,深圳市,南山区,侨城东路金海燕花园二栋,广东深圳市南山区侨城东路金海燕花园二栋,广东深圳市南山区侨城东路金海燕花园二栋,113.996417,22.530133
深圳红树湾,广东,深圳市,南山区,京基御景东方8栋,广东深圳市南山区京基御景东方8栋,广东深圳市南山区京基御景东方8栋,113.969733,22.53131
深圳红树湾,广东,深圳市,南山区,广东省-深圳市-南山区-沙河街道白石三道sic深湾睿云中心楼,广东深圳市南山区广东省-深圳市-南山区-沙河街道白石三道sic深湾睿云中心楼,广东深圳市南山区广东省-深圳市-南山区-沙河街道白石三道sic深湾睿云中心楼,113.982385,22.518968
深圳红树湾,广东,深圳市,南山区,沙河街道深湾一路瑧湾汇F,广东深圳市南山区沙河街道深湾一路瑧湾汇F,广东深圳市南山区沙河街道深湾一路瑧湾汇F,113.969146,22.524084
深圳红树湾,广东,深圳市,南山区,深湾一路与白石三道交汇处瑧湾汇G栋房,广东深圳市南山区深湾一路与白石三道交汇处瑧湾汇G栋房,广东深圳市南山区深湾一路与白石三道交汇处瑧湾汇G栋房,113.969435,22.524225
深圳红树湾,广东,深圳市,南山区,世纪村二栋座,广东深圳市南山区世纪村二栋座,广东深圳市南山区世纪村二栋座,113.967045,22.533612
深圳红树湾,广东,深圳市,南山区,沙河东路世纪村西门7栋裙楼层118-7铺PUPA芭蕾舞蹈工作室,广东深圳市南山区沙河东路世纪村西门7栋裙楼层118-7铺PUPA芭蕾舞蹈工作室,广东深圳市南山区沙河东路世纪村西门7栋裙楼层118-7铺PUPA芭蕾舞蹈工作室,113.964515,22.534573
深圳红树湾,广东,深圳市,南山区,深圳市南山区深南大道9015-3号华侨城东方花园综合楼楼招,广东深圳市南山区深圳市南山区深南大道9015-3号华侨城东方花园综合楼楼招,广东深圳市南山区深圳市南山区深南大道9015-3号华侨城东方花园综合楼楼招,113.980625,22.533563
深圳红树湾,广东,深圳市,南山区,白石路世纪村五栋一座,广东深圳市南山区白石路世纪村五栋一座,广东深圳市南山区白石路世纪村五栋一座,113.966296,22.531903
深圳红树湾,广东,深圳市,南山区,南山区臻湾汇公寓H栋,广东深圳市南山区臻湾汇公寓H栋,广东深圳市南山区臻湾汇公寓H栋,113.969425,22.524225
深圳红树湾,广东,深圳市,南山区,白石路京基百纳广场天虹商场楼松,广东深圳市南山区白石路京基百纳广场天虹商场楼松,广东深圳市南山区白石路京基百纳广场天虹商场楼松,113.969345,22.530691
深圳红树湾,广东,深圳市,南山区,白石洲西二坊56栋,广东深圳市南山区白石洲西二坊56栋,广东深圳市南山区白石洲西二坊56栋,113.967606,22.532193
深圳红树湾,广东,深圳市,南山区,沙河东路中信红树湾10A,广东深圳市南山区沙河东路中信红树湾10A,广东深圳市南山区沙河东路中信红树湾10A,113.966683,22.531136
深圳红树湾,广东,深圳市,南山区,沙河街道沙河东路118号世纪村16栋,广东深圳市南山区沙河街道沙河东路118号世纪村16栋,广东深圳市南山区沙河街道沙河东路118号世纪村16栋,113.967045,22.533612
深圳红树湾,广东,深圳市,南山区,南山区沙河街道世界之窗海边宿舍3栋,广东深圳市南山区沙河街道世界之窗海边宿舍3栋,广东深圳市南山区沙河街道世界之窗海边宿舍3栋,113.974216,22.5369
深圳红树湾,广东,深圳市,南山区,沙河街道白石路御景东方花园5栋,广东深圳市南山区沙河街道白石路御景东方花园5栋,广东深圳市南山区沙河街道白石路御景东方花园5栋,113.970735,22.529536
深圳红树湾,广东,深圳市,南山区,深南大道9037-6号梅拉尼亚小镇天文钟旁8号铺榴莲嘟嘟,广东深圳市南山区深南大道9037-6号梅拉尼亚小镇天文钟旁8号铺榴莲嘟嘟,广东深圳市南山区深南大道9037-6号梅拉尼亚小镇天文钟旁8号铺榴莲嘟嘟,113.973041,22.536391
深圳红树湾,广东,深圳市,南山区,沙河街道深湾一路5号海滨实,广东深圳市南山区沙河街道深湾一路5号海滨实,广东深圳市南山区沙河街道深湾一路5号海滨实,113.965672,22.524019
深圳红树湾,广东,深圳市,南山区,沙河街道白石洲东二坊1号杰杰美肤馆,广东深圳市南山区沙河街道白石洲东二坊1号杰杰美肤馆,广东深圳市南山区沙河街道白石洲东二坊1号杰杰美肤馆,113.967788,22.533979
深圳红树湾,广东,深圳市,南山区,白石洲福鑫苑,广东深圳市南山区白石洲福鑫苑,广东深圳市南山区白石洲福鑫苑,113.968384,22.535436
深圳红树湾,广东,深圳市,南山区,沙河街道沙河东路118号世纪村2-1,广东深圳市南山区沙河街道沙河东路118号世纪村2-1,广东深圳市南山区沙河街道沙河东路118号世纪村2-1,113.967045,22.533612
深圳红树湾,广东,深圳市,南山区,广东省-深圳市-南山区-沙河街道白石洲西一坊54号楼,广东深圳市南山区广东省-深圳市-南山区-沙河街道白石洲西一坊54号楼,广东深圳市南山区广东省-深圳市-南山区-沙河街道白石洲西一坊54号楼,113.966792,22.535119
深圳红树湾,广东,深圳市,南山区,南山区白石路2288号沙河高尔夫球会员工宿舍篮球场,广东深圳市南山区白石路2288号沙河高尔夫球会员工宿舍篮球场,广东深圳市南山区白石路2288号沙河高尔夫球会员工宿舍篮球场,113.962899,22.532765
深圳红树湾,广东,深圳市,南山区,沙河街道瑧湾汇C栋,广东深圳市南山区沙河街道瑧湾汇C栋,广东深圳市南山区沙河街道瑧湾汇C栋,113.968089,22.523775
深圳红树湾,广东,深圳市,南山区,沙河街道白石洲,广东深圳市南山区沙河街道白石洲,广东深圳市南山区沙河街道白石洲,113.967465,22.538369
深圳红树湾,广东,深圳市,南山区,沙河街道沙河东路138号,广东深圳市南山区沙河街道沙河东路138号,广东深圳市南山区沙河街道沙河东路138号,113.964823,22.534959
深圳红树湾,广东,深圳市,南山区,白石洲西一坊44号,广东深圳市南山区白石洲西一坊44号,广东深圳市南山区白石洲西一坊44号,113.967249,22.53415
深圳红树湾,广东,深圳市,南山区,沙河街道世纪村5栋座,广东深圳市南山区沙河街道世纪村5栋座,广东深圳市南山区沙河街道世纪村5栋座,113.96629,22.532043
深圳红树湾,广东,深圳市,南山区,沙河街道棕榈泉高尔夫练习场楼VIP8包房,广东深圳市南山区沙河街道棕榈泉高尔夫练习场楼VIP8包房,广东深圳市南山区沙河街道棕榈泉高尔夫练习场楼VIP8包房,113.261453,23.194684
深圳红树湾,广东,深圳市,南山区,沙河街道石洲中路160-17号,广东深圳市南山区沙河街道石洲中路160-17号,广东深圳市南山区沙河街道石洲中路160-17号,113.966966,22.536867
深圳红树湾,广东,深圳市,南山区,沙河东路中信红树湾17,广东深圳市南山区沙河东路中信红树湾17,广东深圳市南山区沙河东路中信红树湾17,113.966683,22.531136
深圳红树湾,广东,深圳市,南山区,沙河街道白石路2168号京基御景东方1栋,广东深圳市南山区沙河街道白石路2168号京基御景东方1栋,广东深圳市南山区沙河街道白石路2168号京基御景东方1栋,113.970243,22.530434
深圳红树湾,广东,深圳市,南山区,深圳市南山区白石洲一街13号瑞草堂大药房,广东深圳市南山区深圳市南山区白石洲一街13号瑞草堂大药房,广东深圳市南山区深圳市南山区白石洲一街13号瑞草堂大药房,113.967465,22.538369
深圳红树湾,广东,深圳市,南山区,沙河街道沙河东路1号沙河高尔夫球会嘉悦里,广东深圳市南山区沙河街道沙河东路1号沙河高尔夫球会嘉悦里,广东深圳市南山区沙河街道沙河东路1号沙河高尔夫球会嘉悦里,113.959801,22.52628
深圳红树湾,广东,深圳市,南山区,沙河街道深湾一路3号红树西岸3-5,广东深圳市南山区沙河街道深湾一路3号红树西岸3-5,广东深圳市南山区沙河街道深湾一路3号红树西岸3-5,113.966749,22.522512
深圳红树湾,广东,深圳市,南山区,沙河街道石洲中路25美庐锦园B栋,广东深圳市南山区沙河街道石洲中路25美庐锦园B栋,广东深圳市南山区沙河街道石洲中路25美庐锦园B栋,113.966121,22.53642
深圳红树湾,广东,深圳市,南山区,沙河街道白石洲东一坊43号楼商店镇业传商行,广东深圳市南山区沙河街道白石洲东一坊43号楼商店镇业传商行,广东深圳市南山区沙河街道白石洲东一坊43号楼商店镇业传商行,113.968207,22.534641
深圳红树湾,广东,深圳市,南山区,石洲中路未来时代公寓,广东深圳市南山区石洲中路未来时代公寓,广东深圳市南山区石洲中路未来时代公寓,113.967589,22.536436
深圳红树湾,广东,深圳市,南山区,沙河街道白云二道8-7号中信红树湾深湾一路西16,广东深圳市南山区沙河街道白云二道8-7号中信红树湾深湾一路西16,广东深圳市南山区沙河街道白云二道8-7号中信红树湾深湾一路西16,113.967232,22.525231
深圳红树湾,广东,深圳市,南山区,白石路与深湾道交界御景东方15,广东深圳市南山区白石路与深湾道交界御景东方15,广东深圳市南山区白石路与深湾道交界御景东方15,113.970735,22.529536
深圳红树湾,广东,深圳市,南山区,山区深圳湾二路与白石路交汇处御景东方1号楼,广东深圳市南山区山区深圳湾二路与白石路交汇处御景东方1号楼,广东深圳市南山区山区深圳湾二路与白石路交汇处御景东方1号楼,113.968315,22.53243
深圳红树湾,广东,深圳市,南山区,中信红树湾10栋C,广东深圳市南山区中信红树湾10栋C,广东深圳市南山区中信红树湾10栋C,113.965517,22.528087
深圳红树湾,广东,深圳市,南山区,沙河街道,广东深圳市南山区沙河街道,广东深圳市南山区沙河街道,113.930478,22.533191
深圳红树湾,广东,深圳市,南山区,棕榈泉国际高尔夫学院-员工宿舍棕榈泉国际高尔夫学院员工宿舍A栋,广东深圳市南山区棕榈泉国际高尔夫学院-员工宿舍棕榈泉国际高尔夫学院员工宿舍A栋,广东深圳市南山区棕榈泉国际高尔夫学院-员工宿舍棕榈泉国际高尔夫学院员工宿舍A栋,113.963017,22.532971
深圳红树湾,广东,深圳市,南山区,深湾一路18号中建安装银行总部大厦项目部,广东深圳市南山区深湾一路18号中建安装银行总部大厦项目部,广东深圳市南山区深湾一路18号中建安装银行总部大厦项目部,113.966702,22.529459
深圳红树湾,广东,深圳市,南山区,臻湾汇g,广东深圳市南山区臻湾汇g,广东深圳市南山区臻湾汇g,113.930478,22.533191
深圳红树湾,广东,深圳市,南山区,中心红树湾3A,广东深圳市南山区中心红树湾3A,广东深圳市南山区中心红树湾3A,113.969771,22.532417
深圳红树湾,广东,深圳市,南山区,南山区沙河街道世纪村6栋,广东深圳市南山区沙河街道世纪村6栋,广东深圳市南山区沙河街道世纪村6栋,113.965001,22.531957
深圳红树湾,广东,深圳市,南山区,白石洲东一坊74号,广东深圳市南山区白石洲东一坊74号,广东深圳市南山区白石洲东一坊74号,113.967913,22.534854
深圳红树湾,广东,深圳市,南山区,南山街道深圳市南山区华侨城东方花园金辉阁20D,广东深圳市南山区南山街道深圳市南山区华侨城东方花园金辉阁20D,广东深圳市南山区南山街道深圳市南山区华侨城东方花园金辉阁20D,113.979821,22.538544
深圳红树湾,广东,深圳市,南山区,沙河街道白石二道8号中信红树湾19栋,广东深圳市南山区沙河街道白石二道8号中信红树湾19栋,广东深圳市南山区沙河街道白石二道8号中信红树湾19栋,113.964982,22.527843
深圳红树湾,广东,深圳市,南山区,中信红树湾15A,广东深圳市南山区中信红树湾15A,广东深圳市南山区中信红树湾15A,113.965517,22.528087
深圳红树湾,广东,深圳市,南山区,沙河街道白石洲东4坊18号三喜家,广东深圳市南山区沙河街道白石洲东4坊18号三喜家,广东深圳市南山区沙河街道白石洲东4坊18号三喜家,113.969988,22.532431
深圳红树湾,广东,深圳市,南山区,中信红树湾3栋A座,广东深圳市南山区中信红树湾3栋A座,广东深圳市南山区中信红树湾3栋A座,113.924164,22.488255
深圳红树湾,广东,深圳市,南山区,沙河街道沙河高尔夫球场员工宿舍,广东深圳市南山区沙河街道沙河高尔夫球场员工宿舍,广东深圳市南山区沙河街道沙河高尔夫球场员工宿舍,114.223676,22.638236
深圳红树湾,广东,深圳市,南山区,白石二道中信红树湾二期10C,广东深圳市南山区白石二道中信红树湾二期10C,广东深圳市南山区白石二道中信红树湾二期10C,113.965517,22.528087
深圳红树湾,广东,深圳市,南山区,沙河街道白石路欢乐海岸购物中心楼f2-060号门牌号楼,广东深圳市南山区沙河街道白石路欢乐海岸购物中心楼f2-060号门牌号楼,广东深圳市南山区沙河街道白石路欢乐海岸购物中心楼f2-060号门牌号楼,113.98885,22.525106
深圳红树湾,广东,深圳市,南山区,京基御景东方花园5栋,广东深圳市南山区京基御景东方花园5栋,广东深圳市南山区京基御景东方花园5栋,113.969493,22.531086
深圳红树湾,广东,深圳市,南山区,沙河东路118号世纪村16栋,广东深圳市南山区沙河东路118号世纪村16栋,广东深圳市南山区沙河东路118号世纪村16栋,113.967045,22.533612
深圳红树湾,广东,深圳市,南山区,南山区 沙河街道白石州美庐锦园乐有家门店,广东深圳市南山区 沙河街道白石州美庐锦园乐有家门店,广东深圳市南山区 沙河街道白石州美庐锦园乐有家门店,114.031815,22.668834
深圳红树湾,广东,深圳市,南山区,锦绣中华民俗村,广东深圳市南山区锦绣中华民俗村,广东深圳市南山区锦绣中华民俗村,113.992991,22.530399
深圳红树湾,广东,深圳市,南山区,沙河街道深圳市南山区中信红树湾1期1栋【,广东深圳市南山区沙河街道深圳市南山区中信红树湾1期1栋【,广东深圳市南山区沙河街道深圳市南山区中信红树湾1期1栋【,113.96553,22.529519
深圳红树湾,广东,深圳市,南山区,白石三道29号深外教师宿舍,广东深圳市南山区白石三道29号深外教师宿舍,广东深圳市南山区白石三道29号深外教师宿舍,113.964786,22.524297
深圳红树湾,广东,深圳市,南山区,白石州东四坊73号,广东深圳市南山区白石州东四坊73号,广东深圳市南山区白石州东四坊73号,113.970435,22.532354
深圳红树湾,广东,深圳市,南山区,世界之窗阿尔卑斯冰,广东深圳市南山区世界之窗阿尔卑斯冰,广东深圳市南山区世界之窗阿尔卑斯冰,113.974216,22.5369
深圳红树湾,广东,深圳市,南山区,深湾一路红树西岸2栋,广东深圳市南山区深湾一路红树西岸2栋,广东深圳市南山区深湾一路红树西岸2栋,113.966134,22.521184
深圳红树湾,广东,深圳市,南山区,南山区沙河街道南山区沙河街道沙河街道沙河东路中信红树湾18B,广东深圳市南山区沙河街道南山区沙河街道沙河街道沙河东路中信红树湾18B,广东深圳市南山区沙河街道南山区沙河街道沙河街道沙河东路中信红树湾18B,113.966683,22.531136
深圳红树湾,广东,深圳市,南山区,南山区沙河街道南山区沙河东路世纪村1栋座,广东深圳市南山区沙河街道南山区沙河东路世纪村1栋座,广东深圳市南山区沙河街道南山区沙河东路世纪村1栋座,113.966373,22.534448
深圳红树湾,广东,深圳市,南山区,白石洲东一坊104号楼,广东深圳市南山区白石洲东一坊104号楼,广东深圳市南山区白石洲东一坊104号楼,113.967908,22.535791
深圳红树湾,广东,深圳市,南山区,沙河街道瑧湾汇G,广东深圳市南山区沙河街道瑧湾汇G,广东深圳市南山区沙河街道瑧湾汇G,113.969146,22.524084
深圳红树湾,广东,深圳市,南山区,白石洲美庐锦园D,广东深圳市南山区白石洲美庐锦园D,广东深圳市南山区白石洲美庐锦园D,113.966161,22.536122
深圳红树湾,广东,深圳市,南山区,深圳市南山区沙河街道白石洲东二坊78号房,广东深圳市南山区深圳市南山区沙河街道白石洲东二坊78号房,广东深圳市南山区深圳市南山区沙河街道白石洲东二坊78号房,113.968093,22.533597
深圳红树湾,广东,深圳市,南山区,沙河街道白石洲西一坊60号,广东深圳市南山区沙河街道白石洲西一坊60号,广东深圳市南山区沙河街道白石洲西一坊60号,113.96645,22.534801
深圳红树湾,广东,深圳市,南山区,沙河街道深湾一路红树西岸2号楼单元,广东深圳市南山区沙河街道深湾一路红树西岸2号楼单元,广东深圳市南山区沙河街道深湾一路红树西岸2号楼单元,113.965793,22.522231
深圳红树湾,广东,深圳市,南山区,沙河街道沙河东路中信红树湾T7,广东深圳市南山区沙河街道沙河东路中信红树湾T7,广东深圳市南山区沙河街道沙河东路中信红树湾T7,113.966683,22.531136
深圳红树湾,广东,深圳市,南山区,白石洲西社区石洲中路25号美庐锦园c栋,广东深圳市南山区白石洲西社区石洲中路25号美庐锦园c栋,广东深圳市南山区白石洲西社区石洲中路25号美庐锦园c栋,113.966428,22.536215
深圳红树湾,广东,深圳市,南山区,沙河街道中信红树湾南区2栋A单元,广东深圳市南山区沙河街道中信红树湾南区2栋A单元,广东深圳市南山区沙河街道中信红树湾南区2栋A单元,113.965183,22.526982
深圳红树湾,广东,深圳市,南山区,中信红树湾南五号门8室,广东深圳市南山区中信红树湾南五号门8室,广东深圳市南山区中信红树湾南五号门8室,113.965517,22.528087
深圳红树湾,广东,深圳市,南山区,白石州东四坊,广东深圳市南山区白石州东四坊,广东深圳市南山区白石州东四坊,113.970435,22.532354
深圳红树湾,广东,深圳市,南山区,白石洲世纪村14栋,广东深圳市南山区白石洲世纪村14栋,广东深圳市南山区白石洲世纪村14栋,113.967045,22.533612
深圳红树湾,广东,深圳市,南山区,白石三路瑧湾汇F,广东深圳市南山区白石三路瑧湾汇F,广东深圳市南山区白石三路瑧湾汇F,113.969146,22.524084
深圳红树湾,广东,深圳市,南山区,沙河街道白石路东8号独角兽威士忌雪,广东深圳市南山区沙河街道白石路东8号独角兽威士忌雪,广东深圳市南山区沙河街道白石路东8号独角兽威士忌雪,113.992305,22.52518
深圳红树湾,广东,深圳市,南山区,南山区沙河街道白石洲西二坊,广东深圳市南山区沙河街道白石洲西二坊,广东深圳市南山区沙河街道白石洲西二坊,113.967704,22.533121
深圳红树湾,广东,深圳市,南山区,沙河东路1号沙河高尔夫别墅B,广东深圳市南山区沙河东路1号沙河高尔夫别墅B,广东深圳市南山区沙河东路1号沙河高尔夫别墅B,113.963462,22.529765
深圳红树湾,广东,深圳市,南山区,南山区沙河街道深湾五路欢乐海岸蓝楹湾西门丰巢柜,广东深圳市南山区沙河街道深湾五路欢乐海岸蓝楹湾西门丰巢柜,广东深圳市南山区沙河街道深湾五路欢乐海岸蓝楹湾西门丰巢柜,113.982849,22.524023
深圳红树湾,广东,深圳市,南山区,侨城东路碧海云天14栋,广东深圳市南山区侨城东路碧海云天14栋,广东深圳市南山区侨城东路碧海云天14栋,113.996194,22.529469
深圳红树湾,广东,深圳市,南山区,沙河街道沙河东路东中信红树湾3B,广东深圳市南山区沙河街道沙河东路东中信红树湾3B,广东深圳市南山区沙河街道沙河东路东中信红树湾3B,113.966683,22.531136
深圳红树湾,广东,深圳市,南山区,华侨城白石洲路六号路东南侧瑞河耶纳1栋单元,广东深圳市南山区华侨城白石洲路六号路东南侧瑞河耶纳1栋单元,广东深圳市南山区华侨城白石洲路六号路东南侧瑞河耶纳1栋单元,113.975113,22.525584
深圳红树湾,广东,深圳市,南山区,沙河街道东二坊42号,广东深圳市南山区沙河街道东二坊42号,广东深圳市南山区沙河街道东二坊42号,113.967478,22.548658
深圳红树湾,广东,深圳市,南山区,沙河街道南山区白石路京基御景东方四栋二十三A,广东深圳市南山区沙河街道南山区白石路京基御景东方四栋二十三A,广东深圳市南山区沙河街道南山区白石路京基御景东方四栋二十三A,113.969493,22.531086
深圳红树湾,广东,深圳市,南山区,沙河街道臻湾汇A栋,广东深圳市南山区沙河街道臻湾汇A栋,广东深圳市南山区沙河街道臻湾汇A栋,114.096667,22.564253
深圳红树湾,广东,深圳市,南山区,沙河东路世纪村2,广东深圳市南山区沙河东路世纪村2,广东深圳市南山区沙河东路世纪村2,113.967045,22.533612
深圳红树湾,广东,深圳市,南山区,南山区沙河街道白石洲东四坊88栋,广东深圳市南山区沙河街道白石洲东四坊88栋,广东深圳市南山区沙河街道白石洲东四坊88栋,113.969988,22.532431
深圳红树湾,广东,深圳市,南山区,沙河东路桂苑小区三栋一0室O,广东深圳市南山区沙河东路桂苑小区三栋一0室,广东深圳市南山区沙河东路桂苑小区三栋一0室,113.965479,22.546171
深圳红树湾,广东,深圳市,南山区,沙河街道沙河东路1号沙河高尔夫球会员工宿舍,广东深圳市南山区沙河街道沙河东路1号沙河高尔夫球会员工宿舍,广东深圳市南山区沙河街道沙河东路1号沙河高尔夫球会员工宿舍,113.959801,22.52628
深圳红树湾,广东,深圳市,南山区,沙河街道白石洲白石一街,广东深圳市南山区沙河街道白石洲白石一街,广东深圳市南山区沙河街道白石洲白石一街,113.969449,22.540798
深圳红树湾,广东,深圳市,南山区,沙河街道中兴通讯总部大厦项目部深湾五路与滨海大道交汇处西北中兴通讯总部大厦项目部,广东深圳市南山区沙河街道中兴通讯总部大厦项目部深湾五路与滨海大道交汇处西北中兴通讯总部大厦项目部,广东深圳市南山区沙河街道中兴通讯总部大厦项目部深湾五路与滨海大道交汇处西北中兴通讯总部大厦项目部,113.979605,22.521698
深圳红树湾,广东,深圳市,南山区,白石洲雅都苑,广东深圳市南山区白石洲雅都苑,广东深圳市南山区白石洲雅都苑,113.967465,22.538369
深圳红树湾,广东,深圳市,南山区,沙河街道深圳南山区沙河街道中信红树湾北区19栋前台,广东深圳市南山区沙河街道深圳南山区沙河街道中信红树湾北区19栋前台,广东深圳市南山区沙河街道深圳南山区沙河街道中信红树湾北区19栋前台,113.966117,22.530549
深圳红树湾,广东,深圳市,南山区,沙河天虹负楼百货办公室,广东深圳市南山区沙河天虹负楼百货办公室,广东深圳市南山区沙河天虹负楼百货办公室,113.968552,22.530807
深圳红树湾,广东,深圳市,南山区,中信红树湾13b,广东深圳市南山区中信红树湾13b,广东深圳市南山区中信红树湾13b,113.965517,22.528087
深圳红树湾,广东,深圳市,南山区,沙河东路世纪村6栋座,广东深圳市南山区沙河东路世纪村6栋座,广东深圳市南山区沙河东路世纪村6栋座,113.965001,22.531957
深圳红树湾,广东,深圳市,南山区,沙河街道白石路2288号棕榈泉国际中心篮球场丰巢快递柜,广东深圳市南山区沙河街道白石路2288号棕榈泉国际中心篮球场丰巢快递柜,广东深圳市南山区沙河街道白石路2288号棕榈泉国际中心篮球场丰巢快递柜,113.962844,22.532981
深圳红树湾,广东,深圳市,南山区,沙河街道白石洲西二坊98号,广东深圳市南山区沙河街道白石洲西二坊98号,广东深圳市南山区沙河街道白石洲西二坊98号,113.968083,22.532195
深圳红树湾,广东,深圳市,南山区,沙河街道沙河东路白石三道中信红树湾10c,广东深圳市南山区沙河街道沙河东路白石三道中信红树湾10c,广东深圳市南山区沙河街道沙河东路白石三道中信红树湾10c,113.965517,22.528087
深圳红树湾,广东,深圳市,南山区,南山区沙河街道石洲中路白石洲村东四坊56号圆通快递妈妈,广东深圳市南山区沙河街道石洲中路白石洲村东四坊56号,广东深圳市南山区沙河街道石洲中路白石洲村东四坊56号,113.969787,22.53265
深圳红树湾,广东,深圳市,南山区,沙河街道中建八局银行总部大厦项目部,广东深圳市南山区沙河街道中建八局银行总部大厦项目部,广东深圳市南山区沙河街道中建八局银行总部大厦项目部,113.910525,22.805925
深圳红树湾,广东,深圳市,南山区,白石洲东1坊-30栋楼粮油店,广东深圳市南山区白石洲东1坊-30栋楼粮油店,广东深圳市南山区白石洲东1坊-30栋楼粮油店,113.92007,22.541604
深圳红树湾,广东,深圳市,南山区,中信红树湾18栋A303王丽萍,广东深圳市南山区中信红树湾18栋A303王丽萍,广东深圳市南山区中信红树湾18栋A303王丽萍,113.984442,22.535386
深圳红树湾,广东,深圳市,南山区,中信红树湾T2,广东深圳市南山区中信红树湾T2,广东深圳市南山区中信红树湾T2,113.966029,22.527874
深圳红树湾,广东,深圳市,南山区,南山区沙河街道深圳市南山区沙河街道白石洲西一坊22栋,广东深圳市南山区沙河街道深圳市南山区沙河街道白石洲西一坊22栋,广东深圳市南山区沙河街道深圳市南山区沙河街道白石洲西一坊22栋,113.967191,22.535801
深圳红树湾,广东,深圳市,南山区,南山区沙河街道中信红树湾9A,广东深圳市南山区沙河街道中信红树湾9A,广东深圳市南山区沙河街道中信红树湾9A,113.965517,22.528087
深圳红树湾,广东,深圳市,南山区,广东沙河街道深湾一路3号红树西岸202栋,广东深圳市南山区广东沙河街道深湾一路3号红树西岸202栋,广东深圳市南山区广东沙河街道深湾一路3号红树西岸202栋,113.965793,22.522231
深圳红树湾,广东,深圳市,南山区,白石洲东四坊66栋,广东深圳市南山区白石洲东四坊66栋,广东深圳市南山区白石洲东四坊66栋,113.969988,22.532431
深圳红树湾,广东,深圳市,南山区,南山区沙河街道汇雅苑西门保安室,广东深圳市南山区沙河街道汇雅苑西门保安室,广东深圳市南山区沙河街道汇雅苑西门保安室,113.964676,22.537975
深圳红树湾,广东,深圳市,南山区,南山区世界之窗阿尔卑斯冰雪世界前台,广东深圳市南山区世界之窗阿尔卑斯冰雪世界前台,广东深圳市南山区世界之窗阿尔卑斯冰雪世界前台,113.972828,22.534542
深圳红树湾,广东,深圳市,南山区,沙河街道深湾一路红树西岸三栋单元,广东深圳市南山区沙河街道深湾一路红树西岸三栋单元,广东深圳市南山区沙河街道深湾一路红树西岸三栋单元,113.966749,22.522512
深圳红树湾,广东,深圳市,南山区,广东省深圳市南山区沙河街道白石洲东四坊40号,广东深圳市南山区广东省深圳市南山区沙河街道白石洲东四坊40号,广东深圳市南山区广东省深圳市南山区沙河街道白石洲东四坊40号,113.969988,22.532431
深圳红树湾,广东,深圳市,南山区,沙河白石洲西一坊,广东深圳市南山区沙河白石洲西一坊,广东深圳市南山区沙河白石洲西一坊,113.967249,22.53415
深圳红树湾,广东,深圳市,南山区,白石洲东四坊105号中,广东深圳市南山区白石洲东四坊105号,广东深圳市南山区白石洲东四坊105号,113.968775,22.532113
深圳红树湾,广东,深圳市,南山区,沙河街道沙河东路118号世纪村五栋三座,广东深圳市南山区沙河街道沙河东路118号世纪村五栋三座,广东深圳市南山区沙河街道沙河东路118号世纪村五栋三座,113.966296,22.531903
深圳红树湾,广东,深圳市,南山区,南山区白石洲西二坊,广东深圳市南山区白石洲西二坊,广东深圳市南山区白石洲西二坊,113.967704,22.533121
深圳红树湾,广东,深圳市,南山区,石洲中路55号,广东深圳市南山区石洲中路55号,广东深圳市南山区石洲中路55号,113.96646,22.53888
深圳红树湾,广东,深圳市,南山区,臻湾汇C,广东深圳市南山区臻湾汇C,广东深圳市南山区臻湾汇C,113.930478,22.533191
深圳红树湾,广东,深圳市,南山区,白石路京基御景东方花园3栋E,广东深圳市南山区白石路京基御景东方花园3栋E,广东深圳市南山区白石路京基御景东方花园3栋E,113.969493,22.531086
深圳红树湾,广东,深圳市,南山区,沙河街道白石路东2063号华侨城,广东深圳市南山区沙河街道白石路东2063号华侨城,广东深圳市南山区沙河街道白石路东2063号华侨城,113.979821,22.538544
深圳红树湾,广东,深圳市,南山区,南山区沙河街道白石路白石洲东四坊,广东深圳市南山区沙河街道白石路白石洲东四坊,广东深圳市南山区沙河街道白石路白石洲东四坊,113.969988,22.532431
深圳红树湾,广东,深圳市,南山区,沙河街道东一坊楼号八,广东深圳市南山区沙河街道东一坊楼号八,广东深圳市南山区沙河街道东一坊楼号八,113.92007,22.541604
深圳红树湾,广东,深圳市,南山区,沙河街道沙河高尔夫球会员工宿舍篮球场,广东深圳市南山区沙河街道沙河高尔夫球会员工宿舍篮球场,广东深圳市南山区沙河街道沙河高尔夫球会员工宿舍篮球场,113.960175,22.532725
深圳红树湾,广东,深圳市,南山区,沙河街道深湾一路臻汇E栋,广东深圳市南山区沙河街道深湾一路臻汇E栋,广东深圳市南山区沙河街道深湾一路臻汇E栋,113.967232,22.525231
深圳红树湾,广东,深圳市,南山区,中信红树湾南区8A,广东深圳市南山区中信红树湾南区8A,广东深圳市南山区中信红树湾南区8A,113.965574,22.526626
深圳红树湾,广东,深圳市,南山区,沙河街道棕榈泉国际中心宿舍,广东深圳市南山区沙河街道棕榈泉国际中心宿舍,广东深圳市南山区沙河街道棕榈泉国际中心宿舍,113.962844,22.532981
深圳红树湾,广东,深圳市,南山区,华侨城东方花园U3栋B座,广东深圳市南山区华侨城东方花园U3栋B座,广东深圳市南山区华侨城东方花园U3栋B座,113.979821,22.538544
深圳红树湾,广东,深圳市,南山区,沙河街道广东省深圳市南山区深湾一路与白石路交叉口西南200米,广东深圳市南山区沙河街道广东省深圳市南山区深湾一路与白石路交叉口西南200米,广东深圳市南山区沙河街道广东省深圳市南山区深湾一路与白石路交叉口西南200米,113.967038,22.530836
深圳红树湾,广东,深圳市,南山区,白石洲世纪村五栋一座22c,广东深圳市南山区白石洲世纪村五栋一座22c,广东深圳市南山区白石洲世纪村五栋一座22c,113.966296,22.531903
深圳红树湾,广东,深圳市,南山区,神州数码国际创新中心神州数码国际业务总部,广东深圳市南山区神州数码国际创新中心神州数码国际业务总部,广东深圳市南山区神州数码国际创新中心神州数码国际业务总部,113.855836,22.607815
深圳红树湾,广东,深圳市,南山区,沙河街道白石路2168号京基御景东方1栋B,广东深圳市南山区沙河街道白石路2168号京基御景东方1栋B,广东深圳市南山区沙河街道白石路2168号京基御景东方1栋B,113.970243,22.530434
深圳红树湾,广东,深圳市,南山区,中信红树湾南区2A402,广东深圳市南山区中信红树湾南区2A402,广东深圳市南山区中信红树湾南区2A402,113.965574,22.526626
深圳红树湾,广东,深圳市,南山区,华侨城东方花园金辉阁楼A单元,广东深圳市南山区华侨城东方花园金辉阁楼A单元,广东深圳市南山区华侨城东方花园金辉阁楼A单元,113.979821,22.538544
深圳红树湾,广东,深圳市,南山区,沙河街道白石路京基御景东方4,广东深圳市南山区沙河街道白石路京基御景东方4,广东深圳市南山区沙河街道白石路京基御景东方4,113.969493,22.531086
深圳红树湾,广东,深圳市,南山区,白石洲世纪村2-1,广东深圳市南山区白石洲世纪村2-1,广东深圳市南山区白石洲世纪村2-1,113.967045,22.533612
深圳红树湾,广东,深圳市,南山区,白石路168号御景东方10栋,广东深圳市南山区白石路168号御景东方10栋,广东深圳市南山区白石路168号御景东方10栋,113.969331,22.530888
深圳红树湾,广东,深圳市,南山区,沙河街道桂苑小区1栋D,广东深圳市南山区沙河街道桂苑小区1栋D,广东深圳市南山区沙河街道桂苑小区1栋D,114.110281,22.550957
深圳红树湾,广东,深圳市,南山区,沙河街道国际市长交流中心,广东深圳市南山区沙河街道国际市长交流中心,广东深圳市南山区沙河街道国际市长交流中心,113.966375,22.538675
深圳红树湾,广东,深圳市,南山区,白石洲未来时代5,广东深圳市南山区白石洲未来时代5,广东深圳市南山区白石洲未来时代5,113.967465,22.538369
深圳红树湾,广东,深圳市,南山区,南山区沙河街道深湾一路瑧湾汇A栋,广东深圳市南山区沙河街道深湾一路瑧湾汇A栋,广东深圳市南山区沙河街道深湾一路瑧湾汇A栋,113.969047,22.523787
深圳红树湾,广东,深圳市,南山区,沙河街道沙河东路3号沙河高尔夫球会棕榈泉丰巢快递柜,广东深圳市南山区沙河街道沙河东路3号沙河高尔夫球会棕榈泉丰巢快递柜,广东深圳市南山区沙河街道沙河东路3号沙河高尔夫球会棕榈泉丰巢快递柜,113.959801,22.52628
深圳红树湾,广东,深圳市,南山区,沙河街道羊鼎鲜,广东深圳市南山区沙河街道羊鼎鲜,广东深圳市南山区沙河街道羊鼎鲜,113.930478,22.533191
深圳红树湾,广东,深圳市,南山区,广东省深圳市南山区白石二道御景东方一栋,广东深圳市南山区广东省深圳市南山区白石二道御景东方一栋,广东深圳市南山区广东省深圳市南山区白石二道御景东方一栋,113.968771,22.528053
深圳红树湾,广东,深圳市,南山区,沙河街道石洲中路西一坊32号楼,广东深圳市南山区沙河街道石洲中路西一坊32号楼,广东深圳市南山区沙河街道石洲中路西一坊32号楼,113.967125,22.535023
深圳红树湾,广东,深圳市,南山区,沙河街道沙河东路棕榈泉国际高尔夫蓝球场,广东深圳市南山区沙河街道沙河东路棕榈泉国际高尔夫蓝球场,广东深圳市南山区沙河街道沙河东路棕榈泉国际高尔夫蓝球场,113.965479,22.546171
深圳红树湾,广东,深圳市,南山区,白石路瑞河耶纳花园3-2,广东深圳市南山区白石路瑞河耶纳花园3-2,广东深圳市南山区白石路瑞河耶纳花园3-2,113.976117,22.526338
深圳红树湾,广东,深圳市,南山区,南山区沙河街道白石洲西二坊98栋,广东深圳市南山区沙河街道白石洲西二坊98栋,广东深圳市南山区沙河街道白石洲西二坊98栋,113.968083,22.532195
深圳马家龙,广东,深圳市,南山区,深南大道南山工商物价大厦如家精选酒店,广东深圳市南山区深南大道南山工商物价大厦如家精选酒店,广东深圳市南山区深南大道南山工商物价大厦如家精选酒店,113.993509,22.533391
深圳马家龙,广东,深圳市,南山区,创新大厦B座楼,广东深圳市南山区创新大厦B座楼,广东深圳市南山区创新大厦B座楼,113.926312,22.548932
深圳马家龙,广东,深圳市,南山区,南头街道缤纷年华B栋,广东深圳市南山区南头街道缤纷年华B栋,广东深圳市南山区南头街道缤纷年华B栋,113.928453,22.542467
深圳马家龙,广东,深圳市,南山区,南头街道玉泉路麒麟花园A区金麒麟H栋,广东深圳市南山区南头街道玉泉路麒麟花园A区金麒麟H栋,广东深圳市南山区南头街道玉泉路麒麟花园A区金麒麟H栋,113.929558,22.544426
深圳马家龙,广东,深圳市,南山区,南头街道南山大道3838号深圳设计产业园土栋楼,广东深圳市南山区南头街道南山大道3838号深圳设计产业园土栋楼,广东深圳市南山区南头街道南山大道3838号深圳设计产业园土栋楼,113.923903,22.548554
深圳马家龙,广东,深圳市,南山区,南头街道南头街道金龙创业园64栋西座楼,广东深圳市南山区南头街道南头街道金龙创业园64栋西座楼,广东深圳市南山区南头街道南头街道金龙创业园64栋西座楼,113.922317,22.506422
深圳马家龙,广东,深圳市,南山区,建工村一期13栋楼号,广东深圳市南山区建工村一期13栋楼号,广东深圳市南山区建工村一期13栋楼号,113.925692,22.564318
深圳马家龙,广东,深圳市,南山区,麒麟新村EA,广东深圳市南山区麒麟新村EA,广东深圳市南山区麒麟新村EA,113.932506,22.54767
深圳马家龙,广东,深圳市,南山区,南头街道中山园路安居同乐馨苑,广东深圳市南山区南头街道中山园路安居同乐馨苑,广东深圳市南山区南头街道中山园路安居同乐馨苑,113.922001,22.561639
深圳马家龙,广东,深圳市,南山区,南头街道君翔达大厦B座楼A区互语售后部,广东深圳市南山区南头街道君翔达大厦B座楼A区互语售后部,广东深圳市南山区南头街道君翔达大厦B座楼A区互语售后部,113.921025,22.560775
深圳马家龙,广东,深圳市,南山区,南头街道麒麟花园七期84栋,广东深圳市南山区南头街道麒麟花园七期84栋,广东深圳市南山区南头街道麒麟花园七期84栋,113.930718,22.546338
深圳马家龙,广东,深圳市,南山区,南头街道环水泊寓,广东深圳市南山区南头街道环水泊寓,广东深圳市南山区南头街道环水泊寓,113.930467,22.542518
深圳马家龙,广东,深圳市,南山区,南头街道北环大道名士春天16A,广东深圳市南山区南头街道北环大道名士春天16A,广东深圳市南山区南头街道北环大道名士春天16A,114.013491,22.554948
深圳马家龙,广东,深圳市,南山区,南山区南头街道大嘉一街2号嘉隆公寓C栋C,广东深圳市南山区南头街道大嘉一街2号嘉隆公寓C栋C,广东深圳市南山区南头街道大嘉一街2号嘉隆公寓C栋C,113.926871,22.548984
深圳马家龙,广东,深圳市,南山区,南头街道君翔达大厦B座楼A区互,广东深圳市南山区南头街道君翔达大厦B座楼A区互,广东深圳市南山区南头街道君翔达大厦B座楼A区互,113.920617,22.560691
深圳马家龙,广东,深圳市,南山区,南头街道麒麟花园七期A栋号楼,广东深圳市南山区南头街道麒麟花园七期A栋号楼,广东深圳市南山区南头街道麒麟花园七期A栋号楼,113.930718,22.546338
深圳马家龙,广东,深圳市,南山区,南头街道中山苑3栋单元,广东深圳市南山区南头街道中山苑3栋单元,广东深圳市南山区南头街道中山苑3栋单元,113.924067,22.545827
深圳马家龙,广东,深圳市,南山区,南头街道北环大道11008号豪方天际花园4-1,广东深圳市南山区南头街道北环大道11008号豪方天际花园4-1,广东深圳市南山区南头街道北环大道11008号豪方天际花园4-1,113.920728,22.552901
深圳马家龙,广东,深圳市,南山区,大新路海大创意园西座北门,广东深圳市南山区大新路海大创意园西座北门,广东深圳市南山区大新路海大创意园西座北门,113.922317,22.506422
深圳马家龙,广东,深圳市,南山区,南头街道办同乐村关东乐尚林居2栋,广东深圳市南山区南头街道办同乐村关东乐尚林居2栋,广东深圳市南山区南头街道办同乐村关东乐尚林居2栋,113.922162,22.567318
深圳马家龙,广东,深圳市,南山区,南头街道中山苑2栋单元,广东深圳市南山区南头街道中山苑2栋单元,广东深圳市南山区南头街道中山苑2栋单元,113.924052,22.545603
深圳马家龙,广东,深圳市,南山区,南头街道中山路286号栋,广东深圳市南山区南头街道中山路286号栋,广东深圳市南山区南头街道中山路286号栋,113.919419,22.544483
深圳马家龙,广东,深圳市,南山区,玉泉路128号建安大院C梯,广东深圳市南山区玉泉路128号建安大院C梯,广东深圳市南山区玉泉路128号建安大院C梯,113.923965,22.547004
深圳马家龙,广东,深圳市,南山区,南头街道大嘉一街与大新路交叉口西北约120米创新大厦A座楼,广东深圳市南山区南头街道大嘉一街与大新路交叉口西北约120米创新大厦A座楼,广东深圳市南山区南头街道大嘉一街与大新路交叉口西北约120米创新大厦A座楼,113.925992,22.549437
深圳马家龙,广东,深圳市,南山区,义学街三坊8-2,广东深圳市南山区义学街三坊8-2,广东深圳市南山区义学街三坊8-2,113.924968,22.543649
深圳马家龙,广东,深圳市,南山区,南头街道中山园路136号东关乐尚林居1栋b座,广东深圳市南山区南头街道中山园路136号东关乐尚林居1栋b座,广东深圳市南山区南头街道中山园路136号东关乐尚林居1栋b座,113.921057,22.566197
深圳马家龙,广东,深圳市,南山区,南山区南头街道麒麟花园七期楼,广东深圳市南山区南头街道麒麟花园七期楼,广东深圳市南山区南头街道麒麟花园七期楼,113.930718,22.546338
深圳马家龙,广东,深圳市,南山区,南山区南头街道泉园路12号蓝虹雅苑1栋单元,广东深圳市南山区南头街道泉园路12号蓝虹雅苑1栋单元,广东深圳市南山区南头街道泉园路12号蓝虹雅苑1栋单元,113.92958,22.541053
深圳马家龙,广东,深圳市,南山区,南头街道南山大道3838号深圳设计产业园土栋楼口,广东深圳市南山区南头街道南山大道3838号深圳设计产业园土栋楼口,广东深圳市南山区南头街道南山大道3838号深圳设计产业园土栋楼口,113.923903,22.548554
深圳马家龙,广东,深圳市,南山区,建工村一期3栋,广东深圳市南山区建工村一期3栋,广东深圳市南山区建工村一期3栋,113.925692,22.564318
深圳马家龙,广东,深圳市,南山区,南头街道安居同乐馨苑,广东深圳市南山区南头街道安居同乐馨苑,广东深圳市南山区南头街道安居同乐馨苑,113.922001,22.561639
深圳马家龙,广东,深圳市,南山区,中国嘉庭苑2栋,广东深圳市南山区中国嘉庭苑2栋,广东深圳市南山区中国嘉庭苑2栋,113.929883,22.542302
深圳马家龙,广东,深圳市,南山区,南山区深圳市南山区北环大道名仕春天A栋b,广东深圳市南山区深圳市南山区北环大道名仕春天A栋b,广东深圳市南山区深圳市南山区北环大道名仕春天A栋b,113.925267,22.551782
深圳马家龙,广东,深圳市,南山区,市南山区南头街道玉泉路38号通海苑订单,广东深圳市南山区市南山区南头街道玉泉路38号通海苑订单,广东深圳市南山区市南山区南头街道玉泉路38号通海苑订单,113.928944,22.54671
深圳马家龙,广东,深圳市,南山区,南头街道北环大道11008号豪方天际花园四期A栋,广东深圳市南山区南头街道北环大道11008号豪方天际花园四期A栋,广东深圳市南山区南头街道北环大道11008号豪方天际花园四期A栋,113.920728,22.552901
深圳马家龙,广东,深圳市,南山区,正风路16号名家富居7栋,广东深圳市南山区正风路16号名家富居7栋,广东深圳市南山区正风路16号名家富居7栋,113.925976,22.541756
深圳马家龙,广东,深圳市,南山区,豪方天际花园4栋单元,广东深圳市南山区豪方天际花园4栋单元,广东深圳市南山区豪方天际花园4栋单元,113.919979,22.554536
深圳马家龙,广东,深圳市,南山区,南头街道北环大道11018号前海东岸花园1栋同晖阁室,广东深圳市南山区南头街道北环大道11018号前海东岸花园1栋同晖阁室,广东深圳市南山区南头街道北环大道11018号前海东岸花园1栋同晖阁室,113.91798,22.551845
深圳马家龙,广东,深圳市,南山区,南头街道南山区南头街道马家龙二街安家公寓对面马家龙中通转,广东深圳市南山区南头街道南山区南头街道马家龙二街安家公寓对面马家龙中通转,广东深圳市南山区南头街道南山区南头街道马家龙二街安家公寓对面马家龙中通转,113.932589,22.549559
深圳马家龙,广东,深圳市,南山区,南山大道义学,广东深圳市南山区南山大道义学,广东深圳市南山区南山大道义学,113.924196,22.535715
深圳马家龙,广东,深圳市,南山区,创意大厦楼,广东深圳市南山区创意大厦楼,广东深圳市南山区创意大厦楼,113.93113,22.542173
深圳马家龙,广东,深圳市,南山区,南头街道北环大道11008号豪方天际花园四期H栋,广东深圳市南山区南头街道北环大道11008号豪方天际花园四期H栋,广东深圳市南山区南头街道北环大道11008号豪方天际花园四期H栋,113.920728,22.552901
深圳马家龙,广东,深圳市,南山区,南头街道北环大道11018号前海东岸同方阁,广东深圳市南山区南头街道北环大道11018号前海东岸同方阁,广东深圳市南山区南头街道北环大道11018号前海东岸同方阁,113.917779,22.552178
深圳马家龙,广东,深圳市,南山区,南头街道南山区建工村7栋,广东深圳市南山区南头街道南山区建工村7栋,广东深圳市南山区南头街道南山区建工村7栋,113.925692,22.564318
深圳马家龙,广东,深圳市,南山区,南头街道立润富达广场E栋层,广东深圳市南山区南头街道立润富达广场E栋层,广东深圳市南山区南头街道立润富达广场E栋层,113.928043,22.547358
深圳马家龙,广东,深圳市,南山区,南头街道-嘉隆公寓c座房,广东深圳市南山区南头街道-嘉隆公寓c座房,广东深圳市南山区南头街道-嘉隆公寓c座房,113.926871,22.548984
深圳马家龙,广东,深圳市,南山区,豪方天际花园3栋,广东深圳市南山区豪方天际花园3栋,广东深圳市南山区豪方天际花园3栋,113.920314,22.554955
深圳马家龙,广东,深圳市,南山区,方鼎华庭1栋单元,广东深圳市南山区方鼎华庭1栋单元,广东深圳市南山区方鼎华庭1栋单元,113.923824,22.551423
深圳马家龙,广东,深圳市,南山区,南头街道深圳设计产业园木栋,广东深圳市南山区南头街道深圳设计产业园木栋,广东深圳市南山区南头街道深圳设计产业园木栋,113.925531,22.547678
深圳马家龙,广东,深圳市,南山区,南头街道大新路金龙创业园64栋西座楼,广东深圳市南山区南头街道大新路金龙创业园64栋西座楼,广东深圳市南山区南头街道大新路金龙创业园64栋西座楼,113.926733,22.548576
深圳马家龙,广东,深圳市,南山区,方鼎华庭方鼎华庭2栋门口,广东深圳市南山区方鼎华庭方鼎华庭2栋门口,广东深圳市南山区方鼎华庭方鼎华庭2栋门口,113.924007,22.550721
深圳马家龙,广东,深圳市,南山区,泉园路12号蓝虹雅苑2栋,广东深圳市南山区泉园路12号蓝虹雅苑2栋,广东深圳市南山区泉园路12号蓝虹雅苑2栋,113.929589,22.540921
深圳马家龙,广东,深圳市,南山区,南头街道荔园新村6B,广东深圳市南山区南头街道荔园新村6B,广东深圳市南山区南头街道荔园新村6B,113.928608,22.550477
深圳马家龙,广东,深圳市,南山区,南头街道豪方天际花园2栋单元,广东深圳市南山区南头街道豪方天际花园2栋单元,广东深圳市南山区南头街道豪方天际花园2栋单元,113.920706,22.555424
深圳马家龙,广东,深圳市,南山区,立润富达B座,广东深圳市南山区立润富达B座,广东深圳市南山区立润富达B座,114.167746,22.5652
深圳马家龙,广东,深圳市,南山区,尔达盛传感科技有限公司深圳市南山区南头街道马家龙工业园虹步路1号鸿瀚大厦B座,广东深圳市南山区尔达盛传感科技有限公司深圳市南山区南头街道马家龙工业园虹步路1号鸿瀚大厦B座,广东深圳市南山区尔达盛传感科技有限公司深圳市南山区南头街道马家龙工业园虹步路1号鸿瀚大厦B座,113.927634,22.550433
深圳马家龙,广东,深圳市,南山区,义学街1号湘铺土菜馆,广东深圳市南山区义学街1号湘铺土菜馆,广东深圳市南山区义学街1号湘铺土菜馆,113.92377,22.544075
深圳马家龙,广东,深圳市,南山区,南头街道义学街一坊8号,广东深圳市南山区南头街道义学街一坊8号,广东深圳市南山区南头街道义学街一坊8号,113.924049,22.542885
深圳马家龙,广东,深圳市,南山区,南头街道建工村1期四栋,广东深圳市南山区南头街道建工村1期四栋,广东深圳市南山区南头街道建工村1期四栋,113.925646,22.562984
深圳马家龙,广东,深圳市,南山区,大道方鼎华庭4栋一单元,广东深圳市南山区大道方鼎华庭4栋一单元,广东深圳市南山区大道方鼎华庭4栋一单元,113.924132,22.551281
深圳马家龙,广东,深圳市,南山区,南山区南头街道乐尚林居3栋号店,广东深圳市南山区南头街道乐尚林居3栋号店,广东深圳市南山区南头街道乐尚林居3栋号店,113.922817,22.543137
深圳马家龙,广东,深圳市,南山区,南山区南头街道南博二路28号博伦职业技,广东深圳市南山区南头街道南博二路28号博伦职业技,广东深圳市南山区南头街道南博二路28号博伦职业技,113.926036,22.55704
深圳马家龙,广东,深圳市,南山区,泉园路13号南山数字产业基地东座,广东深圳市南山区泉园路13号南山数字产业基地东座,广东深圳市南山区泉园路13号南山数字产业基地东座,113.929486,22.542056
深圳马家龙,广东,深圳市,南山区,华泰小区C座楼,广东深圳市南山区华泰小区C座楼,广东深圳市南山区华泰小区C座楼,113.923161,22.561051
深圳马家龙,广东,深圳市,南山区,南头街道马家龙虹步路39号大习科创大厦14栋,广东深圳市南山区南头街道马家龙虹步路39号大习科创大厦14栋,广东深圳市南山区南头街道马家龙虹步路39号大习科创大厦14栋,113.925745,22.550492
深圳马家龙,广东,深圳市,南山区,正风路名家富居6栋,广东深圳市南山区正风路名家富居6栋,广东深圳市南山区正风路名家富居6栋,113.926446,22.542266
深圳马家龙,广东,深圳市,南山区,南头街道麒麟花园A12-C,广东深圳市南山区南头街道麒麟花园A12-C,广东深圳市南山区南头街道麒麟花园A12-C,113.932216,22.545975
深圳马家龙,广东,深圳市,南山区,深南大道10168号佳嘉豪商务大厦,广东深圳市南山区深南大道10168号佳嘉豪商务大厦,广东深圳市南山区深南大道10168号佳嘉豪商务大厦,113.926748,22.540944
深圳马家龙,广东,深圳市,南山区,南头街道金龙工业城64栋楼佳思德科技深圳有限公司,广东深圳市南山区南头街道金龙工业城64栋楼佳思德科技深圳有限公司,广东深圳市南山区南头街道金龙工业城64栋楼佳思德科技深圳有限公司,113.922817,22.543137
深圳马家龙,广东,深圳市,南山区,南龙苑C栋A单元,广东深圳市南山区南龙苑C栋A单元,广东深圳市南山区南龙苑C栋A单元,113.925307,22.551897
深圳马家龙,广东,深圳市,南山区,南山区同乐村8号公寓,广东深圳市南山区同乐村8号公寓,广东深圳市南山区同乐村8号公寓,113.923029,22.567115
深圳马家龙,广东,深圳市,南山区,北环大道11008号豪方天际广场办公楼,广东深圳市南山区北环大道11008号豪方天际广场办公楼,广东深圳市南山区北环大道11008号豪方天际广场办公楼,113.921342,22.55336
深圳马家龙,广东,深圳市,南山区,南头街道豪方天际花园5栋单元大堂,广东深圳市南山区南头街道豪方天际花园5栋单元大堂,广东深圳市南山区南头街道豪方天际花园5栋单元大堂,113.919588,22.554001
深圳马家龙,广东,深圳市,南山区,南山区南山大道3186号莲花广场A栋深圳南山假日酒店,广东深圳市南山区南山大道3186号莲花广场A栋深圳南山假日酒店,广东深圳市南山区南山大道3186号莲花广场A栋深圳南山假日酒店,113.9241,22.547546
深圳马家龙,广东,深圳市,南山区,南山区南头街道南山区南头街道义学街一坊11栋楼 蓝色100+,广东深圳市南山区南头街道南山区南头街道义学街一坊11栋,广东深圳市南山区南头街道南山区南头街道义学街一坊11栋,113.923994,22.543633
深圳马家龙,广东,深圳市,南山区,南山区南头街道缤纷商业中心楼号乒乓球室,广东深圳市南山区南头街道缤纷商业中心楼号乒乓球室,广东深圳市南山区南头街道缤纷商业中心楼号乒乓球室,113.928398,22.54258
深圳马家龙,广东,深圳市,南山区,南山区南头街道莲花广场B栋建匠工程斯维尔发2,广东深圳市南山区南头街道莲花广场B栋,广东深圳市南山区南头街道莲花广场B栋,113.922817,22.543137
深圳马家龙,广东,深圳市,南山区,南头街道麒麟花园-玉泉路3号H栋,广东深圳市南山区南头街道麒麟花园-玉泉路3号H栋,广东深圳市南山区南头街道麒麟花园-玉泉路3号H栋,113.930901,22.544305
深圳马家龙,广东,深圳市,南山区,南头街道同乐社区安居同乐馨苑1301,广东深圳市南山区南头街道同乐社区安居同乐馨苑1301,广东深圳市南山区南头街道同乐社区安居同乐馨苑1301,113.922001,22.561639
深圳马家龙,广东,深圳市,南山区,北环大道10187号南龙苑b栋b座,广东深圳市南山区北环大道10187号南龙苑b栋b座,广东深圳市南山区北环大道10187号南龙苑b栋b座,113.925043,22.552079
深圳马家龙,广东,深圳市,南山区,艺园路85号汇金家园,广东深圳市南山区艺园路85号汇金家园,广东深圳市南山区艺园路85号汇金家园,113.927562,22.547498
深圳马家龙,广东,深圳市,南山区,南头街道建工村13栋,广东深圳市南山区南头街道建工村13栋,广东深圳市南山区南头街道建工村13栋,113.924526,22.562755
深圳马家龙,广东,深圳市,南山区,南头街道麒麟花园七期盛世长安68区2589-D7,广东深圳市南山区南头街道麒麟花园七期盛世长安68区2589-D7,广东深圳市南山区南头街道麒麟花园七期盛世长安68区2589-D7,113.930718,22.546338
深圳马家龙,广东,深圳市,南山区,"互语抖音旗舰店, 13691679251, 广东省深圳市南山区南头街道君翔达大厦B座楼A区互语售后部", 广东省深圳市南山区南头街道君翔达大厦B座楼A区互语售后部,广东省深圳市南山区南头街道君翔达大厦B座楼A区互语售后部,113.921025,22.560775
深圳马家龙,广东,深圳市,南山区,玉泉路莲城花园7栋四单元,广东深圳市南山区玉泉路莲城花园7栋四单元,广东深圳市南山区玉泉路莲城花园7栋四单元,113.92635,22.545849
深圳马家龙,广东,深圳市,南山区,南头街道大新路彩虹居虹霞阁1,广东深圳市南山区南头街道大新路彩虹居虹霞阁1,广东深圳市南山区南头街道大新路彩虹居虹霞阁1,113.932066,22.5489
深圳马家龙,广东,深圳市,南山区,南头街道正风路名家富居8,广东深圳市南山区南头街道正风路名家富居8,广东深圳市南山区南头街道正风路名家富居8,113.925976,22.541756
深圳马家龙,广东,深圳市,南山区,同乐村60栋,广东深圳市南山区同乐村60栋,广东深圳市南山区同乐村60栋,113.922201,22.567882
深圳马家龙,广东,深圳市,南山区,南头街道,广东深圳市南山区南头街道,广东深圳市南山区南头街道,113.922817,22.543137
深圳马家龙,广东,深圳市,南山区,南头街道大新路马家龙创新大厦A座,广东深圳市南山区南头街道大新路马家龙创新大厦A座,广东深圳市南山区南头街道大新路马家龙创新大厦A座,113.925992,22.549437
深圳马家龙,广东,深圳市,南山区,大新路38号彩虹居虹霞阁,广东深圳市南山区大新路38号彩虹居虹霞阁,广东深圳市南山区大新路38号彩虹居虹霞阁,113.932066,22.5489
深圳马家龙,广东,深圳市,南山区,南山街道广东省深圳市南山区南山街道豪方天际广场层1901,广东深圳市南山区南山街道广东省深圳市南山区南山街道豪方天际广场层1901,广东深圳市南山区南山街道广东省深圳市南山区南山街道豪方天际广场层1901,113.921342,22.55336
深圳马家龙,广东,深圳市,南山区,马家龙大新路198号创新大厦B座楼,广东深圳市南山区马家龙大新路198号创新大厦B座楼,广东深圳市南山区马家龙大新路198号创新大厦B座楼,113.926312,22.548932
深圳马家龙,广东,深圳市,南山区,南头街道深圳市南山区玉泉路麒麟花园A区元轩,广东深圳市南山区南头街道深圳市南山区玉泉路麒麟花园A区元轩,广东深圳市南山区南头街道深圳市南山区玉泉路麒麟花园A区元轩,113.929558,22.544426
深圳马家龙,广东,深圳市,南山区,南山区南头街道中山园路136号东关乐尚林居1A座,广东深圳市南山区南头街道中山园路136号东关乐尚林居1A座,广东深圳市南山区南头街道中山园路136号东关乐尚林居1A座,113.921057,22.566197
深圳马家龙,广东,深圳市,南山区,南头街道北环大道10149号名仕春天b座3单元,广东深圳市南山区南头街道北环大道10149号名仕春天b座3单元,广东深圳市南山区南头街道北环大道10149号名仕春天b座3单元,113.9257,22.551523
深圳马家龙,广东,深圳市,南山区,艺园路168号荔园新村6,广东深圳市南山区艺园路168号荔园新村6,广东深圳市南山区艺园路168号荔园新村6,113.928608,22.550477
深圳马家龙,广东,深圳市,南山区,南山区大新路264号周游季私房小厨,广东深圳市南山区大新路264号周游季私房小厨,广东深圳市南山区大新路264号周游季私房小厨,113.925531,22.549112
深圳马家龙,广东,深圳市,南山区,南头街道鸿荣源尚璟公馆1栋,广东深圳市南山区南头街道鸿荣源尚璟公馆1栋,广东深圳市南山区南头街道鸿荣源尚璟公馆1栋,113.918923,22.556657
深圳马家龙,广东,深圳市,南山区,正风路1号深圳市税务局第二稽查,广东深圳市南山区正风路1号深圳市税务局第二稽查,广东深圳市南山区正风路1号深圳市税务局第二稽查,113.928235,22.541774
深圳马家龙,广东,深圳市,南山区,南头街道中山园路东关乐尚林居3栋,广东深圳市南山区南头街道中山园路东关乐尚林居3栋,广东深圳市南山区南头街道中山园路东关乐尚林居3栋,113.923314,22.566095
深圳马家龙,广东,深圳市,南山区,南头义学街一坊,广东深圳市南山区南头义学街一坊,广东深圳市南山区南头义学街一坊,113.92455,22.543184
深圳马家龙,广东,深圳市,南山区,南头街道铁二路建工村保障性住房11栋,广东深圳市南山区南头街道铁二路建工村保障性住房11栋,广东深圳市南山区南头街道铁二路建工村保障性住房11栋,113.925692,22.564318
深圳马家龙,广东,深圳市,南山区,南头街道马家龙金龙工业城63栋西座,广东深圳市南山区南头街道马家龙金龙工业城63栋西座,广东深圳市南山区南头街道马家龙金龙工业城63栋西座,113.922317,22.506422
深圳马家龙,广东,深圳市,南山区,建工村中铁建工集团深圳分公司快递室,广东深圳市南山区建工村中铁建工集团深圳分公司快递室,广东深圳市南山区建工村中铁建工集团深圳分公司快递室,113.925692,22.564318
深圳马家龙,广东,深圳市,南山区,南头街道义学街一号楼,广东深圳市南山区南头街道义学街一号楼,广东深圳市南山区南头街道义学街一号楼,113.92413,22.544009
深圳马家龙,广东,深圳市,南山区,正风路名家富居8栋E张姐2,广东深圳市南山区正风路名家富居8栋E张姐2,广东深圳市南山区正风路名家富居8栋E张姐2,113.926446,22.542266
深圳马家龙,广东,深圳市,南山区,玉泉路麒麟深大音乐花园金麟阁E栋金童艺术,广东深圳市南山区玉泉路麒麟深大音乐花园金麟阁E栋金童艺术,广东深圳市南山区玉泉路麒麟深大音乐花园金麟阁E栋金童艺术,113.944173,22.538667
深圳马家龙,广东,深圳市,南山区,南头街道嘉隆公寓C座,广东深圳市南山区南头街道嘉隆公寓C座,广东深圳市南山区南头街道嘉隆公寓C座,113.927017,22.549387
深圳马家龙,广东,深圳市,南山区,南头街道马家龙社区荔园新村6栋,广东深圳市南山区南头街道马家龙社区荔园新村6栋,广东深圳市南山区南头街道马家龙社区荔园新村6栋,113.928681,22.550641
深圳马家龙,广东,深圳市,南山区,南头街道南山科技园南头古城漫心酒店,广东深圳市南山区南头街道南山科技园南头古城漫心酒店,广东深圳市南山区南头街道南山科技园南头古城漫心酒店,113.923096,22.543416
深圳马家龙,广东,深圳市,南山区,南头街道马家龙艺园路88号立润富达广场写字楼E座,广东深圳市南山区南头街道马家龙艺园路88号立润富达广场写字楼E座,广东深圳市南山区南头街道马家龙艺园路88号立润富达广场写字楼E座,113.928344,22.547742
深圳马家龙,广东,深圳市,南山区,亚朵S酒店,广东深圳市南山区亚朵S酒店,广东深圳市南山区亚朵S酒店,113.841567,22.613664
深圳马家龙,广东,深圳市,南山区,南头街道玉泉路83号马家龙方卉园1栋单元,广东深圳市南山区南头街道玉泉路83号马家龙方卉园1栋单元,广东深圳市南山区南头街道玉泉路83号马家龙方卉园1栋单元,113.924833,22.550533
深圳马家龙,广东,深圳市,南山区,南头街道义学街三坊7-2号,广东深圳市南山区南头街道义学街三坊7-2号,广东深圳市南山区南头街道义学街三坊7-2号,113.924761,22.543603
深圳马家龙,广东,深圳市,南山区,南头街道玉泉路和保龙路交叉路口麒麟新村E栋B单元,广东深圳市南山区南头街道玉泉路和保龙路交叉路口麒麟新村E栋B单元,广东深圳市南山区南头街道玉泉路和保龙路交叉路口麒麟新村E栋B单元,113.932332,22.547479
深圳马家龙,广东,深圳市,南山区,南山分局,广东深圳市南山区南山分局,广东深圳市南山区南山分局,113.930478,22.533191
深圳马家龙,广东,深圳市,南山区,南头街道南联社区北环大道11008号豪方天际广场写字楼,广东深圳市南山区南头街道南联社区北环大道11008号豪方天际广场写字楼,广东深圳市南山区南头街道南联社区北环大道11008号豪方天际广场写字楼,113.921342,22.55336
深圳马家龙,广东,深圳市,南山区,同乐街道铁二路南山建工村12栋,广东深圳市南山区同乐街道铁二路南山建工村12栋,广东深圳市南山区同乐街道铁二路南山建工村12栋,113.925692,22.564318
深圳马家龙,广东,深圳市,南山区,南头街道北环大道11084号前海东岸花园同胜阁,广东深圳市南山区南头街道北环大道11084号前海东岸花园同胜阁,广东深圳市南山区南头街道北环大道11084号前海东岸花园同胜阁,113.919612,22.552739
深圳马家龙,广东,深圳市,南山区,南头街道南山大道3930号深圳艺术学校北,广东深圳市南山区南头街道南山大道3930号深圳艺术学校北,广东深圳市南山区南头街道南山大道3930号深圳艺术学校北,113.925053,22.554831
深圳马家龙,广东,深圳市,南山区,南山区南头街道同乐村37栋,广东深圳市南山区南头街道同乐村37栋,广东深圳市南山区南头街道同乐村37栋,113.922291,22.568018
深圳马家龙,广东,深圳市,南山区,南头街道北环大道豪方天际花园4栋单元,广东深圳市南山区南头街道北环大道豪方天际花园4栋单元,广东深圳市南山区南头街道北环大道豪方天际花园4栋单元,113.919979,22.554536
深圳马家龙,广东,深圳市,南山区,乐尚林居2栋,广东深圳市南山区乐尚林居2栋,广东深圳市南山区乐尚林居2栋,113.930478,22.533191
深圳马家龙,广东,深圳市,南山区,华泰小区D栋,广东深圳市南山区华泰小区D栋,广东深圳市南山区华泰小区D栋,113.923161,22.561051
深圳马家龙,广东,深圳市,南山区,南山区南头街道马家龙荔园新村3栋B座,广东深圳市南山区南头街道马家龙荔园新村3栋B座,广东深圳市南山区南头街道马家龙荔园新村3栋B座,113.92836,22.550665
深圳马家龙,广东,深圳市,南山区,南头街道北环大道辅路前海东岸同晖阁,广东深圳市南山区南头街道北环大道辅路前海东岸同晖阁,广东深圳市南山区南头街道北环大道辅路前海东岸同晖阁,113.917915,22.551873
深圳马家龙,广东,深圳市,南山区,南山区南头街道南山农产品批发市场一栋楼顺丰快递隔壁味丰,广东深圳市南山区南头街道南山农产品批发市场一栋楼,广东深圳市南山区南头街道南山农产品批发市场一栋楼,113.922817,22.543137
深圳马家龙,广东,深圳市,南山区,南头街道华泰小区D栋,广东深圳市南山区南头街道华泰小区D栋,广东深圳市南山区南头街道华泰小区D栋,113.923161,22.561051
深圳马家龙,广东,深圳市,南山区,南头街道建工村6栋,广东深圳市南山区南头街道建工村6栋,广东深圳市南山区南头街道建工村6栋,113.923144,22.561767
深圳马家龙,广东,深圳市,南山区,广东省深圳市南山区前进路鸿荣源尚璟公馆鸿荣源尚璟公馆2栋,广东深圳市南山区广东省深圳市南山区前进路鸿荣源尚璟公馆鸿荣源尚璟公馆2栋,广东深圳市南山区广东省深圳市南山区前进路鸿荣源尚璟公馆鸿荣源尚璟公馆2栋,113.919332,22.556862
深圳马家龙,广东,深圳市,南山区,南山区南头街道--麒麟花园七期A大栋,广东深圳市南山区南头街道--麒麟花园七期A大栋,广东深圳市南山区南头街道--麒麟花园七期A大栋,113.930718,22.546338
深圳马家龙,广东,深圳市,南山区,南山大道义学街正街11-1栋,广东深圳市南山区南山大道义学街正街11-1栋,广东深圳市南山区南山大道义学街正街11-1栋,113.923782,22.543876
深圳马家龙,广东,深圳市,南山区,南头街道麒麟花园清轩1栋,广东深圳市南山区南头街道麒麟花园清轩1栋,广东深圳市南山区南头街道麒麟花园清轩1栋,113.930718,22.546338
深圳马家龙,广东,深圳市,南山区,南头街道华泰小区B座,广东深圳市南山区南头街道华泰小区B座,广东深圳市南山区南头街道华泰小区B座,113.923161,22.561051
深圳马家龙,广东,深圳市,南山区,正风路名家富居9,广东深圳市南山区正风路名家富居9,广东深圳市南山区正风路名家富居9,113.926446,22.542266
深圳马家龙,广东,深圳市,南山区,南山街道义学街,广东深圳市南山区南山街道义学街,广东深圳市南山区南山街道义学街,113.924314,22.544098
深圳马家龙,广东,深圳市,南山区,南头街道马家龙社区大新路198号创新大厦B栋公司名称星德科技有限公司,广东深圳市南山区南头街道马家龙社区大新路198号创新大厦B栋公司名称星德科技有限公司,广东深圳市南山区南头街道马家龙社区大新路198号创新大厦B栋公司名称星德科技有限公司,113.926067,22.549106
深圳马家龙,广东,深圳市,南山区,南头街道义学街三坊8栋-1号,广东深圳市南山区南头街道义学街三坊8栋-1号,广东深圳市南山区南头街道义学街三坊8栋-1号,113.924827,22.543788
深圳马家龙,广东,深圳市,南山区,玉泉路麒麟花园A区12栋C座,广东深圳市南山区玉泉路麒麟花园A区12栋C座,广东深圳市南山区玉泉路麒麟花园A区12栋C座,113.932369,22.545932
深圳马家龙,广东,深圳市,南山区,大道中山颐景2C,广东深圳市南山区大道中山颐景2C,广东深圳市南山区大道中山颐景2C,114.477147,22.59735
深圳马家龙,广东,深圳市,南山区,南头街道莲城花园9栋,广东深圳市南山区南头街道莲城花园9栋,广东深圳市南山区南头街道莲城花园9栋,113.926482,22.545887
深圳马家龙,广东,深圳市,南山区,南头街道玉泉路3号麒麟花园a区英麒苑A栋,广东深圳市南山区南头街道玉泉路3号麒麟花园a区英麒苑A栋,广东深圳市南山区南头街道玉泉路3号麒麟花园a区英麒苑A栋,113.931377,22.543259
深圳马家龙,广东,深圳市,南山区,南头街道中山园路南山区同乐村106栋,广东深圳市南山区南头街道中山园路南山区同乐村106栋,广东深圳市南山区南头街道中山园路南山区同乐村106栋,113.921899,22.567615
深圳马家龙,广东,深圳市,南山区,南头街道北环大道10149号名仕春天b栋三单元,广东深圳市南山区南头街道北环大道10149号名仕春天b栋三单元,广东深圳市南山区南头街道北环大道10149号名仕春天b栋三单元,113.924869,22.551828
深圳马家龙,广东,深圳市,南山区,南头街道北环大道11008号豪方天际花园四期b栋,广东深圳市南山区南头街道北环大道11008号豪方天际花园四期b栋,广东深圳市南山区南头街道北环大道11008号豪方天际花园四期b栋,113.920728,22.552901
深圳马家龙,广东,深圳市,南山区,园路东中山颐景花园1D一1002高,广东深圳市南山区园路东中山颐景花园1D一1002高,广东深圳市南山区园路东中山颐景花园1D一1002高,114.477147,22.59735
深圳马家龙,广东,深圳市,南山区,南头街道马家龙社区艺园路168号荔园新村16栋二单元,广东深圳市南山区南头街道马家龙社区艺园路168号荔园新村16栋二单元,广东深圳市南山区南头街道马家龙社区艺园路168号荔园新村16栋二单元,113.927992,22.550509
深圳马家龙,广东,深圳市,南山区,南山区南头街道豪方天际花园6栋单元,广东深圳市南山区南头街道豪方天际花园6栋单元,广东深圳市南山区南头街道豪方天际花园6栋单元,113.920329,22.552947
深圳马家龙,广东,深圳市,南山区,南头街道华泰小区G栋,广东深圳市南山区南头街道华泰小区G栋,广东深圳市南山区南头街道华泰小区G栋,113.923161,22.561051
深圳马家龙,广东,深圳市,南山区,南山区艺园路缤纷年华C,广东深圳市南山区艺园路缤纷年华C,广东深圳市南山区艺园路缤纷年华C,113.928432,22.542559
深圳马家龙,广东,深圳市,南山区,广东省深圳市南山区同乐村,广东深圳市南山区广东省深圳市南山区同乐村,广东深圳市南山区广东省深圳市南山区同乐村,113.922706,22.56756
深圳马家龙,广东,深圳市,南山区,南山区南头街道中山园路136号东关乐尚林居1栋B座,广东深圳市南山区南头街道中山园路136号东关乐尚林居1栋B座,广东深圳市南山区南头街道中山园路136号东关乐尚林居1栋B座,113.921057,22.566197
深圳马家龙,广东,深圳市,南山区,南头街道麒麟花园,广东深圳市南山区南头街道麒麟花园,广东深圳市南山区南头街道麒麟花园,113.930718,22.546338
深圳马家龙,广东,深圳市,南山区,南山区南头街道南山大道3908号方鼎华庭2栋,广东深圳市南山区南头街道南山大道3908号方鼎华庭2栋,广东深圳市南山区南头街道南山大道3908号方鼎华庭2栋,113.924007,22.550721
深圳马家龙,广东,深圳市,南山区,南山区南头街道南山区马家龙工业区14栋大习科创,广东深圳市南山区南头街道南山区马家龙工业区14栋大习科创,广东深圳市南山区南头街道南山区马家龙工业区14栋大习科创,113.928941,22.548792
深圳马家龙,广东,深圳市,南山区,南山区南头街道田厦IC产业园,广东深圳市南山区南头街道田厦IC产业园,广东深圳市南山区南头街道田厦IC产业园,113.927235,22.548721
深圳马家龙,广东,深圳市,南山区,南头街道北环大道11008号豪方天际花园四期D栋,广东深圳市南山区南头街道北环大道11008号豪方天际花园四期D栋,广东深圳市南山区南头街道北环大道11008号豪方天际花园四期D栋,113.920728,22.552901
深圳马家龙,广东,深圳市,南山区,南头街道鸿荣源尚璟公馆2栋,广东深圳市南山区南头街道鸿荣源尚璟公馆2栋,广东深圳市南山区南头街道鸿荣源尚璟公馆2栋,113.919332,22.556862
深圳马家龙,广东,深圳市,南山区,南头街道南山数字文化产业基地东塔楼,广东深圳市南山区南头街道南山数字文化产业基地东塔楼,广东深圳市南山区南头街道南山数字文化产业基地东塔楼,113.942736,22.524563
深圳马家龙,广东,深圳市,南山区,南山区南头街道南山大道3908号方鼎华庭1栋一单元,广东深圳市南山区南头街道南山大道3908号方鼎华庭1栋一单元,广东深圳市南山区南头街道南山大道3908号方鼎华庭1栋一单元,113.923824,22.551423
深圳马家龙,广东,深圳市,南山区,麒麟花园A1栋,广东深圳市南山区麒麟花园A1栋,广东深圳市南山区麒麟花园A1栋,113.868098,22.796122
深圳马家龙,广东,深圳市,南山区,大新路89号海大创意园东座,广东深圳市南山区大新路89号海大创意园东座,广东深圳市南山区大新路89号海大创意园东座,113.926307,22.547958
深圳马家龙,广东,深圳市,南山区,南头街道明创路15号明江大厦D201-202,广东深圳市南山区南头街道明创路15号明江大厦D201-202,广东深圳市南山区南头街道明创路15号明江大厦D201-202,113.924993,22.54709
深圳马家龙,广东,深圳市,南山区,泉园路61号绿茵丰和家园A3,广东深圳市南山区泉园路61号绿茵丰和家园A3,广东深圳市南山区泉园路61号绿茵丰和家园A3,113.928278,22.544053
深圳马家龙,广东,深圳市,南山区,广东省深圳市南头街道君翔达大厦B座楼A区互,广东深圳市南山区广东省深圳市南头街道君翔达大厦B座楼A区,广东深圳市南山区广东省深圳市南头街道君翔达大厦B座楼A区,113.920617,22.560691
深圳马家龙,广东,深圳市,南山区,南头街道马家龙创新大厦A座楼金活医药集团金活医药有限公司,广东深圳市南山区南头街道马家龙创新大厦A座楼金活医药集团金活医药有限公司,广东深圳市南山区南头街道马家龙创新大厦A座楼金活医药集团金活医药有限公司,113.926168,22.549643
深圳马家龙,广东,深圳市,南山区,豪方天际花园一期1栋,广东深圳市南山区豪方天际花园一期1栋,广东深圳市南山区豪方天际花园一期1栋,113.919857,22.5539
深圳马家龙,广东,深圳市,南山区,大新路,广东深圳市南山区大新路,广东深圳市南山区大新路,113.926733,22.548576
深圳马家龙,广东,深圳市,南山区,南头街道前海东岸花园同富阁,广东深圳市南山区南头街道前海东岸花园同富阁,广东深圳市南山区南头街道前海东岸花园同富阁,113.918013,22.552421
深圳马家龙,广东,深圳市,南山区,北环大道10179号南龙,广东深圳市南山区北环大道10179号南龙,广东深圳市南山区北环大道10179号南龙,113.924816,22.551932
深圳马家龙,广东,深圳市,南山区,南头街道建工村华泰小区,广东深圳市南山区南头街道建工村华泰小区,广东深圳市南山区南头街道建工村华泰小区,113.923161,22.561051
深圳马家龙,广东,深圳市,南山区,艺园路马家龙工业区田厦IC产业园深圳圣淘沙马家龙酒店采购部,广东深圳市南山区艺园路马家龙工业区田厦IC产业园深圳圣淘沙马家龙酒店采购部,广东深圳市南山区艺园路马家龙工业区田厦IC产业园深圳圣淘沙马家龙酒店采购部,113.927472,22.549241
深圳马家龙,广东,深圳市,南山区,南头街道-北环大道与南山大道交叉口西北方向100米豪方天际花园六栋-一单元号,广东深圳市南山区南头街道-北环大道与南山大道交叉口西北方向100米豪方天际花园六栋-一单元号,广东深圳市南山区南头街道-北环大道与南山大道交叉口西北方向100米豪方天际花园六栋-一单元号,113.921467,22.555858
深圳马家龙,广东,深圳市,南山区,南龙苑小区C栋B,广东深圳市南山区南龙苑小区C栋B,广东深圳市南山区南龙苑小区C栋B,113.92498,22.551948
深圳马家龙,广东,深圳市,南山区,玉泉路麒麟花园A区2栋,广东深圳市南山区玉泉路麒麟花园A区2栋,广东深圳市南山区玉泉路麒麟花园A区2栋,113.930795,22.545689
深圳马家龙,广东,深圳市,南山区,南头街道同乐社区安居同乐馨苑,广东深圳市南山区南头街道同乐社区安居同乐馨苑,广东深圳市南山区南头街道同乐社区安居同乐馨苑,113.922001,22.561639
深圳马家龙,广东,深圳市,南山区,南头街道四号路同乐村中山园路同乐花园公寓181栋,广东深圳市南山区南头街道四号路同乐村中山园路同乐花园公寓181栋,广东深圳市南山区南头街道四号路同乐村中山园路同乐花园公寓181栋,113.920824,22.569093
深圳马家龙,广东,深圳市,南山区,正风路名家富居5栋,广东深圳市南山区正风路名家富居5栋,广东深圳市南山区正风路名家富居5栋,113.926446,22.542266
深圳马家龙,广东,深圳市,南山区,艺园路139号唐商科技大厦A座,广东深圳市南山区艺园路139号唐商科技大厦A座,广东深圳市南山区艺园路139号唐商科技大厦A座,113.924164,22.488255
深圳马家龙,广东,深圳市,南山区,南头街道玉泉路麒麟花园,广东深圳市南山区南头街道玉泉路麒麟花园,广东深圳市南山区南头街道玉泉路麒麟花园,113.930718,22.546338
深圳马家龙,广东,深圳市,南山区,南头街道北环大道11008号豪方天际花园四期B栋,广东深圳市南山区南头街道北环大道11008号豪方天际花园四期B栋,广东深圳市南山区南头街道北环大道11008号豪方天际花园四期B栋,113.920728,22.552901
深圳马家龙,广东,深圳市,南山区,南头街道办建工村10栋,广东深圳市南山区南头街道办建工村10栋,广东深圳市南山区南头街道办建工村10栋,113.925692,22.564318
深圳马家龙,广东,深圳市,南山区,南头街道深南大道10168号佳嘉豪大厦,广东深圳市南山区南头街道深南大道10168号佳嘉豪大厦,广东深圳市南山区南头街道深南大道10168号佳嘉豪大厦,113.926685,22.540875
深圳马家龙,广东,深圳市,南山区,南山区南头街道豪方天际4栋一单元,广东深圳市南山区南头街道豪方天际4栋一单元,广东深圳市南山区南头街道豪方天际4栋一单元,113.922817,22.543137
深圳马家龙,广东,深圳市,南山区,大新路198号马家龙创新大厦B栋楼,广东深圳市南山区大新路198号马家龙创新大厦B栋楼,广东深圳市南山区大新路198号马家龙创新大厦B栋楼,113.926041,22.549246
深圳马家龙,广东,深圳市,南山区,南头街道玉园路3栋,广东深圳市南山区南头街道玉园路3栋,广东深圳市南山区南头街道玉园路3栋,113.925392,22.542266
深圳马家龙,广东,深圳市,南山区,南头街道大新路23号艺华花园3栋,广东深圳市南山区南头街道大新路23号艺华花园3栋,广东深圳市南山区南头街道大新路23号艺华花园3栋,113.931102,22.547769
深圳马家龙,广东,深圳市,南山区,南头街道南山农批市场环球1栋楼,广东深圳市南山区南头街道南山农批市场环球1栋楼,广东深圳市南山区南头街道南山农批市场环球1栋楼,113.922817,22.543137
深圳马家龙,广东,深圳市,南山区,麒麟花园金麟阁D,广东深圳市南山区麒麟花园金麟阁D,广东深圳市南山区麒麟花园金麟阁D,113.931721,22.543943
深圳马家龙,广东,深圳市,南山区,正云路13号海豚,广东深圳市南山区正云路13号海豚,广东深圳市南山区正云路13号海豚,113.929964,22.542667
深圳马家龙,广东,深圳市,南山区,南山区艺美人Y01白色S,广东深圳市南山区艺美人,广东深圳市南山区艺美人,113.930478,22.533191
深圳马家龙,广东,深圳市,南山区,南山区南头街道南山华泰小区F栋,广东深圳市南山区南头街道南山华泰小区F栋,广东深圳市南山区南头街道南山华泰小区F栋,113.923161,22.561051
深圳马家龙,广东,深圳市,南山区,南头街道华泰小区E,广东深圳市南山区南头街道华泰小区E,广东深圳市南山区南头街道华泰小区E,113.923161,22.561051
深圳马家龙,广东,深圳市,南山区,南头街道正风路名家富居3,广东深圳市南山区南头街道正风路名家富居3,广东深圳市南山区南头街道正风路名家富居3,113.925976,22.541756
深圳马家龙,广东,深圳市,南山区,南头街道马家龙工业区海大创意园东座北门,广东深圳市南山区南头街道马家龙工业区海大创意园东座北门,广东深圳市南山区南头街道马家龙工业区海大创意园东座北门,113.925606,22.548337
深圳马家龙,广东,深圳市,南山区,玉泉路缤纷里商业街负楼号铺落脚点鞋业,广东深圳市南山区玉泉路缤纷里商业街负楼号铺落脚点鞋业,广东深圳市南山区玉泉路缤纷里商业街负楼号铺落脚点鞋业,113.963809,22.583801
深圳马家龙,广东,深圳市,南山区,南头街道中山园路136号东关乐尚林居2栋,广东深圳市南山区南头街道中山园路136号东关乐尚林居2栋,广东深圳市南山区南头街道中山园路136号东关乐尚林居2栋,113.921057,22.566197
深圳马家龙,广东,深圳市,南山区,泉园路蓝虹雅苑1栋G,广东深圳市南山区泉园路蓝虹雅苑1栋G,广东深圳市南山区泉园路蓝虹雅苑1栋G,113.92958,22.541053
深圳马家龙,广东,深圳市,南山区,南头街道前海东岸同晖阁,广东深圳市南山区南头街道前海东岸同晖阁,广东深圳市南山区南头街道前海东岸同晖阁,113.917915,22.551873
深圳马家龙,广东,深圳市,南山区,南头街道莲城花园2栋,广东深圳市南山区南头街道莲城花园2栋,广东深圳市南山区南头街道莲城花园2栋,113.926562,22.5459
深圳马家龙,广东,深圳市,南山区,南山区南头街道北环大道11008号豪方天际花园四期K栋,广东深圳市南山区南头街道北环大道11008号豪方天际花园四期K栋,广东深圳市南山区南头街道北环大道11008号豪方天际花园四期K栋,113.920728,22.552901
深圳马家龙,广东,深圳市,南山区,南头街道南山大道3088号致美口,广东深圳市南山区南头街道南山大道3088号致美口,广东深圳市南山区南头街道南山大道3088号致美口,113.923834,22.543517
深圳马家龙,广东,深圳市,南山区,玉泉路26号,广东深圳市南山区玉泉路26号,广东深圳市南山区玉泉路26号,113.931566,22.547234
深圳马家龙,广东,深圳市,南山区,南头街道莲城社区深南大道10188号新豪方大厦,广东深圳市南山区南头街道莲城社区深南大道10188号新豪方大厦,广东深圳市南山区南头街道莲城社区深南大道10188号新豪方大厦,113.926033,22.541003
深圳马家龙,广东,深圳市,南山区,南头街道艺园路168号荔园新村6栋,广东深圳市南山区南头街道艺园路168号荔园新村6栋,广东深圳市南山区南头街道艺园路168号荔园新村6栋,113.928681,22.550641
深圳马家龙,广东,深圳市,南山区,大新路88号金龙创业园63栋西,广东深圳市南山区大新路88号金龙创业园63栋西,广东深圳市南山区大新路88号金龙创业园63栋西,113.930893,22.548835
深圳马家龙,广东,深圳市,南山区,艺园东路缤纷年华家园商业裙楼广,广东深圳市南山区艺园东路缤纷年华家园商业裙楼广,广东深圳市南山区艺园东路缤纷年华家园商业裙楼广,113.928432,22.542559
深圳马家龙,广东,深圳市,南山区,南山大道3169号南山农批发市场1栋,广东深圳市南山区南山大道3169号南山农批发市场1栋,广东深圳市南山区南山大道3169号南山农批发市场1栋,113.922922,22.555152
深圳马家龙,广东,深圳市,南山区,南头街道北环大道11018号前海东岸花园同晖阁,广东深圳市南山区南头街道北环大道11018号前海东岸花园同晖阁,广东深圳市南山区南头街道北环大道11018号前海东岸花园同晖阁,113.91798,22.551845
深圳马家龙,广东,深圳市,南山区,麒麟花园A区7栋二单元,广东深圳市南山区麒麟花园A区7栋二单元,广东深圳市南山区麒麟花园A区7栋二单元,113.930721,22.544812
深圳马家龙,广东,深圳市,南山区,南头街道马家龙名仕春天B栋单元,广东深圳市南山区南头街道马家龙名仕春天B栋单元,广东深圳市南山区南头街道马家龙名仕春天B栋单元,113.924869,22.551828
深圳马家龙,广东,深圳市,南山区,南山区泉园路绿茵丰和C栋,广东深圳市南山区泉园路绿茵丰和C栋,广东深圳市南山区泉园路绿茵丰和C栋,113.929415,22.542139
深圳马家龙,广东,深圳市,南山区,南头街道铁二路南山华泰小区D2110,广东深圳市南山区南头街道铁二路南山华泰小区D2110,广东深圳市南山区南头街道铁二路南山华泰小区D2110,113.923161,22.561051
深圳马家龙,广东,深圳市,南山区,南头街道玉泉路3号麒麟花园A区12栋A单元,广东深圳市南山区南头街道玉泉路3号麒麟花园A区12栋A单元,广东深圳市南山区南头街道玉泉路3号麒麟花园A区12栋A单元,113.932369,22.545932
深圳马家龙,广东,深圳市,南山区,缤纷年华B栋,广东深圳市南山区缤纷年华B栋,广东深圳市南山区缤纷年华B栋,113.928453,22.542467
深圳马家龙,广东,深圳市,南山区,南头街道南联社区中山园路北2号路祥云花园C座207,广东深圳市南山区南头街道南联社区中山园路北2号路祥云花园C座207,广东深圳市南山区南头街道南联社区中山园路北2号路祥云花园C座207,113.920019,22.560096
深圳马家龙,广东,深圳市,南山区,南山区南头街道麒麟花,广东深圳市南山区南头街道麒麟花,广东深圳市南山区南头街道麒麟花,113.922817,22.543137
深圳马家龙,广东,深圳市,南山区,南头街道中山园路58号南山建工村5栋,广东深圳市南山区南头街道中山园路58号南山建工村5栋,广东深圳市南山区南头街道中山园路58号南山建工村5栋,113.924559,22.562855
深圳马家龙,广东,深圳市,南山区,建工村一期8栋,广东深圳市南山区建工村一期8栋,广东深圳市南山区建工村一期8栋,113.925692,22.564318
深圳马家龙,广东,深圳市,南山区,麒麟花园周轩,广东深圳市南山区麒麟花园周轩,广东深圳市南山区麒麟花园周轩,113.930592,22.544589
深圳马家龙,广东,深圳市,南山区,南头街道前海东岸花园同富阁903,广东深圳市南山区南头街道前海东岸花园同富阁903,广东深圳市南山区南头街道前海东岸花园同富阁903,113.918013,22.552421
深圳马家龙,广东,深圳市,南山区,南头街道中山园路西侧东关乐尚林居3栋,广东深圳市南山区南头街道中山园路西侧东关乐尚林居3栋,广东深圳市南山区南头街道中山园路西侧东关乐尚林居3栋,113.923314,22.566095
深圳马家龙,广东,深圳市,南山区,南头街道中山园路286号中铁十一局3101工程项目部,广东深圳市南山区南头街道中山园路286号中铁十一局3101工程项目部,广东深圳市南山区南头街道中山园路286号中铁十一局3101工程项目部,113.932733,22.562833
深圳马家龙,广东,深圳市,南山区,南头街道北环大道前海东岸花园同达阁,广东深圳市南山区南头街道北环大道前海东岸花园同达阁,广东深圳市南山区南头街道北环大道前海东岸花园同达阁,113.919304,22.552587
深圳马家龙,广东,深圳市,南山区,南山区南头街道中山园路东关乐尚林居3栋,广东深圳市南山区南头街道中山园路东关乐尚林居3栋,广东深圳市南山区南头街道中山园路东关乐尚林居3栋,113.923314,22.566095
深圳马家龙,广东,深圳市,南山区,南山区南山建工村4栋,广东深圳市南山区南山建工村4栋,广东深圳市南山区南山建工村4栋,113.925692,22.564318
深圳马家龙,广东,深圳市,南山区,南头街道北环大道11008号豪方天际花园3栋一单元7A室,广东深圳市南山区南头街道北环大道11008号豪方天际花园3栋一单元7A室,广东深圳市南山区南头街道北环大道11008号豪方天际花园3栋一单元7A室,113.920314,22.554955
深圳马家龙,广东,深圳市,南山区,马家龙方卉园46栋单元,广东深圳市南山区马家龙方卉园46栋单元,广东深圳市南山区马家龙方卉园46栋单元,113.925566,22.551861
深圳马家龙,广东,深圳市,南山区,大新路创新大厦A座楼,广东深圳市南山区大新路创新大厦A座楼,广东深圳市南山区大新路创新大厦A座楼,113.925992,22.549437
深圳马家龙,广东,深圳市,南山区,义学街一坊,广东深圳市南山区义学街一坊,广东深圳市南山区义学街一坊,113.92007,22.541604
深圳马家龙,广东,深圳市,南山区,铁二路建工村保障房一期11栋,广东深圳市南山区铁二路建工村保障房一期11栋,广东深圳市南山区铁二路建工村保障房一期11栋,113.925692,22.564318
深圳马家龙,广东,深圳市,南山区,大道3080号南山太子车房,广东深圳市南山区大道3080号南山太子车房,广东深圳市南山区大道3080号南山太子车房,113.930478,22.533191
深圳马家龙,广东,深圳市,南山区,玉泉路,广东深圳市南山区玉泉路,广东深圳市南山区玉泉路,113.92931,22.54618
深圳马家龙,广东,深圳市,南山区,南头街道南山区南头街道大新路88号金龙工业园64栋楼,广东深圳市南山区南头街道南山区南头街道大新路88号金龙工业园64栋楼,广东深圳市南山区南头街道南山区南头街道大新路88号金龙工业园64栋楼,113.93054,22.549234
深圳马家龙,广东,深圳市,南山区,中山园路旭辉产业园B栋楼,广东深圳市南山区中山园路旭辉产业园B栋楼,广东深圳市南山区中山园路旭辉产业园B栋楼,113.923984,22.567314
深圳马家龙,广东,深圳市,南山区,豪方天际广场写字楼,广东深圳市南山区豪方天际广场写字楼,广东深圳市南山区豪方天际广场写字楼,113.921342,22.55336
深圳马家龙,广东,深圳市,南山区,南头街道南山建工村9栋,广东深圳市南山区南头街道南山建工村9栋,广东深圳市南山区南头街道南山建工村9栋,113.925692,22.564318
深圳马家龙,广东,深圳市,南山区,南山区南头街道同乐村179栋,广东深圳市南山区南头街道同乐村179栋,广东深圳市南山区南头街道同乐村179栋,113.922162,22.567318
深圳马家龙,广东,深圳市,南山区,南头街道名家富居7栋,广东深圳市南山区南头街道名家富居7栋,广东深圳市南山区南头街道名家富居7栋,113.925706,22.542667
深圳马家龙,广东,深圳市,南山区,麒麟花园A区11栋,广东深圳市南山区麒麟花园A区11栋,广东深圳市南山区麒麟花园A区11栋,113.931624,22.545991
深圳马家龙,广东,深圳市,南山区,南头街道建工村9栋丰巢快递柜,广东深圳市南山区南头街道建工村9栋丰巢快递柜,广东深圳市南山区南头街道建工村9栋丰巢快递柜,113.925692,22.564318
深圳马家龙,广东,深圳市,南山区,南山区南头街道豪方天际花园五栋一单元6B,广东深圳市南山区南头街道豪方天际花园五栋一单元6B,广东深圳市南山区南头街道豪方天际花园五栋一单元6B,113.920173,22.552693
深圳马家龙,广东,深圳市,南山区,南山区玉泉路麒麟花园秦轩3,广东深圳市南山区玉泉路麒麟花园秦轩3,广东深圳市南山区玉泉路麒麟花园秦轩3,113.930592,22.544589
深圳马家龙,广东,深圳市,南山区,大新路88号天马大厦,广东深圳市南山区大新路88号天马大厦,广东深圳市南山区大新路88号天马大厦,113.931325,22.549262
深圳马家龙,广东,深圳市,南山区,南头街道中山园路同乐村,广东深圳市南山区南头街道中山园路同乐村,广东深圳市南山区南头街道中山园路同乐村,113.922162,22.567318
深圳马家龙,广东,深圳市,南山区,南头街道虹步路39号大习科创大厦楼美团合作,广东深圳市南山区南头街道虹步路39号大习科创大厦楼美团合作,广东深圳市南山区南头街道虹步路39号大习科创大厦楼美团合作,113.925872,22.550415
深圳马家龙,广东,深圳市,南山区,南山区南头街道马家龙工业区8栋,广东深圳市南山区南头街道马家龙工业区8栋,广东深圳市南山区南头街道马家龙工业区8栋,113.925139,22.550494
深圳马家龙,广东,深圳市,南山区,连城花园西门,广东深圳市南山区连城花园西门,广东深圳市南山区连城花园西门,113.930478,22.533191
深圳马家龙,广东,深圳市,南山区,南头街道南山大道凯虹路99嘉隆苑D,广东深圳市南山区南头街道南山大道凯虹路99嘉隆苑D,广东深圳市南山区南头街道南山大道凯虹路99嘉隆苑D,113.925419,22.549711
深圳马家龙,广东,深圳市,南山区,南头街道义学街20号,广东深圳市南山区南头街道义学街20号,广东深圳市南山区南头街道义学街20号,113.924906,22.544411
深圳马家龙,广东,深圳市,南山区,北环大道11008号豪方天际花园4栋,广东深圳市南山区北环大道11008号豪方天际花园4栋,广东深圳市南山区北环大道11008号豪方天际花园4栋,113.919979,22.554536
深圳马家龙,广东,深圳市,南山区,南山区南头街道义学街二坊,广东深圳市南山区南头街道义学街二坊,广东深圳市南山区南头街道义学街二坊,113.92413,22.544009
深圳马家龙,广东,深圳市,南山区,南山区 汇金家园105号 雪乡情,广东深圳市南山区 汇金家园105号 雪乡情,广东深圳市南山区 汇金家园105号 雪乡情,113.927324,22.547922
深圳马家龙,广东,深圳市,南山区,南头街道中山园路同乐村76栋防晒银面【夏日神奇】九号MZmix加长版x,广东深圳市南山区南头街道中山园路同乐村76栋,广东深圳市南山区南头街道中山园路同乐村76栋,113.922162,22.567318
深圳马家龙,广东,深圳市,南山区,南头街道君翔达大厦B座楼A区,广东深圳市南山区南头街道君翔达大厦B座楼A区,广东深圳市南山区南头街道君翔达大厦B座楼A区,113.920617,22.560691
深圳马家龙,广东,深圳市,南山区,南头街道马家龙社区大新路198号创新大厦B栋层,广东深圳市南山区南头街道马家龙社区大新路198号创新大厦B栋层,广东深圳市南山区南头街道马家龙社区大新路198号创新大厦B栋层,113.926067,22.549106
深圳马家龙,广东,深圳市,南山区,正风路16号名家富居7栋C门,广东深圳市南山区正风路16号名家富居7栋C门,广东深圳市南山区正风路16号名家富居7栋C门,113.925976,22.541756
深圳马家龙,广东,深圳市,南山区,南头街道深南大道10118号开心公寓南山科技园店,广东深圳市南山区南头街道深南大道10118号开心公寓南山科技园店,广东深圳市南山区南头街道深南大道10118号开心公寓南山科技园店,113.929685,22.540577
深圳马家龙,广东,深圳市,南山区,南头街道北环大道11008号豪方天际花园四期6栋,广东深圳市南山区南头街道北环大道11008号豪方天际花园四期6栋,广东深圳市南山区南头街道北环大道11008号豪方天际花园四期6栋,113.920728,22.552901
深圳马家龙,广东,深圳市,南山区,艺园路名家富居6栋,广东深圳市南山区艺园路名家富居6栋,广东深圳市南山区艺园路名家富居6栋,113.926446,22.542266
深圳马家龙,广东,深圳市,南山区,广东省深圳市南山区大嘉一街与大新路,广东深圳市南山区广东省深圳市南山区大嘉一街与大新路,广东深圳市南山区广东省深圳市南山区大嘉一街与大新路,113.926304,22.548579
深圳马家龙,广东,深圳市,南山区,南头街道泉园路61号绿茵丰和家园B栋,广东深圳市南山区南头街道泉园路61号绿茵丰和家园B栋,广东深圳市南山区南头街道泉园路61号绿茵丰和家园B栋,113.928278,22.544053
深圳马家龙,广东,深圳市,南山区,南头街道中山园路同乐村113栋,广东深圳市南山区南头街道中山园路同乐村113栋,广东深圳市南山区南头街道中山园路同乐村113栋,113.921631,22.567428
深圳马家龙,广东,深圳市,南山区,南山区南头街道北环大道11008号豪方天际花园四期H栋天猫优选超市,广东深圳市南山区南头街道北环大道11008号豪方天际花园四期H栋天猫优选超市,广东深圳市南山区南头街道北环大道11008号豪方天际花园四期H栋天猫优选超市,113.925517,22.522854
深圳马家龙,广东,深圳市,南山区,深圳市南山区南头街道马家龙工业区海大创意园东座北门,广东深圳市南山区深圳市南山区南头街道马家龙工业区海大创意园东座北门,广东深圳市南山区深圳市南山区南头街道马家龙工业区海大创意园东座北门,113.925606,22.548337
深圳马家龙,广东,深圳市,南山区,南山区南山街道北环大道1108号豪方天际花园四期F栋,广东深圳市南山区南山街道北环大道1108号豪方天际花园四期F栋,广东深圳市南山区南山街道北环大道1108号豪方天际花园四期F栋,113.919857,22.5539
深圳马家龙,广东,深圳市,南山区,南头街道玉泉路18号麒麟新村C栋,广东深圳市南山区南头街道玉泉路18号麒麟新村C栋,广东深圳市南山区南头街道玉泉路18号麒麟新村C栋,113.932386,22.547858
深圳马家龙,广东,深圳市,南山区,南山区同乐村181栋,广东深圳市南山区同乐村181栋,广东深圳市南山区同乐村181栋,113.922706,22.56756
深圳马家龙,广东,深圳市,南山区,大道创新大厦B座1801掌迅通讯设备有限公司,广东深圳市南山区大道创新大厦B座1801掌迅通讯设备有限公司,广东深圳市南山区大道创新大厦B座1801掌迅通讯设备有限公司,113.926312,22.548932
深圳马家龙,广东,深圳市,南山区,南头街道前海东岸同方阁,广东深圳市南山区南头街道前海东岸同方阁,广东深圳市南山区南头街道前海东岸同方阁,113.917779,22.552178
深圳马家龙,广东,深圳市,南山区,名家富居5栋,广东深圳市南山区名家富居5栋,广东深圳市南山区名家富居5栋,113.926446,22.542266
深圳马家龙,广东,深圳市,南山区,南头街道北环大道名,广东深圳市南山区南头街道北环大道名,广东深圳市南山区南头街道北环大道名,114.013491,22.554948
深圳马家龙,广东,深圳市,南山区,南头街道麒麟花园商轩,广东深圳市南山区南头街道麒麟花园商轩,广东深圳市南山区南头街道麒麟花园商轩,113.930718,22.546338
深圳马家龙,广东,深圳市,南山区,南头街道南山华泰小区d座,广东深圳市南山区南头街道南山华泰小区d座,广东深圳市南山区南头街道南山华泰小区d座,113.923161,22.561051
深圳马家龙,广东,深圳市,南山区,南山区广东省深圳市南山区南山大道3908方鼎华庭5栋二单元,广东深圳市南山区广东省深圳市南山区南山大道3908方鼎华庭5栋二单元,广东深圳市南山区广东省深圳市南山区南山大道3908方鼎华庭5栋二单元,113.924141,22.550143
深圳马家龙,广东,深圳市,南山区,南头街道南山建工村保障性住房7栋,广东深圳市南山区南头街道南山建工村保障性住房7栋,广东深圳市南山区南头街道南山建工村保障性住房7栋,113.925692,22.564318
深圳马家龙,广东,深圳市,南山区,建工村华泰小区A,广东深圳市南山区建工村华泰小区A,广东深圳市南山区建工村华泰小区A,113.923161,22.561051
深圳马家龙,广东,深圳市,南山区,深圳市南山区中山园路58号南山建工村1栋,广东深圳市南山区深圳市南山区中山园路58号南山建工村1栋,广东深圳市南山区深圳市南山区中山园路58号南山建工村1栋,113.924113,22.56145
深圳马家龙,广东,深圳市,南山区,南头街道北环大道11008号豪方天际花园四期1栋,广东深圳市南山区南头街道北环大道11008号豪方天际花园四期1栋,广东深圳市南山区南头街道北环大道11008号豪方天际花园四期1栋,113.920728,22.552901
深圳马家龙,广东,深圳市,南山区,南山建工村昌河物业管理处,广东深圳市南山区南山建工村昌河物业管理处,广东深圳市南山区南山建工村昌河物业管理处,113.925502,22.564983
深圳马家龙,广东,深圳市,南山区,南头街道广东深圳市南山区泉园路12号蓝虹雅苑1栋,广东深圳市南山区南头街道广东深圳市南山区泉园路12号蓝虹雅苑1栋,广东深圳市南山区南头街道广东深圳市南山区泉园路12号蓝虹雅苑1栋,113.92958,22.541053
深圳马家龙,广东,深圳市,南山区,正风路名家富居2栋,广东深圳市南山区正风路名家富居2栋,广东深圳市南山区正风路名家富居2栋,113.926446,22.542266
深圳马家龙,广东,深圳市,南山区,缤纷年华C座,广东深圳市南山区缤纷年华C座,广东深圳市南山区缤纷年华C座,113.928432,22.542559
深圳马家龙,广东,深圳市,南山区,豪方天际花园5-1,广东深圳市南山区豪方天际花园5-1,广东深圳市南山区豪方天际花园5-1,113.919857,22.5539
深圳马家龙,广东,深圳市,南山区,南头街道乐尚林居3,广东深圳市南山区南头街道乐尚林居3,广东深圳市南山区南头街道乐尚林居3,113.922817,22.543137
深圳马家龙,广东,深圳市,南山区,南头街道深圳市南山区南头城义学街5坊10号,广东深圳市南山区南头街道深圳市南山区南头城义学街5坊10号,广东深圳市南山区南头街道深圳市南山区南头城义学街5坊10号,113.924063,22.544087
深圳马家龙,广东,深圳市,南山区,南头街道南山华泰小区F栋锐,广东深圳市南山区南头街道南山华泰小区F栋锐,广东深圳市南山区南头街道南山华泰小区F栋锐,113.923161,22.561051
深圳马家龙,广东,深圳市,南山区,正云路缤纷年华C栋,广东深圳市南山区正云路缤纷年华C栋,广东深圳市南山区正云路缤纷年华C栋,113.929061,22.542601
深圳马家龙,广东,深圳市,南山区,玉泉路38号通海苑北栋一单元,广东深圳市南山区玉泉路38号通海苑北栋一单元,广东深圳市南山区玉泉路38号通海苑北栋一单元,113.928641,22.546806
深圳马家龙,广东,深圳市,南山区,南头街道同乐社区铁二路建工村一期2栋,广东深圳市南山区南头街道同乐社区铁二路建工村一期2栋,广东深圳市南山区南头街道同乐社区铁二路建工村一期2栋,113.925692,22.564318
深圳马家龙,广东,深圳市,南山区,艺园路202号马家龙文体中心B座,广东深圳市南山区艺园路202号马家龙文体中心B座,广东深圳市南山区艺园路202号马家龙文体中心B座,113.924833,22.550533
深圳马家龙,广东,深圳市,南山区,南头街道中山园路58号南山建工村28栋,广东深圳市南山区南头街道中山园路58号南山建工村28栋,广东深圳市南山区南头街道中山园路58号南山建工村28栋,113.925446,22.564732
深圳马家龙,广东,深圳市,南山区,南海大道直升机场,广东深圳市南山区南海大道直升机场,广东深圳市南山区南海大道直升机场,113.93416,22.557251
深圳马家龙,广东,深圳市,南山区,南头街道马家龙一街68栋楼单,广东深圳市南山区南头街道马家龙一街68栋楼单,广东深圳市南山区南头街道马家龙一街68栋楼单,113.931549,22.549826
深圳马家龙,广东,深圳市,南山区,北环大道豪方天际花园5栋单元,广东深圳市南山区北环大道豪方天际花园5栋单元,广东深圳市南山区北环大道豪方天际花园5栋单元,113.919588,22.554001
深圳马家龙,广东,深圳市,南山区,华泰小区F栋,广东深圳市南山区华泰小区F栋,广东深圳市南山区华泰小区F栋,113.923161,22.561051
深圳马家龙,广东,深圳市,南山区,南头街道北环大道北侧豪方天际花园5栋一单元,广东深圳市南山区南头街道北环大道北侧豪方天际花园5栋一单元,广东深圳市南山区南头街道北环大道北侧豪方天际花园5栋一单元,113.921467,22.555858
深圳马家龙,广东,深圳市,南山区,玉泉路麒麟花园A区11栋层恒,广东深圳市南山区玉泉路麒麟花园A区11栋层恒,广东深圳市南山区玉泉路麒麟花园A区11栋层恒,113.931624,22.545991
深圳马家龙,广东,深圳市,南山区,南头街道办北环大道马家龙名仕春天B座,广东深圳市南山区南头街道办北环大道马家龙名仕春天B座,广东深圳市南山区南头街道办北环大道马家龙名仕春天B座,113.9257,22.551523
深圳马家龙,广东,深圳市,南山区,南头街道大新路金龙创业园64栋西座楼褚斌5号店,广东深圳市南山区南头街道大新路金龙创业园64栋西座楼褚斌5号店,广东深圳市南山区南头街道大新路金龙创业园64栋西座楼褚斌5号店,113.926733,22.548576
深圳马家龙,广东,深圳市,南山区,南山区南头街道南山数字文化产业基地东塔楼,广东深圳市南山区南头街道南山数字文化产业基地东塔楼,广东深圳市南山区南头街道南山数字文化产业基地东塔楼,113.942736,22.524563
深圳马家龙,广东,深圳市,南山区,南头街道南山大道3026号南山公安分局宿舍楼栋,广东深圳市南山区南头街道南山大道3026号南山公安分局宿舍楼栋,广东深圳市南山区南头街道南山大道3026号南山公安分局宿舍楼栋,113.923922,22.542401
深圳马家龙,广东,深圳市,南山区,大道方鼎华庭鼎盛阁,广东深圳市南山区大道方鼎华庭鼎盛阁,广东深圳市南山区大道方鼎华庭鼎盛阁,113.923696,22.550773
深圳马家龙,广东,深圳市,南山区,玉泉路莲城花园3栋单元,广东深圳市南山区玉泉路莲城花园3栋单元,广东深圳市南山区玉泉路莲城花园3栋单元,113.92635,22.545849
深圳马家龙,广东,深圳市,南山区,南山农批市场n08,广东深圳市南山区南山农批市场n08,广东深圳市南山区南山农批市场n08,113.930478,22.533191
深圳马家龙,广东,深圳市,南山区,南头街道南头街道马家龙汇金家园7,广东深圳市南山区南头街道南头街道马家龙汇金家园7,广东深圳市南山区南头街道南头街道马家龙汇金家园7,113.927939,22.547708
深圳马家龙,广东,深圳市,南山区,马家龙二街,广东深圳市南山区马家龙二街,广东深圳市南山区马家龙二街,113.932589,22.549559
深圳马家龙,广东,深圳市,南山区,中山园路136号乐尚林居5,广东深圳市南山区中山园路136号乐尚林居5,广东深圳市南山区中山园路136号乐尚林居5,113.921057,22.566197
深圳马家龙,广东,深圳市,南山区,南头街道北环大道前海东岸同方阁,广东深圳市南山区南头街道北环大道前海东岸同方阁,广东深圳市南山区南头街道北环大道前海东岸同方阁,113.917779,22.552178
深圳马家龙,广东,深圳市,南山区,南头街道豪方天际花园1栋单元,广东深圳市南山区南头街道豪方天际花园1栋单元,广东深圳市南山区南头街道豪方天际花园1栋单元,113.921217,22.555635
深圳马家龙,广东,深圳市,南山区,南海大道3025号纪,广东深圳市南山区南海大道3025号纪,广东深圳市南山区南海大道3025号纪,113.930828,22.541911
深圳马家龙,广东,深圳市,南山区,南头街道麒麟花园七期房13号,广东深圳市南山区南头街道麒麟花园七期房13号,广东深圳市南山区南头街道麒麟花园七期房13号,113.930718,22.546338
深圳马家龙,广东,深圳市,南山区,南山建工村13栋,广东深圳市南山区南山建工村13栋,广东深圳市南山区南山建工村13栋,113.924526,22.562755
深圳马家龙,广东,深圳市,南山区,同乐一街15栋商铺店,广东深圳市南山区同乐一街15栋商铺店,广东深圳市南山区同乐一街15栋商铺店,113.922706,22.56756
深圳马家龙,广东,深圳市,南山区,南头街道南头城莲花广场,广东深圳市南山区南头街道南头城莲花广场,广东深圳市南山区南头街道南头城莲花广场,113.924502,22.5478
深圳马家龙,广东,深圳市,南山区,南头街道马家龙社区宝龙路38号马家龙77栋楼,广东深圳市南山区南头街道马家龙社区宝龙路38号马家龙77栋楼,广东深圳市南山区南头街道马家龙社区宝龙路38号马家龙77栋楼,113.928308,22.549279
深圳马家龙,广东,深圳市,南山区,建工村华泰小区A栋,广东深圳市南山区建工村华泰小区A栋,广东深圳市南山区建工村华泰小区A栋,113.923161,22.561051
深圳马家龙,广东,深圳市,南山区,南头街道麒麟花园夏轩,广东深圳市南山区南头街道麒麟花园夏轩,广东深圳市南山区南头街道麒麟花园夏轩,113.930718,22.546338
深圳马家龙,广东,深圳市,南山区,南头街道-麒麟花园七期a栋室,广东深圳市南山区南头街道-麒麟花园七期a栋室,广东深圳市南山区南头街道-麒麟花园七期a栋室,113.930718,22.546338
深圳马家龙,广东,深圳市,南山区,唐商科技大厦b座,广东深圳市南山区唐商科技大厦b座,广东深圳市南山区唐商科技大厦b座,113.926781,22.550989
深圳马家龙,广东,深圳市,南山区,南头街道玉泉路128号建安大院综合楼不,广东深圳市南山区南头街道玉泉路128号建安大院综合楼,广东深圳市南山区南头街道玉泉路128号建安大院综合楼,113.923921,22.546993
深圳马家龙,广东,深圳市,南山区,北环大道名仕春天A座1单元,广东深圳市南山区北环大道名仕春天A座1单元,广东深圳市南山区北环大道名仕春天A座1单元,113.925721,22.551716
深圳马家龙,广东,深圳市,南山区,南头街道泉园路侦查办案大,广东深圳市南山区南头街道泉园路侦查办案大,广东深圳市南山区南头街道泉园路侦查办案大,113.929415,22.542139
深圳马家龙,广东,深圳市,南山区,艺园路汇金家园,广东深圳市南山区艺园路汇金家园,广东深圳市南山区艺园路汇金家园,113.927324,22.547922
深圳马家龙,广东,深圳市,南山区,北环大道前海东岸同富阁,广东深圳市南山区北环大道前海东岸同富阁,广东深圳市南山区北环大道前海东岸同富阁,113.918013,22.552421
深圳马家龙,广东,深圳市,南山区,南头街道北环大道10014号塘尾小区1栋库房转HX,广东深圳市南山区南头街道北环大道10014号塘尾小区1栋库房转HX,广东深圳市南山区南头街道北环大道10014号塘尾小区1栋库房转HX,113.930872,22.553769
深圳马家龙,广东,深圳市,南山区,南头街道南山农产品批发市场二栋楼,广东深圳市南山区南头街道南山农产品批发市场二栋楼,广东深圳市南山区南头街道南山农产品批发市场二栋楼,113.922817,22.543137
深圳马家龙,广东,深圳市,南山区,南头街道马家龙工业区2栋,广东深圳市南山区南头街道马家龙工业区2栋,广东深圳市南山区南头街道马家龙工业区2栋,113.924626,22.550094
深圳马家龙,广东,深圳市,南山区,南头街道麒麟花园a区唐轩1,广东深圳市南山区南头街道麒麟花园a区唐轩1,广东深圳市南山区南头街道麒麟花园a区唐轩1,113.930395,22.54299
深圳马家龙,广东,深圳市,南山区,马家龙社区荔园新村三栋A单元楼小湘,广东深圳市南山区马家龙社区荔园新村三栋A单元楼小湘,广东深圳市南山区马家龙社区荔园新村三栋A单元楼小湘,113.928045,22.550409
深圳马家龙,广东,深圳市,南山区,南山区南头街道麒麟花园七期A栋号楼单元,广东深圳市南山区南头街道麒麟花园七期A栋号楼单元,广东深圳市南山区南头街道麒麟花园七期A栋号楼单元,113.930718,22.546338
深圳马家龙,广东,深圳市,南山区,南头街道玉泉路麒麟新村bc,广东深圳市南山区南头街道玉泉路麒麟新村bc,广东深圳市南山区南头街道玉泉路麒麟新村bc,113.932151,22.547589
深圳马家龙,广东,深圳市,南山区,南头街道同乐村149栋,广东深圳市南山区南头街道同乐村149栋,广东深圳市南山区南头街道同乐村149栋,113.921736,22.566971
深圳马家龙,广东,深圳市,南山区,南头街道-广东省深圳市南山区中山园路58号南山建工村九栋-1508号,广东深圳市南山区南头街道-广东省深圳市南山区中山园路58号南山建工村九栋-1508号,广东深圳市南山区南头街道-广东省深圳市南山区中山园路58号南山建工村九栋-1508号,113.924559,22.562855
深圳马家龙,广东,深圳市,南山区,南头街道马家龙小区3栋,广东深圳市南山区南头街道马家龙小区3栋,广东深圳市南山区南头街道马家龙小区3栋,113.924985,22.550549
深圳马家龙,广东,深圳市,南山区,南头街道嘉庭苑2栋,广东深圳市南山区南头街道嘉庭苑2栋,广东深圳市南山区南头街道嘉庭苑2栋,113.929883,22.542302
深圳马家龙,广东,深圳市,南山区,南山区大新路88号金龙工业城63栋西座楼,广东深圳市南山区大新路88号金龙工业城63栋西座楼,广东深圳市南山区大新路88号金龙工业城63栋西座楼,113.930893,22.548835
深圳马家龙,广东,深圳市,南山区,南头街道南山大道3866号中山颐景花园二期A栋黑靴,广东深圳市南山区南头街道南山大道3866号中山颐景花园二期A栋黑靴,广东深圳市南山区南头街道南山大道3866号中山颐景花园二期A栋黑靴,113.923615,22.548694
深圳马家龙,广东,深圳市,南山区,明珠荔景,广东深圳市南山区明珠荔景,广东深圳市南山区明珠荔景,113.92977,22.551641
深圳马家龙,广东,深圳市,南山区,北环大道11008号豪方天际广场写字楼-室,广东深圳市南山区北环大道11008号豪方天际广场写字楼-室,广东深圳市南山区北环大道11008号豪方天际广场写字楼-室,113.921342,22.55336
深圳马家龙,广东,深圳市,南山区,南头街道中山园路58号南山建工村2栋,广东深圳市南山区南头街道中山园路58号南山建工村2栋,广东深圳市南山区南头街道中山园路58号南山建工村2栋,113.924559,22.562855
深圳马家龙,广东,深圳市,南山区,深南大道10128号南山数字文化产业基地西塔,广东深圳市南山区深南大道10128号南山数字文化产业基地西塔,广东深圳市南山区深南大道10128号南山数字文化产业基地西塔,114.025366,22.535133
深圳马家龙,广东,深圳市,南山区,麒麟花园B区6,广东深圳市南山区麒麟花园B区6,广东深圳市南山区麒麟花园B区6,113.92802,22.545946
深圳马家龙,广东,深圳市,南山区,南头街道建瓴路南山建工村保障性住房13栋楼门牌号,广东深圳市南山区南头街道建瓴路南山建工村保障性住房13栋楼门牌号,广东深圳市南山区南头街道建瓴路南山建工村保障性住房13栋楼门牌号,113.925692,22.564318
深圳马家龙,广东,深圳市,南山区,正风路16号名家富居2栋,广东深圳市南山区正风路16号名家富居2栋,广东深圳市南山区正风路16号名家富居2栋,113.925976,22.541756
深圳马家龙,广东,深圳市,南山区,南头街道南头城莲花广场B座,广东深圳市南山区南头街道南头城莲花广场B座,广东深圳市南山区南头街道南头城莲花广场B座,113.924502,22.5478
深圳马家龙,广东,深圳市,南山区,前海东岸花园同富阁,广东深圳市南山区前海东岸花园同富阁,广东深圳市南山区前海东岸花园同富阁,113.918013,22.552421
深圳马家龙,广东,深圳市,南山区,南头街道豪方天际花园四栋二单元,广东深圳市南山区南头街道豪方天际花园四栋二单元,广东深圳市南山区南头街道豪方天际花园四栋二单元,113.920173,22.552693
深圳马家龙,广东,深圳市,南山区,大道义学街五坊十四号o,广东深圳市南山区大道义学街五坊十四号,广东深圳市南山区大道义学街五坊十四号,113.924314,22.544098
深圳马家龙,广东,深圳市,南山区,南头街道麒麟路麒麟花园A12栋C座,广东深圳市南山区南头街道麒麟路麒麟花园A12栋C座,广东深圳市南山区南头街道麒麟路麒麟花园A12栋C座,113.929596,22.5439
深圳马家龙,广东,深圳市,南山区,南头街道马家龙彩虹居虹霞阁,广东深圳市南山区南头街道马家龙彩虹居虹霞阁,广东深圳市南山区南头街道马家龙彩虹居虹霞阁,113.932066,22.5489
深圳马家龙,广东,深圳市,南山区,中山园路136号关东乐尚林居3栋,广东深圳市南山区中山园路136号关东乐尚林居3栋,广东深圳市南山区中山园路136号关东乐尚林居3栋,113.921057,22.566197
深圳马家龙,广东,深圳市,南山区,南头街道马家龙小区,广东深圳市南山区南头街道马家龙小区,广东深圳市南山区南头街道马家龙小区,113.924985,22.550549
深圳马家龙,广东,深圳市,南山区,麒麟花园夏轩,广东深圳市南山区麒麟花园夏轩,广东深圳市南山区麒麟花园夏轩,113.930592,22.544589
深圳马家龙,广东,深圳市,南山区,南山区南头街道艺园路83号马家龙方卉园小区二栋,广东深圳市南山区南头街道艺园路83号马家龙方卉园小区二栋,广东深圳市南山区南头街道艺园路83号马家龙方卉园小区二栋,113.927789,22.547267
深圳马家龙,广东,深圳市,南山区,物资大院2A,广东深圳市南山区物资大院2A,广东深圳市南山区物资大院2A,114.128151,22.551463
深圳马家龙,广东,深圳市,南山区,南山区南头街道艺园路85号汇金家园9单元,广东深圳市南山区南头街道艺园路85号汇金家园9单元,广东深圳市南山区南头街道艺园路85号汇金家园9单元,113.927562,22.547498
深圳马家龙,广东,深圳市,南山区,中山园路同乐村165号号星,广东深圳市南山区中山园路同乐村165号号星,广东深圳市南山区中山园路同乐村165号号星,113.921644,22.566701
深圳马家龙,广东,深圳市,南山区,深圳市南山区玉泉路莲城花,广东深圳市南山区深圳市南山区玉泉路莲城花,广东深圳市南山区深圳市南山区玉泉路莲城花,113.92931,22.54618
深圳马家龙,广东,深圳市,南山区,南头街道豪方天际广场楼,广东深圳市南山区南头街道豪方天际广场楼,广东深圳市南山区南头街道豪方天际广场楼,113.921342,22.55336
深圳马家龙,广东,深圳市,南山区,南头街道北环大道11008号豪方天际花园四期z栋,广东深圳市南山区南头街道北环大道11008号豪方天际花园四期z栋,广东深圳市南山区南头街道北环大道11008号豪方天际花园四期z栋,113.920728,22.552901
深圳马家龙,广东,深圳市,南山区,南头街道玉泉路26号办公室,广东深圳市南山区南头街道玉泉路26号办公室,广东深圳市南山区南头街道玉泉路26号办公室,113.931566,22.547234
深圳马家龙,广东,深圳市,南山区,南头街道中山园路君翔达大厦A栋楼C区,广东深圳市南山区南头街道中山园路君翔达大厦A栋楼C区,广东深圳市南山区南头街道中山园路君翔达大厦A栋楼C区,113.920162,22.560713
深圳马家龙,广东,深圳市,南山区,南头街道义学街9号,广东深圳市南山区南头街道义学街9号,广东深圳市南山区南头街道义学街9号,113.924228,22.54431
深圳马家龙,广东,深圳市,南山区,名家富居8栋,广东深圳市南山区名家富居8栋,广东深圳市南山区名家富居8栋,113.926446,22.542266
深圳马家龙,广东,深圳市,南山区,南头街道大新路38号彩虹居虹景阁1单元,广东深圳市南山区南头街道大新路38号彩虹居虹景阁1单元,广东深圳市南山区南头街道大新路38号彩虹居虹景阁1单元,113.93221,22.549338
深圳马家龙,广东,深圳市,南山区,大新路198号创新大厦B座层DAS大森设计,广东深圳市南山区大新路198号创新大厦B座层DAS大森设计,广东深圳市南山区大新路198号创新大厦B座层DAS大森设计,113.926289,22.548903
深圳马家龙,广东,深圳市,南山区,艺园路85号汇金家园楼,广东深圳市南山区艺园路85号汇金家园楼,广东深圳市南山区艺园路85号汇金家园楼,113.927562,22.547498
深圳马家龙,广东,深圳市,南山区,南头街道豪方天际花园1栋,广东深圳市南山区南头街道豪方天际花园1栋,广东深圳市南山区南头街道豪方天际花园1栋,113.921217,22.555635
深圳马家龙,广东,深圳市,南山区,北环大道与南山大道交汇处豪方天际花园4栋d,广东深圳市南山区北环大道与南山大道交汇处豪方天际花园4栋d,广东深圳市南山区北环大道与南山大道交汇处豪方天际花园4栋d,113.919857,22.5539
深圳马家龙,广东,深圳市,南山区,马家龙工业区海大创意园东座,广东深圳市南山区马家龙工业区海大创意园东座,广东深圳市南山区马家龙工业区海大创意园东座,113.923154,22.506107
深圳马家龙,广东,深圳市,南山区,建工村12栋,广东深圳市南山区建工村12栋,广东深圳市南山区建工村12栋,113.925692,22.564318
深圳马家龙,广东,深圳市,南山区,南山大道3908号方鼎精品酒店楼,广东深圳市南山区南山大道3908号方鼎精品酒店楼,广东深圳市南山区南山大道3908号方鼎精品酒店楼,113.923613,22.550478
深圳马家龙,广东,深圳市,南山区,前海东岸花园同晖阁,广东深圳市南山区前海东岸花园同晖阁,广东深圳市南山区前海东岸花园同晖阁,113.91798,22.551845
深圳马家龙,广东,深圳市,南山区,南头街道北环大道11008号豪方天际花园5栋单元,广东深圳市南山区南头街道北环大道11008号豪方天际花园5栋单元,广东深圳市南山区南头街道北环大道11008号豪方天际花园5栋单元,113.919588,22.554001
深圳马家龙,广东,深圳市,南山区,马家龙工业区17栋楼,广东深圳市南山区马家龙工业区17栋楼,广东深圳市南山区马家龙工业区17栋楼,113.932163,22.54853
深圳马家龙,广东,深圳市,南山区,大道3169号南山农批发市场1栋,广东深圳市南山区大道3169号南山农批发市场1栋,广东深圳市南山区大道3169号南山农批发市场1栋,113.930478,22.533191
深圳马家龙,广东,深圳市,南山区,南头街道南山大道3838号深圳设计产业圆土栋楼,广东深圳市南山区南头街道南山大道3838号深圳设计产业圆土栋楼,广东深圳市南山区南头街道南山大道3838号深圳设计产业圆土栋楼,113.923903,22.548554
深圳马家龙,广东,深圳市,南山区,前进路鸿荣源尚璟公馆2栋,广东深圳市南山区前进路鸿荣源尚璟公馆2栋,广东深圳市南山区前进路鸿荣源尚璟公馆2栋,113.919332,22.556862
深圳马家龙,广东,深圳市,南山区,南山区南头街道马家龙工业区大新路88号金龙工业城63栋,广东深圳市南山区南头街道马家龙工业区大新路88号金龙工业城63栋,广东深圳市南山区南头街道马家龙工业区大新路88号金龙工业城63栋,113.930893,22.548835
深圳马家龙,广东,深圳市,南山区,艺园路缤纷年华C栋,广东深圳市南山区艺园路缤纷年华C栋,广东深圳市南山区艺园路缤纷年华C栋,113.929061,22.542601
深圳马家龙,广东,深圳市,南山区,麒麟花园B区6栋丰巢柜,广东深圳市南山区麒麟花园B区6栋丰巢柜,广东深圳市南山区麒麟花园B区6栋丰巢柜,113.92813,22.545982
深圳马家龙,广东,深圳市,南山区,中山园路58号南山建工村5栋,广东深圳市南山区中山园路58号南山建工村5栋,广东深圳市南山区中山园路58号南山建工村5栋,113.924559,22.562855
深圳马家龙,广东,深圳市,南山区,南头街道大新路61号,广东深圳市南山区南头街道大新路61号,广东深圳市南山区南头街道大新路61号,113.92726,22.548457
深圳马家龙,广东,深圳市,南山区,马家龙工业区10栋,广东深圳市南山区马家龙工业区10栋,广东深圳市南山区马家龙工业区10栋,113.925153,22.551099
深圳马家龙,广东,深圳市,南山区,南头街道玉泉路128号建安大院综合楼不二眼镜,广东深圳市南山区南头街道玉泉路128号建安大院综合楼,广东深圳市南山区南头街道玉泉路128号建安大院综合楼,113.923921,22.546993
深圳马家龙,广东,深圳市,南山区,大道义学街二坊,广东深圳市南山区大道义学街二坊,广东深圳市南山区大道义学街二坊,113.967478,22.548658
深圳马家龙,广东,深圳市,南山区,南头街道南山区中山园路同乐村81栋,广东深圳市南山区南头街道南山区中山园路同乐村81栋,广东深圳市南山区南头街道南山区中山园路同乐村81栋,113.922114,22.56735
深圳马家龙,广东,深圳市,南山区,同乐村,广东深圳市南山区同乐村,广东深圳市南山区同乐村,113.922706,22.56756
深圳马家龙,广东,深圳市,南山区,南头街道北环大道1108号豪方天际花园四期B栋,广东深圳市南山区南头街道北环大道1108号豪方天际花园四期B栋,广东深圳市南山区南头街道北环大道1108号豪方天际花园四期B栋,113.921467,22.555858
深圳马家龙,广东,深圳市,南山区,南头街道建工村一期11栋,广东深圳市南山区南头街道建工村一期11栋,广东深圳市南山区南头街道建工村一期11栋,113.925692,22.564318
深圳马家龙,广东,深圳市,南山区,南山街道大新路立润富达广场A415,广东深圳市南山区南山街道大新路立润富达广场A415,广东深圳市南山区南山街道大新路立润富达广场A415,113.928043,22.547358
深圳马家龙,广东,深圳市,南山区,南头街道IU酒店前台,广东深圳市南山区南头街道IU酒店前台,广东深圳市南山区南头街道IU酒店前台,113.929133,22.544104
深圳马家龙,广东,深圳市,南山区,南头街道马家龙社区马家龙一街10号栋号柏中紧固件有限公司,广东深圳市南山区南头街道马家龙社区马家龙一街10号栋号柏中紧固件有限公司,广东深圳市南山区南头街道马家龙社区马家龙一街10号栋号柏中紧固件有限公司,113.931373,22.550625
深圳马家龙,广东,深圳市,南山区,南头街道莲城社区正云路49号新疆阿达西,广东深圳市南山区南头街道莲城社区正云路49号新疆阿达西,广东深圳市南山区南头街道莲城社区正云路49号新疆阿达西,113.928657,22.542739
深圳马家龙,广东,深圳市,南山区,北环大道11008号豪方天际广场楼中国人民财产保险公司,广东深圳市南山区北环大道11008号豪方天际广场楼中国人民财产保险公司,广东深圳市南山区北环大道11008号豪方天际广场楼中国人民财产保险公司,113.921342,22.55336
深圳马家龙,广东,深圳市,南山区,南头街道豪方天际花园6栋单元,广东深圳市南山区南头街道豪方天际花园6栋单元,广东深圳市南山区南头街道豪方天际花园6栋单元,113.920329,22.552947
深圳马家龙,广东,深圳市,南山区,南头街道麒麟新村D栋,广东深圳市南山区南头街道麒麟新村D栋,广东深圳市南山区南头街道麒麟新村D栋,113.932379,22.547649
深圳马家龙,广东,深圳市,南山区,南头街道麒麟花,广东深圳市南山区南头街道麒麟花,广东深圳市南山区南头街道麒麟花,113.922817,22.543137
深圳马家龙,广东,深圳市,南山区,南头街道马家龙社区大新路198号创新大厦A栋楼,广东深圳市南山区南头街道马家龙社区大新路198号创新大厦A栋楼,广东深圳市南山区南头街道马家龙社区大新路198号创新大厦A栋楼,113.926041,22.549246
深圳马家龙,广东,深圳市,南山区,南头街道通海苑1栋单元,广东深圳市南山区南头街道通海苑1栋单元,广东深圳市南山区南头街道通海苑1栋单元,113.928672,22.546986
深圳马家龙,广东,深圳市,南山区,北环路北侧豪方天际花园4栋一单元15E,广东深圳市南山区北环路北侧豪方天际花园4栋一单元15E,广东深圳市南山区北环路北侧豪方天际花园4栋一单元15E,113.921467,22.555858
深圳马家龙,广东,深圳市,南山区,义学街3坊,广东深圳市南山区义学街3坊,广东深圳市南山区义学街3坊,113.92496,22.54387
深圳马家龙,广东,深圳市,南山区,建工村二期华泰小区D1210,广东深圳市南山区建工村二期华泰小区D1210,广东深圳市南山区建工村二期华泰小区D1210,113.923161,22.561051
深圳马家龙,广东,深圳市,南山区,南头街道义学路9号深圳市南山实验教育集团麒麟中学【雾感v领毛衣棕S】,广东深圳市南山区南头街道义学路9号深圳市南山实验教育集团麒麟中学,广东深圳市南山区南头街道义学路9号深圳市南山实验教育集团麒麟中学,113.92658,22.543912
深圳马家龙,广东,深圳市,南山区,南头街道北环大道11008号豪方天际花园5-1,广东深圳市南山区南头街道北环大道11008号豪方天际花园5-1,广东深圳市南山区南头街道北环大道11008号豪方天际花园5-1,113.920728,22.552901
深圳马家龙,广东,深圳市,南山区,玉泉路麒麟花园A区11栋层恒银金融,广东深圳市南山区玉泉路麒麟花园A区11栋层恒银金融,广东深圳市南山区玉泉路麒麟花园A区11栋层恒银金融,113.931624,22.545991
深圳马家龙,广东,深圳市,南山区,南头街道中山园路东关乐尚林居,广东深圳市南山区南头街道中山园路东关乐尚林居,广东深圳市南山区南头街道中山园路东关乐尚林居,113.923314,22.566095
深圳马家龙,广东,深圳市,南山区,南头街道麒麟花园a区c栋,广东深圳市南山区南头街道麒麟花园a区c栋,广东深圳市南山区南头街道麒麟花园a区c栋,113.931245,22.543649
深圳马家龙,广东,深圳市,南山区,艺园路168号马家龙荔园新村,广东深圳市南山区艺园路168号马家龙荔园新村,广东深圳市南山区艺园路168号马家龙荔园新村,113.928208,22.551248
深圳马家龙,广东,深圳市,南山区,前海东岸同胜阁,广东深圳市南山区前海东岸同胜阁,广东深圳市南山区前海东岸同胜阁,113.919612,22.552739
深圳马家龙,广东,深圳市,南山区,中祥路13号深圳市博纳学,广东深圳市南山区中祥路13号深圳市博纳学,广东深圳市南山区中祥路13号深圳市博纳学,113.920469,22.559419
深圳马家龙,广东,深圳市,南山区,大道北中山颐景花园一期2C,广东深圳市南山区大道北中山颐景花园一期2C,广东深圳市南山区大道北中山颐景花园一期2C,114.477147,22.59735
深圳马家龙,广东,深圳市,南山区,玉泉路莲城花园五栋三单元,广东深圳市南山区玉泉路莲城花园五栋三单元,广东深圳市南山区玉泉路莲城花园五栋三单元,113.92635,22.545849
深圳马家龙,广东,深圳市,南山区,南头街道北环大道前海东岸花园同晖阁,广东深圳市南山区南头街道北环大道前海东岸花园同晖阁,广东深圳市南山区南头街道北环大道前海东岸花园同晖阁,113.91798,22.551845
深圳马家龙,广东,深圳市,南山区,南山区南头街道详细玉泉路3号麒麟花园a区唐轩1栋,广东深圳市南山区南头街道详细玉泉路3号麒麟花园a区唐轩1栋,广东深圳市南山区南头街道详细玉泉路3号麒麟花园a区唐轩1栋,113.930395,22.54299
深圳马家龙,广东,深圳市,南山区,南山区南头街道-北环大道与南山大道交叉口西北方向100米豪方天际花园六栋-一单元号,广东深圳市南山区南头街道-北环大道与南山大道交叉口西北方向100米豪方天际花园六栋-一单元号,广东深圳市南山区南头街道-北环大道与南山大道交叉口西北方向100米豪方天际花园六栋-一单元号,113.921467,22.555858
深圳马家龙,广东,深圳市,南山区,南头街道麒麟花园七期B栋号楼,广东深圳市南山区南头街道麒麟花园七期B栋号楼,广东深圳市南山区南头街道麒麟花园七期B栋号楼,113.930718,22.546338
深圳马家龙,广东,深圳市,南山区,南头街道嘉隆苑C座,广东深圳市南山区南头街道嘉隆苑C座,广东深圳市南山区南头街道嘉隆苑C座,113.924978,22.549765
深圳马家龙,广东,深圳市,南山区,南头街道麒麟花园七期楼,广东深圳市南山区南头街道麒麟花园七期楼,广东深圳市南山区南头街道麒麟花园七期楼,113.930718,22.546338
深圳马家龙,广东,深圳市,南山区,南头街道金龙工业城62栋上好佳超市北门对面C栋楼,广东深圳市南山区南头街道金龙工业城62栋上好佳超市北门对面C栋楼,广东深圳市南山区南头街道金龙工业城62栋上好佳超市北门对面C栋楼,113.922817,22.543137
深圳马家龙,广东,深圳市,南山区,南山区大新路 108-1号 念东北铁锅炖马家龙店,广东深圳市南山区大新路 108-1号 念东北铁锅炖马家龙店,广东深圳市南山区大新路 108-1号 念东北铁锅炖马家龙店,113.924833,22.550533
深圳马家龙,广东,深圳市,南山区,南头街道玉泉路麒麟花园秦轩二单元,广东深圳市南山区南头街道玉泉路麒麟花园秦轩二单元,广东深圳市南山区南头街道玉泉路麒麟花园秦轩二单元,113.930718,22.546338
深圳马家龙,广东,深圳市,南山区,前进路综合楼,广东深圳市南山区前进路综合楼,广东深圳市南山区前进路综合楼,113.918717,22.556226
深圳马家龙,广东,深圳市,南山区,南头街道名家富居1栋,广东深圳市南山区南头街道名家富居1栋,广东深圳市南山区南头街道名家富居1栋,113.925706,22.542667
深圳马家龙,广东,深圳市,南山区,南头街道北环大道11008号豪方天际花园三栋一单元,广东深圳市南山区南头街道北环大道11008号豪方天际花园三栋一单元,广东深圳市南山区南头街道北环大道11008号豪方天际花园三栋一单元,113.920728,22.552901
深圳马家龙,广东,深圳市,南山区,南头街道海大创意园西座大新路89号北门楼,广东深圳市南山区南头街道海大创意园西座大新路89号北门楼,广东深圳市南山区南头街道海大创意园西座大新路89号北门楼,113.926307,22.547958
深圳马家龙,广东,深圳市,南山区,北环大道11084号前海东岸花园115A芙莱皮,广东深圳市南山区北环大道11084号前海东岸花园115A芙莱皮,广东深圳市南山区北环大道11084号前海东岸花园115A芙莱皮,113.920317,22.552457
深圳马家龙,广东,深圳市,南山区,南头街道马家龙社区北环大道10087号明珠荔景3栋任洋国际物流,广东深圳市南山区南头街道马家龙社区北环大道10087号明珠荔景3栋任洋国际物流,广东深圳市南山区南头街道马家龙社区北环大道10087号明珠荔景3栋任洋国际物流,113.930001,22.551579
深圳马家龙,广东,深圳市,南山区,南山区南头街道北环大道11008号豪方天际花园四期D栋,广东深圳市南山区南头街道北环大道11008号豪方天际花园四期D栋,广东深圳市南山区南头街道北环大道11008号豪方天际花园四期D栋,113.920728,22.552901
深圳马家龙,广东,深圳市,南山区,南头街道汇金家园C栋单元,广东深圳市南山区南头街道汇金家园C栋单元,广东深圳市南山区南头街道汇金家园C栋单元,113.927424,22.548485
深圳马家龙,广东,深圳市,南山区,深圳市南山区建工村10栋,广东深圳市南山区深圳市南山区建工村10栋,广东深圳市南山区深圳市南山区建工村10栋,113.925692,22.564318
深圳马家龙,广东,深圳市,南山区,大道大新路艺华花园2栋,广东深圳市南山区大道大新路艺华花园2栋,广东深圳市南山区大道大新路艺华花园2栋,113.931124,22.548208
深圳马家龙,广东,深圳市,南山区,南头街道马家龙一街15号宝田公寓,广东深圳市南山区南头街道马家龙一街15号宝田公寓,广东深圳市南山区南头街道马家龙一街15号宝田公寓,113.931585,22.549705
深圳马家龙,广东,深圳市,南山区,南山街道义学街妈妈,广东深圳市南山区南山街道义学街妈妈,广东深圳市南山区南山街道义学街妈妈,113.924314,22.544098
深圳马家龙,广东,深圳市,南山区,豪方天际花园3,广东深圳市南山区豪方天际花园3,广东深圳市南山区豪方天际花园3,113.919857,22.5539
深圳马家龙,广东,深圳市,南山区,南头街道中山园路乐尚林居,广东深圳市南山区南头街道中山园路乐尚林居,广东深圳市南山区南头街道中山园路乐尚林居,113.923314,22.566095
深圳马家龙,广东,深圳市,南山区,同乐村39栋,广东深圳市南山区同乐村39栋,广东深圳市南山区同乐村39栋,113.922363,22.567741
深圳马家龙,广东,深圳市,南山区,南头街道祥云花园,广东深圳市南山区南头街道祥云花园,广东深圳市南山区南头街道祥云花园,113.919203,22.560617
深圳马家龙,广东,深圳市,南山区,南山区南头街道深圳市南山区义学街3坊,广东深圳市南山区南头街道深圳市南山区义学街3坊,广东深圳市南山区南头街道深圳市南山区义学街3坊,113.92496,22.54387
深圳马家龙,广东,深圳市,南山区,南山大道义学街五坊十四号o,广东深圳市南山区南山大道义学街五坊十四号o,广东深圳市南山区南山大道义学街五坊十四号o,113.923782,22.543876
深圳马家龙,广东,深圳市,南山区,泉园路38号缤纷年华C栋,广东深圳市南山区泉园路38号缤纷年华C栋,广东深圳市南山区泉园路38号缤纷年华C栋,113.929061,22.542601
深圳马家龙,广东,深圳市,南山区,南头街道艺园路立润富达A座80613138854244,广东深圳市南山区南头街道艺园路立润富达A座80613138854244,广东深圳市南山区南头街道艺园路立润富达A座80613138854244,113.927864,22.546136
深圳马家龙,广东,深圳市,南山区,南头街道深圳市南山区玉泉路莲城花园9栋单元,广东深圳市南山区南头街道深圳市南山区玉泉路莲城花园9栋单元,广东深圳市南山区南头街道深圳市南山区玉泉路莲城花园9栋单元,113.926482,22.545887
深圳马家龙,广东,深圳市,南山区,南山区南头街道麒麟花园七期A栋号楼,广东深圳市南山区南头街道麒麟花园七期A栋号楼,广东深圳市南山区南头街道麒麟花园七期A栋号楼,113.930718,22.546338
深圳马家龙,广东,深圳市,南山区,南山区南头街道深圳南山假日酒店办公室,广东深圳市南山区南头街道深圳南山假日酒店办公室,广东深圳市南山区南头街道深圳南山假日酒店办公室,113.9241,22.547546
深圳马家龙,广东,深圳市,南山区,南头街道南龙苑小区C栋B单元,广东深圳市南山区南头街道南龙苑小区C栋B单元,广东深圳市南山区南头街道南龙苑小区C栋B单元,113.92498,22.551948
深圳马家龙,广东,深圳市,南山区,南头街道麒麟花园七期5号楼,广东深圳市南山区南头街道麒麟花园七期5号楼,广东深圳市南山区南头街道麒麟花园七期5号楼,113.930718,22.546338
深圳马家龙,广东,深圳市,南山区,南山区南头街道义学街三坊七号,广东深圳市南山区南头街道义学街三坊七号,广东深圳市南山区南头街道义学街三坊七号,113.924437,22.543546
深圳马家龙,广东,深圳市,南山区,豪方天际广场写字楼心,广东深圳市南山区豪方天际广场写字楼,广东深圳市南山区豪方天际广场写字楼,113.921342,22.55336
深圳马家龙,广东,深圳市,南山区,南头街道马家龙海大创意园东座,广东深圳市南山区南头街道马家龙海大创意园东座,广东深圳市南山区南头街道马家龙海大创意园东座,113.923154,22.506107
深圳马家龙,广东,深圳市,南山区,大道3866号中山颐景花园2D,广东深圳市南山区大道3866号中山颐景花园2D,广东深圳市南山区大道3866号中山颐景花园2D,114.477147,22.59735
深圳马家龙,广东,深圳市,南山区,大新路23号艺华花园2栋,广东深圳市南山区大新路23号艺华花园2栋,广东深圳市南山区大新路23号艺华花园2栋,113.931124,22.548208
深圳马家龙,广东,深圳市,南山区,保龙路麒麟新村-D栋,广东深圳市南山区保龙路麒麟新村-D栋,广东深圳市南山区保龙路麒麟新村-D栋,113.932506,22.54767
深圳马家龙,广东,深圳市,南山区,南头街道玉泉路28号国家税务总局深圳市南山区税务局,广东深圳市南山区南头街道玉泉路28号国家税务总局深圳市南山区税务局,广东深圳市南山区南头街道玉泉路28号国家税务总局深圳市南山区税务局,113.930497,22.546826
深圳马家龙,广东,深圳市,南山区,泉园路46-1号秘卤匠,广东深圳市南山区泉园路46-1号秘卤匠,广东深圳市南山区泉园路46-1号秘卤匠,113.929522,22.543286
深圳马家龙,广东,深圳市,南山区,前海东岸花园同锦阁,广东深圳市南山区前海东岸花园同锦阁,广东深圳市南山区前海东岸花园同锦阁,113.918286,22.552626
深圳马家龙,广东,深圳市,南山区,马家龙工业园区大习科创大厦,广东深圳市南山区马家龙工业园区大习科创大厦,广东深圳市南山区马家龙工业园区大习科创大厦,113.925872,22.550415
深圳马家龙,广东,深圳市,南山区,南头街道中山园路136号东关·乐尚林居1A,广东深圳市南山区南头街道中山园路136号东关·乐尚林居1A,广东深圳市南山区南头街道中山园路136号东关·乐尚林居1A,113.921057,22.566197
深圳马家龙,广东,深圳市,南山区,华泰小区A座房送,广东深圳市南山区华泰小区A座房送,广东深圳市南山区华泰小区A座房送,113.923161,22.561051
深圳马家龙,广东,深圳市,南山区,麒麟新村,广东深圳市南山区麒麟新村,广东深圳市南山区麒麟新村,113.932506,22.54767
深圳马家龙,广东,深圳市,南山区,南头街道玉泉路莲城花园5栋,广东深圳市南山区南头街道玉泉路莲城花园5栋,广东深圳市南山区南头街道玉泉路莲城花园5栋,113.92635,22.545849
深圳马家龙,广东,深圳市,南山区,艺园路缤纷年华f,广东深圳市南山区艺园路缤纷年华f,广东深圳市南山区艺园路缤纷年华f,113.928432,22.542559
深圳马家龙,广东,深圳市,南山区,马家龙14栋,广东深圳市南山区马家龙14栋,广东深圳市南山区马家龙14栋,113.925566,22.551861
深圳马家龙,广东,深圳市,南山区,玉泉路麒麟花园A12栋C座,广东深圳市南山区玉泉路麒麟花园A12栋C座,广东深圳市南山区玉泉路麒麟花园A12栋C座,113.929596,22.5439
深圳马家龙,广东,深圳市,南山区,豪方天际5栋单元,广东深圳市南山区豪方天际5栋单元,广东深圳市南山区豪方天际5栋单元,113.930478,22.533191
深圳马家龙,广东,深圳市,南山区,广东省深圳市南山区南头街道南联社区北环大道11008号豪方天际花园1栋,广东深圳市南山区广东省深圳市南山区南头街道南联社区北环大道11008号豪方天际花园1栋,广东深圳市南山区广东省深圳市南山区南头街道南联社区北环大道11008号豪方天际花园1栋,113.921217,22.555635
深圳马家龙,广东,深圳市,南山区,南头街道泉园路12号蓝虹雅苑1栋,广东深圳市南山区南头街道泉园路12号蓝虹雅苑1栋,广东深圳市南山区南头街道泉园路12号蓝虹雅苑1栋,113.92958,22.541053
深圳马家龙,广东,深圳市,南山区,建工村5栋,广东深圳市南山区建工村5栋,广东深圳市南山区建工村5栋,113.925692,22.564318
深圳马家龙,广东,深圳市,南山区,麒麟花园英麒苑C505,广东深圳市南山区麒麟花园英麒苑C505,广东深圳市南山区麒麟花园英麒苑C505,113.931377,22.543259
深圳马家龙,广东,深圳市,南山区,南头街道泉源路嘉庭苑2栋三单元,广东深圳市南山区南头街道泉源路嘉庭苑2栋三单元,广东深圳市南山区南头街道泉源路嘉庭苑2栋三单元,113.929883,22.542302
深圳马家龙,广东,深圳市,南山区,南头街道中山园路南山建工村二期华泰小区E栋,广东深圳市南山区南头街道中山园路南山建工村二期华泰小区E栋,广东深圳市南山区南头街道中山园路南山建工村二期华泰小区E栋,113.923161,22.561051
深圳马家龙,广东,深圳市,南山区,泉园路32号嘉庭苑2,广东深圳市南山区泉园路32号嘉庭苑2,广东深圳市南山区泉园路32号嘉庭苑2,113.930248,22.542651
深圳马家龙,广东,深圳市,南山区,南头街道马家龙社区艺园路汇金家园小区111号,广东深圳市南山区南头街道马家龙社区艺园路汇金家园小区111号,广东深圳市南山区南头街道马家龙社区艺园路汇金家园小区111号,113.927939,22.547708
深圳马家龙,广东,深圳市,南山区,南头街道北环大道塘尾小区南博四路12号深圳市路桥建设集团有限公司市政工程分公司,广东深圳市南山区南头街道北环大道塘尾小区南博四路12号深圳市路桥建设集团有限公司市政工程分公司,广东深圳市南山区南头街道北环大道塘尾小区南博四路12号深圳市路桥建设集团有限公司市政工程分公司,114.013491,22.554948
深圳马家龙,广东,深圳市,南山区,南头街道麒麟花园七期C栋号,广东深圳市南山区南头街道麒麟花园七期C栋号,广东深圳市南山区南头街道麒麟花园七期C栋号,113.930718,22.546338
深圳马家龙,广东,深圳市,南山区,南头街道建瓴路98号南山区教育科学研究院同乐实验学校旁缙樾府营销中心前台这个,广东深圳市南山区南头街道建瓴路98号南山区教育科学研究院同乐实验学校旁缙樾府营销中心前台这个,广东深圳市南山区南头街道建瓴路98号南山区教育科学研究院同乐实验学校旁缙樾府营销中心前台这个,113.922346,22.562361
深圳马家龙,广东,深圳市,南山区,南头街道深圳市南山区泉源路61号绿因韦和C栋,广东深圳市南山区南头街道深圳市南山区泉源路61号绿因韦和C栋,广东深圳市南山区南头街道深圳市南山区泉源路61号绿因韦和C栋,113.922817,22.543137
深圳马家龙,广东,深圳市,南山区,南头街道南山区豪方天际花园四栋二单元,广东深圳市南山区南头街道南山区豪方天际花园四栋二单元,广东深圳市南山区南头街道南山区豪方天际花园四栋二单元,113.920173,22.552693
深圳马家龙,广东,深圳市,南山区,南头街道北环大道与南山大道交汇处西北角豪方天际花园,广东深圳市南山区南头街道北环大道与南山大道交汇处西北角豪方天际花园,广东深圳市南山区南头街道北环大道与南山大道交汇处西北角豪方天际花园,113.920173,22.552693
深圳马家龙,广东,深圳市,南山区,南博一路深圳南头直升机场,广东深圳市南山区南博一路深圳南头直升机场,广东深圳市南山区南博一路深圳南头直升机场,113.93416,22.557251
深圳马家龙,广东,深圳市,南山区,南头街道麒麟花园七期禹洲吉庆里88区1363-J7-94 赠品直接签收不,广东深圳市南山区南头街道麒麟花园七期禹洲吉庆里88区1363-J7-94 赠品直接签收不,广东深圳市南山区南头街道麒麟花园七期禹洲吉庆里88区1363-J7-94 赠品直接签收不,113.930718,22.546338
深圳马家龙,广东,深圳市,南山区,正风路16号名家富居1栋,广东深圳市南山区正风路16号名家富居1栋,广东深圳市南山区正风路16号名家富居1栋,113.925976,22.541756
深圳马家龙,广东,深圳市,南山区,南头街道麒麟花园七期祥和居2栋,广东深圳市南山区南头街道麒麟花园七期祥和居2栋,广东深圳市南山区南头街道麒麟花园七期祥和居2栋,113.930718,22.546338
深圳马家龙,广东,深圳市,南山区,南头街道麒麟花园三期A栋,广东深圳市南山区南头街道麒麟花园三期A栋,广东深圳市南山区南头街道麒麟花园三期A栋,113.930718,22.546338
深圳马家龙,广东,深圳市,南山区,南头街道荔源雅苑B座,广东深圳市南山区南头街道荔源雅苑B座,广东深圳市南山区南头街道荔源雅苑B座,113.921816,22.562497
深圳马家龙,广东,深圳市,南山区,名家富居1栋,广东深圳市南山区名家富居1栋,广东深圳市南山区名家富居1栋,113.926446,22.542266
深圳马家龙,广东,深圳市,南山区,南头街道马家龙创新大厦a座层,广东深圳市南山区南头街道马家龙创新大厦a座层,广东深圳市南山区南头街道马家龙创新大厦a座层,113.925992,22.549437
深圳马家龙,广东,深圳市,南山区,南头街道南山大道3908方鼎华庭鼎盛阁楼出电梯左手边门Mt,广东深圳市南山区南头街道南山大道3908方鼎华庭鼎盛阁楼出电梯左手边门Mt,广东深圳市南山区南头街道南山大道3908方鼎华庭鼎盛阁楼出电梯左手边门Mt,113.923696,22.550773
深圳马家龙,广东,深圳市,南山区,南头街道北环大道豪方天际广场楼,广东深圳市南山区南头街道北环大道豪方天际广场楼,广东深圳市南山区南头街道北环大道豪方天际广场楼,113.921342,22.55336
深圳马家龙,广东,深圳市,南山区,扶风路名家富居3栋,广东深圳市南山区扶风路名家富居3栋,广东深圳市南山区扶风路名家富居3栋,113.92715,22.541824
深圳马家龙,广东,深圳市,南山区,南头街道建工村9栋,广东深圳市南山区南头街道建工村9栋,广东深圳市南山区南头街道建工村9栋,113.925692,22.564318
深圳马家龙,广东,深圳市,南山区,南头街道义学街3坊6号,广东深圳市南山区南头街道义学街3坊6号,广东深圳市南山区南头街道义学街3坊6号,113.92496,22.54387
深圳马家龙,广东,深圳市,南山区,马家龙工业区二栋二单元503,广东深圳市南山区马家龙工业区二栋二单元503,广东深圳市南山区马家龙工业区二栋二单元503,113.932163,22.54853
深圳马家龙,广东,深圳市,南山区,南头街道广东省深圳市南山区南山街道艺园路38号缤纷年华国艺首佳楼,广东深圳市南山区南头街道广东省深圳市南山区南山街道艺园路38号缤纷年华国艺首佳楼,广东深圳市南山区南头街道广东省深圳市南山区南山街道艺园路38号缤纷年华国艺首佳楼,113.929257,22.542127
深圳马家龙,广东,深圳市,南山区,南山区南头街道前海东岸花园同德阁,广东深圳市南山区南头街道前海东岸花园同德阁,广东深圳市南山区南头街道前海东岸花园同德阁,113.918959,22.553353
深圳马家龙,广东,深圳市,南山区,北环大道11008号豪方天际花园六栋二单元19B,广东深圳市南山区北环大道11008号豪方天际花园六栋二单元19B,广东深圳市南山区北环大道11008号豪方天际花园六栋二单元19B,113.920728,22.552901
深圳马家龙,广东,深圳市,南山区,南山区南头街道南山区马家龙汇金家园九单元,广东深圳市南山区南头街道南山区马家龙汇金家园九单元,广东深圳市南山区南头街道南山区马家龙汇金家园九单元,113.927939,22.547708
深圳马家龙,广东,深圳市,南山区,南山区南头街道艺园路｛名家富居｝7栋,广东深圳市南山区南头街道艺园路｛名家富居｝7栋,广东深圳市南山区南头街道艺园路｛名家富居｝7栋,113.92648,22.543056
深圳马家龙,广东,深圳市,南山区,南头街道同乐村60栋,广东深圳市南山区南头街道同乐村60栋,广东深圳市南山区南头街道同乐村60栋,113.922201,22.567882
深圳马家龙,广东,深圳市,南山区,大新路创新大厦B座楼,广东深圳市南山区大新路创新大厦B座楼,广东深圳市南山区大新路创新大厦B座楼,113.926312,22.548932
深圳马家龙,广东,深圳市,南山区,南头街道宝龙路39号深圳市公安局数据服务中心,广东深圳市南山区南头街道宝龙路39号深圳市公安局数据服务中心,广东深圳市南山区南头街道宝龙路39号深圳市公安局数据服务中心,113.922817,22.543137
深圳马家龙,广东,深圳市,南山区,中山园路东关乐尚林居底商134号微地产店面,广东深圳市南山区中山园路东关乐尚林居底商134号微地产店面,广东深圳市南山区中山园路东关乐尚林居底商134号微地产店面,113.923314,22.566095
深圳马家龙,广东,深圳市,南山区,南头街道麒麟花园B区三栋,广东深圳市南山区南头街道麒麟花园B区三栋,广东深圳市南山区南头街道麒麟花园B区三栋,113.928342,22.545985
深圳马家龙,广东,深圳市,南山区,泉园路嘉庭苑1栋单元,广东深圳市南山区泉园路嘉庭苑1栋单元,广东深圳市南山区泉园路嘉庭苑1栋单元,113.929921,22.542607
深圳马家龙,广东,深圳市,南山区,南头街道大新路89号海大创意园东座北门楼,广东深圳市南山区南头街道大新路89号海大创意园东座北门楼,广东深圳市南山区南头街道大新路89号海大创意园东座北门楼,113.926307,22.547958
深圳马家龙,广东,深圳市,南山区,南头街道中山园路东关乐尚林居1A,广东深圳市南山区南头街道中山园路东关乐尚林居1A,广东深圳市南山区南头街道中山园路东关乐尚林居1A,113.923314,22.566095
深圳马家龙,广东,深圳市,南山区,-南头街道闲逸路蓝虹雅苑1栋,广东深圳市南山区-南头街道闲逸路蓝虹雅苑1栋,广东深圳市南山区-南头街道闲逸路蓝虹雅苑1栋,113.92958,22.541053
深圳马家龙,广东,深圳市,南山区,南头街道义学街五坊17栋,广东深圳市南山区南头街道义学街五坊17栋,广东深圳市南山区南头街道义学街五坊17栋,113.92413,22.544009
深圳马家龙,广东,深圳市,南山区,南山区南山农批市场环球1栋楼,广东深圳市南山区南山农批市场环球1栋楼,广东深圳市南山区南山农批市场环球1栋楼,113.930478,22.533191
深圳马家龙,广东,深圳市,南山区,豪方天际花园2栋单元,广东深圳市南山区豪方天际花园2栋单元,广东深圳市南山区豪方天际花园2栋单元,113.920706,22.555424
深圳马家龙,广东,深圳市,南山区,马家龙青创公寓,广东深圳市南山区马家龙青创公寓,广东深圳市南山区马家龙青创公寓,113.925566,22.551861
深圳马家龙,广东,深圳市,南山区,大道3186号莲花广场A栋,广东深圳市南山区大道3186号莲花广场A栋,广东深圳市南山区大道3186号莲花广场A栋,114.10904,22.593547
深圳马家龙,广东,深圳市,南山区,西南街道保利御江南5区1座,广东深圳市南山区西南街道保利御江南5区1座,广东深圳市南山区西南街道保利御江南5区1座,113.908426,22.5598
深圳马家龙,广东,深圳市,南山区,南龙苑小区C栋A单元,广东深圳市南山区南龙苑小区C栋A单元,广东深圳市南山区南龙苑小区C栋A单元,113.92498,22.551948
深圳马家龙,广东,深圳市,南山区,南头街道大新路88号马家龙金龙工业城64栋楼,广东深圳市南山区南头街道大新路88号马家龙金龙工业城64栋楼,广东深圳市南山区南头街道大新路88号马家龙金龙工业城64栋楼,113.924833,22.550533
深圳马家龙,广东,深圳市,南山区,南头街道北环大道11018号前海东岸花园同锦阁,广东深圳市南山区南头街道北环大道11018号前海东岸花园同锦阁,广东深圳市南山区南头街道北环大道11018号前海东岸花园同锦阁,113.918286,22.552626
深圳马家龙,广东,深圳市,南山区,南头街道麒麟花园七期醉金湾小区5栋,广东深圳市南山区南头街道麒麟花园七期醉金湾小区5栋,广东深圳市南山区南头街道麒麟花园七期醉金湾小区5栋,113.930718,22.546338
深圳马家龙,广东,深圳市,南山区,南头街道马家龙社区南龙苑花园A栋商铺,广东深圳市南山区南头街道马家龙社区南龙苑花园A栋商铺,广东深圳市南山区南头街道马家龙社区南龙苑花园A栋商铺,113.925307,22.551897
深圳马家龙,广东,深圳市,南山区,同安路豪方天际4栋一单元,广东深圳市南山区同安路豪方天际4栋一单元,广东深圳市南山区同安路豪方天际4栋一单元,113.919572,22.557727
深圳马家龙,广东,深圳市,南山区,玉泉路麒麟花园d栋金麟阁,广东深圳市南山区玉泉路麒麟花园d栋金麟阁,广东深圳市南山区玉泉路麒麟花园d栋金麟阁,113.931801,22.54399
深圳马家龙,广东,深圳市,南山区,南头街道建工村一期8栋门口,广东深圳市南山区南头街道建工村一期8栋门口,广东深圳市南山区南头街道建工村一期8栋门口,113.925692,22.564318
深圳马家龙,广东,深圳市,南山区,南山大道深圳肉联厂二号楼楼广州龙海建设项目部,广东深圳市南山区南山大道深圳肉联厂二号楼楼广州龙海建设项目部,广东深圳市南山区南山大道深圳肉联厂二号楼楼广州龙海建设项目部,113.924196,22.535715
深圳马家龙,广东,深圳市,南山区,玉泉路莲城花园11,广东深圳市南山区玉泉路莲城花园11,广东深圳市南山区玉泉路莲城花园11,113.926253,22.545943
深圳马家龙,广东,深圳市,南山区,南山区南头街道南山大道义学街一坊,广东深圳市南山区南头街道南山大道义学街一坊,广东深圳市南山区南头街道南山大道义学街一坊,113.92455,22.543184
深圳马家龙,广东,深圳市,南山区,同乐馨苑,广东深圳市南山区同乐馨苑,广东深圳市南山区同乐馨苑,113.922706,22.56756
深圳马家龙,广东,深圳市,南山区,南山区南头街道义学街19号,广东深圳市南山区南头街道义学街19号,广东深圳市南山区南头街道义学街19号,113.924863,22.544262
深圳马家龙,广东,深圳市,南山区,南头街道艺园路168号荔园新村7栋楼A区,广东深圳市南山区南头街道艺园路168号荔园新村7栋楼A区,广东深圳市南山区南头街道艺园路168号荔园新村7栋楼A区,113.927992,22.550509
深圳马家龙,广东,深圳市,南山区,南头街道北环大道11018前海东岸花园服务中心,广东深圳市南山区南头街道北环大道11018前海东岸花园服务中心,广东深圳市南山区南头街道北环大道11018前海东岸花园服务中心,113.919153,22.55349
深圳马家龙,广东,深圳市,南山区,南头街道马家龙金龙工业区64栋西侧楼,广东深圳市南山区南头街道马家龙金龙工业区64栋西侧楼,广东深圳市南山区南头街道马家龙金龙工业区64栋西侧楼,113.930168,22.548884
深圳马家龙,广东,深圳市,南山区,圳南山南头街道泉园路32号嘉庭苑2,广东深圳市南山区圳南山南头街道泉园路32号嘉庭苑2,广东深圳市南山区圳南山南头街道泉园路32号嘉庭苑2,113.930248,22.542651
深圳马家龙,广东,深圳市,南山区,南头街道南山华泰小区E栋,广东深圳市南山区南头街道南山华泰小区E栋,广东深圳市南山区南头街道南山华泰小区E栋,113.923161,22.561051
深圳马家龙,广东,深圳市,南山区,大道方鼎华庭四栋庭怡阁二单元,广东深圳市南山区大道方鼎华庭四栋庭怡阁二单元,广东深圳市南山区大道方鼎华庭四栋庭怡阁二单元,113.924132,22.551281
深圳马家龙,广东,深圳市,南山区,南山区南头街道玉泉路18号麒麟新村A-B,广东深圳市南山区南头街道玉泉路18号麒麟新村A-B,广东深圳市南山区南头街道玉泉路18号麒麟新村A-B,113.932151,22.547589
深圳马家龙,广东,深圳市,南山区,南头街道麒麟花园七期华贵名苑88栋室温,广东深圳市南山区南头街道麒麟花园七期华贵名苑88栋室温,广东深圳市南山区南头街道麒麟花园七期华贵名苑88栋室温,113.930718,22.546338
深圳马家龙,广东,深圳市,南山区,南头街道南头街道南山区南头街道前海东岸花园同方阁,广东深圳市南山区南头街道南头街道南山区南头街道前海东岸花园同方阁,广东深圳市南山区南头街道南头街道南山区南头街道前海东岸花园同方阁,113.917779,22.552178
深圳马家龙,广东,深圳市,南山区,南头街道大新路118号祥泰公寓5号商铺中国移动手,广东深圳市南山区南头街道大新路118号祥泰公寓5号商铺中国移动手,广东深圳市南山区南头街道大新路118号祥泰公寓5号商铺中国移动手,113.92834,22.548744
深圳马家龙,广东,深圳市,南山区,缤纷年华A座,广东深圳市南山区缤纷年华A座,广东深圳市南山区缤纷年华A座,113.924164,22.488255
深圳马家龙,广东,深圳市,南山区,南头街道义学街一坊29号房,广东深圳市南山区南头街道义学街一坊29号房,广东深圳市南山区南头街道义学街一坊29号房,113.924498,22.543258
深圳马家龙,广东,深圳市,南山区,华泰路华泰小区F栋,广东深圳市南山区华泰路华泰小区F栋,广东深圳市南山区华泰路华泰小区F栋,113.923161,22.561051
深圳马家龙,广东,深圳市,南山区,南头街道南山区南头街道同乐村,广东深圳市南山区南头街道南山区南头街道同乐村,广东深圳市南山区南头街道南山区南头街道同乐村,113.922162,22.567318
深圳马家龙,广东,深圳市,南山区,南头街道豪方天际广场,广东深圳市南山区南头街道豪方天际广场,广东深圳市南山区南头街道豪方天际广场,113.921342,22.55336
深圳马家龙,广东,深圳市,南山区,南头街道豪方天际花园5栋单,广东深圳市南山区南头街道豪方天际花园5栋单,广东深圳市南山区南头街道豪方天际花园5栋单,113.919588,22.554001
深圳马家龙,广东,深圳市,南山区,大新路88号马家龙金龙工业城64栋中,广东深圳市南山区大新路88号马家龙金龙工业城64栋中,广东深圳市南山区大新路88号马家龙金龙工业城64栋中,113.925566,22.551861
深圳马家龙,广东,深圳市,南山区,南头街道深圳市南山区南山大道义学街二坊1号一号灰,广东深圳市南山区南头街道深圳市南山区南山大道义学街二坊1号一号灰,广东深圳市南山区南头街道深圳市南山区南山大道义学街二坊1号一号灰,113.92413,22.544009
深圳马家龙,广东,深圳市,南山区,南头街道前海东岸同富阁2701,广东深圳市南山区南头街道前海东岸同富阁2701,广东深圳市南山区南头街道前海东岸同富阁2701,113.918013,22.552421
深圳马家龙,广东,深圳市,南山区,大道义学街三坊14号,广东深圳市南山区大道义学街三坊14号,广东深圳市南山区大道义学街三坊14号,113.924769,22.543943
深圳马家龙,广东,深圳市,南山区,东关乐尚林居五栋,广东深圳市南山区东关乐尚林居五栋,广东深圳市南山区东关乐尚林居五栋,113.930478,22.533191
深圳马家龙,广东,深圳市,南山区,南头街道广东省深圳市南山区南头街道建功村荔园雅苑B座,广东深圳市南山区南头街道广东省深圳市南山区南头街道建功村荔园雅苑B座,广东深圳市南山区南头街道广东省深圳市南山区南头街道建功村荔园雅苑B座,114.253385,22.691572
深圳马家龙,广东,深圳市,南山区,教育科学研究院附属教育集团同乐实,广东深圳市南山区教育科学研究院附属教育集团同乐实,广东深圳市南山区教育科学研究院附属教育集团同乐实,113.922706,22.56756
深圳马家龙,广东,深圳市,南山区,南头街道南头街道义学街五坊,广东深圳市南山区南头街道南头街道义学街五坊,广东深圳市南山区南头街道南头街道义学街五坊,113.92413,22.544009
深圳马家龙,广东,深圳市,南山区,南头街道玉泉路麒麟花园A区11栋楼给力教,广东深圳市南山区南头街道玉泉路麒麟花园A区11栋楼给力教,广东深圳市南山区南头街道玉泉路麒麟花园A区11栋楼给力教,113.931531,22.545978
深圳马家龙,广东,深圳市,南山区,玉泉路128号建安大院,广东深圳市南山区玉泉路128号建安大院,广东深圳市南山区玉泉路128号建安大院,113.923965,22.547004
深圳马家龙,广东,深圳市,南山区,南头街道同乐村,广东深圳市南山区南头街道同乐村,广东深圳市南山区南头街道同乐村,113.922162,22.567318
深圳马家龙,广东,深圳市,南山区,南头街道君翔达大厦B座楼A区退货,广东深圳市南山区南头街道君翔达大厦B座楼A区退货,广东深圳市南山区南头街道君翔达大厦B座楼A区退货,113.920617,22.560691
深圳马家龙,广东,深圳市,南山区,艺园路润海公寓快递柜,广东深圳市南山区艺园路润海公寓快递柜,广东深圳市南山区艺园路润海公寓快递柜,113.928084,22.549625
深圳马家龙,广东,深圳市,南山区,北环大道11008号豪方天际花园二栋二单元,广东深圳市南山区北环大道11008号豪方天际花园二栋二单元,广东深圳市南山区北环大道11008号豪方天际花园二栋二单元,113.920365,22.555052
深圳马家龙,广东,深圳市,南山区,南头街道名家富居6栋,广东深圳市南山区南头街道名家富居6栋,广东深圳市南山区南头街道名家富居6栋,113.925706,22.542667
深圳马家龙,广东,深圳市,南山区,南海大道3533号直升机场,广东深圳市南山区南海大道3533号直升机场,广东深圳市南山区南海大道3533号直升机场,113.929832,22.558837
深圳马家龙,广东,深圳市,南山区,南头街道大新路63栋号云美阁养生馆,广东深圳市南山区南头街道大新路63栋号云美阁养生馆,广东深圳市南山区南头街道大新路63栋号云美阁养生馆,113.927192,22.548456
深圳马家龙,广东,深圳市,南山区,南头街道莲花广场A座行,广东深圳市南山区南头街道莲花广场A座行,广东深圳市南山区南头街道莲花广场A座行,113.924164,22.488255
深圳马家龙,广东,深圳市,南山区,北环大道10018号新马能源3栋,广东深圳市南山区北环大道10018号新马能源3栋,广东深圳市南山区北环大道10018号新马能源3栋,113.930588,22.554828
深圳马家龙,广东,深圳市,南山区,南山区南头街道麒麟花园A区12,广东深圳市南山区南头街道麒麟花园A区12,广东深圳市南山区南头街道麒麟花园A区12,113.93282,22.546029
深圳马家龙,广东,深圳市,南山区,建工村8号华泰小区F栋,广东深圳市南山区建工村8号华泰小区F栋,广东深圳市南山区建工村8号华泰小区F栋,113.923222,22.561195
深圳马家龙,广东,深圳市,南山区,南头街道艺园路168号荔园新村13栋,广东深圳市南山区南头街道艺园路168号荔园新村13栋,广东深圳市南山区南头街道艺园路168号荔园新村13栋,113.929411,22.550066
深圳马家龙,广东,深圳市,南山区,前海东岸花园同方阁,广东深圳市南山区前海东岸花园同方阁,广东深圳市南山区前海东岸花园同方阁,113.917779,22.552178
深圳马家龙,广东,深圳市,南山区,南头街道中山颐景花园1B,广东深圳市南山区南头街道中山颐景花园1B,广东深圳市南山区南头街道中山颐景花园1B,113.922817,22.543137
深圳马家龙,广东,深圳市,南山区,北环大道西段10020号彩联物流中心楼办公室A,广东深圳市南山区北环大道西段10020号彩联物流中心楼办公室A,广东深圳市南山区北环大道西段10020号彩联物流中心楼办公室A,114.013491,22.554948
深圳马家龙,广东,深圳市,南山区,马家龙工业区15栋西梦,广东深圳市南山区马家龙工业区15栋,广东深圳市南山区马家龙工业区15栋,113.925821,22.550067
深圳马家龙,广东,深圳市,南山区,南山区南头街道义学街一坊51号,广东深圳市南山区南头街道义学街一坊51号,广东深圳市南山区南头街道义学街一坊51号,113.925128,22.543337
深圳马家龙,广东,深圳市,南山区,南头街道前进路鸿荣源尚璟公馆2栋,广东深圳市南山区南头街道前进路鸿荣源尚璟公馆2栋,广东深圳市南山区南头街道前进路鸿荣源尚璟公馆2栋,113.919332,22.556862
深圳马家龙,广东,深圳市,南山区,马家龙15栋楼东源建传感办公室,广东深圳市南山区马家龙15栋楼东源建传感办公室,广东深圳市南山区马家龙15栋楼东源建传感办公室,113.930478,22.533191
深圳马家龙,广东,深圳市,南山区,南头街道北环大道11008号豪方天际花园四期C栋,广东深圳市南山区南头街道北环大道11008号豪方天际花园四期C栋,广东深圳市南山区南头街道北环大道11008号豪方天际花园四期C栋,113.920728,22.552901
深圳马家龙,广东,深圳市,南山区,南头街道中山园路深粤物流基地吉创中心项目门卫室,广东深圳市南山区南头街道中山园路深粤物流基地吉创中心项目门卫室,广东深圳市南山区南头街道中山园路深粤物流基地吉创中心项目门卫室,113.923314,22.566095
深圳马家龙,广东,深圳市,南山区,莲城花园北门,广东深圳市南山区莲城花园北门,广东深圳市南山区莲城花园北门,113.92635,22.545849
深圳马家龙,广东,深圳市,南山区,马家龙艺园路139号唐商科技大厦A座,广东深圳市南山区马家龙艺园路139号唐商科技大厦A座,广东深圳市南山区马家龙艺园路139号唐商科技大厦A座,113.926781,22.550989
深圳马家龙,广东,深圳市,南山区,南山区中山园路136号东关·乐尚林居3栋发货1个,广东深圳市南山区中山园路136号东关·乐尚林居3栋,广东深圳市南山区中山园路136号东关·乐尚林居3栋,113.921057,22.566197
深圳马家龙,广东,深圳市,南山区,前海东岸同德阁室,广东深圳市南山区前海东岸同德阁室,广东深圳市南山区前海东岸同德阁室,113.918959,22.553353
深圳马家龙,广东,深圳市,南山区,南山大道大新路艺华花园2栋,广东深圳市南山区南山大道大新路艺华花园2栋,广东深圳市南山区南山大道大新路艺华花园2栋,113.931124,22.548208
深圳马家龙,广东,深圳市,南山区,华泰小区G,广东深圳市南山区华泰小区G,广东深圳市南山区华泰小区G,113.923161,22.561051
深圳马家龙,广东,深圳市,南山区,北环大道前海东岸同德阁,广东深圳市南山区北环大道前海东岸同德阁,广东深圳市南山区北环大道前海东岸同德阁,113.918959,22.553353
深圳马家龙,广东,深圳市,南山区,南山区南头街道北环大道11008号豪方天际花园四期C栋,广东深圳市南山区南头街道北环大道11008号豪方天际花园四期C栋,广东深圳市南山区南头街道北环大道11008号豪方天际花园四期C栋,113.920728,22.552901
深圳马家龙,广东,深圳市,南山区,玉泉路绿茵丰和B栋,广东深圳市南山区玉泉路绿茵丰和B栋,广东深圳市南山区玉泉路绿茵丰和B栋,113.92931,22.54618
深圳马家龙,广东,深圳市,南山区,南头街道马家龙社区艺园路202号马家龙文化体育中心B座,广东深圳市南山区南头街道马家龙社区艺园路202号马家龙文化体育中心B座,广东深圳市南山区南头街道马家龙社区艺园路202号马家龙文化体育中心B座,113.928827,22.551379
深圳马家龙,广东,深圳市,南山区,南头街道南山建工村4栋,广东深圳市南山区南头街道南山建工村4栋,广东深圳市南山区南头街道南山建工村4栋,113.925692,22.564318
深圳马家龙,广东,深圳市,南山区,玉泉路建安大院142号铺,广东深圳市南山区玉泉路建安大院142号铺,广东深圳市南山区玉泉路建安大院142号铺,113.923965,22.547004
深圳马家龙,广东,深圳市,南山区,南山区南头街道南山大道3185号深圳市南山肉联厂家属楼,广东深圳市南山区南头街道南山大道3185号深圳市南山肉联厂家属楼,广东深圳市南山区南头街道南山大道3185号深圳市南山肉联厂家属楼,113.923769,22.55688
深圳马家龙,广东,深圳市,南山区,前海东岸同富阁,广东深圳市南山区前海东岸同富阁,广东深圳市南山区前海东岸同富阁,113.918013,22.552421
深圳马家龙,广东,深圳市,南山区,南头街道义学街1坊53-2,广东深圳市南山区南头街道义学街1坊53-2,广东深圳市南山区南头街道义学街1坊53-2,113.92377,22.544075
深圳马家龙,广东,深圳市,南山区,怡诚新材料有限公司深圳市南山区中山园路九号君翔达大厦A栋楼F区,广东深圳市南山区怡诚新材料有限公司深圳市南山区中山园路九号君翔达大厦A栋楼F区,广东深圳市南山区怡诚新材料有限公司深圳市南山区中山园路九号君翔达大厦A栋楼F区,113.920162,22.560713
深圳马家龙,广东,深圳市,南山区,南头街道泉园路63号麒麟花园秦轩3栋,广东深圳市南山区南头街道泉园路63号麒麟花园秦轩3栋,广东深圳市南山区南头街道泉园路63号麒麟花园秦轩3栋,113.929199,22.545381
深圳马家龙,广东,深圳市,南山区,南头街道深圳市丰瑞祥文化园楼广州龙海项目部,广东深圳市南山区南头街道深圳市丰瑞祥文化园楼广州龙海项目部,广东深圳市南山区南头街道深圳市丰瑞祥文化园楼广州龙海项目部,113.922817,22.543137
深圳马家龙,广东,深圳市,南山区,南头街道前海东岸花园同德阁房云朵牛奶粉W,广东深圳市南山区南头街道前海东岸花园同德阁房,广东深圳市南山区南头街道前海东岸花园同德阁房,113.918959,22.553353
深圳马家龙,广东,深圳市,南山区,大新路创新大厦A座8-层,广东深圳市南山区大新路创新大厦A座8-层,广东深圳市南山区大新路创新大厦A座8-层,113.925992,22.549437
深圳马家龙,广东,深圳市,南山区,南头街道南山大道3838号深划设计产业园土栋核回货必须增写正确物流单号百则不子遇款）,广东深圳市南山区南头街道南山大道3838号深划设计产业园土栋核回货必须增写正确物流单号百则不子遇款）,广东深圳市南山区南头街道南山大道3838号深划设计产业园土栋核回货必须增写正确物流单号百则不子遇款）,113.923903,22.548554
深圳马家龙,广东,深圳市,南山区,玉泉路麒麟花园英麒苑A,广东深圳市南山区玉泉路麒麟花园英麒苑A,广东深圳市南山区玉泉路麒麟花园英麒苑A,113.931377,22.543259
深圳马家龙,广东,深圳市,南山区,南山区南头街道深圳方鼎精品商务酒店南山大道3908号中山公园东门对面房顶华庭酒店,广东深圳市南山区南头街道深圳方鼎精品商务酒店南山大道3908号中山公园东门对面房顶华庭酒店,广东深圳市南山区南头街道深圳方鼎精品商务酒店南山大道3908号中山公园东门对面房顶华庭酒店,113.918976,22.547851
深圳马家龙,广东,深圳市,南山区,豪方天际花园1栋一单元,广东深圳市南山区豪方天际花园1栋一单元,广东深圳市南山区豪方天际花园1栋一单元,113.921217,22.555635
深圳马家龙,广东,深圳市,南山区,南头街道中山园路荔源雅苑1B,广东深圳市南山区南头街道中山园路荔源雅苑1B,广东深圳市南山区南头街道中山园路荔源雅苑1B,113.921777,22.562816
深圳马家龙,广东,深圳市,南山区,南头街道南山建工村8号南山华泰小区-B栋,广东深圳市南山区南头街道南山建工村8号南山华泰小区-B栋,广东深圳市南山区南头街道南山建工村8号南山华泰小区-B栋,113.923222,22.561195
深圳马家龙,广东,深圳市,南山区,南头街道方鼎华庭5栋单元,广东深圳市南山区南头街道方鼎华庭5栋单元,广东深圳市南山区南头街道方鼎华庭5栋单元,113.924141,22.550143
深圳马家龙,广东,深圳市,南山区,华泰小区C栋,广东深圳市南山区华泰小区C栋,广东深圳市南山区华泰小区C栋,113.923161,22.561051
深圳马家龙,广东,深圳市,南山区,南头街道同乐村村委楼,广东深圳市南山区南头街道同乐村村委楼,广东深圳市南山区南头街道同乐村村委楼,113.922162,22.567318
深圳马家龙,广东,深圳市,南山区,南山区南头街道正风路名家富居3,广东深圳市南山区南头街道正风路名家富居3,广东深圳市南山区南头街道正风路名家富居3,113.925976,22.541756
深圳马家龙,广东,深圳市,南山区,艺园路名家富居1栋,广东深圳市南山区艺园路名家富居1栋,广东深圳市南山区艺园路名家富居1栋,113.926446,22.542266
深圳马家龙,广东,深圳市,南山区,南头街道深圳市公安局交通警察支队南山大队南,广东深圳市南山区南头街道深圳市公安局交通警察支队南山大队南,广东深圳市南山区南头街道深圳市公安局交通警察支队南山大队南,114.023398,22.61645
深圳马家龙,广东,深圳市,南山区,南头街道北环大道前海东岸花园2栋同富阁,广东深圳市南山区南头街道北环大道前海东岸花园2栋同富阁,广东深圳市南山区南头街道北环大道前海东岸花园2栋同富阁,113.918013,22.552421
深圳马家龙,广东,深圳市,南山区,大新路雅芳婷中心,广东深圳市南山区大新路雅芳婷中心,广东深圳市南山区大新路雅芳婷中心,113.931212,22.548887
深圳马家龙,广东,深圳市,南山区,北环大道10024号南山区中医院项目部,广东深圳市南山区北环大道10024号南山区中医院项目部,广东深圳市南山区北环大道10024号南山区中医院项目部,113.926782,22.554701
深圳马家龙,广东,深圳市,南山区,南头街道马家龙一街68号楼单元,广东深圳市南山区南头街道马家龙一街68号楼单元,广东深圳市南山区南头街道马家龙一街68号楼单元,113.931549,22.549826
深圳马家龙,广东,深圳市,南山区,南山区南头街道北环大道10149号名仕春天B座一单元,广东深圳市南山区南头街道北环大道10149号名仕春天B座一单元,广东深圳市南山区南头街道北环大道10149号名仕春天B座一单元,113.9257,22.551523
深圳马家龙,广东,深圳市,南山区,南头街道麒麟花园七期48栋号楼,广东深圳市南山区南头街道麒麟花园七期48栋号楼,广东深圳市南山区南头街道麒麟花园七期48栋号楼,113.930718,22.546338
深圳马家龙,广东,深圳市,南山区,深南大道10388号南山公安分局,广东深圳市南山区深南大道10388号南山公安分局,广东深圳市南山区深南大道10388号南山公安分局,113.924588,22.541328
深圳马家龙,广东,深圳市,南山区,南山区南头街道嘉隆苑快递柜,广东深圳市南山区南头街道嘉隆苑快递柜,广东深圳市南山区南头街道嘉隆苑快递柜,113.925419,22.549711
深圳马家龙,广东,深圳市,南山区,南头街道南头城莲城花园1栋单元,广东深圳市南山区南头街道南头城莲城花园1栋单元,广东深圳市南山区南头街道南头城莲城花园1栋单元,113.926026,22.545805
深圳马家龙,广东,深圳市,南山区,南头街道北环大道11018号前海东岸花园同方阁,广东深圳市南山区南头街道北环大道11018号前海东岸花园同方阁,广东深圳市南山区南头街道北环大道11018号前海东岸花园同方阁,113.917779,22.552178
深圳马家龙,广东,深圳市,南山区,南头街道豪方天际4栋单元,广东深圳市南山区南头街道豪方天际4栋单元,广东深圳市南山区南头街道豪方天际4栋单元,113.922817,22.543137
深圳马家龙,广东,深圳市,南山区,同乐村13栋,广东深圳市南山区同乐村13栋,广东深圳市南山区同乐村13栋,113.923048,22.568062
深圳马家龙,广东,深圳市,南山区,南头街道名家富居8栋,广东深圳市南山区南头街道名家富居8栋,广东深圳市南山区南头街道名家富居8栋,113.925706,22.542667
深圳马家龙,广东,深圳市,南山区,南头街道泉园路嘉庭苑1栋,广东深圳市南山区南头街道泉园路嘉庭苑1栋,广东深圳市南山区南头街道泉园路嘉庭苑1栋,113.929921,22.542607
深圳马家龙,广东,深圳市,南山区,南山区南头街道设计产业园土栋楼,广东深圳市南山区南头街道设计产业园土栋楼,广东深圳市南山区南头街道设计产业园土栋楼,113.922817,22.543137
深圳马家龙,广东,深圳市,南山区,南头街道莲城社区义学街8号,广东深圳市南山区南头街道莲城社区义学街8号,广东深圳市南山区南头街道莲城社区义学街8号,113.924315,22.54388
深圳马家龙,广东,深圳市,南山区,南头街道中山园路君翔达大厦A栋楼N区,广东深圳市南山区南头街道中山园路君翔达大厦A栋楼N区,广东深圳市南山区南头街道中山园路君翔达大厦A栋楼N区,113.920162,22.560713
深圳马家龙,广东,深圳市,南山区,麒麟花园A区10栋,广东深圳市南山区麒麟花园A区10栋,广东深圳市南山区麒麟花园A区10栋,113.931171,22.544508
深圳马家龙,广东,深圳市,南山区,南头街道建工村一期3栋,广东深圳市南山区南头街道建工村一期3栋,广东深圳市南山区南头街道建工村一期3栋,113.925692,22.564318
深圳马家龙,广东,深圳市,南山区,南山区南头街道马家龙社区南山大道3186号莲花广场B栋楼,广东深圳市南山区南头街道马家龙社区南山大道3186号莲花广场B栋楼,广东深圳市南山区南头街道马家龙社区南山大道3186号莲花广场B栋楼,113.923849,22.557458
深圳马家龙,广东,深圳市,南山区,南头街道北环大道10008号监察大楼,广东深圳市南山区南头街道北环大道10008号监察大楼,广东深圳市南山区南头街道北环大道10008号监察大楼,113.931329,22.553192
深圳马家龙,广东,深圳市,南山区,南山区南头街道豪方天际广场6栋楼,广东深圳市南山区南头街道豪方天际广场6栋楼,广东深圳市南山区南头街道豪方天际广场6栋楼,113.921342,22.55336
深圳马家龙,广东,深圳市,南山区,南头街道马家龙社区艺园路139号唐商科技大厦A座层,广东深圳市南山区南头街道马家龙社区艺园路139号唐商科技大厦A座层,广东深圳市南山区南头街道马家龙社区艺园路139号唐商科技大厦A座层,113.926813,22.550496
深圳马家龙,广东,深圳市,南山区,南头街道豪方天际花园5栋二单元,广东深圳市南山区南头街道豪方天际花园5栋二单元,广东深圳市南山区南头街道豪方天际花园5栋二单元,113.919588,22.554001
深圳马家龙,广东,深圳市,南山区,南山区南头街道麒麟花园元轩,广东深圳市南山区南头街道麒麟花园元轩,广东深圳市南山区南头街道麒麟花园元轩,113.930718,22.546338
深圳马家龙,广东,深圳市,南山区,海大创意园东座北门楼,广东深圳市南山区海大创意园东座北门楼,广东深圳市南山区海大创意园东座北门楼,113.923154,22.506107
深圳马家龙,广东,深圳市,南山区,北大道10010号兰德路华门卫室,广东深圳市南山区北大道10010号兰德路华门卫室,广东深圳市南山区北大道10010号兰德路华门卫室,113.93174,22.627851
深圳马家龙,广东,深圳市,南山区,南头街道麒麟花园七期房,广东深圳市南山区南头街道麒麟花园七期房,广东深圳市南山区南头街道麒麟花园七期房,113.930718,22.546338
深圳马家龙,广东,深圳市,南山区,南山区南头街道麟麒花园七期A五单元楼,广东深圳市南山区南头街道麟麒花园七期A五单元楼,广东深圳市南山区南头街道麟麒花园七期A五单元楼,113.922817,22.543137
深圳马家龙,广东,深圳市,南山区,南头街道南山农批市场楼,广东深圳市南山区南头街道南山农批市场楼,广东深圳市南山区南头街道南山农批市场楼,113.922817,22.543137
深圳马家龙,广东,深圳市,南山区,玉园路,广东深圳市南山区玉园路,广东深圳市南山区玉园路,113.925613,22.541457
深圳马家龙,广东,深圳市,南山区,南头街道南山区艺园路38号缤纷年华A栋,广东深圳市南山区南头街道南山区艺园路38号缤纷年华A栋,广东深圳市南山区南头街道南山区艺园路38号缤纷年华A栋,113.927957,22.542457
深圳马家龙,广东,深圳市,南山区,南头衡道南山大道3838号深圳设计产业园土核楼,广东深圳市南山区南头衡道南山大道3838号深圳设计产业园土核楼,广东深圳市南山区南头衡道南山大道3838号深圳设计产业园土核楼,113.923903,22.548554
深圳马家龙,广东,深圳市,南山区,南山区南头街道北环大道11008号豪方天际花园四期G栋天猫优选超市,广东深圳市南山区南头街道北环大道11008号豪方天际花园四期G栋天猫优选超市,广东深圳市南山区南头街道北环大道11008号豪方天际花园四期G栋天猫优选超市,113.925517,22.522854
深圳马家龙,广东,深圳市,南山区,南头道街玉泉路麒麟花园英麒苑A,广东深圳市南山区南头道街玉泉路麒麟花园英麒苑A,广东深圳市南山区南头道街玉泉路麒麟花园英麒苑A,113.931377,22.543259
深圳马家龙,广东,深圳市,南山区,南头街道义学街五坊,广东深圳市南山区南头街道义学街五坊,广东深圳市南山区南头街道义学街五坊,113.92413,22.544009
深圳马家龙,广东,深圳市,南山区,南头街道同乐社区建工村一期13栋,广东深圳市南山区南头街道同乐社区建工村一期13栋,广东深圳市南山区南头街道同乐社区建工村一期13栋,113.925692,22.564318
深圳马家龙,广东,深圳市,南山区,豪方天际花园1,广东深圳市南山区豪方天际花园1,广东深圳市南山区豪方天际花园1,113.921174,22.5558
深圳马家龙,广东,深圳市,南山区,南头街道南山建工村一期5栋,广东深圳市南山区南头街道南山建工村一期5栋,广东深圳市南山区南头街道南山建工村一期5栋,113.925692,22.564318
深圳马家龙,广东,深圳市,南山区,南头街道马家龙工业区63栋西楼,广东深圳市南山区南头街道马家龙工业区63栋西楼,广东深圳市南山区南头街道马家龙工业区63栋西楼,113.93015,22.548819
深圳马家龙,广东,深圳市,南山区,南头街道北环大道11008号豪方天际花园四期K栋,广东深圳市南山区南头街道北环大道11008号豪方天际花园四期K栋,广东深圳市南山区南头街道北环大道11008号豪方天际花园四期K栋,113.920728,22.552901
深圳马家龙,广东,深圳市,南山区,君翔达大厦a栋山和筑造进来楼左转沿着通道一直走最里面的办公室b,广东深圳市南山区君翔达大厦a栋山和筑造进来楼左转沿着通道一直走最里面的办公室b,广东深圳市南山区君翔达大厦a栋山和筑造进来楼左转沿着通道一直走最里面的办公室b,113.919988,22.560788
深圳马家龙,广东,深圳市,南山区,南山区南头街道北环大道11018号前海东岸同泰阁,广东深圳市南山区南头街道北环大道11018号前海东岸同泰阁,广东深圳市南山区南头街道北环大道11018号前海东岸同泰阁,113.918581,22.552958
深圳马家龙,广东,深圳市,南山区,南头街道-北环大道11008号豪方天际花园四期103号,广东深圳市南山区南头街道-北环大道11008号豪方天际花园四期103号,广东深圳市南山区南头街道-北环大道11008号豪方天际花园四期103号,113.920728,22.552901
深圳马家龙,广东,深圳市,南山区,南头街道莲城花园9栋单元,广东深圳市南山区南头街道莲城花园9栋单元,广东深圳市南山区南头街道莲城花园9栋单元,113.926482,22.545887
深圳马家龙,广东,深圳市,南山区,南头街道南山大道3838号深圳设计产业园土栋楼亲亲如有赠,广东深圳市南山区南头街道南山大道3838号深圳设计产业园土栋楼亲亲如有赠,广东深圳市南山区南头街道南山大道3838号深圳设计产业园土栋楼亲亲如有赠,113.923903,22.548554
深圳马家龙,广东,深圳市,南山区,麒麟花园b区a座6栋,广东深圳市南山区麒麟花园b区a座6栋,广东深圳市南山区麒麟花园b区a座6栋,113.928342,22.545985
深圳马家龙,广东,深圳市,南山区,南头街道创意大厦,广东深圳市南山区南头街道创意大厦,广东深圳市南山区南头街道创意大厦,113.93113,22.542173
深圳马家龙,广东,深圳市,南山区,南头街道北环大道11008号豪方天际花园4栋一单元,广东深圳市南山区南头街道北环大道11008号豪方天际花园4栋一单元,广东深圳市南山区南头街道北环大道11008号豪方天际花园4栋一单元,113.919979,22.554536
深圳马家龙,广东,深圳市,南山区,义学街一坊31号禧,广东深圳市南山区义学街一坊31号禧,广东深圳市南山区义学街一坊31号禧,113.92007,22.541604
深圳马家龙,广东,深圳市,南山区,大道3185号宏盛酒楼,广东深圳市南山区大道3185号宏盛酒楼,广东深圳市南山区大道3185号宏盛酒楼,113.923164,22.556486
深圳马家龙,广东,深圳市,南山区,马家龙文体中心B栋楼,广东深圳市南山区马家龙文体中心B栋楼,广东深圳市南山区马家龙文体中心B栋楼,113.925566,22.551861
深圳马家龙,广东,深圳市,南山区,南山区南头街道麒麟花园七期,广东深圳市南山区南头街道麒麟花园七期,广东深圳市南山区南头街道麒麟花园七期,113.930718,22.546338
深圳马家龙,广东,深圳市,南山区,荔园新村15栋b单元楼,广东深圳市南山区荔园新村15栋b单元楼,广东深圳市南山区荔园新村15栋b单元楼,113.928224,22.550962
深圳马家龙,广东,深圳市,南山区,南头街道北环大道11018号前海东岸花园2栋同方阁,广东深圳市南山区南头街道北环大道11018号前海东岸花园2栋同方阁,广东深圳市南山区南头街道北环大道11018号前海东岸花园2栋同方阁,113.917779,22.552178
深圳马家龙,广东,深圳市,南山区,广东省深圳市南山区豪方天际广场层珍姐售后仓,广东深圳市南山区广东省深圳市南山区豪方天际广场层珍姐售后仓,广东深圳市南山区广东省深圳市南山区豪方天际广场层珍姐售后仓,113.921342,22.55336
深圳马家龙,广东,深圳市,南山区,金龙创业园64栋西座,广东深圳市南山区金龙创业园64栋西座,广东深圳市南山区金龙创业园64栋西座,113.922317,22.506422
深圳马家龙,广东,深圳市,南山区,南头街道玉泉路麒麟新村D,广东深圳市南山区南头街道玉泉路麒麟新村D,广东深圳市南山区南头街道玉泉路麒麟新村D,113.932151,22.547589
深圳马家龙,广东,深圳市,南山区,南头街道广东省深圳市深圳市南山区中山园路君翔达大厦A栋楼C区,广东深圳市南山区南头街道广东省深圳市深圳市南山区中山园路君翔达大厦A栋楼C区,广东深圳市南山区南头街道广东省深圳市深圳市南山区中山园路君翔达大厦A栋楼C区,113.920162,22.560713
深圳马家龙,广东,深圳市,南山区,南头街道前海东岸花园同胜阁,广东深圳市南山区南头街道前海东岸花园同胜阁,广东深圳市南山区南头街道前海东岸花园同胜阁,113.919612,22.552739
深圳马家龙,广东,深圳市,南山区,南联社区豪方天际花园1栋,广东深圳市南山区南联社区豪方天际花园1栋,广东深圳市南山区南联社区豪方天际花园1栋,113.921217,22.555635
深圳马家龙,广东,深圳市,南山区,南头街道豪方天地花园4栋单元,广东深圳市南山区南头街道豪方天地花园4栋单元,广东深圳市南山区南头街道豪方天地花园4栋单元,113.922817,22.543137
深圳马家龙,广东,深圳市,南山区,祥云花园C栋,广东深圳市南山区祥云花园C栋,广东深圳市南山区祥云花园C栋,113.919203,22.560617
深圳马家龙,广东,深圳市,南山区,中山园路136号东关乐尚林居3栋,广东深圳市南山区中山园路136号东关乐尚林居3栋,广东深圳市南山区中山园路136号东关乐尚林居3栋,113.921057,22.566197
深圳马家龙,广东,深圳市,南山区,南头街道玉泉路98号文兴广告,广东深圳市南山区南头街道玉泉路98号文兴广告,广东深圳市南山区南头街道玉泉路98号文兴广告,113.92693,22.54659
深圳马家龙,广东,深圳市,南山区,南头街道北环大道前海东岸花园同富阁,广东深圳市南山区南头街道北环大道前海东岸花园同富阁,广东深圳市南山区南头街道北环大道前海东岸花园同富阁,113.918013,22.552421
深圳马家龙,广东,深圳市,南山区,南头街道南山大道3838号深圳设计产业园土栋楼回退货必须填写正确物流单号,广东深圳市南山区南头街道南山大道3838号深圳设计产业园土栋楼回退货必须填写正确物流单号,广东深圳市南山区南头街道南山大道3838号深圳设计产业园土栋楼回退货必须填写正确物流单号,113.923903,22.548554
深圳马家龙,广东,深圳市,南山区,南头街道南联社区前进路94号好运购来农产品配送中心8栋,广东深圳市南山区南头街道南联社区前进路94号好运购来农产品配送中心8栋,广东深圳市南山区南头街道南联社区前进路94号好运购来农产品配送中心8栋,113.909113,22.563629
深圳马家龙,广东,深圳市,南山区,中山园路东关乐尚林居5栋,广东深圳市南山区中山园路东关乐尚林居5栋,广东深圳市南山区中山园路东关乐尚林居5栋,113.923314,22.566095
深圳马家龙,广东,深圳市,南山区,前海东岸花园同锦阁903,广东深圳市南山区前海东岸花园同锦阁903,广东深圳市南山区前海东岸花园同锦阁903,113.918286,22.552626
深圳马家龙,广东,深圳市,南山区,玉泉路莲城花园6栋单元,广东深圳市南山区玉泉路莲城花园6栋单元,广东深圳市南山区玉泉路莲城花园6栋单元,113.92635,22.545849
深圳马家龙,广东,深圳市,南山区,泉园路绿茵丰和A2-1701,广东深圳市南山区泉园路绿茵丰和A2-1701,广东深圳市南山区泉园路绿茵丰和A2-1701,113.929415,22.542139
深圳马家龙,广东,深圳市,南山区,南头街道大新路90-5号麒麟路金龙工业区3号宿舍D段1栋-层马家龙幼儿园,广东深圳市南山区南头街道大新路90-5号麒麟路金龙工业区3号宿舍D段1栋-层马家龙幼儿园,广东深圳市南山区南头街道大新路90-5号麒麟路金龙工业区3号宿舍D段1栋-层马家龙幼儿园,113.92976,22.549106
深圳马家龙,广东,深圳市,南山区,南头街道大新路88号金龙创业园63栋西座515名字,广东深圳市南山区南头街道大新路88号金龙创业园63栋西座515名字,广东深圳市南山区南头街道大新路88号金龙创业园63栋西座515名字,113.930893,22.548835
深圳马家龙,广东,深圳市,南山区,北环大道11084号前海东岸花园同富阁,广东深圳市南山区北环大道11084号前海东岸花园同富阁,广东深圳市南山区北环大道11084号前海东岸花园同富阁,113.918013,22.552421
深圳马家龙,广东,深圳市,南山区,南头街道海大创意园东座北门,广东深圳市南山区南头街道海大创意园东座北门,广东深圳市南山区南头街道海大创意园东座北门,113.923154,22.506107
深圳马家龙,广东,深圳市,南山区,南头街道南博二路28号深圳市博伦职业技,广东深圳市南山区南头街道南博二路28号深圳市博伦职业技,广东深圳市南山区南头街道南博二路28号深圳市博伦职业技,113.926036,22.55704
深圳马家龙,广东,深圳市,南山区,南山大道3688号新豪公寓,广东深圳市南山区南山大道3688号新豪公寓,广东深圳市南山区南山大道3688号新豪公寓,113.924313,22.542714
深圳马家龙,广东,深圳市,南山区,泉园路绿茵丰和家园,广东深圳市南山区泉园路绿茵丰和家园,广东深圳市南山区泉园路绿茵丰和家园,113.928794,22.544242
深圳马家龙,广东,深圳市,南山区,安居同乐馨苑,广东深圳市南山区安居同乐馨苑,广东深圳市南山区安居同乐馨苑,113.922001,22.561639
深圳马家龙,广东,深圳市,南山区,南山区南头街道麒麟花园七期B栋,广东深圳市南山区南头街道麒麟花园七期B栋,广东深圳市南山区南头街道麒麟花园七期B栋,113.930718,22.546338
深圳马家龙,广东,深圳市,南山区,南头街道南山建工村一期4栋,广东深圳市南山区南头街道南山建工村一期4栋,广东深圳市南山区南头街道南山建工村一期4栋,113.925692,22.564318
深圳马家龙,广东,深圳市,南山区,南头街道马家龙工业区17栋祥,广东深圳市南山区南头街道马家龙工业区17栋祥,广东深圳市南山区南头街道马家龙工业区17栋祥,113.926608,22.55006
深圳马家龙,广东,深圳市,南山区,马家龙工业区6栋,广东深圳市南山区马家龙工业区6栋,广东深圳市南山区马家龙工业区6栋,113.932163,22.54853
深圳马家龙,广东,深圳市,南山区,前海东岸同晖阁,广东深圳市南山区前海东岸同晖阁,广东深圳市南山区前海东岸同晖阁,113.917915,22.551873
深圳马家龙,广东,深圳市,南山区,南头街道华泰小区A单元,广东深圳市南山区南头街道华泰小区A单元,广东深圳市南山区南头街道华泰小区A单元,113.923161,22.561051
深圳马家龙,广东,深圳市,南山区,南头街道北环大道11018号前海东岸花园同达阁,广东深圳市南山区南头街道北环大道11018号前海东岸花园同达阁,广东深圳市南山区南头街道北环大道11018号前海东岸花园同达阁,113.919304,22.552587
深圳马家龙,广东,深圳市,南山区,南头街道深圳市南山区豪方天际花园2栋一单元25E,广东深圳市南山区南头街道深圳市南山区豪方天际花园2栋一单元25E,广东深圳市南山区南头街道深圳市南山区豪方天际花园2栋一单元25E,113.920706,22.555424
深圳马家龙,广东,深圳市,南山区,麒麟花园A区明轩2单元,广东深圳市南山区麒麟花园A区明轩2单元,广东深圳市南山区麒麟花园A区明轩2单元,113.93162,22.545598
深圳马家龙,广东,深圳市,南山区,博伦职业技术学校深圳市博伦职业技术学校北门,广东深圳市南山区博伦职业技术学校深圳市博伦职业技术学校北门,广东深圳市南山区博伦职业技术学校深圳市博伦职业技术学校北门,113.925887,22.55819
深圳马家龙,广东,深圳市,南山区,南头街道马家龙社区大新路89号马家龙工业区40栋海大创意园楼A室,广东深圳市南山区南头街道马家龙社区大新路89号马家龙工业区40栋海大创意园楼A室,广东深圳市南山区南头街道马家龙社区大新路89号马家龙工业区40栋海大创意园楼A室,113.926516,22.548066
深圳马家龙,广东,深圳市,南山区,南头街道义学街三坊,广东深圳市南山区南头街道义学街三坊,广东深圳市南山区南头街道义学街三坊,113.92413,22.544009
深圳马家龙,广东,深圳市,南山区,铁二路建工村一期8栋,广东深圳市南山区铁二路建工村一期8栋,广东深圳市南山区铁二路建工村一期8栋,113.925692,22.564318
深圳马家龙,广东,深圳市,南山区,马家龙一街15号宝田公寓,广东深圳市南山区马家龙一街15号宝田公寓,广东深圳市南山区马家龙一街15号宝田公寓,113.931585,22.549705
深圳马家龙,广东,深圳市,南山区,南头街道中山园路同乐村176号,广东深圳市南山区南头街道中山园路同乐村176号,广东深圳市南山区南头街道中山园路同乐村176号,113.922162,22.567318
深圳马家龙,广东,深圳市,南山区,南山区南头街道玉泉路3号麒麟花园a区F栋楼,广东深圳市南山区南头街道玉泉路3号麒麟花园a区F栋楼,广东深圳市南山区南头街道玉泉路3号麒麟花园a区F栋楼,113.931832,22.543621
深圳马家龙,广东,深圳市,南山区,汇金家园C栋单元,广东深圳市南山区汇金家园C栋单元,广东深圳市南山区汇金家园C栋单元,113.927424,22.548485
深圳马家龙,广东,深圳市,南山区,南头街道南山区马家龙工业区77栋层,广东深圳市南山区南头街道南山区马家龙工业区77栋层,广东深圳市南山区南头街道南山区马家龙工业区77栋层,113.932256,22.548461
深圳马家龙,广东,深圳市,南山区,前海东岸同锦阁,广东深圳市南山区前海东岸同锦阁,广东深圳市南山区前海东岸同锦阁,113.918311,22.552688
深圳马家龙,广东,深圳市,南山区,南头街道玉泉路麒麟花园A区清轩丰巢快递柜,广东深圳市南山区南头街道玉泉路麒麟花园A区清轩丰巢快递柜,广东深圳市南山区南头街道玉泉路麒麟花园A区清轩丰巢快递柜,113.834725,22.718025
深圳马家龙,广东,深圳市,南山区,南头街道北环大道11008号豪方天际花园四期K栋室,广东深圳市南山区南头街道北环大道11008号豪方天际花园四期K栋室,广东深圳市南山区南头街道北环大道11008号豪方天际花园四期K栋室,113.920728,22.552901
深圳马家龙,广东,深圳市,南山区,中祥路13号深圳博,广东深圳市南山区中祥路13号深圳博,广东深圳市南山区中祥路13号深圳博,113.920469,22.559419
深圳马家龙,广东,深圳市,南山区,玉泉路麒麟花园英麒苑,广东深圳市南山区玉泉路麒麟花园英麒苑,广东深圳市南山区玉泉路麒麟花园英麒苑,113.931377,22.543259
深圳马家龙,广东,深圳市,南山区,深南大道10168号佳嘉豪大厦负楼中控室张,广东深圳市南山区深南大道10168号佳嘉豪大厦负楼中控室张,广东深圳市南山区深南大道10168号佳嘉豪大厦负楼中控室张,113.926685,22.540875
深圳马家龙,广东,深圳市,南山区,马家龙荔园新村十栋管理处,广东深圳市南山区马家龙荔园新村十栋管理处,广东深圳市南山区马家龙荔园新村十栋管理处,113.927961,22.550685
深圳马家龙,广东,深圳市,南山区,南山区豪方天际花园2栋单元,广东深圳市南山区豪方天际花园2栋单元,广东深圳市南山区豪方天际花园2栋单元,113.920706,22.555424
深圳马家龙,广东,深圳市,南山区,南头街道深圳市南山区正风路名家富居5栋,广东深圳市南山区南头街道深圳市南山区正风路名家富居5栋,广东深圳市南山区南头街道深圳市南山区正风路名家富居5栋,113.925976,22.541756
深圳马家龙,广东,深圳市,南山区,大道3128号中山苑,广东深圳市南山区大道3128号中山苑,广东深圳市南山区大道3128号中山苑,113.924885,22.545752
深圳马家龙,广东,深圳市,南山区,缤纷年华C栋,广东深圳市南山区缤纷年华C栋,广东深圳市南山区缤纷年华C栋,113.929061,22.542601
深圳马家龙,广东,深圳市,南山区,南头街道南联社区祥云花园b栋,广东深圳市南山区南头街道南联社区祥云花园b栋,广东深圳市南山区南头街道南联社区祥云花园b栋,113.919203,22.560617
深圳马家龙,广东,深圳市,南山区,南头街道义学街一坊23号,广东深圳市南山区南头街道义学街一坊23号,广东深圳市南山区南头街道义学街一坊23号,113.924323,22.543384
深圳马家龙,广东,深圳市,南山区,马家龙荔园新村8栋号玉玲珑美容美甲工作室,广东深圳市南山区马家龙荔园新村8栋号玉玲珑美容美甲工作室,广东深圳市南山区马家龙荔园新村8栋号玉玲珑美容美甲工作室,113.928687,22.550242
深圳马家龙,广东,深圳市,南山区,南山区南头街道北环大道豪方天际花园5栋单元,广东深圳市南山区南头街道北环大道豪方天际花园5栋单元,广东深圳市南山区南头街道北环大道豪方天际花园5栋单元,113.919588,22.554001
深圳马家龙,广东,深圳市,南山区,北环大道豪方天际花园3栋b,广东深圳市南山区北环大道豪方天际花园3栋b,广东深圳市南山区北环大道豪方天际花园3栋b,113.920314,22.554955
深圳马家龙,广东,深圳市,南山区,南头街道北环路名仕春天B,广东深圳市南山区南头街道北环路名仕春天B,广东深圳市南山区南头街道北环路名仕春天B,113.926624,22.551787
深圳马家龙,广东,深圳市,南山区,南山区南头街道麒麟花园七期48栋号楼,广东深圳市南山区南头街道麒麟花园七期48栋号楼,广东深圳市南山区南头街道麒麟花园七期48栋号楼,113.930718,22.546338
深圳马家龙,广东,深圳市,南山区,南头街道麒麟新村A栋,广东深圳市南山区南头街道麒麟新村A栋,广东深圳市南山区南头街道麒麟新村A栋,113.93208,22.54732
深圳马家龙,广东,深圳市,南山区,南头街道莲城花园5栋二单元,广东深圳市南山区南头街道莲城花园5栋二单元,广东深圳市南山区南头街道莲城花园5栋二单元,113.925641,22.545037
深圳马家龙,广东,深圳市,南山区,建工村广仁驾校对面湖南六建保安室旁快递柜,广东深圳市南山区建工村广仁驾校对面湖南六建保安室旁快递柜,广东深圳市南山区建工村广仁驾校对面湖南六建保安室旁快递柜,113.924655,22.565659
深圳马家龙,广东,深圳市,南山区,南头街道北环大道11018前海东岸花园同德阁,广东深圳市南山区南头街道北环大道11018前海东岸花园同德阁,广东深圳市南山区南头街道北环大道11018前海东岸花园同德阁,113.918959,22.553353
深圳马家龙,广东,深圳市,南山区,南山区南头街道北环大道11008号豪方天际花园四期C栋室空包➕,广东深圳市南山区南头街道北环大道11008号豪方天际花园四期C栋,广东深圳市南山区南头街道北环大道11008号豪方天际花园四期C栋,113.920728,22.552901
深圳马家龙,广东,深圳市,南山区,南山大道中山颐景花园1C,广东深圳市南山区南山大道中山颐景花园1C,广东深圳市南山区南山大道中山颐景花园1C,113.924196,22.535715
深圳马家龙,广东,深圳市,南山区,同乐村天天百货,广东深圳市南山区同乐村天天百货,广东深圳市南山区同乐村天天百货,113.922706,22.56756
深圳马家龙,广东,深圳市,南山区,南海大道北路马家龙工业区大新路,广东深圳市南山区南海大道北路马家龙工业区大新路,广东深圳市南山区南海大道北路马家龙工业区大新路,113.924684,22.550609
深圳马家龙,广东,深圳市,南山区,南头街道马家龙工业区10栋,广东深圳市南山区南头街道马家龙工业区10栋,广东深圳市南山区南头街道马家龙工业区10栋,113.925153,22.551099
深圳马家龙,广东,深圳市,南山区,南头街道南山大道3838号深圳设计产业园土栋楼亲,广东深圳市南山区南头街道南山大道3838号深圳设计产业园土栋楼亲,广东深圳市南山区南头街道南山大道3838号深圳设计产业园土栋楼亲,113.923903,22.548554
深圳马家龙,广东,深圳市,南山区,南头街道豪方天际花园小区2,广东深圳市南山区南头街道豪方天际花园小区2,广东深圳市南山区南头街道豪方天际花园小区2,113.922817,22.543137
深圳马家龙,广东,深圳市,南山区,南头街道玉泉路马家龙小区方卉园2栋,广东深圳市南山区南头街道玉泉路马家龙小区方卉园2栋,广东深圳市南山区南头街道玉泉路马家龙小区方卉园2栋,113.92777,22.54672
深圳马家龙,广东,深圳市,南山区,嘉庭院2-1,广东深圳市南山区嘉庭院2-1,广东深圳市南山区嘉庭院2-1,113.930478,22.533191
深圳马家龙,广东,深圳市,南山区,南头街道南山大道3168号半日闲茶,广东深圳市南山区南头街道南山大道3168号半日闲茶,广东深圳市南山区南头街道南山大道3168号半日闲茶,113.92364,22.556541
深圳马家龙,广东,深圳市,南山区,南头街道麒麟花园七期温馨澜湾73栋室体验中心家具城,广东深圳市南山区南头街道麒麟花园七期温馨澜湾73栋室体验中心家具城,广东深圳市南山区南头街道麒麟花园七期温馨澜湾73栋室体验中心家具城,113.930718,22.546338
深圳马家龙,广东,深圳市,南山区,南头街道深圳市南山区君祥达大厦A座101山,广东深圳市南山区南头街道深圳市南山区君祥达大厦A座101山,广东深圳市南山区南头街道深圳市南山区君祥达大厦A座101山,113.923189,22.520368
深圳马家龙,广东,深圳市,南山区,南头街道北环大道豪方天际花园六栋二单元,广东深圳市南山区南头街道北环大道豪方天际花园六栋二单元,广东深圳市南山区南头街道北环大道豪方天际花园六栋二单元,113.921467,22.555858
深圳马家龙,广东,深圳市,南山区,南山区南头街道南山区大新路198号创新大厦A座1301-116M塑料盖子,广东深圳市南山区南头街道南山区大新路198号创新大厦A座,广东深圳市南山区南头街道南山区大新路198号创新大厦A座,113.925992,22.549437
深圳马家龙,广东,深圳市,南山区,南头街道义学街一坊9号安家公寓,广东深圳市南山区南头街道义学街一坊9号安家公寓,广东深圳市南山区南头街道义学街一坊9号安家公寓,113.923626,22.543556
深圳马家龙,广东,深圳市,南山区,南头街道中山园路安居同乐馨苑1栋,广东深圳市南山区南头街道中山园路安居同乐馨苑1栋,广东深圳市南山区南头街道中山园路安居同乐馨苑1栋,113.922001,22.561639
深圳马家龙,广东,深圳市,南山区,南头街道名家富居3,广东深圳市南山区南头街道名家富居3,广东深圳市南山区南头街道名家富居3,113.92715,22.541824
深圳马家龙,广东,深圳市,南山区,南头街道麒麟花园七期长安西楼,广东深圳市南山区南头街道麒麟花园七期长安西楼,广东深圳市南山区南头街道麒麟花园七期长安西楼,113.930718,22.546338
深圳马家龙,广东,深圳市,南山区,南头街道麒麟花园七期二绣雅筑91栋室温情美容铺,广东深圳市南山区南头街道麒麟花园七期二绣雅筑91栋室温情美容铺,广东深圳市南山区南头街道麒麟花园七期二绣雅筑91栋室温情美容铺,113.930718,22.546338
深圳马家龙,广东,深圳市,南山区,南山区南头街道东关·乐尚林居3栋发65JR4EX白色,广东深圳市南山区南头街道东关·乐尚林居3栋,广东深圳市南山区南头街道东关·乐尚林居3栋,113.922817,22.543137
深圳马家龙,广东,深圳市,南山区,南头街道办同乐花园公寓171栋,广东深圳市南山区南头街道办同乐花园公寓171栋,广东深圳市南山区南头街道办同乐花园公寓171栋,113.920824,22.569093
深圳马家龙,广东,深圳市,南山区,南头街道南山大道3908号方鼎五栋,广东深圳市南山区南头街道南山大道3908号方鼎五栋,广东深圳市南山区南头街道南山大道3908号方鼎五栋,113.923613,22.550478
深圳马家龙,广东,深圳市,南山区,鸿荣源尚璟公馆2栋,广东深圳市南山区鸿荣源尚璟公馆2栋,广东深圳市南山区鸿荣源尚璟公馆2栋,113.919332,22.556862
深圳马家龙,广东,深圳市,南山区,豪方天际花园6栋单元,广东深圳市南山区豪方天际花园6栋单元,广东深圳市南山区豪方天际花园6栋单元,113.920329,22.552947
深圳马家龙,广东,深圳市,南山区,南头街道中山园路100号深圳市公安局同,广东深圳市南山区南头街道中山园路100号深圳市公安局同,广东深圳市南山区南头街道中山园路100号深圳市公安局同,113.92446,22.567446
深圳马家龙,广东,深圳市,南山区,南头街道中山园路同乐村4号蓝汐公寓,广东深圳市南山区南头街道中山园路同乐村4号蓝汐公寓,广东深圳市南山区南头街道中山园路同乐村4号蓝汐公寓,113.923078,22.566636
深圳马家龙,广东,深圳市,南山区,豪方天际花园六栋二单元,广东深圳市南山区豪方天际花园六栋二单元,广东深圳市南山区豪方天际花园六栋二单元,113.919857,22.5539
深圳马家龙,广东,深圳市,南山区,南区南头街道莲城花园1栋单元,广东深圳市南山区南区南头街道莲城花园1栋单元,广东深圳市南山区南区南头街道莲城花园1栋单元,113.9259,22.545801
深圳马家龙,广东,深圳市,南山区,艺园路缤纷商业中心1号铺龙飞便利店,广东深圳市南山区艺园路缤纷商业中心1号铺龙飞便利店,广东深圳市南山区艺园路缤纷商业中心1号铺龙飞便利店,113.928057,22.542772
